{
"type": "FeatureCollection",
"name": "UNOSAT_road_Damage",
"crs": { "type": "name", "properties": { "name": "urn:ogc:def:crs:OGC:1.3:CRS84" } },
"features": [
{ "type": "Feature", "properties": { "SrfCond": 0, "SrfPrep": 0, "IsSeasonal": 0, "CurntPrac": 0, "GdWthrPrac": 0, "BdWthrPrac": 0, "CurntSpeed": 0, "CstWrkETC": null, "SHAPE_Leng": 1.58244008283, "Length": 133 }, "geometry": { "type": "MultiLineString", "coordinates": [ [ [ 84.38666889600006, 27.678270868000027 ], [ 84.386581800000044, 27.678276500000038 ], [ 84.38653080000006, 27.678257500000029 ], [ 84.386361800000032, 27.678274100000067 ], [ 84.386064100000056, 27.678276500000038 ], [ 84.386010500000054, 27.678286 ], [ 84.385896500000058, 27.678324 ], [ 84.38577980000008, 27.678376200000059 ], [ 84.385645700000055, 27.678346500000032 ], [ 84.385471300000063, 27.678411900000071 ], [ 84.385408300000051, 27.678506900000059 ], [ 84.385416400000054, 27.678618500000027 ], [ 84.385452600000065, 27.678680300000053 ], [ 84.385535700000048, 27.67878120000006 ], [ 84.385675200000037, 27.678939200000059 ], [ 84.385774400000059, 27.679065100000059 ], [ 84.385932700000069, 27.679271700000072 ], [ 84.386090900000056, 27.679480700000056 ], [ 84.386270600000046, 27.679670700000031 ], [ 84.386365388000058, 27.679784753000035 ] ], [ [ 84.39340087000005, 27.682116170000029 ], [ 84.393817400000046, 27.682560200000069 ], [ 84.39395520000005, 27.682587500000068 ] ], [ [ 84.394040354000083, 27.682337959000051 ], [ 84.39400610000007, 27.682416500000045 ], [ 84.39395520000005, 27.682587500000068 ] ], [ [ 84.39395520000005, 27.682587500000068 ], [ 84.393977100000086, 27.682605400000057 ], [ 84.394120300000054, 27.682722200000057 ], [ 84.394189900000072, 27.682940900000062 ], [ 84.394572774000039, 27.683303245000047 ] ], [ [ 84.382235055000081, 27.685502835000079 ], [ 84.381985500000042, 27.685378800000024 ], [ 84.381264400000077, 27.685023300000069 ], [ 84.38048230000004, 27.684961700000031 ], [ 84.380102600000043, 27.684904300000028 ], [ 84.379692100000057, 27.684942200000023 ], [ 84.37923440000003, 27.685017100000039 ], [ 84.378654900000072, 27.685008400000072 ], [ 84.378242200000045, 27.685175500000071 ], [ 84.37775270000003, 27.685419400000058 ] ], [ [ 84.384389535000082, 27.685998951000045 ], [ 84.384429, 27.685908900000072 ] ], [ [ 84.384734949000062, 27.686012924000067 ], [ 84.384736200000077, 27.68600420000007 ] ], [ [ 84.373281600000041, 27.686592 ], [ 84.373131400000034, 27.686307 ], [ 84.373044900000082, 27.686227 ], [ 84.372788, 27.686136 ], [ 84.372230200000047, 27.686782 ] ], [ [ 84.373281600000041, 27.686592 ], [ 84.373169, 27.686672800000053 ], [ 84.373013400000048, 27.686706 ] ], [ [ 84.373013400000048, 27.686706 ], [ 84.372230200000047, 27.686782 ] ], [ [ 84.373388900000066, 27.686900800000046 ], [ 84.373292400000082, 27.686834300000044 ], [ 84.373174300000073, 27.686763 ], [ 84.373013400000048, 27.686706 ] ], [ [ 84.373388900000066, 27.686900800000046 ], [ 84.373319200000083, 27.686729800000023 ], [ 84.373281600000041, 27.686592 ] ], [ [ 84.373702139000045, 27.687388010000063 ], [ 84.373673200000042, 27.687352 ], [ 84.373453300000051, 27.686991 ], [ 84.373388900000066, 27.686900800000046 ] ], [ [ 84.402804920000051, 27.68746180100004 ], [ 84.402821200000062, 27.687481500000047 ], [ 84.403101500000048, 27.687679800000069 ], [ 84.40319, 27.687755800000048 ], [ 84.403216800000052, 27.687795 ], [ 84.403214200000036, 27.687876900000049 ], [ 84.403157800000031, 27.687950600000079 ], [ 84.403029100000083, 27.688050300000043 ], [ 84.402900300000056, 27.688085900000033 ], [ 84.402768900000069, 27.68809310000006 ], [ 84.402642800000081, 27.688074100000051 ], [ 84.402530200000058, 27.688052700000071 ], [ 84.40243090000007, 27.688031300000034 ], [ 84.402396100000033, 27.688026600000057 ] ], [ [ 84.370614291000038, 27.688402314000029 ], [ 84.37089670000006, 27.688054800000032 ], [ 84.37097140000003, 27.687955500000044 ], [ 84.371130200000039, 27.68781910000007 ], [ 84.371260900000038, 27.687637100000074 ], [ 84.371391700000061, 27.687467600000048 ], [ 84.371704600000044, 27.68728150000004 ], [ 84.371984800000064, 27.687054100000069 ], [ 84.372230200000047, 27.686782 ] ], [ [ 84.411503842000059, 27.692347209000047 ], [ 84.411488800000086, 27.692363400000033 ], [ 84.411445900000047, 27.692355 ], [ 84.410845, 27.692066500000067 ], [ 84.410516500000085, 27.691872900000078 ] ], [ [ 84.416321439000058, 27.695616642000061 ], [ 84.41608430000008, 27.69544460000003 ], [ 84.415926800000079, 27.695336500000053 ] ], [ [ 84.419249721000085, 27.697527477000051 ], [ 84.419232400000055, 27.697516 ], [ 84.418834200000049, 27.697266900000045 ], [ 84.418684725000048, 27.697165400000074 ] ], [ [ 84.419986508000079, 27.698189823000064 ], [ 84.417927056000053, 27.700883573000056 ] ], [ [ 84.421966271000031, 27.699110379000047 ], [ 84.421965500000056, 27.699167500000044 ], [ 84.422005700000057, 27.69926010000006 ], [ 84.422048600000039, 27.699321800000064 ], [ 84.42222570000007, 27.699461900000074 ], [ 84.422448300000042, 27.69961150000006 ], [ 84.422569, 27.699687500000039 ], [ 84.422807700000078, 27.699806300000034 ], [ 84.423110800000075, 27.699993900000038 ], [ 84.423301200000083, 27.700148300000023 ], [ 84.423894, 27.700476 ], [ 84.423936525000045, 27.700499304000061 ] ], [ [ 84.423067307000053, 27.699715251000043 ], [ 84.423051600000065, 27.699719400000049 ] ], [ [ 84.423051600000065, 27.699719400000049 ], [ 84.422849100000064, 27.699622 ], [ 84.422713508000072, 27.699538500000074 ] ], [ [ 84.423051600000065, 27.699719400000049 ], [ 84.423051990000033, 27.699707831000069 ] ], [ [ 84.422517506000077, 27.702844828000025 ], [ 84.422522600000036, 27.702845800000034 ], [ 84.422688900000082, 27.702873100000033 ], [ 84.422833800000035, 27.70289450000007 ], [ 84.422970600000042, 27.702946800000063 ], [ 84.423091300000067, 27.70298 ], [ 84.423222700000053, 27.703044100000056 ], [ 84.423343400000078, 27.703167600000029 ], [ 84.423496300000068, 27.703326700000048 ], [ 84.423510971000042, 27.703345950000028 ] ], [ [ 84.429334195000081, 27.703245858000059 ], [ 84.42933620000008, 27.703259200000048 ], [ 84.429505200000051, 27.703306700000041 ], [ 84.429835100000048, 27.703515700000025 ] ], [ [ 84.432348035000075, 27.704719749000049 ], [ 84.43235210000006, 27.704731 ], [ 84.432407300000079, 27.704850300000032 ], [ 84.432565600000032, 27.704938100000049 ], [ 84.432598403000043, 27.704947547000074 ] ], [ [ 84.433065495000051, 27.706354046000058 ], [ 84.432906322000065, 27.705569136000065 ] ], [ [ 84.433347443000059, 27.708289396000055 ], [ 84.433171400000049, 27.708102 ], [ 84.433143416000064, 27.707627718000026 ] ], [ [ 84.434111900000062, 27.709668400000055 ], [ 84.433453400000076, 27.709482600000058 ], [ 84.43328710000003, 27.709375800000032 ] ], [ [ 84.434111900000062, 27.709668400000055 ], [ 84.434236600000077, 27.70963880000005 ], [ 84.434283500000049, 27.709613800000056 ], [ 84.434301670000082, 27.709519888000045 ] ], [ [ 84.433207179000078, 27.712799105000045 ], [ 84.433144900000059, 27.712818300000038 ], [ 84.432959900000071, 27.712819500000023 ], [ 84.432808300000033, 27.712802900000042 ], [ 84.432690300000047, 27.712801700000057 ], [ 84.432573600000069, 27.712833700000033 ], [ 84.432526700000039, 27.712859900000069 ], [ 84.432402, 27.712899 ], [ 84.432348300000058, 27.712922800000058 ] ], [ [ 84.432348300000058, 27.712922800000058 ], [ 84.43235130000005, 27.712910500000078 ], [ 84.432412700000043, 27.712737600000025 ], [ 84.432517300000086, 27.712500100000057 ], [ 84.43256770000005, 27.712423400000034 ], [ 84.432651400000054, 27.712198500000056 ], [ 84.432689, 27.712153400000034 ], [ 84.432805600000052, 27.71195750000004 ], [ 84.432847200000083, 27.711853100000042 ], [ 84.432887400000084, 27.711685600000067 ], [ 84.432969200000059, 27.711495700000057 ], [ 84.433098, 27.711291500000073 ], [ 84.433122100000048, 27.711188200000038 ], [ 84.433256200000073, 27.710861700000066 ], [ 84.433264300000076, 27.710785700000031 ], [ 84.43330050000003, 27.710670500000049 ], [ 84.433402400000034, 27.710541100000057 ], [ 84.433511, 27.710510200000044 ], [ 84.433621, 27.710371300000077 ], [ 84.433637100000055, 27.710323800000026 ], [ 84.433763200000044, 27.710100600000033 ], [ 84.433842300000038, 27.70999020000005 ], [ 84.433955, 27.709860800000058 ], [ 84.434027400000048, 27.709739700000057 ], [ 84.434111900000062, 27.709668400000055 ] ], [ [ 84.432348300000058, 27.712922800000058 ], [ 84.432278600000075, 27.712976200000071 ], [ 84.432227600000033, 27.713028400000042 ], [ 84.432145800000058, 27.713161400000047 ], [ 84.432136400000047, 27.713319300000023 ], [ 84.432106900000065, 27.713446400000066 ], [ 84.432086800000036, 27.713491500000032 ], [ 84.431929900000057, 27.713637500000061 ] ], [ [ 84.431968802000085, 27.713630962000025 ], [ 84.431929900000057, 27.713637500000061 ] ], [ [ 84.431929900000057, 27.713637500000061 ], [ 84.431906988000037, 27.713702352000041 ] ], [ [ 84.427213934000065, 27.715137582000068 ], [ 84.427263500000038, 27.715136 ], [ 84.427368, 27.715123600000027 ] ], [ [ 84.427274049000061, 27.716094421000037 ], [ 84.427348100000074, 27.716074700000036 ] ], [ [ 84.427335888000073, 27.716668855000023 ], [ 84.427469400000064, 27.716658500000051 ] ], [ [ 84.924619059000065, 27.797129089000066 ], [ 84.92459, 27.797203800000034 ], [ 84.924437100000034, 27.797575100000074 ], [ 84.924128600000074, 27.798316600000078 ], [ 84.924107264000043, 27.798375207000049 ] ], [ [ 84.92194, 27.798865800000044 ], [ 84.921956100000045, 27.798824300000035 ], [ 84.922017700000083, 27.79879470000003 ], [ 84.922047300000031, 27.798724700000037 ], [ 84.922310100000061, 27.798572800000045 ], [ 84.922524700000054, 27.79853490000005 ], [ 84.922674900000061, 27.798549100000059 ], [ 84.922782200000086, 27.798539600000026 ], [ 84.922881400000051, 27.798461300000042 ], [ 84.922969900000055, 27.798388900000077 ], [ 84.92308120000007, 27.79837 ], [ 84.923121500000036, 27.79837 ], [ 84.923313300000075, 27.798385400000029 ], [ 84.923486551000053, 27.798393228000066 ] ], [ [ 84.92194, 27.798865800000044 ], [ 84.92186490000006, 27.798900200000048 ], [ 84.921671700000047, 27.798900200000048 ], [ 84.92150950000007, 27.798895500000071 ], [ 84.921398200000056, 27.798916900000052 ], [ 84.92129360000007, 27.799011800000073 ], [ 84.921151400000042, 27.799116200000071 ], [ 84.920998500000053, 27.799239500000056 ], [ 84.92096360000005, 27.799308300000064 ], [ 84.920975325000086, 27.79932764800003 ] ], [ [ 84.921971738000082, 27.798893867000061 ], [ 84.92194, 27.798865800000044 ] ], [ [ 84.916845045000059, 27.799965443000076 ], [ 84.916646, 27.800059 ], [ 84.916339136000033, 27.800137565000057 ] ], [ [ 84.974923982000064, 27.800979313000028 ], [ 84.975193717000082, 27.801920291000044 ] ], [ [ 84.841850421000061, 27.801191636000055 ], [ 84.842087200000037, 27.801204900000073 ], [ 84.842543900000067, 27.801251500000035 ], [ 84.842908400000056, 27.801302 ], [ 84.844567200000085, 27.801831600000071 ] ], [ [ 84.973604700000067, 27.801259800000025 ], [ 84.974008400000059, 27.80118630000004 ], [ 84.974126400000046, 27.801098500000023 ], [ 84.974191986000051, 27.801082536000024 ] ], [ [ 84.979961500000059, 27.801352400000042 ], [ 84.97995858400003, 27.801337322000052 ] ], [ [ 84.844567200000085, 27.801831600000071 ], [ 84.844832, 27.801920100000075 ], [ 84.84542040000008, 27.802066400000058 ], [ 84.845797400000038, 27.802221900000063 ], [ 84.846101001000079, 27.802383518000056 ] ], [ [ 84.844567200000085, 27.801831600000071 ], [ 84.844505300000037, 27.801917700000047 ], [ 84.843886007000037, 27.802860739000039 ] ], [ [ 85.00130762200007, 27.802538819000063 ], [ 85.001213626000037, 27.80071328300005 ] ], [ [ 84.913309205000076, 27.803221861000054 ], [ 84.913601500000084, 27.802985400000068 ], [ 84.913725600000078, 27.802896400000066 ], [ 84.913800900000069, 27.80278050000004 ], [ 84.913829700000065, 27.80268680000006 ], [ 84.913838200000043, 27.802562600000044 ], [ 84.913804395000057, 27.802358645000027 ] ], [ [ 84.990155165000033, 27.803541609000035 ], [ 84.990169900000069, 27.803545400000075 ], [ 84.991365023000071, 27.803825162000066 ] ], [ [ 84.871420755000031, 27.803624977000027 ], [ 84.871929041000044, 27.802681684000049 ] ], [ [ 84.984973693000086, 27.803958670000043 ], [ 84.984845, 27.803935500000023 ], [ 84.984797700000058, 27.803922900000032 ], [ 84.984754900000041, 27.803904 ], [ 84.984585800000048, 27.803798200000074 ], [ 84.984411800000032, 27.803694 ], [ 84.984294, 27.80361350000004 ], [ 84.984042400000078, 27.803388600000062 ], [ 84.98397280000006, 27.803322300000048 ], [ 84.983892500000081, 27.803234700000075 ], [ 84.983842500000037, 27.803167200000075 ], [ 84.983805500000074, 27.803132800000071 ], [ 84.983777400000065, 27.803112300000066 ], [ 84.983633300000065, 27.803037300000028 ], [ 84.983599800000036, 27.803012500000079 ], [ 84.983489600000041, 27.802913400000023 ], [ 84.983272400000033, 27.802752800000064 ], [ 84.983156400000041, 27.802659700000049 ], [ 84.983069400000034, 27.802584300000035 ], [ 84.983022100000085, 27.802537700000073 ], [ 84.982944743000076, 27.80243805200007 ] ], [ [ 84.936111714000049, 27.804140315000041 ], [ 84.935819600000059, 27.804133300000046 ], [ 84.935712200000069, 27.804133300000046 ], [ 84.935296600000072, 27.803980500000023 ], [ 84.93506780000007, 27.803939100000036 ], [ 84.934231800000077, 27.803315400000031 ], [ 84.933830200000045, 27.802980800000057 ] ], [ [ 84.990953588000082, 27.804593699000065 ], [ 84.989836946000082, 27.803832894000038 ] ], [ [ 84.987344165000081, 27.804960656000048 ], [ 84.987333700000079, 27.804967500000032 ], [ 84.987160500000073, 27.804984900000079 ], [ 84.987024900000051, 27.804978500000061 ], [ 84.986925, 27.804962 ], [ 84.986859800000047, 27.804945400000065 ], [ 84.986759900000038, 27.804909900000041 ], [ 84.98667510000007, 27.804863300000079 ], [ 84.986390500000084, 27.804678600000045 ], [ 84.986091016000046, 27.804399072000024 ] ], [ [ 84.90019705800006, 27.805478384000025 ], [ 84.900414900000044, 27.805497800000069 ], [ 84.901045700000054, 27.805654 ], [ 84.901266700000065, 27.805683300000055 ], [ 84.901337519000037, 27.805677070000058 ] ], [ [ 84.901410612000063, 27.805670639000027 ], [ 84.901424700000064, 27.805669400000056 ], [ 84.901428069000076, 27.805668665000042 ] ], [ [ 84.898460115000034, 27.805831995000062 ], [ 84.898503300000073, 27.805822 ], [ 84.898693800000046, 27.805761800000028 ], [ 84.898924203000036, 27.805652569000074 ] ], [ [ 84.849281722000057, 27.806010105000041 ], [ 84.849253700000077, 27.806143 ], [ 84.84929180000006, 27.806354700000043 ], [ 84.849296016000039, 27.806429211000079 ] ], [ [ 84.902367283000046, 27.806127755000034 ], [ 84.902256700000066, 27.806309800000065 ], [ 84.901762100000042, 27.80703630000005 ], [ 84.901592077000032, 27.80728018700006 ] ], [ [ 84.941717680000068, 27.806732437000051 ], [ 84.94163130000004, 27.806617800000026 ], [ 84.941567, 27.806466 ], [ 84.941470400000071, 27.806238200000053 ], [ 84.941363100000046, 27.806076900000051 ], [ 84.941255800000079, 27.805906100000072 ], [ 84.941202200000077, 27.805773200000033 ], [ 84.941228959000057, 27.805702155000063 ] ], [ [ 84.904117687000053, 27.806961431000047 ], [ 84.904178362000039, 27.80794750900003 ] ], [ [ 84.899445989000071, 27.807060756000055 ], [ 84.899432700000034, 27.807042600000045 ], [ 84.89938090000004, 27.806971500000031 ], [ 84.899236200000075, 27.806966800000055 ], [ 84.899198600000034, 27.806943100000069 ], [ 84.899200400000041, 27.806864 ] ], [ [ 84.968920343000036, 27.807219494000037 ], [ 84.97024444200008, 27.807373725000048 ] ], [ [ 84.940369166000039, 27.807274759000052 ], [ 84.94181739000004, 27.806958561000044 ] ], [ [ 84.854017121000084, 27.807689598000024 ], [ 84.85413636800007, 27.808478525000055 ] ], [ [ 85.014907063000067, 27.807728132000079 ], [ 85.014900100000034, 27.807711900000072 ], [ 85.014851, 27.807561500000077 ], [ 85.014808100000039, 27.807447600000046 ], [ 85.014797731000044, 27.807418937000023 ] ], [ [ 85.012794542000051, 27.80915918900007 ], [ 85.013562992000061, 27.81018610600006 ] ], [ [ 84.968108016000031, 27.809849231000044 ], [ 84.968137500000068, 27.809831 ], [ 84.968202100000042, 27.809813900000051 ], [ 84.968243, 27.809838600000035 ], [ 84.968260300000054, 27.809922400000062 ], [ 84.96818920000004, 27.810031 ], [ 84.967971600000055, 27.810412100000065 ] ], [ [ 84.880363394000085, 27.810038547000033 ], [ 84.880802515000084, 27.809173007000027 ] ], [ [ 85.016134668000063, 27.810126805000039 ], [ 85.01616879200003, 27.809924763000026 ] ], [ [ 84.836075970000081, 27.810210798000071 ], [ 84.834832123000069, 27.810162887000047 ] ], [ [ 85.013027700000066, 27.810736800000029 ], [ 85.013034400000038, 27.810848300000032 ], [ 85.01305990000003, 27.81108080000007 ], [ 85.013074741000082, 27.811309136000034 ] ], [ [ 84.964523536000058, 27.810782422000045 ], [ 84.965480300000081, 27.811170900000036 ] ], [ [ 84.942631900000038, 27.81080860000003 ], [ 84.943072400000062, 27.811326300000076 ], [ 84.943100500000071, 27.811442600000078 ], [ 84.943151500000056, 27.811570700000061 ], [ 84.943278100000043, 27.81187 ], [ 84.943278129000078, 27.811870117000069 ] ], [ [ 84.821721697000044, 27.811101318000055 ], [ 84.822945274000062, 27.811239901000079 ] ], [ [ 84.964673171000072, 27.81161929700005 ], [ 84.964701300000058, 27.811635900000056 ], [ 84.965853981000066, 27.812202877000061 ] ], [ [ 84.966109978000077, 27.811839324000061 ], [ 84.966007, 27.811886900000047 ], [ 84.965677700000072, 27.812036100000057 ] ], [ [ 84.944156700000065, 27.812124600000061 ], [ 84.944705403000057, 27.811495415000024 ] ], [ [ 84.948954171000082, 27.812646923000045 ], [ 84.948698900000068, 27.81289350000003 ], [ 84.948231300000032, 27.813272500000039 ], [ 84.948096300000032, 27.813478400000065 ] ], [ [ 84.950834131000079, 27.812743921000049 ], [ 84.950841700000069, 27.812688800000046 ], [ 84.950836, 27.812460700000031 ], [ 84.950799215000075, 27.81231480100007 ] ], [ [ 84.949281230000054, 27.813038580000068 ], [ 84.949233, 27.813087300000063 ], [ 84.948970900000063, 27.813421300000073 ], [ 84.948890700000049, 27.813525100000049 ], [ 84.94881040000007, 27.813596100000041 ], [ 84.948697700000082, 27.813593700000069 ], [ 84.948509200000046, 27.813502700000072 ] ], [ [ 84.950976551000053, 27.813445571000045 ], [ 84.951595141000041, 27.813388585000041 ] ], [ [ 84.949721927000041, 27.813638290000029 ], [ 84.949735800000042, 27.813722400000074 ], [ 84.949630200000058, 27.813902400000075 ], [ 84.949495200000058, 27.814141200000051 ], [ 84.949145, 27.81460670000007 ] ], [ [ 84.950228474000085, 27.81366386600007 ], [ 84.950373600000034, 27.813755300000025 ], [ 84.950539900000081, 27.813789900000074 ], [ 84.950674900000081, 27.813786400000026 ], [ 84.950745400000073, 27.81379510000005 ], [ 84.950790400000074, 27.813895500000058 ], [ 84.950764900000081, 27.814007900000036 ], [ 84.950714100000084, 27.814132500000028 ], [ 84.95064560000003, 27.814243300000044 ], [ 84.950655400000073, 27.814328100000068 ], [ 84.950718, 27.814355700000078 ], [ 84.950858800000049, 27.814317700000061 ], [ 84.95096060000003, 27.814215600000068 ], [ 84.951054500000055, 27.814127300000052 ], [ 84.951136700000063, 27.814104800000052 ], [ 84.951246200000071, 27.814104800000052 ], [ 84.951318600000036, 27.814130800000044 ] ], [ [ 84.949328200000082, 27.81384950000006 ], [ 84.949396400000069, 27.813707400000055 ], [ 84.949405636000051, 27.813690363000035 ] ], [ [ 84.814308634000042, 27.814505470000029 ], [ 84.813934800000084, 27.814583300000038 ], [ 84.813490895000029, 27.814721558000031 ] ], [ [ 84.812522950000073, 27.815018807000058 ], [ 84.812245500000074, 27.815102900000056 ], [ 84.812037099000065, 27.815208277000067 ] ], [ [ 84.961450562000039, 27.81593050400005 ], [ 84.962289377000047, 27.817178631000047 ] ], [ [ 84.957744, 27.817098300000055 ], [ 84.957797165000045, 27.817064067000047 ] ], [ [ 84.958534730000054, 27.817155971000034 ], [ 84.958529800000065, 27.817158200000051 ], [ 84.958333400000072, 27.817149700000073 ] ], [ [ 84.954611752000062, 27.817238978000034 ], [ 84.955386617000045, 27.816072296000073 ] ], [ [ 84.809695055000077, 27.817518274000065 ], [ 84.809244300000046, 27.817106500000023 ], [ 84.809013933000074, 27.816903240000045 ] ], [ [ 85.020506268000076, 27.82706926700007 ], [ 85.020408900000064, 27.826991100000043 ], [ 85.020276800000033, 27.826825700000029 ], [ 85.020140600000047, 27.826764600000047 ], [ 85.019939300000033, 27.826832900000056 ], [ 85.01972180000007, 27.826958700000034 ], [ 85.019681200000036, 27.827239100000043 ], [ 85.019697400000041, 27.827249900000027 ] ], [ [ 85.022418087000062, 27.831124714000055 ], [ 85.021669800000041, 27.831462300000055 ], [ 85.02048089200008, 27.832115355000042 ] ], [ [ 85.022927533000086, 27.832304159000046 ], [ 85.021364300000073, 27.832897200000048 ], [ 85.021389200000044, 27.832990900000027 ], [ 85.021829800000035, 27.832800200000065 ], [ 85.021978500000046, 27.83279390000007 ], [ 85.022006800000042, 27.832919100000026 ], [ 85.02218380000005, 27.83330090000004 ], [ 85.022134200000039, 27.833432400000049 ], [ 85.022035100000039, 27.833620200000041 ], [ 85.022039300000074, 27.833731100000023 ], [ 85.022042200000044, 27.833807900000068 ], [ 85.022077600000046, 27.833926900000051 ], [ 85.022127600000033, 27.834167700000023 ], [ 85.022121100000049, 27.834200800000076 ], [ 85.022084300000074, 27.834389 ], [ 85.022038900000041, 27.834620600000051 ], [ 85.02202230000006, 27.834698100000026 ], [ 85.022016800000074, 27.834723900000029 ], [ 85.021944500000075, 27.835060800000065 ], [ 85.021818600000074, 27.835498500000028 ], [ 85.02177, 27.83579960000003 ], [ 85.021711479000032, 27.835935211000049 ] ], [ [ 85.023712322000051, 27.833846770000036 ], [ 85.023707900000034, 27.833845900000028 ], [ 85.023704355000064, 27.833904752000024 ] ], [ [ 85.02370350700005, 27.833918829000027 ], [ 85.023699900000054, 27.833978700000046 ], [ 85.023678400000051, 27.834137600000076 ], [ 85.023683800000072, 27.834313200000054 ], [ 85.023654300000032, 27.834348700000078 ], [ 85.02361940000003, 27.834327400000063 ], [ 85.02361140000005, 27.834201700000051 ], [ 85.023606, 27.834061700000063 ], [ 85.023603300000048, 27.834004800000059 ] ], [ [ 85.02368505700008, 27.835171832000071 ], [ 85.023380700000075, 27.835266600000068 ], [ 85.021711479000032, 27.835935211000049 ] ], [ [ 85.021711479000032, 27.835935211000049 ], [ 85.021455738000043, 27.836037649000048 ] ], [ [ 85.021711479000032, 27.835935211000049 ], [ 85.021664100000066, 27.836045 ], [ 85.021538200000066, 27.836282800000049 ], [ 85.021486683000035, 27.836346588000026 ] ], [ [ 85.022478300000046, 27.838392100000078 ], [ 85.022624400000041, 27.838193600000068 ], [ 85.022702200000083, 27.838041800000042 ], [ 85.022761200000048, 27.837882900000068 ], [ 85.02289, 27.837667 ], [ 85.023029400000041, 27.837344500000029 ], [ 85.023139400000048, 27.83715 ], [ 85.023308400000076, 27.836960200000078 ], [ 85.023420100000067, 27.836858100000029 ], [ 85.023513600000058, 27.836784900000055 ], [ 85.023625800000048, 27.836617400000023 ], [ 85.023691, 27.836504200000036 ], [ 85.023748700000056, 27.836379 ] ], [ [ 85.022478300000046, 27.838392100000078 ], [ 85.022653600000069, 27.838316100000043 ], [ 85.022862600000053, 27.838305600000069 ] ], [ [ 85.023054100000081, 27.839063100000033 ], [ 85.02302190000006, 27.839015700000061 ], [ 85.022979, 27.838961100000063 ], [ 85.022932, 27.838917200000026 ], [ 85.022870300000079, 27.838867400000026 ] ], [ [ 85.023054100000081, 27.839063100000033 ], [ 85.023022900000058, 27.838982500000043 ], [ 85.022984, 27.838920800000039 ], [ 85.02298, 27.838888800000063 ], [ 85.023006800000076, 27.83885790000005 ], [ 85.023041700000078, 27.838840100000027 ], [ 85.023068500000079, 27.838823500000046 ] ], [ [ 85.023054100000081, 27.839063100000033 ], [ 85.023073800000077, 27.83913780000006 ], [ 85.023077900000033, 27.839238600000044 ], [ 85.023080500000049, 27.839365500000042 ], [ 85.023059100000069, 27.839458 ], [ 85.023036300000058, 27.839555200000063 ], [ 85.023049700000058, 27.839646500000072 ], [ 85.023043, 27.839737900000046 ], [ 85.023091500000078, 27.839790400000027 ] ], [ [ 85.02188330000007, 27.839329600000042 ], [ 85.021900200000061, 27.839261 ], [ 85.02194060000005, 27.839161200000035 ], [ 85.021962500000086, 27.839095600000064 ], [ 85.021981100000062, 27.839022600000078 ], [ 85.022055200000068, 27.838818400000036 ], [ 85.022131100000081, 27.838691700000027 ], [ 85.02222880000005, 27.838578400000074 ], [ 85.022368700000072, 27.838477 ], [ 85.022478300000046, 27.838392100000078 ] ], [ [ 85.02188330000007, 27.839329600000042 ], [ 85.021906200000046, 27.839399200000059 ], [ 85.021966500000076, 27.839466800000025 ], [ 85.022035900000049, 27.839520700000037 ] ], [ [ 85.023456300000078, 27.839469 ], [ 85.023349, 27.83958640000003 ], [ 85.023225600000046, 27.839696700000047 ], [ 85.023091500000078, 27.839790400000027 ] ], [ [ 85.022035900000049, 27.839520700000037 ], [ 85.022022100000072, 27.83939410000005 ], [ 85.022044900000083, 27.839335900000037 ], [ 85.022113300000058, 27.839250600000071 ], [ 85.022188400000061, 27.839171100000044 ], [ 85.022219200000052, 27.839094 ], [ 85.022272900000075, 27.839022900000032 ], [ 85.022368100000051, 27.838956500000052 ], [ 85.022464700000057, 27.838936300000057 ], [ 85.02253840000003, 27.838963600000056 ], [ 85.02263030000006, 27.839018 ], [ 85.022696, 27.839041700000053 ], [ 85.022747, 27.839016800000024 ], [ 85.02283280000006, 27.839025100000072 ], [ 85.022877, 27.839037 ], [ 85.022929300000044, 27.839020400000038 ], [ 85.022966900000085, 27.839053600000057 ], [ 85.023004400000048, 27.839039400000047 ], [ 85.023054100000081, 27.839063100000033 ] ], [ [ 85.022035900000049, 27.839520700000037 ], [ 85.022044300000061, 27.839527300000043 ], [ 85.022138200000086, 27.839617400000066 ], [ 85.022221300000069, 27.839745500000049 ], [ 85.022291100000075, 27.839834500000052 ], [ 85.022308500000065, 27.840008800000078 ], [ 85.022352800000078, 27.840122600000029 ], [ 85.022434600000054, 27.840221100000065 ] ], [ [ 85.023091500000078, 27.839790400000027 ], [ 85.022964100000081, 27.839855600000078 ], [ 85.022863500000085, 27.839906600000063 ], [ 85.022828700000048, 27.840001500000028 ], [ 85.022811200000035, 27.840091600000051 ], [ 85.022809900000084, 27.840126 ], [ 85.022787100000073, 27.840148500000055 ], [ 85.022763, 27.840212600000029 ], [ 85.022745500000042, 27.840249300000039 ] ], [ [ 85.022972300000049, 27.840122800000074 ], [ 85.022991600000069, 27.840199600000062 ], [ 85.02295950000007, 27.840267800000049 ], [ 85.022892, 27.840363 ], [ 85.02282450000007, 27.84043980000007 ], [ 85.022766600000068, 27.840483800000072 ] ], [ [ 85.019358178000061, 27.840198625000028 ], [ 85.01927470000004, 27.840393500000062 ], [ 85.019271600000081, 27.840562400000067 ], [ 85.019240800000034, 27.840796700000055 ], [ 85.019222300000081, 27.841006500000049 ], [ 85.019118411000079, 27.841185857000028 ] ], [ [ 85.02325460000003, 27.840306300000066 ], [ 85.023312300000043, 27.840414200000055 ], [ 85.023309600000061, 27.840481800000077 ], [ 85.023315, 27.840537500000039 ], [ 85.023290800000041, 27.84060160000007 ], [ 85.023308300000053, 27.840650200000027 ], [ 85.02328140000003, 27.840704800000026 ], [ 85.023226500000078, 27.840794900000049 ], [ 85.023231370000076, 27.840859461000036 ] ], [ [ 85.021277, 27.840361200000075 ], [ 85.021333800000036, 27.840223900000069 ], [ 85.021374300000048, 27.840053900000044 ], [ 85.021376, 27.839933200000075 ], [ 85.021391100000073, 27.839882500000044 ], [ 85.021443400000067, 27.839821400000062 ], [ 85.02153270000008, 27.839766300000065 ], [ 85.021578200000079, 27.839726 ], [ 85.021633800000075, 27.839615800000047 ], [ 85.021704600000078, 27.839496500000052 ], [ 85.021768700000052, 27.839423500000066 ], [ 85.021826, 27.839368300000046 ], [ 85.02188330000007, 27.839329600000042 ] ], [ [ 85.021277, 27.840361200000075 ], [ 85.021263800000042, 27.840400800000054 ], [ 85.02127310000003, 27.840470700000026 ], [ 85.021305300000051, 27.840570300000024 ], [ 85.021326800000054, 27.840671100000066 ], [ 85.021317400000044, 27.840743500000031 ], [ 85.02127310000003, 27.840844300000072 ], [ 85.02119, 27.840964 ], [ 85.021128300000044, 27.841039900000055 ], [ 85.021092100000033, 27.841138400000034 ] ], [ [ 85.021277, 27.840361200000075 ], [ 85.021240700000078, 27.840362200000072 ], [ 85.021020800000031, 27.840438100000028 ], [ 85.020822300000077, 27.84056140000007 ], [ 85.02069350000005, 27.840727500000071 ], [ 85.020580900000084, 27.840955200000053 ], [ 85.020462900000041, 27.841135400000041 ], [ 85.020334100000071, 27.841301400000077 ], [ 85.020269700000085, 27.841495900000041 ], [ 85.02026440000003, 27.841690400000061 ], [ 85.020113800000047, 27.841862100000071 ], [ 85.019907600000067, 27.842096 ], [ 85.019842, 27.842171900000039 ] ], [ [ 85.022876800000063, 27.840665800000068 ], [ 85.022791, 27.840623100000073 ] ], [ [ 85.022213, 27.840783400000078 ], [ 85.02222770000003, 27.840737 ], [ 85.02227090000008, 27.840581 ], [ 85.022296400000073, 27.840441100000078 ], [ 85.022276, 27.840324300000077 ], [ 85.022195600000032, 27.840234100000032 ], [ 85.02207750000008, 27.840210400000046 ], [ 85.021964900000057, 27.840248400000064 ], [ 85.021857600000033, 27.840300600000035 ], [ 85.021696700000064, 27.84031 ], [ 85.021557200000075, 27.840362200000072 ], [ 85.021407, 27.840357500000039 ], [ 85.021277, 27.840361200000075 ] ], [ [ 85.022213, 27.840783400000078 ], [ 85.022453100000064, 27.840831800000046 ], [ 85.022587200000032, 27.840912500000059 ], [ 85.022710500000073, 27.840974100000039 ], [ 85.022785600000077, 27.840936200000044 ], [ 85.02283390000008, 27.840860300000031 ], [ 85.022860800000046, 27.840741700000024 ], [ 85.022876800000063, 27.840665800000068 ] ], [ [ 85.021092100000033, 27.841138400000034 ], [ 85.021196700000075, 27.841043200000058 ], [ 85.021384500000067, 27.840851 ], [ 85.021460900000079, 27.840822600000024 ], [ 85.021588300000076, 27.840797700000053 ] ], [ [ 85.021092100000033, 27.841138400000034 ], [ 85.021077300000059, 27.841249800000071 ], [ 85.021097500000053, 27.841398100000049 ] ], [ [ 85.022814100000062, 27.84119 ], [ 85.022929400000066, 27.840970600000048 ], [ 85.022972300000049, 27.840876900000069 ], [ 85.022985700000049, 27.840727500000071 ], [ 85.022976300000039, 27.840651600000058 ], [ 85.02292, 27.840639700000054 ], [ 85.022876800000063, 27.840665800000068 ] ], [ [ 85.019105067000055, 27.841321999000058 ], [ 85.019114500000057, 27.841393400000072 ], [ 85.019080600000052, 27.841496900000038 ], [ 85.019022100000086, 27.841723 ], [ 85.018868, 27.841889200000026 ], [ 85.018775959000038, 27.841960425000025 ] ], [ [ 85.022970008000073, 27.84141356400005 ], [ 85.022876800000063, 27.841458 ], [ 85.022752126000057, 27.841499364000072 ] ], [ [ 85.022447700000043, 27.841439 ], [ 85.022378, 27.841334600000039 ], [ 85.022281400000054, 27.841140100000075 ], [ 85.02220630000005, 27.840955200000053 ], [ 85.022190200000068, 27.840855500000032 ], [ 85.022213, 27.840783400000078 ] ], [ [ 85.022744399000032, 27.841500277000023 ], [ 85.022581800000069, 27.841481700000031 ], [ 85.022447700000043, 27.841439 ] ], [ [ 85.021099, 27.841632200000049 ], [ 85.021160200000054, 27.841614500000048 ], [ 85.021401600000047, 27.841609700000049 ], [ 85.021637700000042, 27.841638200000034 ], [ 85.021830800000032, 27.841605 ], [ 85.022050700000079, 27.841562300000078 ], [ 85.022270700000036, 27.841491200000064 ], [ 85.022447700000043, 27.841439 ] ], [ [ 85.021099, 27.841632200000049 ], [ 85.020992500000034, 27.841774200000032 ], [ 85.020952300000033, 27.841921300000024 ], [ 85.020810100000062, 27.842103900000041 ], [ 85.020735, 27.842246200000034 ], [ 85.020718900000077, 27.842405100000065 ], [ 85.020741800000053, 27.842567300000042 ], [ 85.020795500000077, 27.842671700000039 ], [ 85.020910800000081, 27.842795 ], [ 85.021044900000049, 27.842953900000055 ], [ 85.021162900000036, 27.843098600000076 ], [ 85.021283600000061, 27.843248 ], [ 85.021390900000085, 27.843378400000063 ], [ 85.021492800000033, 27.843492300000037 ], [ 85.021581300000037, 27.843610800000079 ], [ 85.021661800000061, 27.843708100000072 ], [ 85.021777200000031, 27.843862200000046 ], [ 85.021849600000053, 27.843964200000073 ], [ 85.021924700000056, 27.844068600000071 ], [ 85.02201180000003, 27.844174100000032 ], [ 85.022099, 27.844295100000068 ], [ 85.022179400000084, 27.844406200000037 ], [ 85.022294700000032, 27.844527200000073 ], [ 85.022537500000055, 27.844725200000028 ], [ 85.022694400000034, 27.84484260000005 ], [ 85.022887500000081, 27.844969500000047 ], [ 85.023064500000032, 27.845047700000066 ] ], [ [ 85.020897400000081, 27.841690400000061 ], [ 85.020766200000082, 27.841556600000047 ], [ 85.020728700000063, 27.841478400000028 ], [ 85.020743500000037, 27.841394200000025 ], [ 85.020797100000038, 27.841315900000041 ], [ 85.020916500000055, 27.841243600000041 ], [ 85.021092100000033, 27.841138400000034 ] ], [ [ 85.020897400000081, 27.841690400000061 ], [ 85.021099, 27.841632200000049 ] ], [ [ 85.019842, 27.842171900000039 ], [ 85.020055200000058, 27.842179 ], [ 85.020318900000063, 27.84216680000003 ], [ 85.020623800000067, 27.84185640000004 ], [ 85.020897400000081, 27.841690400000061 ] ], [ [ 85.019842, 27.842171900000039 ], [ 85.019642100000056, 27.842416100000037 ], [ 85.019613400000082, 27.842495800000052 ], [ 85.019610700000044, 27.842571700000065 ], [ 85.019667, 27.842682 ], [ 85.01976760000008, 27.842939400000034 ], [ 85.019841400000075, 27.843039 ], [ 85.019935200000077, 27.843111300000032 ], [ 85.020043900000076, 27.843191900000079 ], [ 85.020088100000066, 27.843270200000063 ] ], [ [ 85.018745745000047, 27.842180725000048 ], [ 85.018726300000083, 27.842360500000041 ], [ 85.018720100000053, 27.842450400000075 ], [ 85.018670800000052, 27.842581200000041 ], [ 85.018593800000076, 27.842731 ], [ 85.018547600000034, 27.842929900000058 ], [ 85.018575300000066, 27.843142400000033 ], [ 85.018606100000056, 27.843344 ], [ 85.018615400000044, 27.843472100000042 ], [ 85.01868010000004, 27.843700900000044 ], [ 85.018724571000064, 27.843875355000023 ] ], [ [ 85.018737158000079, 27.843907277000028 ], [ 85.018812500000081, 27.844033300000035 ], [ 85.01886490000004, 27.844136800000058 ], [ 85.018878939000047, 27.844163254000023 ] ], [ [ 85.019058388000076, 27.844466646000058 ], [ 85.01912370000008, 27.844578100000035 ], [ 85.019185300000061, 27.844717100000025 ], [ 85.019259300000044, 27.844836900000075 ], [ 85.019324, 27.845024900000055 ], [ 85.019407200000046, 27.845163900000045 ], [ 85.019436855000038, 27.845223295000039 ] ], [ [ 85.01965030000008, 27.844792 ], [ 85.019663700000081, 27.844860800000049 ], [ 85.019607400000041, 27.844948600000066 ], [ 85.019545700000037, 27.845029200000056 ], [ 85.019655600000078, 27.845216600000072 ], [ 85.019712, 27.845283 ], [ 85.019859500000052, 27.84539680000006 ], [ 85.020020400000078, 27.845510600000068 ], [ 85.020406600000058, 27.845702700000061 ], [ 85.020497800000044, 27.845769100000041 ], [ 85.020621200000051, 27.845904300000029 ], [ 85.020849200000043, 27.846122500000035 ], [ 85.02097260000005, 27.846262400000057 ], [ 85.021020900000053, 27.846345400000075 ], [ 85.021130800000037, 27.846426100000031 ], [ 85.021289100000047, 27.846478300000058 ], [ 85.021468800000036, 27.846539900000039 ], [ 85.021624400000064, 27.846594500000037 ] ], [ [ 85.019828197000038, 27.845689110000023 ], [ 85.019931, 27.845804100000066 ], [ 85.020048, 27.84593760000007 ] ], [ [ 85.020048, 27.84593760000007 ], [ 85.020029600000044, 27.846057400000063 ], [ 85.020081900000037, 27.846182700000043 ], [ 85.020032600000036, 27.846299900000076 ], [ 85.019959873000062, 27.846265583000047 ] ], [ [ 85.020048, 27.84593760000007 ], [ 85.020162, 27.846071 ], [ 85.020245200000033, 27.846190900000067 ], [ 85.020322300000032, 27.846324400000071 ] ], [ [ 85.020322300000032, 27.846324400000071 ], [ 85.020394428000031, 27.846373476000053 ] ], [ [ 85.020322300000032, 27.846324400000071 ], [ 85.020353922000083, 27.846382470000037 ] ], [ [ 85.027818944000046, 27.847495652000077 ], [ 85.027262, 27.848132700000065 ], [ 85.027142621000053, 27.848294259000056 ] ], [ [ 85.02668170000004, 27.84825010000003 ], [ 85.026698800000077, 27.848137400000041 ], [ 85.02669080000004, 27.848068600000033 ], [ 85.026720300000079, 27.848030600000072 ], [ 85.026752500000043, 27.848040100000048 ], [ 85.026835600000084, 27.848116 ], [ 85.026951, 27.848172900000066 ], [ 85.027095800000041, 27.848265400000059 ], [ 85.027142621000053, 27.848294259000056 ] ], [ [ 85.02668170000004, 27.84825010000003 ], [ 85.026578400000062, 27.848392800000056 ], [ 85.026471100000037, 27.848478200000045 ], [ 85.02639460000006, 27.848538700000063 ], [ 85.026341, 27.848645400000066 ], [ 85.026318200000048, 27.848741500000074 ], [ 85.026314, 27.848805200000072 ] ], [ [ 85.027142621000053, 27.848294259000056 ], [ 85.027066097000045, 27.848397821000049 ] ], [ [ 85.027142621000053, 27.848294259000056 ], [ 85.027272800000048, 27.848374500000034 ], [ 85.02751690000008, 27.848564300000078 ], [ 85.027726100000052, 27.848768200000052 ], [ 85.027892400000042, 27.848955600000068 ] ], [ [ 85.027066097000045, 27.848397821000049 ], [ 85.027062200000046, 27.848367600000074 ], [ 85.027043200000037, 27.848332200000073 ], [ 85.026961200000073, 27.848283400000071 ], [ 85.026856400000042, 27.848222700000065 ], [ 85.026774500000045, 27.848217700000077 ], [ 85.02668170000004, 27.84825010000003 ] ], [ [ 85.027066097000045, 27.848397821000049 ], [ 85.026713500000085, 27.848875 ] ], [ [ 85.026841200000035, 27.848741600000039 ], [ 85.026955500000042, 27.848600100000056 ], [ 85.027048900000068, 27.848487200000079 ], [ 85.027067900000077, 27.848411800000065 ], [ 85.027066097000045, 27.848397821000049 ] ], [ [ 85.026314, 27.848805200000072 ], [ 85.026713500000085, 27.848875 ] ], [ [ 85.026314, 27.848805200000072 ], [ 85.026278300000058, 27.848889200000031 ], [ 85.026233400000081, 27.848950900000034 ], [ 85.026248100000032, 27.849073 ], [ 85.026250800000071, 27.849108600000079 ], [ 85.02624140000006, 27.849189200000069 ], [ 85.026240100000052, 27.849343400000066 ], [ 85.026233, 27.849431300000049 ], [ 85.026207900000031, 27.849522400000069 ], [ 85.026137400000039, 27.849590700000078 ], [ 85.026138923000076, 27.84960142500006 ] ], [ [ 85.026713500000085, 27.848875 ], [ 85.026784300000031, 27.849035100000037 ], [ 85.026973300000066, 27.84910990000003 ], [ 85.027082679000046, 27.849126615000046 ] ], [ [ 85.030035300000065, 27.849425100000076 ], [ 85.030103900000086, 27.849276900000064 ], [ 85.03021380000007, 27.849044900000024 ], [ 85.03024860000005, 27.84889140000007 ], [ 85.030138600000043, 27.84870710000007 ], [ 85.029951400000073, 27.848574100000064 ] ], [ [ 85.030035300000065, 27.849425100000076 ], [ 85.030338400000062, 27.849437 ] ], [ [ 85.029683900000066, 27.849636200000077 ], [ 85.029646600000035, 27.849569900000063 ], [ 85.029607300000066, 27.849514200000044 ], [ 85.029576300000031, 27.849453 ], [ 85.029569600000059, 27.849407400000075 ] ], [ [ 85.029683900000066, 27.849636200000077 ], [ 85.030035300000065, 27.849425100000076 ] ], [ [ 85.044956303000049, 27.850580186000059 ], [ 85.044637600000044, 27.850523600000031 ], [ 85.044397600000082, 27.85052410000003 ], [ 85.044163100000048, 27.850536700000077 ], [ 85.044031100000041, 27.85059190000004 ], [ 85.043928700000038, 27.850640200000043 ], [ 85.043779200000074, 27.850749 ] ], [ [ 85.043779200000074, 27.850749 ], [ 85.043750054000043, 27.850770515000079 ] ], [ [ 85.043779200000074, 27.850749 ], [ 85.044128700000044, 27.850975500000061 ], [ 85.04420870000007, 27.851101700000072 ], [ 85.04426060000003, 27.851451600000075 ], [ 85.044412, 27.851675300000068 ], [ 85.04461, 27.851925100000074 ], [ 85.044729300000085, 27.852052 ], [ 85.044838, 27.852340100000049 ], [ 85.044986800000061, 27.852605700000026 ], [ 85.045084100000054, 27.852962800000057 ], [ 85.045041100000049, 27.853202700000054 ], [ 85.04494980000004, 27.853368900000078 ], [ 85.04484240000005, 27.853539900000044 ], [ 85.044705400000055, 27.853701300000068 ], [ 85.044581900000082, 27.85393410000006 ], [ 85.044495900000072, 27.85413120000004 ], [ 85.044449600000064, 27.854296800000043 ], [ 85.044419900000037, 27.854378700000041 ], [ 85.044412500000078, 27.854419600000028 ], [ 85.044420900000034, 27.854459 ], [ 85.04439990000003, 27.854525300000034 ], [ 85.044343100000049, 27.854603700000041 ], [ 85.044231800000034, 27.854879900000071 ], [ 85.044162, 27.855157400000053 ], [ 85.044107100000076, 27.855430100000035 ], [ 85.043957800000044, 27.855589100000032 ], [ 85.043785200000059, 27.855764500000078 ], [ 85.043592100000069, 27.855913900000076 ], [ 85.043413700000031, 27.856023 ], [ 85.043187100000068, 27.856129700000054 ], [ 85.042943600000058, 27.856208500000037 ], [ 85.042869707000079, 27.856216160000031 ] ], [ [ 85.030741700000078, 27.850837900000045 ], [ 85.03063190000006, 27.850802600000065 ], [ 85.030361, 27.850681700000052 ], [ 85.030300700000055, 27.850558300000046 ], [ 85.030291300000044, 27.850357900000063 ], [ 85.030234900000039, 27.850039 ] ], [ [ 85.030741700000078, 27.850837900000045 ], [ 85.030579800000055, 27.850663700000041 ], [ 85.030454900000052, 27.850402 ], [ 85.030364200000065, 27.850091900000052 ], [ 85.030342, 27.849901300000056 ] ], [ [ 85.030741700000078, 27.850837900000045 ], [ 85.030779400000085, 27.85085 ], [ 85.030941700000085, 27.850869400000079 ], [ 85.031234500000039, 27.850964100000056 ], [ 85.031916300000034, 27.851172100000042 ] ], [ [ 85.031916300000034, 27.851172100000042 ], [ 85.031735, 27.851029100000062 ], [ 85.031515100000036, 27.850891600000068 ], [ 85.03133530000008, 27.850792 ], [ 85.031262900000058, 27.850699500000076 ], [ 85.031233400000076, 27.850561900000059 ], [ 85.03126560000004, 27.85020140000006 ], [ 85.031281700000079, 27.850061500000038 ], [ 85.03122, 27.849852800000065 ], [ 85.031195900000057, 27.849660700000072 ], [ 85.031249500000058, 27.849468600000023 ] ], [ [ 85.031916300000034, 27.851172100000042 ], [ 85.032033100000035, 27.851207700000032 ] ], [ [ 85.032033100000035, 27.851207700000032 ], [ 85.032036600000083, 27.851047700000038 ], [ 85.032076700000061, 27.850993200000062 ], [ 85.032295400000066, 27.850876 ], [ 85.032347800000082, 27.850805200000025 ], [ 85.032406749000074, 27.850722782000048 ] ], [ [ 85.032033100000035, 27.851207700000032 ], [ 85.032332, 27.851273800000058 ], [ 85.032542100000057, 27.851364600000068 ], [ 85.032743, 27.851558700000055 ] ], [ [ 85.032743, 27.851558700000055 ], [ 85.032849904000045, 27.851589282000077 ] ], [ [ 85.032743, 27.851558700000055 ], [ 85.032671200000038, 27.851725300000055 ], [ 85.032435400000054, 27.851994800000057 ], [ 85.032183300000042, 27.852239300000065 ], [ 85.032110100000068, 27.852235700000051 ] ], [ [ 85.049229469000068, 27.851779137000051 ], [ 85.049136700000076, 27.851787100000024 ], [ 85.049135686000056, 27.851786742000058 ] ], [ [ 85.076359148000051, 27.851927776000025 ], [ 85.076311400000066, 27.851960800000029 ], [ 85.076107300000047, 27.851981800000033 ], [ 85.075815700000078, 27.852002900000059 ], [ 85.075717600000075, 27.852019300000052 ], [ 85.075643400000047, 27.852068600000052 ], [ 85.075534700000048, 27.852195100000074 ], [ 85.075298800000041, 27.852506800000072 ], [ 85.075330600000086, 27.852579500000047 ], [ 85.075683200000071, 27.852752900000041 ] ], [ [ 85.032110100000068, 27.852235700000051 ], [ 85.032030500000076, 27.85214 ], [ 85.032002700000078, 27.851973900000075 ], [ 85.031968800000072, 27.851657900000077 ], [ 85.031968800000072, 27.851431800000057 ], [ 85.032033100000035, 27.851207700000032 ] ], [ [ 85.032110100000068, 27.852235700000051 ], [ 85.032152300000064, 27.852336 ], [ 85.032156300000054, 27.85257740000003 ], [ 85.032159300000046, 27.852611900000056 ] ], [ [ 85.032617200000061, 27.852278600000034 ], [ 85.032611800000041, 27.852336700000023 ], [ 85.032590400000061, 27.852371100000028 ], [ 85.032587700000079, 27.852448200000026 ], [ 85.032564900000068, 27.852501500000074 ], [ 85.032543400000066, 27.852566700000068 ] ], [ [ 85.030982100000074, 27.85238 ], [ 85.030890900000031, 27.852230600000041 ], [ 85.030662900000038, 27.851995800000054 ], [ 85.030485900000031, 27.851554700000065 ], [ 85.030354400000078, 27.851234600000055 ], [ 85.030228400000055, 27.850867 ], [ 85.030008800000076, 27.85036 ], [ 85.02981, 27.850015600000063 ], [ 85.029683900000066, 27.849636200000077 ] ], [ [ 85.032543400000066, 27.852566700000068 ], [ 85.032426400000077, 27.852533900000026 ], [ 85.032331700000043, 27.852546200000063 ], [ 85.032159300000046, 27.852611900000056 ] ], [ [ 85.032543400000066, 27.852566700000068 ], [ 85.03246560000008, 27.852647400000023 ], [ 85.03241330000003, 27.852733900000032 ], [ 85.032410700000071, 27.852811 ], [ 85.032385200000078, 27.85288330000003 ], [ 85.03236510000005, 27.852975800000024 ], [ 85.032315500000038, 27.853082500000028 ], [ 85.032275200000072, 27.853134700000055 ], [ 85.032236300000079, 27.853148900000065 ], [ 85.03219740000003, 27.853144200000031 ], [ 85.032159900000067, 27.853125300000045 ], [ 85.032118, 27.853051300000061 ] ], [ [ 85.032669, 27.852611500000023 ], [ 85.032543400000066, 27.852566700000068 ] ], [ [ 85.032159300000046, 27.852611900000056 ], [ 85.032176600000071, 27.852808100000061 ], [ 85.032182, 27.852862400000049 ], [ 85.032173900000032, 27.852955100000031 ], [ 85.032143500000075, 27.853025600000024 ], [ 85.032118, 27.853051300000061 ] ], [ [ 85.031263400000057, 27.852736200000038 ], [ 85.031135, 27.852674100000058 ], [ 85.031022300000075, 27.85253890000007 ], [ 85.030982100000074, 27.85238 ] ], [ [ 85.031263400000057, 27.852736200000038 ], [ 85.031113700000049, 27.85258 ], [ 85.030982100000074, 27.85238 ] ], [ [ 85.077957867000066, 27.852778633000071 ], [ 85.077750683000033, 27.852578105000077 ] ], [ [ 85.031497100000081, 27.852804500000047 ], [ 85.03130660000005, 27.852757100000076 ], [ 85.031263400000057, 27.852736200000038 ] ], [ [ 85.042516945000045, 27.852867398000058 ], [ 85.042507900000032, 27.852896400000077 ], [ 85.042503600000032, 27.853035500000033 ], [ 85.042449300000044, 27.853125300000045 ], [ 85.042419300000063, 27.853373100000056 ], [ 85.042403500000034, 27.853523600000074 ], [ 85.042472200000077, 27.853662700000029 ], [ 85.04254080000004, 27.853811900000039 ], [ 85.042589500000076, 27.854048400000067 ], [ 85.042632400000059, 27.854260800000077 ], [ 85.042683800000077, 27.854455600000051 ], [ 85.042689600000074, 27.854590900000062 ], [ 85.04265810000004, 27.854706 ], [ 85.042649500000039, 27.854823600000032 ], [ 85.042635200000063, 27.854938600000025 ], [ 85.042565100000047, 27.855056200000035 ], [ 85.042573700000048, 27.85510430000005 ], [ 85.042638100000033, 27.855347400000028 ], [ 85.042744200000072, 27.855638 ], [ 85.042813, 27.855767600000036 ], [ 85.042853900000068, 27.855814600000031 ] ], [ [ 85.032118, 27.853051300000061 ], [ 85.03208010000003, 27.853082800000038 ], [ 85.032043800000054, 27.853095900000028 ], [ 85.031989700000054, 27.853118400000028 ] ], [ [ 85.071190983000065, 27.853148803000067 ], [ 85.072338400000035, 27.854910500000074 ], [ 85.072423700000058, 27.855003900000042 ] ], [ [ 85.035636587000056, 27.853354526000032 ], [ 85.035688300000061, 27.853358600000035 ], [ 85.035842500000058, 27.853344400000026 ], [ 85.035996700000055, 27.853362200000049 ], [ 85.036039600000038, 27.853349200000025 ], [ 85.036058400000059, 27.853308800000036 ] ], [ [ 85.079227400000036, 27.854080100000033 ], [ 85.078396392000059, 27.853217871000027 ] ], [ [ 85.079227400000036, 27.854080100000033 ], [ 85.078640560000053, 27.853375810000045 ] ], [ [ 85.085392730000081, 27.854161505000036 ], [ 85.08524280000006, 27.854228800000044 ], [ 85.084992, 27.854337900000075 ], [ 85.084780100000046, 27.85446 ], [ 85.084425255000042, 27.854650734000074 ] ], [ [ 85.081281100000069, 27.854551500000071 ], [ 85.081286300000045, 27.85439 ], [ 85.081402800000035, 27.854037400000038 ], [ 85.081548, 27.853757300000041 ], [ 85.081640049000043, 27.853699617000075 ] ], [ [ 85.081281100000069, 27.854551500000071 ], [ 85.080970200000081, 27.854432300000042 ], [ 85.08086220000007, 27.854439400000047 ], [ 85.080775, 27.85445720000007 ], [ 85.080697200000031, 27.85451050000006 ], [ 85.08050680000008, 27.854678900000067 ], [ 85.080387400000063, 27.854733400000043 ], [ 85.080243900000085, 27.854765500000042 ], [ 85.080084400000032, 27.854725100000053 ], [ 85.079227400000036, 27.854080100000033 ] ], [ [ 85.088100262000069, 27.854565027000035 ], [ 85.087827100000084, 27.854336700000033 ], [ 85.08766539700008, 27.854228457000033 ] ], [ [ 85.075134500000047, 27.854598700000054 ], [ 85.075072521000038, 27.854744793000066 ] ], [ [ 85.08823357700004, 27.854761255000028 ], [ 85.088128100000063, 27.854821600000037 ], [ 85.088051200000052, 27.854878600000063 ], [ 85.088015400000074, 27.854933700000061 ], [ 85.087988, 27.855006400000036 ], [ 85.087963100000081, 27.855037200000027 ], [ 85.087883300000044, 27.855114400000048 ], [ 85.087781100000086, 27.855361200000061 ], [ 85.087701400000071, 27.855504400000029 ], [ 85.087611700000082, 27.855616700000041 ], [ 85.087556800000073, 27.855671800000039 ], [ 85.08747210000007, 27.855707100000075 ], [ 85.087392400000056, 27.855718100000047 ], [ 85.087275200000079, 27.855700500000069 ], [ 85.087105800000074, 27.855726900000036 ], [ 85.087008400000059, 27.85590510000003 ], [ 85.086659700000041, 27.857228300000031 ], [ 85.086334500000078, 27.85743 ], [ 85.086249542000076, 27.857978307000053 ] ], [ [ 85.081512701000065, 27.854956542000025 ], [ 85.08140590000005, 27.854687700000056 ], [ 85.081281100000069, 27.854551500000071 ] ], [ [ 85.072423700000058, 27.855003900000042 ], [ 85.072638200000085, 27.854886500000077 ], [ 85.072667900000056, 27.854833900000074 ], [ 85.072840400000075, 27.85472610000005 ], [ 85.072987700000056, 27.854660300000035 ], [ 85.073161700000071, 27.854620900000043 ], [ 85.073256900000047, 27.854581400000029 ], [ 85.07334910000003, 27.854544600000054 ], [ 85.07345760000004, 27.854539300000056 ], [ 85.073460735000083, 27.854539726000041 ] ], [ [ 85.072423700000058, 27.855003900000042 ], [ 85.072463900000059, 27.855167200000039 ], [ 85.072447800000077, 27.855259500000045 ], [ 85.072443500000077, 27.855282500000044 ] ], [ [ 85.072443500000077, 27.855282500000044 ], [ 85.072514176000084, 27.855273689000057 ] ], [ [ 85.072443500000077, 27.855282500000044 ], [ 85.072431700000038, 27.855344700000046 ], [ 85.072447800000077, 27.855458300000066 ], [ 85.072496, 27.855586100000039 ], [ 85.072703949000072, 27.855764845000067 ] ], [ [ 85.041091100000074, 27.855469600000049 ], [ 85.040007400000036, 27.854800400000045 ], [ 85.039653200000032, 27.854494 ], [ 85.039189900000054, 27.854239300000074 ], [ 85.038952400000085, 27.854156700000033 ], [ 85.038617600000066, 27.853654200000051 ], [ 85.038524100000075, 27.85353710000004 ] ], [ [ 85.041091100000074, 27.855469600000049 ], [ 85.041230400000074, 27.855617400000028 ], [ 85.041290700000047, 27.855743100000041 ], [ 85.041333700000052, 27.855839200000048 ], [ 85.041475800000057, 27.855996900000036 ], [ 85.041622, 27.856172400000048 ], [ 85.041808400000036, 27.856384600000069 ] ], [ [ 85.042853900000068, 27.855814600000031 ], [ 85.042756100000076, 27.855842300000063 ], [ 85.042690300000061, 27.855843500000049 ], [ 85.042631700000072, 27.855824600000062 ], [ 85.042574400000035, 27.855775300000062 ], [ 85.04244140000003, 27.855551400000024 ], [ 85.042404200000078, 27.855426200000068 ], [ 85.042317, 27.855317500000069 ], [ 85.042256900000041, 27.855175900000063 ], [ 85.04218110000005, 27.855043100000046 ], [ 85.042168465000032, 27.855027233000044 ] ], [ [ 85.042853900000068, 27.855814600000031 ], [ 85.042869707000079, 27.856216160000031 ] ], [ [ 85.052152345000081, 27.855957610000075 ], [ 85.052202600000044, 27.855887300000063 ], [ 85.052674700000068, 27.856138700000031 ], [ 85.052798100000075, 27.856285700000058 ], [ 85.053157500000054, 27.856470700000045 ], [ 85.053503500000033, 27.856613300000049 ] ], [ [ 85.073037686000077, 27.856078226000079 ], [ 85.073050100000046, 27.85609020000004 ], [ 85.073202600000059, 27.856274800000051 ], [ 85.073341576000075, 27.856456854000044 ] ], [ [ 85.042869707000079, 27.856216160000031 ], [ 85.042697600000054, 27.856234 ], [ 85.042576, 27.856210400000066 ], [ 85.042375700000036, 27.856115400000078 ], [ 85.042191100000082, 27.856004 ], [ 85.04174990000007, 27.855837600000029 ], [ 85.04118550000004, 27.855527900000027 ], [ 85.041091100000074, 27.855469600000049 ] ], [ [ 85.042869707000079, 27.856216160000031 ], [ 85.042903, 27.857061900000076 ] ], [ [ 85.036273431000041, 27.856263976000037 ], [ 85.036284400000056, 27.856265400000041 ], [ 85.036552400000062, 27.856239900000048 ], [ 85.036630800000069, 27.856249 ], [ 85.036768900000084, 27.856325600000048 ], [ 85.03705750000006, 27.856371100000047 ], [ 85.037137900000062, 27.856317500000046 ], [ 85.037267800000052, 27.856318300000055 ], [ 85.037408, 27.856318300000055 ], [ 85.037507, 27.856292800000062 ], [ 85.037511810000069, 27.85629261400004 ] ], [ [ 85.040374746000055, 27.856526995000024 ], [ 85.040426400000058, 27.856537 ], [ 85.040645, 27.856540700000039 ], [ 85.040818100000081, 27.856562500000052 ], [ 85.040900600000043, 27.856589900000074 ], [ 85.041059400000051, 27.856761200000051 ], [ 85.041137700000036, 27.856815900000072 ], [ 85.041378900000041, 27.85694170000005 ], [ 85.041593300000045, 27.856981800000028 ], [ 85.041688200000067, 27.857038300000056 ], [ 85.041828400000043, 27.857036500000049 ], [ 85.041890200000068, 27.856961700000056 ], [ 85.042007800000079, 27.856972700000028 ], [ 85.042282, 27.857089300000041 ], [ 85.04243660000003, 27.857151300000055 ], [ 85.042677800000035, 27.857187803000045 ] ], [ [ 85.053503500000033, 27.856613300000049 ], [ 85.053988, 27.856711700000062 ] ], [ [ 85.053988, 27.856711700000062 ], [ 85.054246500000033, 27.856584500000054 ], [ 85.054450300000042, 27.856451700000036 ] ], [ [ 85.053988, 27.856711700000062 ], [ 85.054085500000042, 27.856731500000024 ], [ 85.054262600000072, 27.85676 ], [ 85.054337700000076, 27.856774200000075 ] ], [ [ 85.053452400000083, 27.856846700000062 ], [ 85.053503500000033, 27.856613300000049 ] ], [ [ 85.053452400000083, 27.856846700000062 ], [ 85.054535500000043, 27.857078200000046 ], [ 85.054597200000046, 27.857063900000071 ], [ 85.05465090000007, 27.857099500000061 ], [ 85.054752800000074, 27.856855300000063 ], [ 85.054835900000057, 27.856741400000033 ] ], [ [ 85.058800999000084, 27.856854811000062 ], [ 85.058110638000073, 27.857697247000033 ] ], [ [ 85.053448852000031, 27.856862739000064 ], [ 85.053452400000083, 27.856846700000062 ] ], [ [ 85.042903, 27.857061900000076 ], [ 85.04313140000005, 27.857158600000048 ], [ 85.043390800000054, 27.857351400000027 ], [ 85.04349, 27.85734640000004 ], [ 85.043566200000043, 27.857303500000057 ], [ 85.043685800000048, 27.857233 ], [ 85.043827100000044, 27.857188500000063 ], [ 85.043914600000051, 27.857198500000038 ], [ 85.044109076000041, 27.857274321000034 ] ], [ [ 85.042789445000039, 27.857189325000036 ], [ 85.042903, 27.857061900000076 ] ], [ [ 85.090652800000043, 27.857267800000045 ], [ 85.090647, 27.857227700000067 ], [ 85.090657100000044, 27.85713880000003 ], [ 85.090638290000072, 27.857107834000033 ] ], [ [ 85.090652800000043, 27.857267800000045 ], [ 85.090750537000076, 27.857141348000027 ] ], [ [ 85.044692632000078, 27.857296721000068 ], [ 85.044852400000082, 27.857200800000044 ], [ 85.04494550000004, 27.85712060000003 ], [ 85.045017900000062, 27.85711740000005 ], [ 85.045172300000047, 27.857147700000041 ], [ 85.045319800000073, 27.857139400000051 ], [ 85.045441200000084, 27.857196100000067 ], [ 85.04549925300006, 27.857245429000045 ] ], [ [ 85.090702300000032, 27.857332 ], [ 85.090652800000043, 27.857267800000045 ] ], [ [ 85.090702300000032, 27.857332 ], [ 85.090796900000043, 27.857266500000037 ], [ 85.090892500000052, 27.857227400000056 ], [ 85.090937223000083, 27.857201954000061 ] ], [ [ 85.058065100000078, 27.857427800000039 ], [ 85.058058, 27.857615 ], [ 85.058110638000073, 27.857697247000033 ] ], [ [ 85.082779248000065, 27.857630375000042 ], [ 85.082752700000071, 27.857621800000061 ], [ 85.082740950000073, 27.857624900000076 ] ], [ [ 85.082265649000078, 27.857696867000072 ], [ 85.082247800000061, 27.857697200000075 ], [ 85.082092300000056, 27.85768980000006 ], [ 85.082055600000047, 27.857676500000025 ], [ 85.081993700000055, 27.857599700000037 ], [ 85.081839900000034, 27.857456300000024 ], [ 85.08178810000004, 27.857428200000072 ], [ 85.08167270000007, 27.857416400000034 ], [ 85.08163090000005, 27.857462200000043 ], [ 85.081584100000043, 27.857500600000037 ], [ 85.081564100000037, 27.857561200000077 ], [ 85.081589100000031, 27.857601100000068 ], [ 85.081594100000075, 27.857618900000034 ], [ 85.081625412000051, 27.857712835000029 ] ], [ [ 85.058110638000073, 27.857697247000033 ], [ 85.058128400000044, 27.857725 ], [ 85.058432200000084, 27.858124100000055 ], [ 85.058518, 27.858166800000049 ], [ 85.058662900000058, 27.858181 ], [ 85.059027700000058, 27.858109900000045 ], [ 85.05923690000003, 27.858024500000056 ], [ 85.059371, 27.857974600000034 ], [ 85.059465, 27.857980100000077 ], [ 85.059605200000078, 27.858061100000043 ], [ 85.059645300000057, 27.858046700000045 ], [ 85.059665300000063, 27.858006700000033 ], [ 85.059652300000039, 27.857883400000048 ], [ 85.05963980000007, 27.857709800000066 ], [ 85.059630322000032, 27.857652422000058 ] ], [ [ 85.058110638000073, 27.857697247000033 ], [ 85.057076915000039, 27.858958684000072 ] ], [ [ 85.083362009000041, 27.857914545000028 ], [ 85.083307800000057, 27.857862800000078 ], [ 85.083160600000042, 27.857774100000029 ], [ 85.082991861000039, 27.857718263000038 ] ], [ [ 85.109861675000047, 27.858032402000049 ], [ 85.110011500000041, 27.857972800000027 ], [ 85.110526500000049, 27.857896900000071 ], [ 85.110710793000067, 27.857895395000071 ] ], [ [ 85.108980300000042, 27.858359800000073 ], [ 85.109092644000043, 27.858295478000059 ] ], [ [ 85.108980300000042, 27.858359800000073 ], [ 85.108938800000033, 27.858338400000036 ], [ 85.10889050000003, 27.858339600000079 ], [ 85.108816700000034, 27.858372800000041 ], [ 85.108759100000043, 27.858410800000058 ] ], [ [ 85.108980300000042, 27.858359800000073 ], [ 85.109291300000052, 27.858834900000033 ], [ 85.109317100000055, 27.858880600000077 ] ], [ [ 85.10871725100003, 27.858392881000043 ], [ 85.108759100000043, 27.858410800000058 ] ], [ [ 85.098888393000038, 27.858408723000025 ], [ 85.098671300000035, 27.858472400000039 ], [ 85.098061800000039, 27.858561100000031 ] ], [ [ 85.108759100000043, 27.858410800000058 ], [ 85.108661200000086, 27.858444 ], [ 85.108532400000058, 27.858461800000043 ], [ 85.108398300000033, 27.858460600000058 ], [ 85.108280300000047, 27.858428600000025 ], [ 85.108071100000075, 27.858368100000064 ], [ 85.107747900000049, 27.858269700000051 ], [ 85.106550300000038, 27.858091800000068 ], [ 85.105963233000068, 27.857982109000034 ] ], [ [ 85.098061800000039, 27.858561100000031 ], [ 85.098161900000036, 27.858477700000037 ], [ 85.098224400000049, 27.858462600000053 ], [ 85.098418800000047, 27.858415700000023 ], [ 85.098632656000063, 27.85833897200007 ] ], [ [ 85.098061800000039, 27.858561100000031 ], [ 85.097922100000062, 27.858595700000023 ] ], [ [ 85.097922100000062, 27.858595700000023 ], [ 85.097948, 27.858423200000061 ], [ 85.097883300000035, 27.85830610000005 ], [ 85.097834, 27.858224300000074 ], [ 85.097818600000039, 27.858104500000024 ], [ 85.097819865000076, 27.858050513000023 ] ], [ [ 85.097922100000062, 27.858595700000023 ], [ 85.097138100000052, 27.858827100000042 ], [ 85.095842400000038, 27.859229900000059 ] ], [ [ 85.109317100000055, 27.858880600000077 ], [ 85.109619, 27.858799200000078 ], [ 85.109733800000072, 27.858782 ], [ 85.109947700000077, 27.858786 ], [ 85.110139200000049, 27.858817500000043 ], [ 85.110308500000031, 27.858876500000065 ], [ 85.110424400000056, 27.858998600000064 ], [ 85.110544600000082, 27.859120700000062 ], [ 85.110638200000039, 27.859207400000059 ], [ 85.110736200000076, 27.859345200000064 ], [ 85.110811900000044, 27.859467300000063 ], [ 85.110869900000068, 27.859593400000051 ], [ 85.110950100000082, 27.85971150000006 ], [ 85.110981600000059, 27.859734300000071 ] ], [ [ 85.109317100000055, 27.858880600000077 ], [ 85.108988300000078, 27.859063 ], [ 85.10869050000008, 27.859226600000056 ], [ 85.108569800000055, 27.85936890000005 ], [ 85.108551100000057, 27.859530100000029 ], [ 85.108529100000055, 27.859671300000059 ], [ 85.108416900000066, 27.859781500000054 ], [ 85.108374, 27.859806 ], [ 85.108382100000085, 27.859847900000034 ], [ 85.108666400000061, 27.860160900000039 ] ], [ [ 85.108556300000032, 27.859117400000059 ], [ 85.108316500000058, 27.859113800000046 ], [ 85.107979, 27.859300700000063 ] ], [ [ 85.095842400000038, 27.859229900000059 ], [ 85.095842400000038, 27.859141900000054 ], [ 85.095819600000084, 27.859029100000043 ], [ 85.095866200000046, 27.858906500000046 ], [ 85.095942766000064, 27.858813438000027 ] ], [ [ 85.095842400000038, 27.859229900000059 ], [ 85.095531200000039, 27.859339 ], [ 85.095253500000069, 27.859420900000032 ], [ 85.09488790000006, 27.859431500000028 ], [ 85.09428070000007, 27.85938770000007 ], [ 85.093707600000073, 27.859438900000043 ] ], [ [ 85.106534800000077, 27.859321 ], [ 85.106361200000038, 27.859530500000062 ], [ 85.106103001000065, 27.859719504000054 ] ], [ [ 85.093713707000063, 27.859340355000029 ], [ 85.093707600000073, 27.859438900000043 ] ], [ [ 85.093707600000073, 27.859438900000043 ], [ 85.093386800000076, 27.859521800000039 ] ], [ [ 85.111114860000043, 27.859469901000068 ], [ 85.11110350000007, 27.859506100000033 ], [ 85.111053900000059, 27.859571800000026 ], [ 85.110993800000074, 27.859634300000039 ], [ 85.110981600000059, 27.859734300000071 ] ], [ [ 85.093386800000076, 27.859521800000039 ], [ 85.092973800000038, 27.859538600000064 ], [ 85.092119300000036, 27.859383700000024 ], [ 85.091942700000061, 27.85932710000003 ], [ 85.091802900000062, 27.859273 ], [ 85.091451, 27.859136700000079 ], [ 85.091339400000038, 27.859027400000059 ], [ 85.091218100000049, 27.858947500000056 ], [ 85.091152500000078, 27.858825300000035 ], [ 85.091055700000084, 27.858708 ], [ 85.091048800000067, 27.858399300000031 ], [ 85.091115900000034, 27.858060700000067 ], [ 85.091107100000045, 27.857780900000023 ], [ 85.091057800000044, 27.857672100000059 ], [ 85.090993400000059, 27.857593800000075 ], [ 85.090877800000044, 27.85746290000003 ], [ 85.090784800000051, 27.857403800000043 ], [ 85.090731400000038, 27.857366400000046 ], [ 85.090702300000032, 27.857332 ] ], [ [ 85.093386800000076, 27.859521800000039 ], [ 85.093204900000046, 27.859619300000077 ], [ 85.092929500000082, 27.859657800000036 ], [ 85.092588300000045, 27.859751 ], [ 85.091992800000071, 27.859785600000066 ], [ 85.091660800000056, 27.859731600000032 ], [ 85.09147530000007, 27.859726100000046 ], [ 85.091286700000069, 27.859766800000045 ], [ 85.090845400000035, 27.859771600000045 ], [ 85.09034790000004, 27.859684400000049 ], [ 85.089973500000042, 27.859567200000072 ], [ 85.089734800000031, 27.859445100000073 ], [ 85.089564100000075, 27.85933 ], [ 85.089358200000049, 27.859131400000024 ] ], [ [ 85.110981600000059, 27.859734300000071 ], [ 85.111097100000052, 27.859817900000053 ], [ 85.111230700000078, 27.859959700000047 ], [ 85.11134, 27.860123400000077 ], [ 85.111503900000059, 27.860350100000062 ], [ 85.111705700000073, 27.860669600000051 ], [ 85.111899, 27.860981800000047 ], [ 85.111970400000075, 27.861096900000064 ], [ 85.112184823000064, 27.861382825000078 ] ], [ [ 85.135130276000041, 27.859985903000052 ], [ 85.134776778000059, 27.860219579000045 ] ], [ [ 85.110507300000052, 27.860059500000034 ], [ 85.110440200000085, 27.859959900000035 ], [ 85.11014, 27.859564300000045 ], [ 85.11, 27.859431900000061 ], [ 85.109845, 27.859309300000064 ], [ 85.109579300000064, 27.859118100000046 ], [ 85.109418300000073, 27.858980600000052 ], [ 85.109317100000055, 27.858880600000077 ] ], [ [ 85.110507300000052, 27.860059500000034 ], [ 85.110324200000036, 27.860189600000069 ], [ 85.109949, 27.860405700000058 ], [ 85.109790700000076, 27.86041780000005 ] ], [ [ 85.106588900000077, 27.860113500000068 ], [ 85.106503600000053, 27.860143400000027 ], [ 85.106495705000043, 27.860143600000072 ] ], [ [ 85.106588900000077, 27.860113500000068 ], [ 85.106533116000037, 27.860181118000071 ] ], [ [ 85.088817222000046, 27.860154436000073 ], [ 85.088924100000042, 27.860168100000067 ], [ 85.088990800000033, 27.860221400000057 ], [ 85.088958500000047, 27.860265100000049 ], [ 85.08893357900007, 27.860320246000072 ] ], [ [ 85.108666400000061, 27.860160900000039 ], [ 85.108516800000075, 27.860235600000067 ], [ 85.108403800000076, 27.860259800000051 ], [ 85.107799600000078, 27.860779300000047 ], [ 85.107644900000082, 27.860983900000065 ] ], [ [ 85.108666400000061, 27.860160900000039 ], [ 85.109124500000064, 27.86047 ], [ 85.109762700000033, 27.860957100000064 ], [ 85.110011800000052, 27.861126700000057 ], [ 85.110264, 27.861308700000052 ], [ 85.110537200000067, 27.861505700000066 ], [ 85.110663300000056, 27.861613400000067 ], [ 85.110755800000049, 27.861743500000046 ], [ 85.110902900000042, 27.861888400000055 ], [ 85.111096200000077, 27.861936700000058 ], [ 85.111308, 27.861997700000074 ] ], [ [ 85.099317, 27.860317400000042 ], [ 85.099451314000078, 27.860292094000044 ] ], [ [ 85.088899509000044, 27.860447568000041 ], [ 85.088896100000056, 27.860512400000061 ], [ 85.088992900000051, 27.860693100000049 ], [ 85.089145700000074, 27.860843400000078 ], [ 85.089061300000083, 27.860959700000024 ], [ 85.088931800000069, 27.861089400000026 ], [ 85.08884, 27.861262800000077 ], [ 85.08877190000004, 27.861408800000049 ], [ 85.088762600000052, 27.86151 ], [ 85.08877190000004, 27.861559300000067 ], [ 85.088834800000086, 27.861597600000039 ], [ 85.088933900000086, 27.861615 ], [ 85.088983400000075, 27.861652400000025 ], [ 85.089007200000083, 27.861748200000079 ], [ 85.089061600000036, 27.861905400000069 ], [ 85.089079600000048, 27.862007 ], [ 85.089094900000077, 27.862322800000072 ], [ 85.089096655000048, 27.862424655000041 ] ], [ [ 85.107511600000066, 27.860769300000072 ], [ 85.107178800000042, 27.860480400000029 ], [ 85.106849600000032, 27.860195600000054 ], [ 85.106728600000054, 27.860081600000058 ], [ 85.106648800000073, 27.860087800000031 ], [ 85.106588900000077, 27.860113500000068 ] ], [ [ 85.107511600000066, 27.860769300000072 ], [ 85.107308766000074, 27.86095335300007 ] ], [ [ 85.107644900000082, 27.860983900000065 ], [ 85.107511600000066, 27.860769300000072 ] ], [ [ 85.107644900000082, 27.860983900000065 ], [ 85.107919800000047, 27.861333300000069 ], [ 85.108069800000067, 27.861598600000036 ], [ 85.108036300000037, 27.86197020000003 ], [ 85.108034583000062, 27.862111216000073 ] ], [ [ 85.066879441000083, 27.861066158000028 ], [ 85.066882700000065, 27.861021400000027 ], [ 85.066975100000036, 27.861032300000034 ], [ 85.067132300000083, 27.86126930000006 ], [ 85.067243200000064, 27.861484500000074 ], [ 85.067342144000065, 27.861682021000036 ] ], [ [ 85.112515083000062, 27.861924260000023 ], [ 85.11256730000008, 27.862018500000033 ], [ 85.112609300000031, 27.862267400000064 ], [ 85.11257130000007, 27.862430800000027 ] ], [ [ 85.111308, 27.861997700000074 ], [ 85.111457700000074, 27.862040800000045 ], [ 85.111948900000073, 27.862234300000068 ], [ 85.112411200000054, 27.862477300000023 ], [ 85.112534800000049, 27.862513500000034 ], [ 85.11257130000007, 27.862430800000027 ] ], [ [ 85.11257130000007, 27.862430800000027 ], [ 85.112544400000047, 27.862402300000042 ], [ 85.112525700000049, 27.86238220000007 ], [ 85.112194600000066, 27.862042900000063 ], [ 85.111330700000053, 27.861197700000048 ], [ 85.111153700000045, 27.860986700000069 ], [ 85.110507300000052, 27.860059500000034 ] ], [ [ 85.112879475000057, 27.862617158000035 ], [ 85.11257130000007, 27.862430800000027 ] ], [ [ 85.090552581000054, 27.863256372000023 ], [ 85.090667791000044, 27.86330269900003 ] ], [ [ 85.113020197000083, 27.86392704800005 ], [ 85.112806300000045, 27.863721700000042 ], [ 85.112709600000073, 27.863626200000056 ], [ 85.112675100000047, 27.863511600000038 ], [ 85.11212990000007, 27.863028500000041 ], [ 85.111716100000081, 27.862618100000077 ], [ 85.111292100000071, 27.862227300000029 ], [ 85.111308, 27.861997700000074 ] ], [ [ 85.113388400000076, 27.864137851000066 ], [ 85.113486078000051, 27.864065924000045 ] ], [ [ 85.113255008000067, 27.864191644000073 ], [ 85.113088700000048, 27.864371400000039 ] ], [ [ 85.137412550000079, 27.864294081000025 ], [ 85.137374600000044, 27.864216800000065 ], [ 85.137215800000035, 27.86415420000003 ], [ 85.137206238000033, 27.864173769000047 ] ], [ [ 85.113088700000048, 27.864371400000039 ], [ 85.112931700000047, 27.864396500000055 ], [ 85.112837100000036, 27.86454770000006 ], [ 85.112804400000073, 27.864718200000027 ] ], [ [ 85.113088700000048, 27.864371400000039 ], [ 85.113081400000056, 27.864393800000073 ], [ 85.113028300000053, 27.864719200000025 ], [ 85.11305660000005, 27.864878800000042 ], [ 85.11302470000004, 27.86498830000005 ], [ 85.11315570000005, 27.865126 ], [ 85.113088400000038, 27.865260500000034 ], [ 85.113162800000055, 27.86548270000003 ], [ 85.113262, 27.865705600000069 ], [ 85.113388100000066, 27.866141900000059 ], [ 85.113498, 27.866400300000066 ], [ 85.113586600000076, 27.866836600000056 ], [ 85.113750200000084, 27.867088 ], [ 85.113994200000036, 27.867270500000075 ], [ 85.114258900000038, 27.867423 ], [ 85.114554800000064, 27.867706800000065 ], [ 85.114807, 27.86779690000003 ], [ 85.114916900000082, 27.867979500000047 ], [ 85.114911600000084, 27.868245100000024 ], [ 85.114919600000064, 27.868382600000075 ], [ 85.114841800000079, 27.868541500000049 ], [ 85.114890100000082, 27.868754900000056 ], [ 85.115118100000075, 27.868965900000035 ] ], [ [ 85.113562739000031, 27.864855155000043 ], [ 85.113552, 27.864839 ], [ 85.113464900000054, 27.864670300000057 ], [ 85.113290194000058, 27.864212786000053 ] ], [ [ 85.114000752000038, 27.865514081000072 ], [ 85.11365489800005, 27.864993795000032 ] ], [ [ 85.29067739900006, 27.866361612000048 ], [ 85.290783300000044, 27.866254500000025 ], [ 85.290898600000048, 27.866171500000064 ], [ 85.290989600000046, 27.866082900000038 ], [ 85.291311658000041, 27.865853255000047 ] ], [ [ 85.280649297000082, 27.869440419000057 ], [ 85.280652200000077, 27.869441400000028 ], [ 85.280806900000073, 27.869424800000047 ] ], [ [ 85.282467663000034, 27.869601225000054 ], [ 85.282480590000034, 27.869212698000069 ] ], [ [ 85.117059200000085, 27.86960810000005 ], [ 85.116970900000069, 27.869532200000037 ], [ 85.116834200000085, 27.869476100000043 ], [ 85.116670700000043, 27.869473200000073 ], [ 85.116470600000071, 27.869489400000077 ], [ 85.116463900000042, 27.86952180000003 ], [ 85.116497200000083, 27.869555800000057 ], [ 85.116672400000084, 27.869625100000064 ], [ 85.116820800000085, 27.869644200000039 ], [ 85.116931333000082, 27.869693955000059 ] ], [ [ 85.117059200000085, 27.86960810000005 ], [ 85.117220200000077, 27.869605 ], [ 85.117729700000041, 27.869695600000057 ], [ 85.117745368000044, 27.869691080000052 ] ], [ [ 85.116931333000082, 27.869693955000059 ], [ 85.11696, 27.869664 ], [ 85.117059200000085, 27.86960810000005 ] ], [ [ 85.116931333000082, 27.869693955000059 ], [ 85.117004300000076, 27.869726800000024 ], [ 85.117161800000076, 27.869771400000047 ], [ 85.11743290000004, 27.869782 ], [ 85.11779080000008, 27.869902400000058 ], [ 85.118176300000073, 27.870053400000074 ], [ 85.118350200000066, 27.870135800000071 ], [ 85.118537300000071, 27.87018050000006 ], [ 85.11881580000005, 27.870414 ], [ 85.119028800000081, 27.870524400000079 ], [ 85.119192600000076, 27.870652800000073 ], [ 85.119336, 27.870856400000037 ], [ 85.119512400000076, 27.871113700000024 ], [ 85.119632800000034, 27.871219600000074 ], [ 85.119759320000071, 27.871286378000036 ] ], [ [ 85.281152172000077, 27.869752584000025 ], [ 85.28098280200004, 27.869362960000046 ] ], [ [ 85.144620425000085, 27.87031173500003 ], [ 85.144642791000081, 27.870351257000038 ] ], [ [ 85.281511109000064, 27.870364300000062 ], [ 85.28130340000007, 27.870091700000046 ], [ 85.281277790000047, 27.870036801000026 ] ], [ [ 85.117841600000077, 27.870717100000036 ], [ 85.117979600000069, 27.870814 ], [ 85.118252100000063, 27.870939200000066 ], [ 85.118517600000075, 27.871051800000032 ], [ 85.118691, 27.871126900000036 ], [ 85.118754700000068, 27.87113 ], [ 85.118928100000062, 27.871167600000035 ], [ 85.119207700000061, 27.871277100000043 ], [ 85.119462500000054, 27.871518 ], [ 85.119632400000057, 27.871633700000075 ], [ 85.119711600000073, 27.871681800000033 ], [ 85.119801400000085, 27.871766700000023 ], [ 85.120024400000034, 27.871896200000037 ], [ 85.120122600000059, 27.871974 ], [ 85.120692600000041, 27.87232240000003 ], [ 85.12097760000006, 27.872432300000071 ], [ 85.12129230000005, 27.872558900000058 ], [ 85.12159760000003, 27.872699700000055 ], [ 85.121668, 27.872721500000068 ], [ 85.121756, 27.872733 ], [ 85.121862200000066, 27.872729100000072 ], [ 85.12194530000005, 27.872737200000074 ], [ 85.122042300000032, 27.872769900000037 ], [ 85.122084400000062, 27.872761500000024 ], [ 85.122108400000059, 27.872729800000059 ], [ 85.122100200000034, 27.872692700000073 ], [ 85.122039900000061, 27.872654700000055 ], [ 85.121961500000054, 27.872618300000056 ], [ 85.121715300000062, 27.872449 ], [ 85.121454200000073, 27.872304700000029 ], [ 85.121378500000048, 27.872244400000056 ], [ 85.12135180000007, 27.872183900000039 ] ], [ [ 85.120479467000052, 27.871684835000053 ], [ 85.120558600000038, 27.871724300000039 ], [ 85.120773900000074, 27.871833700000025 ] ], [ [ 85.120773900000074, 27.871833700000025 ], [ 85.120716134000077, 27.871741616000065 ] ], [ [ 85.121212822000075, 27.871921567000072 ], [ 85.12123020000007, 27.871966300000054 ], [ 85.121228, 27.872044500000072 ] ], [ [ 85.121228, 27.872044500000072 ], [ 85.121095300000036, 27.871960500000057 ], [ 85.120773900000074, 27.871833700000025 ] ], [ [ 85.12135180000007, 27.872183900000039 ], [ 85.121276600000044, 27.872111 ], [ 85.121228, 27.872044500000072 ] ], [ [ 85.12135180000007, 27.872183900000039 ], [ 85.121373900000037, 27.872138300000074 ], [ 85.121431400000063, 27.872118800000067 ], [ 85.12152640000005, 27.872122900000079 ], [ 85.121771500000079, 27.872161700000049 ], [ 85.121852362000084, 27.87217137600004 ] ], [ [ 85.115552990000083, 27.872739445000036 ], [ 85.115465800000038, 27.872611500000062 ], [ 85.115323900000078, 27.872315800000024 ], [ 85.115150300000039, 27.872053700000038 ], [ 85.115008400000079, 27.871917 ], [ 85.114896100000067, 27.871772900000053 ], [ 85.114815700000065, 27.87161 ], [ 85.114775400000042, 27.871492100000069 ], [ 85.114796600000034, 27.871428500000036 ], [ 85.114904600000045, 27.871379800000057 ], [ 85.115421300000037, 27.871203800000046 ], [ 85.115747300000066, 27.870932 ], [ 85.115904200000045, 27.870767900000033 ], [ 85.116468300000065, 27.870177800000079 ], [ 85.116931333000082, 27.869693955000059 ] ], [ [ 85.143688642000086, 27.873551211000063 ], [ 85.143683, 27.87355830000007 ], [ 85.143685798000035, 27.873580820000029 ] ], [ [ 85.117938787000071, 27.873907648000056 ], [ 85.117978700000037, 27.873912300000029 ], [ 85.118136800000059, 27.873975700000074 ], [ 85.11828164800005, 27.874133752000034 ] ], [ [ 85.143976938000037, 27.874387333000072 ], [ 85.144020500000067, 27.874447700000076 ], [ 85.144122100000061, 27.874543 ], [ 85.144189200000085, 27.874636400000043 ], [ 85.144223700000055, 27.874695700000075 ] ], [ [ 85.148712042000056, 27.874686330000031 ], [ 85.14875948200006, 27.875482802000079 ] ], [ [ 85.127748871000051, 27.874925701000052 ], [ 85.127575400000069, 27.874990300000036 ], [ 85.127406300000075, 27.875018500000067 ], [ 85.127224500000068, 27.875162300000056 ], [ 85.127077800000052, 27.875314600000024 ], [ 85.126892800000064, 27.875435800000048 ], [ 85.126862200000062, 27.875505800000042 ], [ 85.126822600000082, 27.875596500000029 ], [ 85.126841700000057, 27.875748800000054 ], [ 85.12701080000005, 27.876109700000029 ], [ 85.127004400000033, 27.876386 ], [ 85.126768500000082, 27.876470700000027 ], [ 85.127137900000037, 27.877886200000034 ], [ 85.127325300000052, 27.880312700000047 ] ], [ [ 85.121696326000063, 27.876090446000035 ], [ 85.121640700000057, 27.876063200000033 ], [ 85.121559300000058, 27.876066300000048 ], [ 85.121460200000058, 27.87600690000005 ], [ 85.12138310000006, 27.875933 ], [ 85.121375200000045, 27.875925500000051 ], [ 85.121329200000048, 27.875894200000062 ], [ 85.121233154000038, 27.87603972200003 ] ], [ [ 85.27119040000008, 27.877297700000042 ], [ 85.270670047000067, 27.877902564000067 ] ], [ [ 85.124157439000044, 27.877343309000025 ], [ 85.124167900000032, 27.877335600000038 ], [ 85.124613100000033, 27.877136500000063 ], [ 85.125047500000051, 27.876875700000028 ], [ 85.125149400000055, 27.876799800000072 ], [ 85.125208400000076, 27.876709800000071 ], [ 85.125219100000038, 27.876553300000069 ], [ 85.125187, 27.87643950000006 ], [ 85.125106500000072, 27.876273500000025 ], [ 85.124977800000067, 27.876064900000074 ], [ 85.124865200000045, 27.875932200000079 ], [ 85.124656, 27.875785200000053 ], [ 85.124500500000067, 27.875647700000059 ], [ 85.124527300000068, 27.87553390000005 ], [ 85.12502070000005, 27.875130900000045 ] ], [ [ 85.12677670000005, 27.879610500000069 ], [ 85.12676010000007, 27.879498600000034 ], [ 85.126529500000061, 27.878583500000047 ], [ 85.126363200000071, 27.87846490000004 ] ], [ [ 85.12677670000005, 27.879610500000069 ], [ 85.126674300000047, 27.879565 ], [ 85.126556300000061, 27.879640900000027 ], [ 85.126577700000041, 27.88016250000004 ], [ 85.126626, 27.880409 ] ], [ [ 85.127325300000052, 27.880312700000047 ], [ 85.127380900000048, 27.880204800000058 ], [ 85.12780470000007, 27.879986600000052 ], [ 85.127890500000035, 27.879782700000078 ], [ 85.127954900000077, 27.879171 ], [ 85.128013900000042, 27.878602 ], [ 85.128115373000071, 27.878485396000031 ] ], [ [ 85.127325300000052, 27.880312700000047 ], [ 85.127426600000035, 27.881047600000045 ] ], [ [ 85.186820070000067, 27.880847132000042 ], [ 85.186784, 27.880722700000035 ], [ 85.186860600000045, 27.88053240000005 ], [ 85.186679113000082, 27.880574043000024 ] ], [ [ 85.127426600000035, 27.881047600000045 ], [ 85.127135600000031, 27.880793100000062 ], [ 85.126862100000039, 27.880186200000026 ], [ 85.12677670000005, 27.879610500000069 ] ], [ [ 85.127426600000035, 27.881047600000045 ], [ 85.127552600000058, 27.881202600000051 ], [ 85.12787, 27.881419100000073 ], [ 85.128010200000062, 27.881634100000042 ], [ 85.128096, 27.881691700000033 ], [ 85.128205, 27.881765 ], [ 85.128394900000046, 27.881981900000028 ], [ 85.128592300000037, 27.882103800000039 ], [ 85.128858600000058, 27.882218800000032 ], [ 85.129270900000051, 27.88264950000007 ], [ 85.129491900000062, 27.882902300000069 ], [ 85.129859100000033, 27.883171100000027 ], [ 85.130297400000075, 27.883358300000054 ], [ 85.131756600000074, 27.884217400000068 ], [ 85.131859600000041, 27.884221100000047 ] ], [ [ 85.153484890000072, 27.881533987000068 ], [ 85.153512300000045, 27.881524100000036 ] ], [ [ 85.181552331000034, 27.88177018500005 ], [ 85.181593600000042, 27.881831600000055 ], [ 85.181833, 27.882080300000041 ], [ 85.182053900000085, 27.882165200000031 ], [ 85.182246, 27.882233100000064 ], [ 85.182658600000082, 27.882442900000058 ], [ 85.182834600000035, 27.882639700000027 ], [ 85.182916, 27.882782700000064 ] ], [ [ 85.200120102000085, 27.883159888000023 ], [ 85.200319344000036, 27.883332804000077 ] ], [ [ 85.199173733000066, 27.88367170500004 ], [ 85.199211, 27.883568700000069 ], [ 85.199297, 27.883467900000028 ], [ 85.199387681000076, 27.88333435800007 ] ], [ [ 85.131859600000041, 27.884221100000047 ], [ 85.131934500000057, 27.884193300000049 ], [ 85.132244583000045, 27.883979804000035 ] ], [ [ 85.131859600000041, 27.884221100000047 ], [ 85.131998200000055, 27.88430580000005 ], [ 85.132268500000066, 27.88456560000003 ], [ 85.132369400000073, 27.884679400000039 ], [ 85.132496, 27.884817800000064 ], [ 85.132631100000083, 27.884935400000074 ], [ 85.132772800000055, 27.88502260000007 ], [ 85.132841400000075, 27.885064400000033 ], [ 85.132963700000062, 27.885142100000053 ], [ 85.133146100000033, 27.885235 ] ], [ [ 85.169953171000031, 27.888751768000077 ], [ 85.169999500000074, 27.888800700000047 ] ], [ [ 85.169903700000077, 27.889144200000032 ], [ 85.169801200000052, 27.889083500000027 ], [ 85.169694, 27.889038700000071 ], [ 85.169664599000043, 27.889016808000065 ] ], [ [ 85.17014290000003, 27.889382800000078 ], [ 85.170078200000034, 27.889312700000062 ], [ 85.169963800000062, 27.88922610000003 ] ], [ [ 85.17014290000003, 27.889382800000078 ], [ 85.170156, 27.889267100000041 ], [ 85.170247700000061, 27.889110800000026 ], [ 85.170535900000061, 27.888896600000066 ], [ 85.170669100000055, 27.88881740000005 ], [ 85.170955675000073, 27.888675212000066 ] ], [ [ 85.138471692000053, 27.889582703000031 ], [ 85.13841750000006, 27.889480400000025 ], [ 85.138296100000048, 27.889166700000033 ], [ 85.138137300000039, 27.88894380000005 ] ], [ [ 85.170257500000048, 27.889656600000023 ], [ 85.17014290000003, 27.889382800000078 ] ], [ [ 85.135121900000058, 27.889810800000078 ], [ 85.134939600000052, 27.889737300000036 ], [ 85.134818857000084, 27.889671565000071 ] ], [ [ 85.135121900000058, 27.889810800000078 ], [ 85.135194400000046, 27.889704100000074 ], [ 85.135189, 27.889457500000049 ] ], [ [ 85.165502721000053, 27.890552684000056 ], [ 85.165455800000075, 27.890531700000054 ], [ 85.165247400000055, 27.890459700000065 ], [ 85.165094500000066, 27.890380800000059 ], [ 85.164913900000045, 27.890358 ], [ 85.164745100000061, 27.890347500000075 ], [ 85.164489100000083, 27.890263200000049 ], [ 85.16418340000007, 27.890149200000053 ], [ 85.164012600000035, 27.890159700000027 ], [ 85.163738700000067, 27.890215900000044 ], [ 85.163514400000054, 27.890284300000076 ], [ 85.163385300000073, 27.89032990000004 ], [ 85.16321860000005, 27.890352700000051 ], [ 85.163047900000038, 27.89040360000007 ], [ 85.162831500000038, 27.890444 ], [ 85.162414600000034, 27.890480800000034 ] ], [ [ 85.136331900000073, 27.890629500000045 ], [ 85.13619680000005, 27.890524300000038 ], [ 85.136094900000046, 27.890375600000027 ], [ 85.13599030000006, 27.890296800000044 ], [ 85.13580520000005, 27.890238100000033 ], [ 85.13559470000007, 27.890196 ], [ 85.135484700000063, 27.890114200000028 ], [ 85.135298300000045, 27.89000690000006 ], [ 85.135121900000058, 27.889810800000078 ] ], [ [ 85.136331900000073, 27.890629500000045 ], [ 85.136334800000043, 27.89061920000006 ], [ 85.136412700000051, 27.890230400000064 ], [ 85.136467200000084, 27.889896300000032 ], [ 85.136411700000053, 27.889624 ], [ 85.136263800000052, 27.889460600000064 ], [ 85.136066600000049, 27.889291700000058 ], [ 85.135746200000085, 27.889155600000038 ], [ 85.135512, 27.889003100000025 ], [ 85.134349800000052, 27.888393400000041 ] ], [ [ 85.136193, 27.890882800000043 ], [ 85.136207900000045, 27.890872 ], [ 85.136300500000061, 27.890804500000058 ], [ 85.136331900000073, 27.890629500000045 ] ], [ [ 85.136193, 27.890882800000043 ], [ 85.136079500000051, 27.89081120000003 ], [ 85.13593730000008, 27.890832500000045 ], [ 85.13566110000005, 27.891036400000075 ], [ 85.135443800000075, 27.89110990000006 ], [ 85.13534968700003, 27.891087782000056 ] ], [ [ 85.170787184000062, 27.890890210000066 ], [ 85.170758800000044, 27.89083370000003 ], [ 85.17063840000003, 27.89052810000004 ], [ 85.170456200000046, 27.889971400000036 ] ], [ [ 85.135265418000074, 27.891556328000036 ], [ 85.135351900000046, 27.891733600000066 ], [ 85.135360884000079, 27.892021756000076 ] ], [ [ 85.232283624000047, 27.891595946000052 ], [ 85.232270600000049, 27.891608800000029 ], [ 85.232246331000056, 27.891601296000033 ] ], [ [ 85.137348300000042, 27.891660900000034 ], [ 85.137514700000054, 27.891513900000064 ], [ 85.137822800000038, 27.891404900000055 ], [ 85.13807550000007, 27.891105400000072 ], [ 85.138204200000075, 27.890925200000027 ], [ 85.138327600000082, 27.89047 ], [ 85.138349638000079, 27.890414684000064 ] ], [ [ 85.137348300000042, 27.891660900000034 ], [ 85.137681100000066, 27.891780700000027 ], [ 85.138229500000079, 27.892145600000049 ] ], [ [ 85.136999400000036, 27.892475300000058 ], [ 85.136884100000032, 27.892431200000033 ], [ 85.135895300000072, 27.892215 ], [ 85.135789800000055, 27.89219090000006 ], [ 85.135789800000055, 27.892053400000066 ], [ 85.135996300000045, 27.891406200000063 ], [ 85.136193, 27.890882800000043 ] ], [ [ 85.136999400000036, 27.892475300000058 ], [ 85.137348300000042, 27.891660900000034 ] ], [ [ 85.171277275000079, 27.89274924800003 ], [ 85.171267400000033, 27.892730300000039 ], [ 85.171142337000049, 27.892648958000052 ] ], [ [ 85.135542402000056, 27.892846912000039 ], [ 85.135465, 27.893629 ], [ 85.135454496000079, 27.893653079000046 ] ], [ [ 85.168212658000073, 27.892965405000041 ], [ 85.16819490000006, 27.893059600000072 ], [ 85.168157300000075, 27.893095200000062 ], [ 85.168108200000063, 27.89314470000005 ], [ 85.168068600000083, 27.893198300000051 ], [ 85.168070900000032, 27.893252 ], [ 85.168075033000036, 27.893268037000041 ] ], [ [ 85.171630917000073, 27.893694173000029 ], [ 85.171646800000076, 27.893675100000053 ], [ 85.171604, 27.893462100000079 ], [ 85.171510200000057, 27.893362700000068 ], [ 85.171441, 27.893243 ], [ 85.171442300000081, 27.893153200000029 ], [ 85.171420377000061, 27.893076589000032 ] ], [ [ 85.171703362000073, 27.893749720000073 ], [ 85.172247201000062, 27.892511825000042 ] ], [ [ 85.232049463000067, 27.895341869000049 ], [ 85.232348909000052, 27.896052165000071 ] ], [ [ 85.136774800000069, 27.895568400000059 ], [ 85.136774100000082, 27.895509600000025 ], [ 85.136661500000059, 27.894947900000034 ], [ 85.136621300000058, 27.894623100000047 ], [ 85.136626700000079, 27.894421600000044 ], [ 85.13669370000008, 27.894149 ], [ 85.13679030000003, 27.893871600000068 ], [ 85.136889500000052, 27.893471 ], [ 85.136999500000059, 27.893049100000042 ], [ 85.137020900000039, 27.892845200000068 ], [ 85.137020900000039, 27.892693500000064 ], [ 85.136994100000038, 27.892567800000052 ], [ 85.136999400000036, 27.892475300000058 ] ], [ [ 85.136774800000069, 27.895568400000059 ], [ 85.137131900000043, 27.895506300000079 ], [ 85.137370800000042, 27.895448300000055 ], [ 85.137441600000045, 27.89520820000007 ], [ 85.137565400000085, 27.895056900000043 ], [ 85.13770640000007, 27.894949900000029 ], [ 85.137833700000044, 27.894907600000067 ], [ 85.137953800000048, 27.894932100000062 ], [ 85.138737400000082, 27.895099100000039 ], [ 85.138872023000033, 27.89513953200003 ] ], [ [ 85.232782787000076, 27.895947698000043 ], [ 85.232501378000052, 27.895130828000049 ] ], [ [ 85.136960100000067, 27.896158200000059 ], [ 85.136695400000065, 27.896044300000028 ], [ 85.136534100000063, 27.895897600000069 ], [ 85.136437300000068, 27.895730600000036 ], [ 85.136368200000049, 27.895421 ], [ 85.136317500000075, 27.895278400000052 ], [ 85.136280600000077, 27.895254 ] ], [ [ 85.136960100000067, 27.896158200000059 ], [ 85.136924300000032, 27.896073800000067 ], [ 85.136774800000069, 27.895568400000059 ] ], [ [ 85.137527900000066, 27.896488700000077 ], [ 85.137391100000059, 27.896479300000067 ], [ 85.137181800000064, 27.896453100000031 ], [ 85.137085300000081, 27.896383200000059 ], [ 85.137004800000057, 27.896263400000066 ], [ 85.136960100000067, 27.896158200000059 ] ], [ [ 85.137527900000066, 27.896488700000077 ], [ 85.137472200000047, 27.896582 ], [ 85.137464500000078, 27.896663600000068 ], [ 85.137438800000041, 27.896763300000032 ], [ 85.137461900000062, 27.896878900000047 ], [ 85.137510600000041, 27.896974100000023 ], [ 85.137590100000068, 27.897058 ], [ 85.137620900000059, 27.897146400000054 ], [ 85.137636300000054, 27.89723250000003 ], [ 85.137597800000037, 27.897282400000051 ], [ 85.137505500000032, 27.897370800000033 ], [ 85.137408, 27.897427400000026 ], [ 85.13728750000007, 27.897511300000076 ], [ 85.13725160000007, 27.897588400000075 ], [ 85.137241300000085, 27.897815 ], [ 85.137267, 27.897989600000074 ], [ 85.13728750000007, 27.898150500000042 ], [ 85.13733110000004, 27.898345400000039 ], [ 85.137420900000052, 27.898603800000046 ], [ 85.137464500000078, 27.898780600000066 ], [ 85.137518300000067, 27.898998200000051 ], [ 85.137569600000063, 27.899084400000049 ] ], [ [ 85.138253703000032, 27.896510223000064 ], [ 85.137841700000081, 27.896503 ], [ 85.137611, 27.896498200000053 ], [ 85.137527900000066, 27.896488700000077 ] ], [ [ 85.200996200000077, 27.897603 ], [ 85.204946601000074, 27.897123987000043 ] ], [ [ 85.207001775000037, 27.897870106000028 ], [ 85.206859077000047, 27.898498403000076 ] ], [ [ 85.207556211000053, 27.898610750000046 ], [ 85.207636115000071, 27.897949311000048 ] ], [ [ 85.137569600000063, 27.899084400000049 ], [ 85.137728600000059, 27.899079800000038 ], [ 85.137890200000072, 27.899077600000055 ], [ 85.13806720000008, 27.899045800000067 ], [ 85.138246700000082, 27.899039 ], [ 85.138387800000032, 27.898966500000029 ], [ 85.138444200000038, 27.898973300000023 ], [ 85.13851040000003, 27.898696900000061 ], [ 85.138588200000072, 27.898574900000028 ], [ 85.138589652000064, 27.898572619000049 ] ], [ [ 85.137569600000063, 27.899084400000049 ], [ 85.137585, 27.899159200000042 ], [ 85.137615800000049, 27.899263400000052 ], [ 85.137610700000039, 27.899354100000039 ], [ 85.137636300000054, 27.899501400000077 ], [ 85.137690200000065, 27.899626100000035 ], [ 85.137823500000081, 27.899864100000059 ], [ 85.137869700000067, 27.899938900000052 ], [ 85.137936400000058, 27.900029600000039 ], [ 85.138008200000058, 27.900077200000055 ], [ 85.138082600000075, 27.900108900000077 ], [ 85.13818770000006, 27.900158800000042 ], [ 85.13826720000003, 27.900167800000077 ], [ 85.138387800000032, 27.900210900000047 ], [ 85.138449300000048, 27.900247100000058 ], [ 85.138485200000048, 27.900303800000074 ], [ 85.138521100000048, 27.900399 ], [ 85.13856990000005, 27.900494200000026 ], [ 85.138631400000065, 27.900553100000025 ], [ 85.138776500000063, 27.900639500000068 ], [ 85.138907600000039, 27.900634300000036 ], [ 85.139169600000059, 27.900615800000026 ], [ 85.139208300000064, 27.900632 ] ], [ [ 85.210218600000076, 27.900378100000069 ], [ 85.210091328000033, 27.900410213000043 ] ], [ [ 85.210039304000077, 27.900423340000032 ], [ 85.20998878100005, 27.900436088000049 ] ], [ [ 85.139208300000064, 27.900632 ], [ 85.139186300000063, 27.900608 ], [ 85.139015720000032, 27.900167913000075 ] ], [ [ 85.139208300000064, 27.900632 ], [ 85.139218224000047, 27.900359381000044 ] ], [ [ 85.139208300000064, 27.900632 ], [ 85.139288800000031, 27.90066580000007 ], [ 85.139381100000037, 27.900739500000043 ], [ 85.139556800000037, 27.900729 ], [ 85.139686585000049, 27.900716215000045 ] ], [ [ 85.191304639000066, 27.901576042000045 ], [ 85.191256, 27.901233900000079 ], [ 85.191192700000045, 27.900788200000079 ], [ 85.191146461000073, 27.900462580000067 ] ], [ [ 85.137764901000082, 27.903637875000072 ], [ 85.137784500000066, 27.903635400000041 ], [ 85.137868, 27.903715300000044 ], [ 85.137875, 27.903783 ], [ 85.137895800000081, 27.903862900000036 ], [ 85.137951500000042, 27.903924400000051 ], [ 85.138035, 27.903924400000051 ], [ 85.138118500000076, 27.903832200000068 ], [ 85.138188100000036, 27.903752200000042 ], [ 85.138299400000051, 27.903653800000029 ], [ 85.13842470000003, 27.903573900000026 ], [ 85.13855, 27.903573900000026 ], [ 85.13871, 27.903543200000058 ], [ 85.138863100000037, 27.903537 ], [ 85.139009200000032, 27.903561600000046 ], [ 85.139099700000031, 27.903690700000027 ], [ 85.13915540000005, 27.90381990000003 ], [ 85.139218, 27.903961300000049 ], [ 85.139301500000045, 27.904041300000074 ], [ 85.139405900000042, 27.904047400000024 ], [ 85.139482400000077, 27.903979800000059 ], [ 85.139579800000035, 27.903856800000028 ], [ 85.139656400000035, 27.903758400000072 ], [ 85.139816400000086, 27.903623100000061 ], [ 85.140011300000083, 27.903518600000041 ], [ 85.140101700000059, 27.903444800000045 ], [ 85.14021310000004, 27.903340200000059 ], [ 85.140289600000074, 27.903254100000026 ], [ 85.140359200000034, 27.903161900000043 ], [ 85.140366200000074, 27.903081900000075 ], [ 85.140317500000037, 27.902934300000027 ], [ 85.140261800000076, 27.902805200000046 ], [ 85.14021310000004, 27.902651500000047 ], [ 85.140164, 27.902456400000062 ], [ 85.139827500000081, 27.902092900000071 ], [ 85.139170500000034, 27.901739300000031 ], [ 85.13848820000004, 27.901408100000026 ], [ 85.138349300000073, 27.901289 ], [ 85.138332400000081, 27.901155 ], [ 85.138252400000056, 27.901140100000077 ], [ 85.137940700000058, 27.901102900000069 ], [ 85.137624900000048, 27.901035900000068 ] ], [ [ 85.228984763000085, 27.903874249000069 ], [ 85.228621100000055, 27.903974600000026 ], [ 85.228014900000062, 27.904121500000031 ], [ 85.228044400000044, 27.904209200000025 ], [ 85.228414500000042, 27.904339600000071 ], [ 85.228714900000057, 27.904398900000047 ], [ 85.229138700000078, 27.904370400000062 ], [ 85.229380100000071, 27.904486600000041 ], [ 85.229664400000047, 27.904515 ], [ 85.229964800000062, 27.904491300000075 ], [ 85.230546900000036, 27.904351500000075 ], [ 85.23121210000005, 27.904332500000066 ], [ 85.231609, 27.904323 ], [ 85.231673400000034, 27.904228200000034 ], [ 85.231694900000036, 27.904095500000039 ], [ 85.231874600000083, 27.903661700000043 ], [ 85.231933115000061, 27.903511807000029 ] ], [ [ 85.226825056000052, 27.904480295000042 ], [ 85.226845500000081, 27.904482100000052 ], [ 85.227029500000071, 27.904507200000069 ], [ 85.227072, 27.90458220000005 ], [ 85.227042079000057, 27.90458880400007 ] ], [ [ 85.136812794000036, 27.907842063000032 ], [ 85.136999900000035, 27.907885600000043 ], [ 85.137170500000082, 27.907968500000038 ], [ 85.137292700000046, 27.90795090000006 ], [ 85.137415, 27.908038800000043 ], [ 85.137373600000046, 27.907864300000028 ] ], [ [ 85.137373600000046, 27.907864300000028 ], [ 85.13771440000005, 27.907999600000039 ], [ 85.137707800000044, 27.907912100000033 ], [ 85.137666200000069, 27.907824600000026 ], [ 85.137715900000046, 27.907632500000034 ], [ 85.13779530000005, 27.907308 ], [ 85.137945500000058, 27.90684 ], [ 85.137867700000072, 27.906579200000067 ], [ 85.137839376000045, 27.90652973300007 ] ], [ [ 85.136988834000078, 27.908666352000068 ], [ 85.13711150000006, 27.908722700000055 ], [ 85.137302, 27.908761900000059 ], [ 85.137657800000056, 27.908858900000041 ], [ 85.137841, 27.908951700000046 ], [ 85.137984900000049, 27.909029400000065 ] ], [ [ 85.13945840000008, 27.908837400000039 ], [ 85.139484700000082, 27.908613400000036 ], [ 85.139473700000053, 27.908466600000054 ], [ 85.139421300000038, 27.908358500000077 ], [ 85.139408200000048, 27.908256200000039 ], [ 85.139489, 27.908090200000061 ], [ 85.139499900000033, 27.907895300000064 ], [ 85.139592200000038, 27.907690800000069 ], [ 85.139676300000076, 27.907512500000053 ] ], [ [ 85.13945840000008, 27.908837400000039 ], [ 85.139693400000056, 27.908465300000046 ], [ 85.139714600000048, 27.908402800000033 ] ], [ [ 85.137984900000049, 27.909029400000065 ], [ 85.138048200000071, 27.908851300000038 ], [ 85.138073700000064, 27.908777100000066 ], [ 85.138056400000039, 27.908726300000069 ], [ 85.137586800000065, 27.908387900000037 ], [ 85.137577800000031, 27.908330400000068 ], [ 85.137373600000046, 27.907864300000028 ] ], [ [ 85.137984900000049, 27.909029400000065 ], [ 85.137941400000045, 27.909139400000072 ], [ 85.137934800000039, 27.909265900000037 ], [ 85.137646400000051, 27.909666700000059 ], [ 85.137280900000064, 27.910028600000032 ], [ 85.137170800000035, 27.910614200000055 ], [ 85.136990200000071, 27.911094800000058 ], [ 85.136748, 27.911439200000075 ], [ 85.136492600000054, 27.911647400000049 ], [ 85.136074300000075, 27.912067700000023 ] ], [ [ 85.138152500000047, 27.909143700000072 ], [ 85.137984900000049, 27.909029400000065 ] ], [ [ 85.138152500000047, 27.909143700000072 ], [ 85.139054500000043, 27.90968730000003 ], [ 85.139061500000082, 27.909733 ] ], [ [ 85.139816100000075, 27.909316 ], [ 85.139849500000082, 27.909219500000063 ], [ 85.139847300000042, 27.909132600000078 ], [ 85.139864700000032, 27.90904960000006 ], [ 85.139862600000072, 27.909001400000079 ], [ 85.139821100000063, 27.908976300000063 ], [ 85.139762100000041, 27.908991700000058 ], [ 85.139666, 27.909051500000032 ], [ 85.139539300000081, 27.909063100000026 ], [ 85.139465, 27.909041900000034 ], [ 85.139441, 27.908985900000062 ], [ 85.13945840000008, 27.908837400000039 ] ], [ [ 85.139816100000075, 27.909316 ], [ 85.139751600000068, 27.909302300000036 ], [ 85.139702600000078, 27.90931560000007 ], [ 85.139537400000052, 27.909485700000062 ], [ 85.139373300000045, 27.909684700000071 ], [ 85.139258900000073, 27.909852200000046 ] ], [ [ 85.139771516000053, 27.909562968000046 ], [ 85.139777500000037, 27.909542100000067 ], [ 85.139828100000045, 27.909449100000074 ], [ 85.139848400000062, 27.909357900000032 ], [ 85.139816100000075, 27.909316 ] ], [ [ 85.139061500000082, 27.909733 ], [ 85.138151500000049, 27.909218400000043 ], [ 85.138152500000047, 27.909143700000072 ] ], [ [ 85.139061500000082, 27.909733 ], [ 85.139258900000073, 27.909852200000046 ] ], [ [ 85.139258900000073, 27.909852200000046 ], [ 85.138709700000049, 27.910522300000025 ], [ 85.137957300000039, 27.911497800000063 ], [ 85.137806400000045, 27.91171090000006 ], [ 85.137617100000057, 27.91203790000003 ] ], [ [ 85.13945254500004, 27.910066960000051 ], [ 85.139398100000051, 27.909995400000071 ], [ 85.139258900000073, 27.909852200000046 ] ], [ [ 85.137617100000057, 27.91203790000003 ], [ 85.137565600000073, 27.912134700000024 ], [ 85.137616712000067, 27.912341496000067 ] ], [ [ 85.137617100000057, 27.91203790000003 ], [ 85.137553300000036, 27.912055900000041 ], [ 85.137525200000084, 27.912059500000055 ], [ 85.137417900000059, 27.912078400000041 ], [ 85.137321300000053, 27.912116400000059 ], [ 85.137240900000052, 27.91215260000007 ], [ 85.137101400000063, 27.912244400000077 ], [ 85.136994100000038, 27.912306 ], [ 85.136913600000071, 27.912381800000048 ], [ 85.136833200000069, 27.912443400000029 ], [ 85.136758100000065, 27.912519300000042 ], [ 85.136683, 27.912623600000074 ], [ 85.136463, 27.912908 ], [ 85.136291400000061, 27.913121300000057 ], [ 85.136200200000076, 27.913211400000023 ], [ 85.13613040000007, 27.913244600000041 ], [ 85.13606070000003, 27.913310900000056 ], [ 85.135980200000063, 27.913391500000046 ], [ 85.135860100000059, 27.913494 ] ], [ [ 85.135860100000059, 27.913494 ], [ 85.13669370000008, 27.914059900000041 ] ], [ [ 85.135860100000059, 27.913494 ], [ 85.135824700000057, 27.91352420000004 ], [ 85.135717400000033, 27.913647500000025 ], [ 85.135594, 27.913770700000043 ], [ 85.135454500000037, 27.913960300000042 ], [ 85.13528290000005, 27.914197400000035 ], [ 85.135143400000061, 27.914344300000039 ], [ 85.13502, 27.914486500000066 ], [ 85.134934200000032, 27.914552900000047 ], [ 85.134869800000047, 27.914671400000032 ], [ 85.134816200000046, 27.914813600000059 ], [ 85.134784, 27.91488940000005 ], [ 85.134708900000078, 27.91495580000003 ], [ 85.134628400000054, 27.914936800000078 ], [ 85.134569400000032, 27.914861 ], [ 85.134574800000053, 27.914789900000073 ], [ 85.134580100000051, 27.914723500000036 ], [ 85.134606900000051, 27.914680900000064 ], [ 85.134655200000054, 27.914624 ], [ 85.134687400000075, 27.914589100000057 ], [ 85.134757100000058, 27.914548100000047 ], [ 85.134805400000062, 27.914505500000075 ], [ 85.134832200000062, 27.91444690000003 ], [ 85.134853700000065, 27.914420200000052 ], [ 85.134875200000067, 27.914349100000038 ], [ 85.134880500000065, 27.914296900000068 ], [ 85.134875200000067, 27.91423530000003 ], [ 85.134821500000044, 27.914187900000059 ], [ 85.134757100000058, 27.914187900000059 ], [ 85.134682, 27.914221100000077 ], [ 85.134639100000072, 27.914287400000035 ] ], [ [ 85.268250848000037, 27.913553475000072 ], [ 85.268630155000039, 27.913246021000077 ] ], [ [ 85.13753398700004, 27.914246268000056 ], [ 85.137558700000056, 27.914479800000038 ], [ 85.13754920000008, 27.914562700000033 ], [ 85.137874800000077, 27.914772300000038 ], [ 85.138894100000073, 27.915416500000049 ], [ 85.139934600000061, 27.916120200000023 ], [ 85.139992900000038, 27.916144700000075 ] ], [ [ 85.139992900000038, 27.916144700000075 ], [ 85.141290200000071, 27.91668930000003 ], [ 85.14146, 27.916751900000065 ] ], [ [ 85.139643800000044, 27.916231500000038 ], [ 85.13956440000004, 27.916248100000075 ], [ 85.139534, 27.916274900000076 ], [ 85.139557400000058, 27.916316100000074 ], [ 85.139653100000032, 27.91634920000007 ], [ 85.139720800000077, 27.91634920000007 ], [ 85.139803200000074, 27.916331800000023 ] ], [ [ 85.139803200000074, 27.916331800000023 ], [ 85.139992900000038, 27.916144700000075 ] ], [ [ 85.139803200000074, 27.916331800000023 ], [ 85.13943590000008, 27.916755600000045 ] ], [ [ 85.285449744000061, 27.917085157000031 ], [ 85.285140862000048, 27.917621514000075 ] ], [ [ 85.301419, 27.917337300000042 ], [ 85.301487424000072, 27.917317522000076 ] ], [ [ 85.301419, 27.917337300000042 ], [ 85.301193100000035, 27.917432900000051 ], [ 85.301064631000031, 27.917487187000063 ] ], [ [ 85.301419, 27.917337300000042 ], [ 85.301465800000074, 27.917433800000026 ], [ 85.30157980000007, 27.917552300000068 ], [ 85.301774300000034, 27.917675600000052 ], [ 85.301920500000051, 27.917777500000057 ], [ 85.302049200000056, 27.917852100000061 ], [ 85.302172600000063, 27.917917300000056 ], [ 85.302320100000031, 27.918003800000065 ], [ 85.30252130000008, 27.918014500000027 ], [ 85.302585189000069, 27.917995202000043 ] ], [ [ 85.295932021000056, 27.917420269000047 ], [ 85.295992632000036, 27.917050116000041 ] ], [ [ 85.142972503000067, 27.91743447500005 ], [ 85.14258809200004, 27.917178290000038 ] ], [ [ 85.295338328000071, 27.917456276000053 ], [ 85.295474338000076, 27.916967849000059 ] ], [ [ 85.303908333000038, 27.917599832000064 ], [ 85.303972400000077, 27.917563 ] ], [ [ 85.140086100000076, 27.917963200000031 ], [ 85.139925400000038, 27.918009700000027 ], [ 85.139799700000083, 27.917994200000066 ], [ 85.139601, 27.917934800000069 ], [ 85.139414, 27.917906400000049 ], [ 85.139197800000034, 27.917906400000049 ], [ 85.13908680000003, 27.917989 ], [ 85.138946, 27.918080600000053 ] ], [ [ 85.138946, 27.918080600000053 ], [ 85.138841300000081, 27.917854800000043 ], [ 85.138715700000034, 27.917653400000063 ], [ 85.138689300000067, 27.917639 ], [ 85.138690300000064, 27.917540400000064 ] ], [ [ 85.138946, 27.918080600000053 ], [ 85.138907800000084, 27.918105400000059 ], [ 85.138815800000032, 27.918416500000035 ], [ 85.138766100000055, 27.918605 ], [ 85.138514800000053, 27.918895400000054 ], [ 85.138362900000061, 27.918983200000071 ], [ 85.138075100000037, 27.919046500000036 ], [ 85.137723, 27.919166500000074 ], [ 85.137471700000049, 27.919205300000044 ] ], [ [ 85.14434620000003, 27.918534300000033 ], [ 85.144150900000056, 27.918372700000077 ], [ 85.144066100000032, 27.918237500000032 ], [ 85.143909400000041, 27.91805880000004 ], [ 85.143581196000071, 27.917840097000067 ] ], [ [ 85.14434620000003, 27.918534300000033 ], [ 85.144232700000032, 27.918591 ], [ 85.144102900000064, 27.918615600000066 ], [ 85.143878900000061, 27.918537800000024 ], [ 85.143800700000043, 27.91852 ] ], [ [ 85.143342800000084, 27.918599200000074 ], [ 85.140534700000046, 27.916756400000054 ], [ 85.140252500000031, 27.916592600000058 ], [ 85.139803200000074, 27.916331800000023 ] ], [ [ 85.137314400000037, 27.91864970000006 ], [ 85.137283, 27.918577 ], [ 85.137118800000053, 27.918331900000055 ], [ 85.136849900000072, 27.91810920000006 ], [ 85.136697, 27.918071700000041 ], [ 85.136477600000035, 27.918024200000048 ], [ 85.136422425000035, 27.917975712000043 ] ], [ [ 85.137314400000037, 27.91864970000006 ], [ 85.137178500000061, 27.918713900000057 ], [ 85.137018400000045, 27.918695300000024 ], [ 85.136932100000081, 27.918717600000036 ], [ 85.136896300000046, 27.918782800000031 ], [ 85.136793100000034, 27.91882 ], [ 85.136654100000044, 27.918807 ], [ 85.13664140000003, 27.918836700000043 ], [ 85.136620311000058, 27.918831488000023 ] ], [ [ 85.14495480000005, 27.919065900000078 ], [ 85.144657900000084, 27.918748700000037 ], [ 85.144405200000051, 27.91857710000005 ], [ 85.14434620000003, 27.918534300000033 ] ], [ [ 85.14495480000005, 27.919065900000078 ], [ 85.144910100000061, 27.919137300000045 ], [ 85.144861100000071, 27.919221100000073 ], [ 85.144845800000041, 27.91927910000004 ] ], [ [ 85.144708100000059, 27.919200700000033 ], [ 85.144845800000041, 27.91927910000004 ] ], [ [ 85.144708100000059, 27.919200700000033 ], [ 85.144681400000081, 27.919240700000046 ], [ 85.144656300000065, 27.91928420000005 ], [ 85.144632200000046, 27.919343500000025 ], [ 85.144590300000061, 27.919394400000044 ], [ 85.144534800000031, 27.919436900000051 ], [ 85.14447720000004, 27.919435100000044 ], [ 85.144425900000044, 27.919485100000031 ], [ 85.144380900000044, 27.919531300000074 ], [ 85.144334800000081, 27.919582200000036 ], [ 85.144307500000082, 27.919624800000065 ], [ 85.144283500000085, 27.919583200000034 ], [ 85.14422060000004, 27.919555400000036 ], [ 85.144198600000038, 27.919519300000047 ], [ 85.144199700000058, 27.919474 ], [ 85.144216400000062, 27.919444300000066 ], [ 85.144246800000076, 27.91941010000005 ], [ 85.144278200000031, 27.919375900000034 ], [ 85.144322200000033, 27.919317600000056 ], [ 85.144369300000051, 27.919245400000079 ], [ 85.144424800000081, 27.919173200000046 ], [ 85.144490800000085, 27.91907690000005 ], [ 85.144708100000059, 27.919200700000033 ] ], [ [ 85.137471700000049, 27.919205300000044 ], [ 85.137307100000044, 27.91911360000006 ], [ 85.137302200000079, 27.919006900000056 ], [ 85.137301400000069, 27.918957200000079 ], [ 85.137367900000072, 27.918773400000077 ], [ 85.137314400000037, 27.91864970000006 ] ], [ [ 85.137471700000049, 27.919205300000044 ], [ 85.137467300000083, 27.919242700000041 ], [ 85.137322700000084, 27.919306 ], [ 85.137325600000054, 27.919391200000064 ], [ 85.13750834700005, 27.919588539000074 ] ], [ [ 85.144845800000041, 27.91927910000004 ], [ 85.144828700000062, 27.91934370000007 ], [ 85.144768600000077, 27.919457800000032 ], [ 85.144781, 27.919531300000074 ], [ 85.144765, 27.919547 ], [ 85.144683600000064, 27.919556300000067 ], [ 85.144512, 27.91957350000007 ], [ 85.144441200000074, 27.919609500000035 ], [ 85.144423500000073, 27.919642300000078 ] ], [ [ 85.145927800000038, 27.919722700000079 ], [ 85.145677, 27.919553400000041 ], [ 85.14495480000005, 27.919065900000078 ] ], [ [ 85.14762612100003, 27.920069375000026 ], [ 85.147057600000039, 27.919871600000079 ], [ 85.14685460000004, 27.919813600000055 ], [ 85.145967300000052, 27.919702200000074 ], [ 85.145927800000038, 27.919722700000079 ] ], [ [ 85.14843733400005, 27.920251971000027 ], [ 85.148176100000057, 27.920227100000034 ], [ 85.148020300000042, 27.920206500000063 ], [ 85.147999857000059, 27.920199388000071 ] ], [ [ 85.148056800000063, 27.920859600000028 ], [ 85.148004300000082, 27.920840700000042 ], [ 85.147891800000082, 27.92077340000003 ], [ 85.147631800000056, 27.920574600000066 ], [ 85.146951, 27.920319 ], [ 85.146565300000077, 27.920109900000057 ], [ 85.145927800000038, 27.919722700000079 ] ], [ [ 85.148056800000063, 27.920859600000028 ], [ 85.148153900000068, 27.920887100000073 ], [ 85.148277500000063, 27.920915400000069 ], [ 85.148525900000038, 27.920936100000063 ], [ 85.148718400000064, 27.921005500000035 ], [ 85.149074300000052, 27.921126900000047 ], [ 85.149476800000059, 27.921319500000038 ], [ 85.149556, 27.921368700000073 ], [ 85.149602600000037, 27.921438600000045 ], [ 85.149607600000081, 27.9215 ], [ 85.149499100000071, 27.921665500000074 ], [ 85.14937, 27.922104600000068 ], [ 85.149280500000032, 27.922194500000046 ], [ 85.148726900000042, 27.921991100000071 ], [ 85.14851850000008, 27.921929800000044 ], [ 85.148333300000047, 27.921875300000067 ], [ 85.148045, 27.921818500000029 ], [ 85.147704100000055, 27.921838600000058 ] ], [ [ 85.147704100000055, 27.921838600000058 ], [ 85.147875800000065, 27.921544600000061 ], [ 85.147967300000062, 27.921200700000043 ], [ 85.148047500000075, 27.920899400000053 ], [ 85.148056800000063, 27.920859600000028 ] ], [ [ 85.147704100000055, 27.921838600000058 ], [ 85.147629700000039, 27.921869600000036 ], [ 85.147530500000073, 27.922077700000045 ], [ 85.147495400000082, 27.92217080000006 ] ], [ [ 85.147495400000082, 27.92217080000006 ], [ 85.147263900000041, 27.92216680000007 ], [ 85.147144100000048, 27.92219330000006 ], [ 85.147024300000055, 27.922303600000077 ], [ 85.146818300000064, 27.92249860000004 ], [ 85.146708700000033, 27.922539200000074 ], [ 85.14661540000003, 27.922520600000041 ], [ 85.146467159000053, 27.922410198000023 ] ], [ [ 85.14797370000008, 27.922629400000062 ], [ 85.147908600000051, 27.922459300000071 ], [ 85.147776400000055, 27.922316900000055 ], [ 85.147495400000082, 27.92217080000006 ] ], [ [ 85.14797370000008, 27.922629400000062 ], [ 85.147469300000068, 27.922764500000028 ], [ 85.14710251200006, 27.922853792000069 ] ], [ [ 85.147975100000053, 27.922646300000054 ], [ 85.14797370000008, 27.922629400000062 ] ], [ [ 85.147975100000053, 27.922646300000054 ], [ 85.148822600000074, 27.922407300000032 ], [ 85.149002300000063, 27.92240970000006 ], [ 85.149207900000079, 27.922426 ], [ 85.149272100000076, 27.922418300000061 ], [ 85.149361700000043, 27.922390700000051 ], [ 85.149455200000034, 27.922322200000053 ] ], [ [ 85.149743600000079, 27.922694500000034 ], [ 85.150195300000064, 27.922542900000053 ] ], [ [ 85.149743600000079, 27.922694500000034 ], [ 85.149005, 27.922816400000045 ] ], [ [ 85.149846500000081, 27.922830600000054 ], [ 85.149834500000054, 27.922797600000024 ], [ 85.149743600000079, 27.922694500000034 ] ], [ [ 85.149846500000081, 27.922830600000054 ], [ 85.150041700000031, 27.922939100000065 ], [ 85.150080800000069, 27.922962300000052 ], [ 85.150112100000058, 27.922980900000027 ], [ 85.150195200000041, 27.923047 ], [ 85.150281100000086, 27.92313020000006 ], [ 85.150347600000032, 27.923171800000034 ], [ 85.150405800000044, 27.923198800000023 ], [ 85.150461200000052, 27.923223200000052 ] ], [ [ 85.148482100000081, 27.922952400000042 ], [ 85.148692500000038, 27.923135900000034 ], [ 85.148899300000039, 27.923405800000069 ] ], [ [ 85.148290700000075, 27.923223500000063 ], [ 85.148152200000084, 27.922982500000046 ], [ 85.148023, 27.922763800000041 ], [ 85.147975100000053, 27.922646300000054 ] ], [ [ 85.148290700000075, 27.923223500000063 ], [ 85.147991300000058, 27.923427700000047 ], [ 85.147741300000064, 27.923628500000063 ], [ 85.147614240000053, 27.923718543000064 ] ], [ [ 85.149273200000039, 27.923248700000045 ], [ 85.148899300000039, 27.923405800000069 ] ], [ [ 85.148899300000039, 27.923405800000069 ], [ 85.149035600000047, 27.923761 ] ], [ [ 85.149774900000068, 27.923535600000037 ], [ 85.149831400000039, 27.923422900000048 ], [ 85.149837600000069, 27.923287800000026 ], [ 85.149899600000083, 27.922976500000061 ], [ 85.149846500000081, 27.922830600000054 ] ], [ [ 85.149774900000068, 27.923535600000037 ], [ 85.149718900000039, 27.923697400000037 ], [ 85.149761800000078, 27.923804100000041 ], [ 85.149788600000079, 27.924107400000025 ], [ 85.14977250000004, 27.92420930000003 ], [ 85.149775200000079, 27.924285200000043 ] ], [ [ 85.149035600000047, 27.923761 ], [ 85.149523700000032, 27.923574300000041 ], [ 85.149774900000068, 27.923535600000037 ] ], [ [ 85.149035600000047, 27.923761 ], [ 85.14912030000005, 27.924168200000054 ], [ 85.149227300000064, 27.924483200000054 ] ], [ [ 85.148637800000074, 27.923913200000072 ], [ 85.148522300000081, 27.923649500000067 ], [ 85.148328100000072, 27.923297200000036 ], [ 85.148290700000075, 27.923223500000063 ] ], [ [ 85.148637800000074, 27.923913200000072 ], [ 85.149035600000047, 27.923761 ] ], [ [ 85.147974350000084, 27.924206425000023 ], [ 85.148637800000074, 27.923913200000072 ] ], [ [ 85.149227300000064, 27.924483200000054 ], [ 85.149623, 27.924409500000024 ] ], [ [ 85.148919400000068, 27.924605700000029 ], [ 85.148720700000069, 27.924102300000072 ], [ 85.148637800000074, 27.923913200000072 ] ], [ [ 85.148919400000068, 27.924605700000029 ], [ 85.149098500000036, 27.924529600000028 ], [ 85.149227300000064, 27.924483200000054 ] ], [ [ 85.148151827000049, 27.92481953500004 ], [ 85.148175200000082, 27.924837 ] ], [ [ 85.148175200000082, 27.924837 ], [ 85.148919400000068, 27.924605700000029 ] ], [ [ 85.148175200000082, 27.924837 ], [ 85.148196800000051, 27.924898700000028 ], [ 85.148311400000068, 27.92509270000005 ], [ 85.14837440000008, 27.92518670000004 ], [ 85.148474700000065, 27.925283300000046 ] ], [ [ 85.149046300000066, 27.925053800000057 ], [ 85.149033300000042, 27.924985200000037 ], [ 85.148919400000068, 27.924605700000029 ] ], [ [ 85.149046300000066, 27.925053800000057 ], [ 85.14938490000003, 27.925018800000032 ], [ 85.149545600000067, 27.924999500000069 ], [ 85.149624500000073, 27.924897500000043 ], [ 85.149663900000064, 27.924675400000069 ] ], [ [ 85.149046300000066, 27.925053800000057 ], [ 85.148479100000031, 27.925239600000054 ], [ 85.148474700000065, 27.925283300000046 ] ], [ [ 85.148474700000065, 27.925283300000046 ], [ 85.148468800000046, 27.925341 ], [ 85.148486315000071, 27.925373906000061 ] ], [ [ 85.149222700000053, 27.925850100000048 ], [ 85.149109300000077, 27.925388 ], [ 85.149046300000066, 27.925053800000057 ] ], [ [ 85.14925372600004, 27.92597994700003 ], [ 85.149252500000046, 27.925971400000037 ], [ 85.149222700000053, 27.925850100000048 ] ], [ [ 85.150174400000083, 27.926940800000068 ], [ 85.150221400000078, 27.92681390000007 ], [ 85.150252200000068, 27.926509500000066 ], [ 85.150244200000031, 27.926452700000027 ], [ 85.150225400000068, 27.92641 ], [ 85.150169100000085, 27.926376800000071 ], [ 85.150005500000077, 27.926324700000066 ], [ 85.149943800000074, 27.926289100000076 ], [ 85.149867300000039, 27.926216700000055 ], [ 85.149748, 27.926097200000072 ], [ 85.149576300000035, 27.925985800000035 ], [ 85.149381800000072, 27.925906300000065 ], [ 85.149222700000053, 27.925850100000048 ] ], [ [ 85.151782810000043, 27.927009557000076 ], [ 85.151785300000085, 27.926883600000053 ], [ 85.151781800000037, 27.926739700000041 ], [ 85.151776400000074, 27.926618200000064 ], [ 85.151893600000051, 27.926469100000077 ], [ 85.151998500000047, 27.926346500000079 ] ], [ [ 85.148944430000086, 27.927666274000046 ], [ 85.149273400000084, 27.927571900000032 ], [ 85.149339, 27.927508700000033 ], [ 85.149403100000086, 27.92752310000003 ], [ 85.149435700000083, 27.927477300000078 ], [ 85.149501400000077, 27.92738490000005 ], [ 85.149916900000051, 27.927590400000042 ], [ 85.150398700000039, 27.927828600000055 ] ], [ [ 85.150398700000039, 27.927828600000055 ], [ 85.150362400000063, 27.92799320000006 ], [ 85.150381700000082, 27.928015600000037 ], [ 85.150286300000062, 27.928219700000056 ], [ 85.150669400000083, 27.928858400000024 ] ], [ [ 85.151131068000041, 27.927965497000059 ], [ 85.150773700000059, 27.927772 ], [ 85.150493500000039, 27.92768250000006 ], [ 85.150398700000039, 27.927828600000055 ] ], [ [ 85.150895898000044, 27.928965142000038 ], [ 85.150889900000038, 27.928944300000069 ], [ 85.150893471000074, 27.928893954000046 ] ], [ [ 85.149085400000047, 27.93100510000005 ], [ 85.148838700000056, 27.930635400000028 ], [ 85.14876090000007, 27.930500300000062 ], [ 85.148624100000063, 27.930355800000029 ], [ 85.148495300000036, 27.930253900000025 ], [ 85.148353200000031, 27.930111700000054 ], [ 85.148208300000078, 27.929988500000036 ], [ 85.148114600000042, 27.929891300000065 ], [ 85.148063600000057, 27.929891300000065 ], [ 85.147991200000035, 27.929915 ], [ 85.147824900000046, 27.929988500000036 ], [ 85.147698100000071, 27.930044800000076 ], [ 85.147564700000032, 27.930057200000078 ], [ 85.147387700000081, 27.930050100000074 ], [ 85.147267, 27.930085600000041 ], [ 85.147167503000048, 27.930093610000029 ] ], [ [ 85.150274900000056, 27.931653200000028 ], [ 85.150342, 27.931544200000076 ], [ 85.150481500000069, 27.931354700000043 ], [ 85.150661200000059, 27.931186400000058 ], [ 85.150755100000083, 27.931112900000073 ], [ 85.15088650000007, 27.931011 ], [ 85.150975, 27.93092340000004 ], [ 85.151039400000059, 27.930835700000046 ], [ 85.151101100000062, 27.930714800000032 ], [ 85.151144952000038, 27.930669785000077 ] ], [ [ 85.151190859000053, 27.934927673000061 ], [ 85.151209200000039, 27.934889500000054 ], [ 85.151241700000071, 27.934838700000057 ], [ 85.151276500000051, 27.934794900000043 ], [ 85.151343500000053, 27.934746800000028 ], [ 85.151385400000038, 27.93469680000004 ], [ 85.15141680000005, 27.934646100000066 ], [ 85.151483800000051, 27.934607300000039 ], [ 85.151624, 27.934522500000071 ], [ 85.151661300000058, 27.934511500000042 ], [ 85.151724900000033, 27.93452510000003 ], [ 85.151760400000057, 27.93455780000005 ], [ 85.151834600000086, 27.934642600000075 ], [ 85.151922600000034, 27.934703700000057 ], [ 85.151985400000058, 27.934740700000077 ], [ 85.152070200000082, 27.93475920000003 ], [ 85.152127800000073, 27.934755500000051 ], [ 85.152170800000079, 27.934737900000073 ], [ 85.152203200000031, 27.934692600000062 ], [ 85.15224690000008, 27.934621800000059 ], [ 85.152288700000042, 27.934554700000035 ], [ 85.152315300000055, 27.934488 ], [ 85.152404, 27.934392700000046 ], [ 85.152500200000077, 27.934327500000052 ], [ 85.152578400000039, 27.934249200000068 ], [ 85.152647900000034, 27.93418390000005 ], [ 85.152733300000079, 27.93408960000005 ], [ 85.152783700000043, 27.934060600000066 ], [ 85.152877100000069, 27.934056500000054 ], [ 85.153025700000057, 27.934039600000062 ], [ 85.153060900000071, 27.93403010000003 ], [ 85.153115500000069, 27.933978 ], [ 85.153129, 27.93386890000005 ], [ 85.153157800000031, 27.933821300000034 ], [ 85.153360400000054, 27.933679200000029 ], [ 85.153737800000044, 27.933543100000065 ], [ 85.15407440000007, 27.933462500000076 ], [ 85.154295700000034, 27.933461400000056 ] ], [ [ 85.157300464000059, 27.936476819000063 ], [ 85.157270100000062, 27.936371100000031 ], [ 85.15725, 27.936180400000069 ], [ 85.157203, 27.936053600000037 ], [ 85.157127900000035, 27.935912600000051 ], [ 85.156857, 27.935401900000045 ] ], [ [ 85.157349832000079, 27.936724091000031 ], [ 85.157342500000084, 27.936739600000067 ], [ 85.157334500000047, 27.936828500000047 ], [ 85.157334500000047, 27.936922100000061 ], [ 85.157337100000063, 27.937032300000055 ], [ 85.157296900000063, 27.93705 ], [ 85.157241900000031, 27.937048800000071 ] ], [ [ 85.158266582000067, 27.938313882000045 ], [ 85.158333500000083, 27.938411400000064 ], [ 85.158585600000038, 27.938677900000073 ] ], [ [ 85.158585600000038, 27.938677900000073 ], [ 85.158548200000041, 27.938721800000053 ], [ 85.158489100000054, 27.938728900000058 ], [ 85.158402, 27.938694500000054 ], [ 85.158318800000075, 27.938624600000026 ], [ 85.158231700000044, 27.93851920000003 ], [ 85.158053300000063, 27.93827280000005 ], [ 85.15800953400003, 27.93818961900007 ] ], [ [ 85.158585600000038, 27.938677900000073 ], [ 85.15885650000007, 27.938967 ], [ 85.158875100000046, 27.938988400000028 ] ], [ [ 85.158875100000046, 27.938988400000028 ], [ 85.158829700000069, 27.939012 ], [ 85.158683500000052, 27.939083100000062 ], [ 85.157877920000033, 27.939616793000027 ] ], [ [ 85.158875100000046, 27.938988400000028 ], [ 85.159578, 27.939797600000077 ], [ 85.159767500000044, 27.940032500000029 ], [ 85.159953500000086, 27.940284500000075 ], [ 85.160087600000054, 27.940567700000031 ], [ 85.16020160000005, 27.940872200000058 ], [ 85.160334300000045, 27.941181800000038 ], [ 85.160777600000074, 27.942021200000056 ], [ 85.160935800000061, 27.942278300000055 ], [ 85.16103940000005, 27.94260120000007 ], [ 85.161228100000073, 27.943277600000044 ], [ 85.161681091000048, 27.94412869100006 ] ], [ [ 85.157877920000033, 27.939616793000027 ], [ 85.157836400000065, 27.939644300000054 ], [ 85.157792100000052, 27.939681200000052 ], [ 85.157708600000035, 27.939727300000072 ], [ 85.157677300000046, 27.939791800000023 ], [ 85.157638200000065, 27.939854100000048 ], [ 85.157588600000054, 27.939930100000026 ], [ 85.157515500000045, 27.939983100000063 ], [ 85.157466, 27.94002 ], [ 85.157416400000045, 27.940056900000059 ], [ 85.157392900000048, 27.940119100000061 ], [ 85.157340700000077, 27.940181300000063 ], [ 85.157296400000064, 27.940211300000044 ] ], [ [ 85.157877920000033, 27.939616793000027 ], [ 85.157910600000037, 27.939636900000039 ], [ 85.157992400000069, 27.939747100000034 ], [ 85.158093, 27.939837200000056 ], [ 85.15819220000003, 27.939889300000061 ], [ 85.158279400000083, 27.939902300000028 ] ], [ [ 85.158279400000083, 27.939902300000028 ], [ 85.15836390000004, 27.939807600000051 ], [ 85.158503400000086, 27.939690300000052 ] ], [ [ 85.158279400000083, 27.939902300000028 ], [ 85.15844960000004, 27.940206700000033 ], [ 85.158519700000056, 27.940278700000079 ], [ 85.158690800000045, 27.940363600000069 ], [ 85.158741300000031, 27.940399600000035 ], [ 85.158759200000077, 27.940516200000047 ], [ 85.158871600000055, 27.940558 ], [ 85.15891890000006, 27.940624200000059 ] ], [ [ 85.157170296000061, 27.940084954000042 ], [ 85.157254800000032, 27.939933100000076 ], [ 85.157331200000044, 27.939839500000062 ], [ 85.157528400000047, 27.939737700000023 ], [ 85.157744300000047, 27.939597900000024 ], [ 85.157820700000059, 27.939608500000077 ], [ 85.15785290000008, 27.939601400000072 ], [ 85.157877920000033, 27.939616793000027 ] ], [ [ 85.15726636200003, 27.940242233000049 ], [ 85.157296400000064, 27.940211300000044 ] ], [ [ 85.157275667000079, 27.940260573000046 ], [ 85.157296400000064, 27.940211300000044 ] ], [ [ 85.158324200000038, 27.942484300000046 ], [ 85.158351, 27.942557700000066 ], [ 85.158384600000034, 27.942611 ], [ 85.158353700000077, 27.942761500000074 ], [ 85.158343, 27.942863400000078 ], [ 85.158330900000067, 27.942891800000041 ], [ 85.158306800000048, 27.942902500000059 ], [ 85.158267900000055, 27.942827900000054 ], [ 85.158210200000042, 27.942734300000041 ], [ 85.158166, 27.94264540000006 ], [ 85.158135100000038, 27.942615600000067 ] ], [ [ 85.158135100000038, 27.942615600000067 ], [ 85.158123, 27.942603900000051 ], [ 85.158064, 27.942564800000071 ], [ 85.15802780000007, 27.942554200000075 ], [ 85.157883562000052, 27.942626907000033 ] ], [ [ 85.158135100000038, 27.942615600000067 ], [ 85.158162900000036, 27.942744300000072 ], [ 85.158216800000048, 27.942871400000058 ], [ 85.158272200000056, 27.942985200000066 ], [ 85.15830502600005, 27.943039894000037 ] ], [ [ 85.161944136000045, 27.944670686000052 ], [ 85.162306300000068, 27.945515400000033 ], [ 85.162547300000085, 27.945824800000025 ] ], [ [ 85.162547300000085, 27.945824800000025 ], [ 85.162658688000079, 27.945967775000042 ] ], [ [ 85.162547300000085, 27.945824800000025 ], [ 85.16257980000006, 27.945980300000031 ], [ 85.162614700000063, 27.946103500000049 ], [ 85.162705900000049, 27.946236200000044 ], [ 85.162770300000034, 27.946302600000024 ], [ 85.16275950000005, 27.946373600000072 ], [ 85.162668300000064, 27.946461300000067 ], [ 85.162636100000043, 27.946508700000038 ], [ 85.162633500000084, 27.946565600000042 ] ], [ [ 85.160241300000052, 27.946781600000065 ], [ 85.16015550000003, 27.946532800000057 ], [ 85.159797400000059, 27.945956400000057 ], [ 85.159515500000055, 27.945553600000039 ], [ 85.159329500000069, 27.945287800000074 ], [ 85.159198206000042, 27.945078410000065 ] ], [ [ 85.163443328000085, 27.947163398000043 ], [ 85.163465500000086, 27.947187900000074 ] ], [ [ 85.163465500000086, 27.947187900000074 ], [ 85.163754, 27.947493200000054 ], [ 85.163989800000081, 27.94830840000003 ], [ 85.164178800000059, 27.948633100000052 ] ], [ [ 85.163482778000059, 27.947192388000076 ], [ 85.163465500000086, 27.947187900000074 ] ], [ [ 85.160712100000069, 27.94737630000003 ], [ 85.160378100000059, 27.947173700000064 ], [ 85.160307100000068, 27.947105 ], [ 85.160276200000055, 27.947015 ], [ 85.160250700000063, 27.94691430000006 ], [ 85.160241300000052, 27.946781600000065 ] ], [ [ 85.160712100000069, 27.94737630000003 ], [ 85.160626200000081, 27.94725550000004 ], [ 85.160484100000076, 27.947114500000055 ], [ 85.16033120000003, 27.946940300000051 ], [ 85.160241300000052, 27.946781600000065 ] ], [ [ 85.161421700000062, 27.948402 ], [ 85.161431100000073, 27.948238500000059 ], [ 85.161099500000034, 27.947667700000068 ], [ 85.160712100000069, 27.94737630000003 ] ], [ [ 85.161421700000062, 27.948402 ], [ 85.161429100000078, 27.948436600000036 ], [ 85.161451900000031, 27.948470900000075 ], [ 85.161494800000071, 27.948481600000036 ], [ 85.161608800000067, 27.948470900000075 ], [ 85.161725500000045, 27.94847690000006 ], [ 85.161812700000041, 27.94849460000006 ], [ 85.161906600000066, 27.948534900000027 ], [ 85.162052700000061, 27.948556200000041 ], [ 85.162129200000038, 27.948576400000036 ], [ 85.162216400000034, 27.94864750000005 ], [ 85.162220400000081, 27.94876 ], [ 85.162227100000052, 27.949001700000053 ], [ 85.162256600000035, 27.949117800000067 ], [ 85.162255200000061, 27.949206600000025 ], [ 85.162194900000031, 27.949624800000038 ], [ 85.162170800000069, 27.949802500000033 ], [ 85.162162700000067, 27.949840400000028 ], [ 85.162170800000069, 27.950045400000079 ], [ 85.161989600000084, 27.950676700000031 ], [ 85.161989600000084, 27.950776200000064 ], [ 85.162040600000068, 27.951157700000067 ], [ 85.162123700000052, 27.951285600000062 ], [ 85.162223, 27.951399300000048 ], [ 85.162268600000061, 27.951524900000038 ], [ 85.162349, 27.951617300000066 ], [ 85.162440200000049, 27.951728700000047 ] ], [ [ 85.164178800000059, 27.948633100000052 ], [ 85.163963100000046, 27.948641300000077 ], [ 85.163881400000037, 27.948622300000068 ], [ 85.163859700000046, 27.948802600000079 ], [ 85.163905100000079, 27.949022200000059 ], [ 85.163852800000086, 27.949287600000048 ], [ 85.163840700000037, 27.949442800000043 ], [ 85.163858800000071, 27.94956 ] ], [ [ 85.164178800000059, 27.948633100000052 ], [ 85.164236300000084, 27.948731900000041 ], [ 85.164300900000057, 27.948937400000034 ], [ 85.164084400000036, 27.949352300000044 ], [ 85.164074500000083, 27.949503600000071 ], [ 85.164197300000069, 27.950030500000025 ], [ 85.164075100000048, 27.950325100000043 ], [ 85.163916500000084, 27.950571600000046 ], [ 85.163847200000077, 27.950762300000065 ], [ 85.163897, 27.951322700000048 ], [ 85.163942300000031, 27.952216100000044 ], [ 85.164091100000064, 27.953337700000077 ], [ 85.164247600000067, 27.953615900000045 ], [ 85.164413900000056, 27.953881200000069 ], [ 85.164797500000077, 27.954473600000028 ], [ 85.164972400000067, 27.954752800000051 ] ], [ [ 85.161285858000042, 27.949075434000065 ], [ 85.161293600000079, 27.94903 ], [ 85.161299900000074, 27.948559700000033 ], [ 85.161341300000061, 27.948486100000025 ], [ 85.161421700000062, 27.948402 ] ], [ [ 85.163858800000071, 27.94956 ], [ 85.163791100000083, 27.949575500000037 ], [ 85.163706600000069, 27.949595600000066 ], [ 85.163635500000055, 27.949573100000066 ], [ 85.163615400000083, 27.949509200000023 ], [ 85.163636900000085, 27.949401400000056 ], [ 85.163647600000047, 27.949249700000053 ], [ 85.163685200000032, 27.949112300000024 ], [ 85.163708, 27.949029400000029 ], [ 85.163675800000078, 27.94895 ], [ 85.163619500000038, 27.948900200000026 ], [ 85.163512200000071, 27.948873 ], [ 85.163392800000054, 27.948882500000025 ] ], [ [ 85.163858800000071, 27.94956 ], [ 85.163863500000048, 27.949590900000032 ], [ 85.163920800000085, 27.949900200000059 ], [ 85.163842300000056, 27.950149700000054 ], [ 85.163727200000039, 27.950403900000026 ], [ 85.163612200000046, 27.950662600000044 ], [ 85.163606900000048, 27.950842900000055 ], [ 85.163669700000071, 27.951716200000078 ], [ 85.163690100000053, 27.952055600000051 ], [ 85.163619200000085, 27.952303900000061 ], [ 85.163467500000081, 27.952617500000031 ], [ 85.163408400000037, 27.952859300000057 ], [ 85.163415800000053, 27.953150100000073 ], [ 85.163563700000054, 27.953574900000035 ], [ 85.163756, 27.954169500000035 ], [ 85.163907700000038, 27.95468580000005 ], [ 85.163981700000079, 27.954989600000033 ], [ 85.164014700000052, 27.955122600000038 ], [ 85.164054900000053, 27.955162900000062 ] ], [ [ 85.161252632000071, 27.954721103000054 ], [ 85.161307, 27.954640500000039 ], [ 85.161329800000033, 27.954493600000035 ], [ 85.161315100000081, 27.95433840000004 ], [ 85.161332777000041, 27.954237859000045 ] ], [ [ 85.164972400000067, 27.954752800000051 ], [ 85.165242700000078, 27.955167700000061 ], [ 85.165264600000057, 27.955406200000027 ], [ 85.165357100000051, 27.955610800000045 ], [ 85.165790300000083, 27.95566210000004 ], [ 85.166030805000048, 27.955805959000031 ] ], [ [ 85.164054900000053, 27.955162900000062 ], [ 85.164220600000078, 27.955198600000074 ], [ 85.164276100000052, 27.955165900000054 ], [ 85.164357400000085, 27.954891500000031 ], [ 85.164448600000071, 27.954790700000046 ], [ 85.164583600000071, 27.95488940000007 ], [ 85.164972400000067, 27.954752800000051 ] ], [ [ 85.164054900000053, 27.955162900000062 ], [ 85.163916, 27.955382400000076 ], [ 85.16381210000003, 27.955599500000062 ], [ 85.163569700000039, 27.956120800000065 ], [ 85.163491600000043, 27.956286800000044 ] ], [ [ 85.161690297000064, 27.955823406000036 ], [ 85.16179290000008, 27.955735100000027 ], [ 85.161880200000041, 27.955651300000056 ], [ 85.161879700000043, 27.955557800000065 ], [ 85.161921500000062, 27.955468400000029 ] ], [ [ 85.16608818800006, 27.955840282000054 ], [ 85.166190700000072, 27.955901600000061 ], [ 85.167323300000078, 27.956621900000073 ], [ 85.167831, 27.957063 ], [ 85.168272900000034, 27.957878500000049 ], [ 85.168518200000051, 27.958275600000036 ], [ 85.168818600000066, 27.958569400000044 ], [ 85.169386900000063, 27.959270600000025 ], [ 85.16960320000004, 27.959490600000038 ] ], [ [ 85.163491600000043, 27.956286800000044 ], [ 85.16340450000007, 27.956323100000077 ], [ 85.163357500000075, 27.956409300000075 ], [ 85.163365600000077, 27.956493700000067 ], [ 85.163440900000069, 27.956607500000075 ], [ 85.16399460000008, 27.956871600000056 ], [ 85.16450320000007, 27.957117400000072 ], [ 85.164791200000082, 27.957245900000032 ], [ 85.165072800000075, 27.957390500000031 ], [ 85.165192800000057, 27.957485800000029 ], [ 85.16525, 27.957598400000052 ], [ 85.165241800000047, 27.957842 ], [ 85.165170700000033, 27.958000300000037 ], [ 85.165007900000035, 27.958092700000066 ], [ 85.164891800000078, 27.95811180000004 ], [ 85.164773900000057, 27.958099900000036 ], [ 85.164410300000043, 27.958014700000035 ], [ 85.164333598000042, 27.957993916000078 ] ], [ [ 85.164687900000047, 27.956778 ], [ 85.164409, 27.956704500000058 ], [ 85.164078700000061, 27.956583900000055 ], [ 85.163734400000067, 27.956439200000034 ], [ 85.163659300000063, 27.956385900000043 ], [ 85.163628100000039, 27.956340900000043 ], [ 85.163491600000043, 27.956286800000044 ] ], [ [ 85.164687900000047, 27.956778 ], [ 85.164763, 27.956714 ], [ 85.164882400000067, 27.956616900000029 ], [ 85.165062100000057, 27.956582500000025 ], [ 85.165660200000048, 27.956640600000071 ] ], [ [ 85.16960320000004, 27.959490600000038 ], [ 85.169416800000079, 27.959647700000062 ], [ 85.169135600000061, 27.95977060000007 ], [ 85.169054500000072, 27.959812800000066 ], [ 85.168966100000034, 27.959853800000076 ], [ 85.168934200000081, 27.95988710000006 ], [ 85.168918200000064, 27.959931900000072 ], [ 85.168912400000067, 27.959994600000073 ], [ 85.16891970000006, 27.960580800000059 ], [ 85.169098700000063, 27.960784500000045 ], [ 85.169334400000082, 27.960985500000049 ], [ 85.169633600000054, 27.961208100000079 ], [ 85.169777, 27.961284200000023 ], [ 85.169867200000056, 27.961419900000067 ], [ 85.169979900000044, 27.961483500000043 ] ], [ [ 85.16960320000004, 27.959490600000038 ], [ 85.170583, 27.960487200000046 ], [ 85.172448400000064, 27.962271500000043 ], [ 85.172682500000064, 27.96249940000007 ], [ 85.172761200000082, 27.962583100000074 ] ], [ [ 85.172761200000082, 27.962583100000074 ], [ 85.172772800000075, 27.962593600000048 ] ], [ [ 85.172761200000082, 27.962583100000074 ], [ 85.172638, 27.962655300000051 ], [ 85.172511400000076, 27.962578 ], [ 85.172367700000052, 27.962498400000072 ], [ 85.172231700000054, 27.962449400000025 ], [ 85.172140600000034, 27.96242170000005 ], [ 85.172018600000058, 27.962377700000047 ], [ 85.171725400000071, 27.962266200000045 ], [ 85.171597800000086, 27.962266900000031 ], [ 85.171496300000058, 27.96221440000005 ], [ 85.171405, 27.962163200000077 ], [ 85.17135, 27.96207110000006 ], [ 85.171280400000057, 27.961968700000057 ], [ 85.171197800000073, 27.961894400000062 ] ], [ [ 85.172772800000075, 27.962593600000048 ], [ 85.172658800000079, 27.962667200000055 ], [ 85.172606, 27.962672600000076 ], [ 85.17248, 27.962640300000032 ], [ 85.172349900000086, 27.962726500000031 ], [ 85.172317300000032, 27.962805500000059 ], [ 85.17242710000005, 27.96295630000003 ] ], [ [ 85.172772800000075, 27.962593600000048 ], [ 85.173829, 27.963543 ], [ 85.1739, 27.96360640000006 ] ], [ [ 85.169890700000053, 27.963378400000067 ], [ 85.16980650000005, 27.963344 ], [ 85.169725, 27.963287300000047 ], [ 85.16956250000004, 27.963084300000048 ], [ 85.169264100000078, 27.962669100000028 ], [ 85.168921400000045, 27.962180100000069 ], [ 85.168449500000065, 27.96151640000005 ], [ 85.168465300000037, 27.961118300000066 ], [ 85.168101500000034, 27.960317200000077 ], [ 85.167755600000078, 27.959541900000033 ], [ 85.167418500000053, 27.959128500000077 ], [ 85.167115500000079, 27.958689600000071 ], [ 85.166705500000035, 27.958194200000037 ], [ 85.166509200000064, 27.957911800000034 ], [ 85.166013600000042, 27.957369200000073 ], [ 85.165779600000064, 27.957205600000066 ], [ 85.165451, 27.95708460000003 ], [ 85.164687900000047, 27.956778 ] ], [ [ 85.1739, 27.96360640000006 ], [ 85.173832600000082, 27.963635300000078 ], [ 85.173644, 27.963742600000046 ], [ 85.17322850000005, 27.964198100000033 ], [ 85.173281300000042, 27.964237300000036 ], [ 85.173262900000054, 27.96424010000004 ], [ 85.173246200000051, 27.964241 ], [ 85.17323360000006, 27.964236100000051 ], [ 85.173173100000042, 27.964208800000051 ], [ 85.173108700000057, 27.964153100000033 ], [ 85.173035300000038, 27.964109900000039 ], [ 85.172884100000033, 27.964146400000061 ], [ 85.172854600000051, 27.96418680000005 ], [ 85.172809400000062, 27.964240500000074 ], [ 85.172756200000038, 27.964252200000033 ], [ 85.172674400000062, 27.964245300000073 ], [ 85.172569500000066, 27.964199300000075 ], [ 85.17249570000007, 27.964185500000042 ], [ 85.172444100000064, 27.964144700000077 ], [ 85.172434100000032, 27.964125900000056 ], [ 85.17226480000005, 27.964117200000032 ] ], [ [ 85.1739, 27.96360640000006 ], [ 85.173951900000077, 27.963641700000039 ], [ 85.174041300000056, 27.963678600000037 ], [ 85.174289500000043, 27.963738300000045 ], [ 85.17453160000008, 27.963802400000077 ], [ 85.174639700000057, 27.963837500000068 ], [ 85.174807900000076, 27.963901900000053 ], [ 85.174884200000065, 27.963926600000036 ], [ 85.175342700000044, 27.964038200000061 ], [ 85.175453100000084, 27.964070400000026 ], [ 85.175502400000084, 27.964090400000032 ], [ 85.175590600000078, 27.964136500000052 ], [ 85.175663300000053, 27.964184500000044 ], [ 85.175770600000078, 27.96426880000007 ], [ 85.175848700000074, 27.964310200000057 ], [ 85.175918900000056, 27.96433920000004 ], [ 85.175996800000064, 27.964365300000054 ], [ 85.176166, 27.964406100000076 ], [ 85.176327700000058, 27.964458700000023 ], [ 85.176442400000042, 27.964509100000043 ], [ 85.176498800000047, 27.964539300000069 ], [ 85.176605, 27.964610300000061 ], [ 85.176650600000073, 27.964651500000059 ], [ 85.176688700000057, 27.964696300000071 ], [ 85.176749400000062, 27.964791900000023 ], [ 85.176827, 27.964933 ], [ 85.176856100000066, 27.96497480000005 ], [ 85.176889700000061, 27.965012200000047 ], [ 85.176929500000085, 27.965043800000046 ], [ 85.177108800000042, 27.965167 ], [ 85.177326400000084, 27.965323400000045 ], [ 85.177522300000078, 27.965472600000055 ], [ 85.177741400000059, 27.965687200000048 ], [ 85.178084600000034, 27.966036600000052 ], [ 85.178447400000039, 27.966454300000066 ], [ 85.178565700000036, 27.96658130000003 ], [ 85.17862910000008, 27.966632 ], [ 85.178720300000066, 27.966696500000069 ], [ 85.179069800000036, 27.966923500000064 ], [ 85.179113800000039, 27.966959800000041 ], [ 85.179201300000045, 27.96704550000004 ], [ 85.179315300000042, 27.967179600000065 ], [ 85.179383800000039, 27.967277800000033 ], [ 85.179719100000057, 27.967976300000032 ], [ 85.179819300000077, 27.968154300000037 ], [ 85.1799, 27.968278600000076 ], [ 85.179957700000045, 27.968358 ], [ 85.179993200000069, 27.968398700000023 ], [ 85.18003820000007, 27.968441700000028 ], [ 85.180147800000043, 27.96853 ], [ 85.180324800000051, 27.968650400000058 ], [ 85.180459300000052, 27.968727600000079 ], [ 85.180591200000038, 27.968777800000055 ], [ 85.180825600000048, 27.968845400000077 ], [ 85.180903, 27.968848500000036 ], [ 85.180931300000054, 27.968870500000037 ], [ 85.181017600000075, 27.968884400000036 ], [ 85.181126800000072, 27.968884900000035 ], [ 85.181319600000052, 27.968866 ], [ 85.18139350000007, 27.968845400000077 ], [ 85.181503100000043, 27.968832600000042 ], [ 85.18171760000007, 27.968780500000037 ], [ 85.181832400000076, 27.968764600000043 ], [ 85.181918300000063, 27.968759500000033 ], [ 85.182020300000033, 27.968760100000054 ], [ 85.182142900000031, 27.968776600000069 ], [ 85.182356600000048, 27.968824700000027 ], [ 85.183094700000083, 27.969021500000053 ], [ 85.183719600000074, 27.969198900000038 ], [ 85.183815100000061, 27.969228900000076 ], [ 85.183922500000051, 27.969268300000067 ], [ 85.184035, 27.969318600000065 ], [ 85.184091, 27.96934820000007 ], [ 85.184202900000059, 27.969421500000067 ], [ 85.184257700000046, 27.969464 ], [ 85.184359900000061, 27.969552800000031 ], [ 85.184444700000086, 27.969636900000069 ], [ 85.18450340000004, 27.96970390000007 ], [ 85.184593900000039, 27.969852100000026 ], [ 85.184658, 27.969970700000033 ], [ 85.184690100000068, 27.970038100000068 ], [ 85.184738100000061, 27.970106800000053 ], [ 85.18479080000003, 27.970312100000058 ], [ 85.184861100000035, 27.970532500000047 ], [ 85.184866500000055, 27.970550100000025 ], [ 85.185063500000069, 27.971112800000071 ], [ 85.185260700000072, 27.97164360000005 ] ], [ [ 85.17226480000005, 27.964117200000032 ], [ 85.172240400000078, 27.964092200000039 ], [ 85.172210800000073, 27.964061500000071 ], [ 85.172164400000042, 27.964027400000077 ], [ 85.172105200000033, 27.964002300000061 ], [ 85.172062700000083, 27.96399660000003 ], [ 85.172009900000035, 27.963994400000047 ], [ 85.171953300000041, 27.963991 ], [ 85.171905600000059, 27.96398750000003 ], [ 85.171847700000058, 27.963991 ], [ 85.171790700000031, 27.963992900000051 ], [ 85.171689700000059, 27.963989100000049 ], [ 85.171586200000036, 27.963983600000063 ], [ 85.17148050000003, 27.963975900000037 ], [ 85.171394200000066, 27.96396 ], [ 85.171145700000068, 27.96390880000007 ], [ 85.17104530000006, 27.963882600000034 ], [ 85.170973200000049, 27.96385760000004 ], [ 85.170765900000049, 27.963754100000074 ], [ 85.17069760000004, 27.963699600000041 ], [ 85.170630700000061, 27.963638100000026 ], [ 85.170249600000034, 27.963347 ], [ 85.170068, 27.963355 ], [ 85.169890700000053, 27.963378400000067 ] ], [ [ 85.170729900000083, 27.964138300000059 ], [ 85.170680400000037, 27.964062300000023 ], [ 85.170604400000059, 27.963985700000023 ], [ 85.170537700000068, 27.963941700000078 ], [ 85.170488700000078, 27.963924200000065 ], [ 85.170440500000041, 27.963927 ], [ 85.170082800000046, 27.963969900000052 ], [ 85.169978700000058, 27.963952600000027 ], [ 85.169929400000058, 27.963923200000067 ], [ 85.169916600000079, 27.963887100000079 ], [ 85.170026, 27.963566600000036 ], [ 85.170031200000039, 27.963522500000067 ], [ 85.170025900000041, 27.963476600000035 ], [ 85.170011400000078, 27.963441600000067 ], [ 85.169984500000055, 27.963409700000057 ], [ 85.169890700000053, 27.963378400000067 ] ], [ [ 85.170729900000083, 27.964138300000059 ], [ 85.17081550000006, 27.964139 ], [ 85.170951500000058, 27.964223 ], [ 85.171045500000048, 27.964260500000023 ], [ 85.171171700000059, 27.964304800000036 ], [ 85.171294, 27.964325300000041 ], [ 85.171473, 27.964340100000072 ], [ 85.171582400000034, 27.964342400000078 ], [ 85.171663500000079, 27.964357100000029 ], [ 85.171861800000045, 27.964401500000065 ], [ 85.171984200000054, 27.964424200000053 ], [ 85.172023100000047, 27.96435340000005 ], [ 85.172068200000069, 27.964361800000063 ], [ 85.172102300000063, 27.96431860000007 ], [ 85.172139200000061, 27.964269200000047 ], [ 85.17216540000004, 27.964242900000045 ], [ 85.17220210000005, 27.964201100000025 ], [ 85.172230400000046, 27.964175700000055 ], [ 85.172238900000082, 27.964142500000037 ], [ 85.17226480000005, 27.964117200000032 ] ], [ [ 85.170824900000071, 27.964387 ], [ 85.170729900000083, 27.964138300000059 ] ], [ [ 85.170824900000071, 27.964387 ], [ 85.17067110000005, 27.964383300000065 ], [ 85.170405900000048, 27.964489700000058 ], [ 85.17009580000007, 27.964557100000036 ], [ 85.169938200000047, 27.96462740000004 ] ], [ [ 85.169938200000047, 27.96462740000004 ], [ 85.169931829000063, 27.964686459000063 ] ], [ [ 85.169938200000047, 27.96462740000004 ], [ 85.169952984000076, 27.964689059000079 ] ], [ [ 85.173420500000077, 27.966151400000058 ], [ 85.173413800000048, 27.96605210000007 ], [ 85.173455700000034, 27.965904500000079 ], [ 85.173361700000044, 27.965769800000032 ], [ 85.173235400000067, 27.965705400000047 ], [ 85.173115900000084, 27.965668400000027 ], [ 85.172845900000084, 27.965630600000054 ], [ 85.17262420000003, 27.965473 ], [ 85.172501100000034, 27.965400500000044 ], [ 85.172234300000071, 27.965369300000077 ], [ 85.171974, 27.965323100000035 ], [ 85.171280900000056, 27.965069700000072 ], [ 85.17110260000004, 27.964991200000043 ], [ 85.170931100000075, 27.964880100000073 ], [ 85.170805400000063, 27.964716400000043 ], [ 85.170850900000062, 27.964536900000041 ], [ 85.170824900000071, 27.964387 ] ], [ [ 85.173420500000077, 27.966151400000058 ], [ 85.173299400000076, 27.966475600000024 ], [ 85.173212300000046, 27.966528900000071 ], [ 85.173033900000064, 27.96651 ], [ 85.172866300000067, 27.966500500000052 ], [ 85.172666400000082, 27.966515900000047 ], [ 85.17257260000008, 27.966525400000023 ], [ 85.172442500000045, 27.966492200000062 ], [ 85.172308400000077, 27.966442500000028 ], [ 85.172167500000057, 27.966339400000038 ], [ 85.17203070000005, 27.966275500000052 ] ], [ [ 85.171553509000034, 27.966226294000023 ], [ 85.171606300000064, 27.966222100000039 ], [ 85.171722200000033, 27.966166500000043 ], [ 85.171872600000086, 27.966057 ], [ 85.171958, 27.966127 ], [ 85.171972200000084, 27.966184400000031 ], [ 85.17203070000005, 27.966275500000052 ] ], [ [ 85.17203070000005, 27.966275500000052 ], [ 85.171872500000063, 27.966270700000052 ], [ 85.171775900000057, 27.966288500000076 ], [ 85.171711600000037, 27.966287300000033 ], [ 85.171623100000033, 27.966356 ], [ 85.17152883600005, 27.96648241500003 ] ], [ [ 85.175206200000048, 27.967128200000047 ], [ 85.175095500000054, 27.967050100000051 ], [ 85.174660700000061, 27.966706400000078 ], [ 85.174461600000086, 27.966586600000028 ], [ 85.174168500000064, 27.966403200000059 ], [ 85.174037800000065, 27.966323300000056 ], [ 85.173912400000063, 27.966299500000048 ], [ 85.17369860000008, 27.966273200000046 ], [ 85.173507100000052, 27.966212100000064 ], [ 85.173420500000077, 27.966151400000058 ] ], [ [ 85.174906874000044, 27.967972146000079 ], [ 85.17496680000005, 27.967894100000024 ], [ 85.174939100000074, 27.967837 ], [ 85.175035900000069, 27.967710800000077 ], [ 85.175146600000062, 27.967539700000032 ], [ 85.175178900000049, 27.967356400000028 ], [ 85.175206200000048, 27.967128200000047 ] ], [ [ 85.177181107000081, 27.96943340200005 ], [ 85.177011700000037, 27.969287300000076 ], [ 85.176755100000037, 27.968989800000031 ], [ 85.176538100000073, 27.968774100000076 ], [ 85.17620050000005, 27.968395 ], [ 85.175634900000034, 27.967606400000079 ], [ 85.175612500000057, 27.96756 ], [ 85.175607900000045, 27.967502900000056 ], [ 85.175614300000063, 27.967378300000064 ], [ 85.175601500000084, 27.967328400000042 ], [ 85.175567200000046, 27.967293300000051 ], [ 85.175206200000048, 27.967128200000047 ] ], [ [ 85.177644261000069, 27.969891420000067 ], [ 85.177626500000031, 27.96985490000003 ], [ 85.177435500000058, 27.969652800000063 ], [ 85.17728427000003, 27.969522373000075 ] ], [ [ 85.185260700000072, 27.97164360000005 ], [ 85.185271700000044, 27.97167040000005 ] ], [ [ 85.185271700000044, 27.97167040000005 ], [ 85.185457500000041, 27.97163450000005 ], [ 85.185562100000084, 27.971582400000045 ], [ 85.18572510000007, 27.971490700000061 ], [ 85.185825, 27.971461600000055 ], [ 85.185983200000067, 27.971494700000051 ], [ 85.186074400000052, 27.97145450000005 ], [ 85.186189800000079, 27.971174900000051 ], [ 85.186254100000042, 27.971153600000036 ], [ 85.186326800000074, 27.97111110000003 ], [ 85.186400500000047, 27.971122600000058 ], [ 85.186451400000067, 27.971158100000025 ], [ 85.186521402000039, 27.971184572000027 ] ], [ [ 85.185271700000044, 27.97167040000005 ], [ 85.185357, 27.971883 ] ], [ [ 85.185357, 27.971883 ], [ 85.185231, 27.971864 ], [ 85.18518, 27.971826100000044 ], [ 85.185145100000057, 27.971783400000049 ], [ 85.185131700000056, 27.971736100000044 ], [ 85.185137100000077, 27.971700500000054 ], [ 85.185161200000039, 27.97167920000004 ], [ 85.185260700000072, 27.97164360000005 ] ], [ [ 85.185357, 27.971883 ], [ 85.18546, 27.972169400000041 ], [ 85.185536500000069, 27.972379900000078 ] ], [ [ 85.185536500000069, 27.972379900000078 ], [ 85.185234600000058, 27.972475600000053 ], [ 85.185182700000041, 27.972480300000029 ] ], [ [ 85.185536500000069, 27.972379900000078 ], [ 85.185668200000066, 27.972790200000077 ], [ 85.185683600000061, 27.972898300000054 ] ], [ [ 85.185182700000041, 27.972480300000029 ], [ 85.185135800000069, 27.972455400000058 ], [ 85.185123600000054, 27.972432 ], [ 85.18508090000006, 27.972433800000033 ], [ 85.183958500000074, 27.972525900000051 ], [ 85.183826100000033, 27.972548800000027 ], [ 85.183762900000033, 27.972579200000041 ], [ 85.183774400000061, 27.972741600000063 ], [ 85.183492900000033, 27.973117100000024 ], [ 85.183406700000035, 27.973117100000024 ], [ 85.183297500000037, 27.973076500000047 ], [ 85.183159600000067, 27.973005500000056 ], [ 85.183067700000038, 27.973020700000063 ], [ 85.182935500000042, 27.973046100000033 ], [ 85.182843600000069, 27.973112100000037 ], [ 85.182699900000046, 27.973178 ], [ 85.182533300000046, 27.973086700000067 ], [ 85.182424100000048, 27.973132400000054 ], [ 85.182349400000078, 27.973198300000035 ], [ 85.182307600000058, 27.973232900000028 ] ], [ [ 85.185182700000041, 27.972480300000029 ], [ 85.185108900000046, 27.972540300000048 ], [ 85.185098200000084, 27.972604300000057 ], [ 85.185137100000077, 27.972727400000053 ], [ 85.185214900000062, 27.972973800000034 ] ], [ [ 85.180733441000086, 27.972663770000054 ], [ 85.180930200000034, 27.972675600000059 ], [ 85.181079600000032, 27.972741600000063 ], [ 85.181206, 27.972736500000053 ], [ 85.181309400000032, 27.972812700000077 ], [ 85.181412900000055, 27.972751800000026 ], [ 85.181562300000053, 27.97279240000006 ], [ 85.181648400000086, 27.972904 ], [ 85.181728900000053, 27.972939500000052 ], [ 85.181789800000047, 27.973001100000033 ], [ 85.181859800000041, 27.972972300000038 ], [ 85.182090900000048, 27.973142500000051 ], [ 85.182205800000077, 27.973218600000052 ], [ 85.182307600000058, 27.973232900000028 ] ], [ [ 85.185683600000061, 27.972898300000054 ], [ 85.185688300000038, 27.972935300000074 ], [ 85.185864200000083, 27.973448400000052 ] ], [ [ 85.185214900000062, 27.972973800000034 ], [ 85.185265800000082, 27.972950100000048 ], [ 85.185449600000084, 27.972922900000071 ], [ 85.185579700000062, 27.972911 ], [ 85.185683600000061, 27.972898300000054 ] ], [ [ 85.185214900000062, 27.972973800000034 ], [ 85.185306100000048, 27.973251 ], [ 85.185390600000062, 27.973434500000053 ], [ 85.185453600000073, 27.973537600000043 ], [ 85.185509900000056, 27.973583800000029 ], [ 85.185589, 27.973619300000053 ], [ 85.185665500000084, 27.973613400000033 ], [ 85.185916900000052, 27.973602 ] ], [ [ 85.182307600000058, 27.973232900000028 ], [ 85.182299300000068, 27.973309 ], [ 85.182298800000069, 27.973312200000066 ], [ 85.182268, 27.973463800000047 ], [ 85.182223100000044, 27.973613700000044 ], [ 85.182210300000065, 27.973649 ], [ 85.182197400000064, 27.973671400000057 ], [ 85.182173900000066, 27.973689 ], [ 85.182040500000085, 27.973769200000049 ], [ 85.182001600000035, 27.973799300000053 ], [ 85.181959, 27.97384210000007 ], [ 85.181924700000081, 27.973883200000046 ], [ 85.181883600000049, 27.973941500000024 ], [ 85.181782700000042, 27.974111300000061 ], [ 85.181746800000042, 27.974164100000053 ], [ 85.181613, 27.974302 ], [ 85.181563700000083, 27.974383500000044 ], [ 85.181511900000032, 27.974452700000029 ], [ 85.181461700000057, 27.974496500000043 ], [ 85.181399200000044, 27.974532600000032 ], [ 85.181381, 27.974555 ], [ 85.181377300000065, 27.974573500000076 ], [ 85.18138440000007, 27.97460650000005 ], [ 85.181463200000053, 27.974755200000061 ], [ 85.181478100000049, 27.974800300000027 ], [ 85.181484300000079, 27.974850100000026 ], [ 85.181475200000079, 27.974894800000072 ], [ 85.18146310000003, 27.974912300000028 ], [ 85.181444800000065, 27.974925 ], [ 85.181419600000083, 27.974931600000048 ], [ 85.181242500000053, 27.974952900000062 ] ], [ [ 85.185864200000083, 27.973448400000052 ], [ 85.186004100000048, 27.973389100000077 ], [ 85.186041800000055, 27.973283800000047 ], [ 85.186173100000076, 27.973303800000053 ], [ 85.186228500000084, 27.973332200000073 ], [ 85.186289, 27.973325900000077 ], [ 85.18636680000003, 27.973245300000031 ], [ 85.186466, 27.973181400000044 ], [ 85.18653850000004, 27.97307950000004 ], [ 85.186570700000061, 27.97289 ], [ 85.18663403000005, 27.972719070000039 ] ], [ [ 85.185864200000083, 27.973448400000052 ], [ 85.185916900000052, 27.973602 ] ], [ [ 85.185916900000052, 27.973602 ], [ 85.185896200000059, 27.97371140000007 ], [ 85.185882, 27.97390740000003 ], [ 85.185860300000058, 27.973962500000027 ] ], [ [ 85.185860300000058, 27.973962500000027 ], [ 85.185662400000069, 27.974479900000063 ], [ 85.185546100000067, 27.974750300000039 ], [ 85.18551130000003, 27.974807300000066 ], [ 85.185476400000084, 27.974849900000038 ], [ 85.185423800000081, 27.974887800000033 ] ], [ [ 85.185423800000081, 27.974887800000033 ], [ 85.185419, 27.974858400000073 ], [ 85.185363700000039, 27.974794300000042 ], [ 85.185280600000056, 27.974744500000043 ], [ 85.185135700000046, 27.974564500000042 ], [ 85.185084800000084, 27.974448400000028 ], [ 85.184945300000038, 27.974372600000038 ], [ 85.184846, 27.974232800000038 ], [ 85.184789700000067, 27.974168900000052 ], [ 85.184682400000042, 27.974138100000062 ], [ 85.184395400000085, 27.973969900000043 ] ], [ [ 85.185423800000081, 27.974887800000033 ], [ 85.185333600000035, 27.974916500000063 ], [ 85.185276700000031, 27.974926200000027 ], [ 85.185183800000061, 27.97492630000005 ], [ 85.184678900000051, 27.974874600000078 ], [ 85.184605700000077, 27.974861900000064 ], [ 85.184425100000055, 27.974808800000062 ], [ 85.184265400000072, 27.974786400000028 ], [ 85.184178900000063, 27.974788700000033 ], [ 85.184119200000055, 27.974800200000061 ], [ 85.184068800000034, 27.974826 ], [ 85.184035300000062, 27.974865900000054 ], [ 85.184024400000055, 27.974892300000079 ] ], [ [ 85.184024400000055, 27.974892300000079 ], [ 85.184006, 27.974936800000023 ], [ 85.183976100000052, 27.975053100000025 ], [ 85.183940800000073, 27.975400600000057 ], [ 85.183945099000084, 27.975764626000057 ] ], [ [ 85.184024400000055, 27.974892300000079 ], [ 85.183995800000048, 27.974890200000061 ], [ 85.183965, 27.974898500000052 ], [ 85.183942200000047, 27.974912700000061 ], [ 85.183923400000083, 27.974930400000062 ], [ 85.183908600000052, 27.974974300000042 ], [ 85.183883200000082, 27.975097400000038 ], [ 85.183863, 27.975205200000062 ], [ 85.183804, 27.975322500000061 ], [ 85.183719100000076, 27.975451300000032 ], [ 85.183122800000035, 27.976068600000076 ], [ 85.182956500000046, 27.976260500000024 ], [ 85.182864100000074, 27.976411 ], [ 85.182723100000032, 27.976710600000047 ], [ 85.182498700000053, 27.977278400000046 ], [ 85.182413900000086, 27.977415400000041 ], [ 85.182101900000077, 27.978120400000023 ], [ 85.182082100000059, 27.97821 ], [ 85.182098300000064, 27.978267900000048 ] ], [ [ 85.181242500000053, 27.974952900000062 ], [ 85.181233700000064, 27.974894900000038 ], [ 85.180848800000035, 27.974179900000024 ], [ 85.180616864000058, 27.973418129000038 ] ], [ [ 85.190787036000074, 27.975042770000073 ], [ 85.190630900000031, 27.975419800000054 ], [ 85.190151, 27.974942500000054 ], [ 85.189869800000054, 27.974864600000046 ], [ 85.189119700000049, 27.974518700000033 ], [ 85.188490900000033, 27.974548 ], [ 85.188111100000071, 27.974541400000078 ], [ 85.187952700000039, 27.974571100000048 ], [ 85.187607, 27.974469300000067 ], [ 85.187124500000039, 27.97431030000007 ], [ 85.186766800000044, 27.97427 ], [ 85.186603500000047, 27.974234 ], [ 85.186270200000081, 27.974117300000046 ], [ 85.185860300000058, 27.973962500000027 ] ], [ [ 85.181234354000082, 27.975064660000044 ], [ 85.181241700000044, 27.974966800000061 ], [ 85.181242500000053, 27.974952900000062 ] ], [ [ 85.180585500000063, 27.977190200000052 ], [ 85.180743600000085, 27.976938 ], [ 85.180787900000041, 27.976828800000078 ], [ 85.180839200000037, 27.976680900000076 ], [ 85.180888500000037, 27.97656610000007 ], [ 85.18094, 27.976474100000075 ], [ 85.181146, 27.976132600000028 ], [ 85.181166300000029, 27.976095300000054 ], [ 85.181191100000035, 27.976029500000038 ], [ 85.181196600000078, 27.976000100000078 ], [ 85.181196800000066, 27.975945200000069 ], [ 85.181186400000058, 27.975892100000067 ], [ 85.181163100000049, 27.975806400000067 ], [ 85.181160129000034, 27.975761833000035 ] ], [ [ 85.180585500000063, 27.977190200000052 ], [ 85.180536400000051, 27.977238200000045 ], [ 85.18051360000004, 27.977251800000033 ], [ 85.180487500000083, 27.977248900000063 ], [ 85.180464700000073, 27.977219900000023 ], [ 85.180503800000054, 27.977118 ], [ 85.180496900000037, 27.977070600000047 ], [ 85.180484943000067, 27.976999984000031 ] ], [ [ 85.180132800000081, 27.978209800000059 ], [ 85.180177700000058, 27.978105800000037 ], [ 85.180209900000079, 27.977977900000042 ], [ 85.180335900000046, 27.97775050000007 ], [ 85.180585500000063, 27.977190200000052 ] ], [ [ 85.180132800000081, 27.978209800000059 ], [ 85.181017, 27.978657600000076 ], [ 85.180952900000079, 27.978920600000038 ] ], [ [ 85.182098300000064, 27.978267900000048 ], [ 85.182066700000064, 27.978540400000043 ], [ 85.181961800000067, 27.97883580000007 ], [ 85.181856300000049, 27.979336400000079 ] ], [ [ 85.182098300000064, 27.978267900000048 ], [ 85.182405900000049, 27.978497200000049 ], [ 85.182438900000079, 27.978539600000033 ], [ 85.182433400000036, 27.978596100000061 ], [ 85.182285, 27.979193600000031 ], [ 85.182284700000082, 27.979470400000025 ] ], [ [ 85.180952900000079, 27.978920600000038 ], [ 85.181074300000034, 27.978925700000048 ], [ 85.181689600000084, 27.979137900000069 ], [ 85.181703900000059, 27.97924990000007 ], [ 85.181856300000049, 27.979336400000079 ] ], [ [ 85.180952900000079, 27.978920600000038 ], [ 85.180734200000074, 27.979259500000069 ], [ 85.180402800000081, 27.979170800000077 ], [ 85.18024870000005, 27.979244700000038 ], [ 85.180267700000059, 27.979595500000073 ], [ 85.180238700000075, 27.979818300000034 ], [ 85.18010350000003, 27.980034400000079 ], [ 85.180074600000069, 27.980309200000079 ], [ 85.180057900000065, 27.980433400000038 ], [ 85.180024400000036, 27.98054570000005 ], [ 85.179900500000031, 27.980836500000066 ], [ 85.179875200000083, 27.98104660000007 ], [ 85.179841600000032, 27.981164700000079 ], [ 85.179822800000068, 27.981247 ], [ 85.179796100000033, 27.981316800000059 ], [ 85.179788200000075, 27.981390500000032 ], [ 85.179787300000044, 27.981512200000054 ], [ 85.179787300000044, 27.982168400000035 ], [ 85.179776600000082, 27.982327100000077 ], [ 85.179830300000049, 27.98238630000003 ], [ 85.179832900000065, 27.982530800000063 ], [ 85.179736400000081, 27.982646800000055 ], [ 85.179535200000032, 27.982829800000047 ], [ 85.179529200000047, 27.98283790000005 ], [ 85.179315300000042, 27.982971300000031 ] ], [ [ 85.181856300000049, 27.979336400000079 ], [ 85.182284700000082, 27.979470400000025 ] ], [ [ 85.182284700000082, 27.979470400000025 ], [ 85.182259100000067, 27.979499300000043 ], [ 85.182135500000072, 27.979608600000063 ], [ 85.182012, 27.979958800000077 ], [ 85.181882, 27.98016860000007 ], [ 85.181621200000052, 27.980869900000073 ], [ 85.181598200000053, 27.981047400000023 ], [ 85.181264500000054, 27.981473100000073 ], [ 85.181222800000057, 27.981639100000052 ], [ 85.181231500000081, 27.981833300000062 ], [ 85.181138100000055, 27.982085400000074 ], [ 85.181125500000064, 27.982186900000045 ], [ 85.181143900000052, 27.982383300000038 ], [ 85.181204300000047, 27.982533400000079 ], [ 85.181574600000033, 27.983320100000071 ], [ 85.181796600000041, 27.983754500000032 ], [ 85.181789, 27.983851200000061 ], [ 85.181701500000031, 27.984958100000028 ], [ 85.181799200000057, 27.98619670000005 ], [ 85.18180140000004, 27.986481100000049 ], [ 85.181761800000061, 27.98670960000004 ], [ 85.181698100000062, 27.986914700000057 ], [ 85.181723800000043, 27.987138800000025 ], [ 85.182030500000053, 27.987395700000036 ], [ 85.182245900000055, 27.98794410000005 ], [ 85.182594900000083, 27.988249500000052 ], [ 85.182533700000079, 27.98869220000006 ], [ 85.182568100000083, 27.988966100000027 ], [ 85.182623600000056, 27.989192600000024 ], [ 85.182809300000031, 27.989285600000073 ], [ 85.182985100000053, 27.989363200000071 ], [ 85.183253, 27.989754900000037 ], [ 85.183260200000063, 27.989944800000046 ], [ 85.183370300000036, 27.990198900000053 ], [ 85.183429600000068, 27.990317600000026 ], [ 85.183549, 27.990466300000037 ], [ 85.183487, 27.990710600000057 ], [ 85.18344970000004, 27.990923600000031 ] ], [ [ 85.177959338000051, 27.981948733000024 ], [ 85.178609, 27.98134820000007 ], [ 85.179063900000074, 27.980492200000072 ], [ 85.179095800000084, 27.98016350000006 ], [ 85.179476700000066, 27.979472900000076 ], [ 85.17969510000006, 27.979058100000032 ], [ 85.179806300000052, 27.978887200000031 ], [ 85.179891500000053, 27.978641800000048 ], [ 85.179939, 27.978477700000042 ], [ 85.180075800000054, 27.978285800000037 ], [ 85.180132800000081, 27.978209800000059 ] ], [ [ 85.177736142000072, 27.982229563000033 ], [ 85.177803400000073, 27.982216100000073 ], [ 85.177840270000047, 27.982150269000044 ] ], [ [ 85.179315300000042, 27.982971300000031 ], [ 85.179104800000061, 27.983075300000053 ], [ 85.178962100000035, 27.983172500000023 ], [ 85.178902600000072, 27.983295100000078 ], [ 85.178829400000041, 27.983734800000036 ] ], [ [ 85.176660900000059, 27.983396800000037 ], [ 85.176536500000054, 27.983501900000078 ], [ 85.176461400000051, 27.983845700000074 ] ], [ [ 85.178829400000041, 27.983734800000036 ], [ 85.178493200000048, 27.983877900000039 ], [ 85.178023900000085, 27.983887800000048 ], [ 85.177420100000063, 27.983905700000037 ], [ 85.176941100000079, 27.98377540000007 ], [ 85.176461400000051, 27.983845700000074 ] ], [ [ 85.174730649000082, 27.983805010000026 ], [ 85.17470650000007, 27.983741500000065 ], [ 85.17463280000004, 27.983585300000072 ], [ 85.174492800000053, 27.983507200000076 ], [ 85.174334400000077, 27.983497400000033 ], [ 85.174287005000053, 27.983470932000046 ] ], [ [ 85.17887, 27.983830700000055 ], [ 85.178829400000041, 27.983734800000036 ] ], [ [ 85.17887, 27.983830700000055 ], [ 85.178886100000057, 27.983786100000032 ], [ 85.17896120000006, 27.983712700000069 ], [ 85.179028300000084, 27.983620300000041 ], [ 85.179081900000085, 27.98349950000005 ], [ 85.179095300000085, 27.983345600000064 ], [ 85.179315300000042, 27.982971300000031 ] ], [ [ 85.176461400000051, 27.983845700000074 ], [ 85.176148100000034, 27.983685100000059 ], [ 85.175806500000078, 27.983530700000074 ], [ 85.175612, 27.983365700000036 ], [ 85.175516900000048, 27.983137500000055 ], [ 85.175572300000056, 27.982867900000031 ], [ 85.175621700000079, 27.982609900000057 ], [ 85.175641400000075, 27.982543200000066 ], [ 85.175673600000039, 27.982499700000062 ], [ 85.175749, 27.982461900000033 ], [ 85.175825800000041, 27.98245890000004 ], [ 85.175881300000071, 27.98247740000005 ], [ 85.175933, 27.982512100000065 ], [ 85.176013800000078, 27.982592900000043 ], [ 85.176078500000074, 27.982654800000034 ], [ 85.176173700000049, 27.982691100000068 ], [ 85.17628760000008, 27.982712900000024 ], [ 85.176415200000065, 27.982693100000063 ], [ 85.176959500000066, 27.982448100000056 ], [ 85.177260029000081, 27.98234977900006 ] ], [ [ 85.176461400000051, 27.983845700000074 ], [ 85.176542100000063, 27.98399930000005 ], [ 85.176443495000058, 27.984079701000041 ] ], [ [ 85.176249707000068, 27.984113964000073 ], [ 85.176082200000053, 27.984122900000045 ], [ 85.175827300000037, 27.984096400000055 ], [ 85.175617400000078, 27.984012600000028 ], [ 85.17536750000005, 27.983928700000035 ], [ 85.175217500000031, 27.983946400000036 ], [ 85.175105514000052, 27.983985920000066 ] ], [ [ 85.178892388000065, 27.984907927000052 ], [ 85.178810300000066, 27.984153400000025 ], [ 85.17887, 27.983830700000055 ] ], [ [ 85.18344970000004, 27.990923600000031 ], [ 85.183219300000076, 27.991078500000071 ], [ 85.183090600000071, 27.991279900000052 ], [ 85.183039600000086, 27.991481200000067 ], [ 85.182935, 27.991680100000053 ], [ 85.182884, 27.991824600000029 ], [ 85.182846500000039, 27.991876700000034 ] ], [ [ 85.18344970000004, 27.990923600000031 ], [ 85.183489500000064, 27.99113710000006 ], [ 85.184069200000067, 27.992899500000078 ], [ 85.184114800000032, 27.993071600000064 ] ], [ [ 85.181492526000056, 27.992464103000032 ], [ 85.181455, 27.992281300000059 ], [ 85.181480700000066, 27.991946800000051 ], [ 85.181458100000043, 27.991759500000057 ], [ 85.181222700000035, 27.991603100000077 ], [ 85.181148440000072, 27.991538955000067 ] ], [ [ 85.184503900000038, 27.992707100000075 ], [ 85.184517100000051, 27.992407600000035 ], [ 85.184512500000039, 27.992121 ], [ 85.184395700000039, 27.991601500000058 ], [ 85.184365300000081, 27.991347900000051 ], [ 85.184360628000036, 27.991020344000049 ] ], [ [ 85.184503900000038, 27.992707100000075 ], [ 85.184542800000031, 27.992863300000067 ], [ 85.184510100000068, 27.99310040000006 ], [ 85.184505400000035, 27.993310700000052 ], [ 85.184503100000086, 27.993523100000061 ], [ 85.184636200000057, 27.993923100000075 ] ], [ [ 85.184114800000032, 27.993071600000064 ], [ 85.184428400000058, 27.992778800000053 ], [ 85.184496100000047, 27.992675700000063 ], [ 85.184503900000038, 27.992707100000075 ] ], [ [ 85.184114800000032, 27.993071600000064 ], [ 85.184401800000046, 27.994155800000044 ], [ 85.184679, 27.994677900000056 ], [ 85.18486020000006, 27.99491450000005 ], [ 85.185200500000064, 27.995359 ] ], [ [ 85.181791635000081, 27.993323473000032 ], [ 85.18179, 27.993171600000039 ], [ 85.181678700000077, 27.992973200000051 ], [ 85.181632800000045, 27.992674900000054 ], [ 85.181563930000038, 27.992596666000054 ] ], [ [ 85.182311500000083, 27.994025 ], [ 85.182129200000077, 27.993761900000038 ], [ 85.181988, 27.993671500000062 ], [ 85.181870700000047, 27.993558 ], [ 85.181815422000057, 27.993429770000034 ] ], [ [ 85.18192319800005, 27.994085308000024 ], [ 85.182000200000061, 27.994167400000038 ], [ 85.182192, 27.994391900000039 ], [ 85.182251, 27.994460600000025 ], [ 85.18232880000005, 27.994595600000025 ], [ 85.182412, 27.994735400000025 ], [ 85.182489800000042, 27.994721100000049 ], [ 85.182476300000076, 27.994548300000076 ], [ 85.182390500000054, 27.994406200000071 ], [ 85.182358300000033, 27.994335700000079 ], [ 85.182274200000052, 27.994172800000058 ], [ 85.182196, 27.994053200000053 ], [ 85.182018500000083, 27.993852200000049 ], [ 85.181978800000081, 27.993798600000048 ], [ 85.182052400000032, 27.993788300000062 ], [ 85.182298700000047, 27.994023300000038 ], [ 85.182311500000083, 27.994025 ] ], [ [ 85.185200500000064, 27.995359 ], [ 85.184808200000077, 27.995618900000068 ], [ 85.184466, 27.995781400000055 ], [ 85.184317300000032, 27.995935 ], [ 85.18425730000007, 27.996449600000062 ] ], [ [ 85.185200500000064, 27.995359 ], [ 85.185334900000043, 27.995534500000076 ], [ 85.186120200000062, 27.996154500000046 ], [ 85.186489400000085, 27.996988300000055 ], [ 85.186376300000063, 27.998164600000052 ], [ 85.186140700000067, 27.999666800000057 ], [ 85.185958200000073, 27.999879900000053 ] ], [ [ 85.18425730000007, 27.996449600000062 ], [ 85.183634700000084, 27.996176400000024 ], [ 85.183082900000045, 27.996169800000075 ], [ 85.182754900000077, 27.995636500000046 ], [ 85.182884700000045, 27.994981100000075 ], [ 85.182866700000034, 27.994826700000033 ], [ 85.182311500000083, 27.994025 ] ], [ [ 85.18425730000007, 27.996449600000062 ], [ 85.184310200000084, 27.996587900000065 ] ], [ [ 85.184310200000084, 27.996587900000065 ], [ 85.184140900000045, 27.996712 ], [ 85.184075500000063, 27.996823300000074 ], [ 85.184007800000074, 27.99688720000006 ], [ 85.18394950000004, 27.996944900000074 ], [ 85.183881700000086, 27.996940800000061 ], [ 85.183870525000032, 27.996953965000046 ] ], [ [ 85.184310200000084, 27.996587900000065 ], [ 85.18456180000004, 27.997245300000031 ] ], [ [ 85.18456180000004, 27.997245300000031 ], [ 85.184607200000073, 27.997363800000073 ], [ 85.184552600000075, 27.997590400000036 ], [ 85.184569, 27.99805310000005 ], [ 85.184242400000073, 27.998856 ], [ 85.184328200000039, 27.999195100000065 ], [ 85.184015, 27.999461800000063 ], [ 85.183701800000051, 27.999945700000069 ], [ 85.183556400000043, 28.000120100000061 ], [ 85.183414800000037, 28.000597400000061 ], [ 85.183295500000042, 28.000801500000023 ], [ 85.183366300000046, 28.001107700000034 ], [ 85.183336500000053, 28.001614600000039 ], [ 85.183448300000066, 28.001789100000053 ], [ 85.18337, 28.002421100000049 ], [ 85.183425900000032, 28.002750300000059 ], [ 85.183224600000074, 28.003079500000069 ], [ 85.183504200000073, 28.004004500000065 ], [ 85.183444300000076, 28.004383700000062 ], [ 85.183414800000037, 28.004570600000079 ], [ 85.183578800000078, 28.005084200000056 ], [ 85.183364300000051, 28.005592600000057 ], [ 85.183066600000075, 28.00598 ], [ 85.182894800000042, 28.006489400000078 ], [ 85.182925, 28.006932 ], [ 85.182889400000079, 28.00751340000005 ], [ 85.182644100000061, 28.008622400000036 ], [ 85.18226640000006, 28.009402800000032 ] ], [ [ 85.184336419000033, 27.997357174000058 ], [ 85.18456180000004, 27.997245300000031 ] ], [ [ 85.185958200000073, 27.999879900000053 ], [ 85.18579340000008, 28.000072300000056 ], [ 85.185264, 28.000803100000041 ], [ 85.185129800000084, 28.00115530000005 ] ], [ [ 85.185958200000073, 27.999879900000053 ], [ 85.186086, 28.000074100000063 ], [ 85.186155700000086, 28.000176 ], [ 85.186217400000032, 28.000242300000025 ], [ 85.186196, 28.00048380000004 ], [ 85.186238900000035, 28.000718300000074 ], [ 85.186324700000057, 28.000933800000041 ], [ 85.186343500000078, 28.001170600000023 ], [ 85.186324700000057, 28.001381400000071 ], [ 85.18634620000006, 28.001528200000052 ], [ 85.186327400000039, 28.001753200000053 ], [ 85.186319400000059, 28.001866900000039 ], [ 85.18654470000007, 28.002039700000068 ], [ 85.186808511000038, 28.002118314000029 ] ], [ [ 85.185129800000084, 28.00115530000005 ], [ 85.184991800000034, 28.001517500000034 ], [ 85.184760700000083, 28.002103400000067 ], [ 85.184508100000073, 28.002499300000068 ], [ 85.184492200000079, 28.00280790000005 ], [ 85.18466, 28.003199600000073 ], [ 85.184704700000054, 28.003630800000053 ], [ 85.184667500000046, 28.004052100000024 ], [ 85.184685, 28.004255300000068 ], [ 85.184719700000073, 28.004615 ], [ 85.184592900000041, 28.006030500000065 ], [ 85.184384900000055, 28.006704400000046 ], [ 85.184241200000031, 28.007150800000034 ], [ 85.184138, 28.007603900000049 ], [ 85.183947600000067, 28.008366800000033 ], [ 85.183936700000061, 28.008410300000037 ], [ 85.184031400000038, 28.008690100000024 ], [ 85.18407330000008, 28.008766300000048 ], [ 85.184112700000071, 28.008897400000023 ], [ 85.184080800000061, 28.00900020000006 ], [ 85.18380030000003, 28.009004 ], [ 85.183376800000076, 28.009005600000023 ], [ 85.183009, 28.009019500000079 ], [ 85.182728200000042, 28.008958700000051 ], [ 85.182695900000056, 28.008970200000078 ], [ 85.182607500000074, 28.009076500000049 ], [ 85.182497700000056, 28.009217100000058 ], [ 85.182395100000065, 28.009335800000031 ], [ 85.18226640000006, 28.009402800000032 ] ], [ [ 85.185917, 28.003644200000053 ], [ 85.186004800000035, 28.003562600000066 ], [ 85.186176400000079, 28.003538900000024 ], [ 85.186301222000054, 28.003497942000024 ] ], [ [ 85.185917, 28.003644200000053 ], [ 85.185919600000034, 28.003678400000069 ], [ 85.185996100000068, 28.003705600000046 ], [ 85.186056400000041, 28.00378610000007 ], [ 85.186142300000085, 28.003872600000079 ], [ 85.186167836000038, 28.003888645000075 ] ], [ [ 85.18588550000004, 28.00366710000003 ], [ 85.185798800000043, 28.003620300000023 ], [ 85.185683800000049, 28.003512500000056 ], [ 85.185568800000055, 28.003371900000047 ], [ 85.185434300000054, 28.003312600000072 ], [ 85.185388300000056, 28.003134400000079 ], [ 85.185393600000054, 28.003009400000053 ], [ 85.185298, 28.002831300000025 ], [ 85.185230800000056, 28.002672 ], [ 85.185195400000055, 28.002525100000071 ], [ 85.185075100000063, 28.00230010000007 ], [ 85.185069700000042, 28.002204800000072 ], [ 85.185135200000047, 28.001950100000045 ], [ 85.185152900000048, 28.001857900000061 ], [ 85.185126400000058, 28.001634500000023 ], [ 85.18512110000006, 28.001511100000073 ], [ 85.185172400000056, 28.001270500000032 ], [ 85.185129800000084, 28.00115530000005 ] ], [ [ 85.18588550000004, 28.00366710000003 ], [ 85.185902800000065, 28.003657400000066 ], [ 85.185917, 28.003644200000053 ] ], [ [ 85.18588550000004, 28.00366710000003 ], [ 85.185664200000076, 28.003791 ], [ 85.185670800000082, 28.00389720000004 ], [ 85.185918900000047, 28.004093100000034 ], [ 85.186074500000075, 28.004293200000063 ], [ 85.185945700000048, 28.004406900000049 ], [ 85.185833100000082, 28.004491 ], [ 85.185672200000056, 28.004519400000049 ], [ 85.185551500000031, 28.004699300000027 ], [ 85.185446900000045, 28.004756200000031 ], [ 85.185350800000037, 28.004804100000058 ], [ 85.185334800000078, 28.004967 ], [ 85.185258800000042, 28.005265500000064 ], [ 85.185249400000032, 28.005496200000039 ], [ 85.185314900000037, 28.005647300000078 ], [ 85.185493600000086, 28.005756100000042 ], [ 85.185626100000036, 28.00594650000005 ], [ 85.185752400000069, 28.006107 ], [ 85.185857100000078, 28.006289300000049 ], [ 85.185814, 28.006487800000059 ], [ 85.185761600000035, 28.006691800000056 ], [ 85.18566, 28.006827900000076 ], [ 85.185552100000052, 28.007010100000059 ], [ 85.185444300000086, 28.007127100000048 ], [ 85.18535490000005, 28.007320200000038 ], [ 85.185284100000047, 28.007497 ], [ 85.185287200000062, 28.007622200000071 ], [ 85.185296400000084, 28.007711900000061 ], [ 85.185250200000041, 28.007978500000036 ], [ 85.185237900000061, 28.008242400000029 ], [ 85.185204, 28.008443700000043 ], [ 85.185122900000067, 28.008703800000035 ], [ 85.185043800000074, 28.008957800000076 ], [ 85.185011400000064, 28.009015 ] ], [ [ 85.185011400000064, 28.009015 ], [ 85.185027300000058, 28.009159400000044 ], [ 85.185008500000038, 28.009242300000039 ], [ 85.185035400000061, 28.009325100000069 ], [ 85.185081, 28.009308600000054 ], [ 85.185118500000044, 28.009223300000031 ], [ 85.185153400000047, 28.009292 ], [ 85.185180200000048, 28.009360700000059 ], [ 85.185197335000055, 28.009450021000077 ] ], [ [ 85.185011400000064, 28.009015 ], [ 85.184914300000059, 28.009186300000067 ], [ 85.184898900000064, 28.009444700000074 ], [ 85.184935900000085, 28.00964330000005 ], [ 85.184976, 28.009841800000061 ], [ 85.18500060000008, 28.009994200000051 ] ], [ [ 85.18226640000006, 28.009402800000032 ], [ 85.182031300000062, 28.009764200000063 ] ], [ [ 85.182031300000062, 28.009764200000063 ], [ 85.181752331000041, 28.010193138000034 ] ], [ [ 85.18500060000008, 28.009994200000051 ], [ 85.184812700000066, 28.010075800000038 ], [ 85.184701800000084, 28.010228100000063 ] ], [ [ 85.18500060000008, 28.009994200000051 ], [ 85.185021500000062, 28.010249300000055 ], [ 85.184864400000038, 28.010388 ], [ 85.18469170000003, 28.010803 ], [ 85.184839700000055, 28.011070800000027 ], [ 85.18501077600007, 28.011172782000074 ] ], [ [ 85.181566512000074, 28.011035912000068 ], [ 85.181594318000066, 28.011334839000028 ] ], [ [ 85.185098456000048, 28.01131022900006 ], [ 85.185178600000086, 28.011674700000071 ], [ 85.185215800000037, 28.011764 ] ], [ [ 85.182045800000083, 28.011626400000068 ], [ 85.182061900000065, 28.011557700000026 ], [ 85.182115600000031, 28.011419200000034 ], [ 85.18213570000006, 28.011313800000039 ], [ 85.18212230000006, 28.011217900000076 ], [ 85.182100800000057, 28.011155200000076 ], [ 85.182087400000057, 28.011068700000067 ], [ 85.182087400000057, 28.010979900000052 ], [ 85.182159800000079, 28.010932600000046 ], [ 85.182210800000064, 28.010905300000047 ], [ 85.182221500000082, 28.010845 ], [ 85.182218800000044, 28.010694600000079 ], [ 85.182212100000072, 28.010559600000079 ], [ 85.182236300000056, 28.010460200000068 ], [ 85.182233600000075, 28.010316900000078 ], [ 85.182193400000074, 28.010219800000073 ], [ 85.182120900000029, 28.010168900000053 ], [ 85.182107500000086, 28.010108500000058 ], [ 85.182111600000042, 28.010063500000058 ], [ 85.182078, 28.009912 ], [ 85.182045800000083, 28.009845700000028 ], [ 85.182031300000062, 28.009764200000063 ] ], [ [ 85.182045800000083, 28.011626400000068 ], [ 85.182210800000064, 28.011689100000069 ], [ 85.182371700000033, 28.011727 ], [ 85.182546100000081, 28.011788600000045 ], [ 85.182725800000071, 28.011857300000031 ], [ 85.182892100000061, 28.011911700000041 ], [ 85.183077200000071, 28.01195910000007 ], [ 85.18323, 28.011997 ], [ 85.183358800000065, 28.01203490000006 ], [ 85.183468800000071, 28.012091700000042 ], [ 85.183589500000039, 28.012252700000033 ], [ 85.183694100000082, 28.012397200000066 ], [ 85.183745, 28.01246580000003 ], [ 85.183804, 28.012553500000024 ], [ 85.183835, 28.012690400000054 ], [ 85.183852300000069, 28.012733400000059 ], [ 85.183889900000054, 28.012792600000068 ], [ 85.183897900000034, 28.01284 ], [ 85.183897900000034, 28.012887300000045 ], [ 85.183897900000034, 28.012932300000045 ], [ 85.183897900000034, 28.012985600000036 ], [ 85.183931400000063, 28.013100500000064 ], [ 85.183939500000065, 28.013120600000036 ], [ 85.183997200000078, 28.013212900000042 ], [ 85.184024, 28.013280400000042 ], [ 85.184060200000033, 28.013364500000023 ], [ 85.18407760000008, 28.013424900000075 ], [ 85.184111100000052, 28.013531400000033 ], [ 85.184167500000058, 28.013568100000043 ], [ 85.184277400000042, 28.013576400000034 ], [ 85.184394100000077, 28.013598900000034 ], [ 85.184443700000031, 28.013627300000053 ], [ 85.184532300000058, 28.013678200000072 ], [ 85.184636900000044, 28.013783600000068 ], [ 85.184657, 28.013861800000029 ], [ 85.18466230000007, 28.013930400000049 ], [ 85.184685100000081, 28.014009800000053 ], [ 85.184703900000045, 28.014083200000073 ], [ 85.184744100000046, 28.014151800000036 ], [ 85.184779, 28.01420870000004 ], [ 85.184780400000079, 28.014276100000075 ], [ 85.184784200000081, 28.014353100000051 ], [ 85.184787100000051, 28.014413500000046 ], [ 85.18480720000008, 28.014569800000061 ], [ 85.184836700000062, 28.014692900000057 ], [ 85.184859500000073, 28.014782900000057 ], [ 85.184893, 28.014876400000048 ], [ 85.184950700000059, 28.014927300000068 ], [ 85.185007, 28.014971100000025 ], [ 85.185011, 28.01501490000004 ], [ 85.185068700000045, 28.015099 ], [ 85.185114300000066, 28.015151100000026 ], [ 85.185115600000074, 28.015269400000079 ], [ 85.185319500000048, 28.015359400000079 ], [ 85.185496500000056, 28.015330900000038 ], [ 85.186032900000043, 28.015610400000071 ], [ 85.186011500000063, 28.015956100000039 ], [ 85.186258200000054, 28.016263900000069 ], [ 85.186193900000035, 28.01633970000006 ], [ 85.186231400000054, 28.016505400000028 ], [ 85.186118800000031, 28.016737500000033 ], [ 85.186059800000066, 28.017031100000054 ] ], [ [ 85.185215800000037, 28.011764 ], [ 85.185231486000077, 28.011801735000063 ] ], [ [ 85.185215800000037, 28.011764 ], [ 85.185203600000079, 28.012048900000025 ], [ 85.185176800000079, 28.012406500000054 ], [ 85.185163400000079, 28.013093200000071 ], [ 85.185257200000081, 28.013536 ], [ 85.185463800000036, 28.013978800000075 ], [ 85.185707800000046, 28.014326900000071 ], [ 85.186080700000048, 28.014691500000026 ], [ 85.18638640000006, 28.014942500000075 ], [ 85.186550100000034, 28.015210100000047 ], [ 85.186756600000081, 28.015397200000052 ], [ 85.187067700000057, 28.015553500000067 ], [ 85.18727430000007, 28.015754700000059 ] ], [ [ 85.182103500000039, 28.013126500000055 ], [ 85.18210890000006, 28.013041300000054 ], [ 85.182175900000061, 28.012977300000045 ], [ 85.182269800000086, 28.01296080000003 ], [ 85.182358300000033, 28.012975 ], [ 85.182465600000057, 28.01298920000005 ], [ 85.182575600000064, 28.012982100000045 ], [ 85.182669500000031, 28.012941800000078 ], [ 85.182720400000051, 28.012896800000078 ], [ 85.182728500000053, 28.01284 ], [ 85.18266680000005, 28.01275 ], [ 85.182629200000065, 28.012693200000058 ], [ 85.182554100000061, 28.012622100000044 ], [ 85.182483, 28.012549900000067 ], [ 85.182444200000077, 28.01248830000003 ], [ 85.182377100000053, 28.012396 ], [ 85.18232080000007, 28.012298900000076 ], [ 85.182267100000047, 28.012204200000042 ], [ 85.182174600000053, 28.012097600000061 ], [ 85.182100800000057, 28.011995800000079 ], [ 85.182059300000049, 28.011947300000031 ], [ 85.182045800000083, 28.011892800000055 ], [ 85.182032400000082, 28.011740100000054 ], [ 85.182045800000083, 28.011626400000068 ] ], [ [ 85.186162700000068, 28.01697850000005 ], [ 85.186365500000079, 28.016874800000039 ], [ 85.186590800000033, 28.016775400000029 ], [ 85.186880500000086, 28.016529100000071 ], [ 85.187030700000037, 28.01632550000005 ] ], [ [ 85.186059800000066, 28.017031100000054 ], [ 85.186162700000068, 28.01697850000005 ] ], [ [ 85.186059800000066, 28.017031100000054 ], [ 85.185920300000078, 28.017121100000054 ], [ 85.185625200000061, 28.017419400000051 ] ], [ [ 85.18401996800003, 28.019442144000038 ], [ 85.184339, 28.019353 ], [ 85.184786200000076, 28.019485800000041 ], [ 85.185001700000043, 28.019518100000028 ], [ 85.185370400000068, 28.019652400000041 ], [ 85.185780800000032, 28.019813400000032 ], [ 85.185968600000081, 28.020002900000065 ], [ 85.186081500000057, 28.020056300000078 ], [ 85.18617, 28.019997 ], [ 85.186240800000064, 28.019828300000029 ], [ 85.186492100000066, 28.019656400000031 ], [ 85.186612400000058, 28.019528300000047 ], [ 85.186686700000052, 28.019281500000034 ], [ 85.186502700000062, 28.019159600000023 ], [ 85.186290300000053, 28.018994100000043 ], [ 85.186177100000066, 28.018737900000076 ], [ 85.186173500000052, 28.018487900000025 ], [ 85.186286800000062, 28.018228600000043 ], [ 85.186456700000065, 28.018181700000071 ], [ 85.186442400000033, 28.018044 ], [ 85.186393300000077, 28.017571100000055 ], [ 85.186368200000061, 28.01732880000003 ], [ 85.186162700000068, 28.01697850000005 ] ], [ [ 85.183162295000045, 28.019550400000071 ], [ 85.183278200000075, 28.01964920000006 ], [ 85.183362500000044, 28.019753 ], [ 85.18343660000005, 28.01990440000003 ], [ 85.183449400000086, 28.019930500000044 ], [ 85.183486500000072, 28.020022200000028 ], [ 85.183516500000053, 28.020096200000069 ], [ 85.183519100000069, 28.020171400000038 ] ], [ [ 85.183519100000069, 28.020171400000038 ], [ 85.183721, 28.020067200000028 ], [ 85.18376980000005, 28.019927300000063 ], [ 85.183615300000042, 28.019711900000061 ], [ 85.183769763000043, 28.019516144000079 ] ], [ [ 85.183519100000069, 28.020171400000038 ], [ 85.183522400000072, 28.020267100000069 ], [ 85.183552700000064, 28.020389600000044 ], [ 85.183607, 28.020581600000071 ], [ 85.183692700000051, 28.02074650000003 ], [ 85.183744, 28.020882700000072 ], [ 85.183776500000079, 28.020972900000061 ], [ 85.183891300000084, 28.021169800000052 ], [ 85.184032200000047, 28.021633800000075 ], [ 85.184070500000075, 28.021994500000062 ] ], [ [ 85.184070500000075, 28.021994500000062 ], [ 85.184055500000056, 28.02230430000003 ], [ 85.184253600000034, 28.023068600000045 ], [ 85.184398100000067, 28.023190200000045 ], [ 85.184510900000078, 28.023338500000079 ], [ 85.184627, 28.02366950000004 ], [ 85.185019500000067, 28.023975700000051 ] ], [ [ 85.184009888000048, 28.022052657000074 ], [ 85.184070500000075, 28.021994500000062 ] ], [ [ 85.18395630200007, 28.022670297000047 ], [ 85.183972800000049, 28.022521900000072 ], [ 85.183965300000068, 28.022363700000028 ], [ 85.183964715000059, 28.022335026000064 ] ], [ [ 85.18395436000003, 28.023224183000025 ], [ 85.184002700000065, 28.023108700000023 ], [ 85.183992722000085, 28.023047151000071 ] ], [ [ 85.185019500000067, 28.023975700000051 ], [ 85.184866800000066, 28.02402520000004 ], [ 85.184765600000048, 28.024064600000031 ], [ 85.184663056000034, 28.02409956300005 ] ], [ [ 85.185019500000067, 28.023975700000051 ], [ 85.185096900000076, 28.024103800000034 ], [ 85.185165100000063, 28.024204300000065 ], [ 85.185605700000053, 28.024666100000047 ] ], [ [ 85.185605700000053, 28.024666100000047 ], [ 85.186108100000069, 28.024646 ], [ 85.18634140000006, 28.024667300000033 ], [ 85.186625700000036, 28.024795200000028 ], [ 85.186939500000051, 28.024923 ], [ 85.187226500000065, 28.025119600000039 ], [ 85.187307, 28.025280600000031 ], [ 85.187360600000034, 28.025538700000027 ], [ 85.187392800000055, 28.025855900000067 ], [ 85.187545700000044, 28.025950600000044 ], [ 85.187985600000047, 28.02616850000004 ] ], [ [ 85.185605700000053, 28.024666100000047 ], [ 85.185819500000036, 28.024829400000044 ], [ 85.186157200000082, 28.025116300000036 ], [ 85.186350300000072, 28.025402700000029 ], [ 85.186590200000069, 28.025623900000028 ], [ 85.186726300000032, 28.025823 ], [ 85.187133300000085, 28.026161 ], [ 85.187143200000037, 28.026169300000049 ] ], [ [ 85.187143200000037, 28.026169300000049 ], [ 85.187486700000079, 28.026156600000036 ], [ 85.187763, 28.026244200000065 ], [ 85.188036600000032, 28.026322400000026 ], [ 85.188168, 28.026388600000075 ], [ 85.188404, 28.026412300000061 ], [ 85.188610600000061, 28.026509400000066 ] ], [ [ 85.187143200000037, 28.026169300000049 ], [ 85.187373, 28.02636270000005 ], [ 85.187519800000075, 28.026459500000044 ], [ 85.187702, 28.026515300000028 ], [ 85.187896800000033, 28.02657750000003 ], [ 85.188168, 28.026694100000043 ], [ 85.188350400000047, 28.026848 ], [ 85.18857840000004, 28.027018400000031 ], [ 85.188860900000066, 28.027166900000054 ], [ 85.188943300000062, 28.027212500000076 ], [ 85.189149600000064, 28.027294500000039 ], [ 85.189411900000039, 28.027469200000041 ], [ 85.189754900000082, 28.027570800000035 ], [ 85.18989, 28.027658900000063 ], [ 85.189994500000068, 28.027780600000028 ], [ 85.190092643000071, 28.028069876000075 ] ], [ [ 85.190427781000039, 28.028332262000049 ], [ 85.19061750000003, 28.028194800000051 ], [ 85.190847900000051, 28.028144700000041 ], [ 85.190976100000057, 28.028163100000029 ], [ 85.191141500000072, 28.028314800000032 ], [ 85.19139030000008, 28.028541500000074 ], [ 85.19163750000007, 28.02896910000004 ], [ 85.191637564000075, 28.028970336000043 ] ], [ [ 85.192242210000074, 28.029490851000048 ], [ 85.192354900000055, 28.02954230000006 ], [ 85.192569, 28.030225 ], [ 85.192923, 28.03098650000004 ], [ 85.192993900000033, 28.031294400000036 ], [ 85.193220200000042, 28.03195020000004 ], [ 85.193420800000069, 28.032357200000035 ], [ 85.193329200000051, 28.03277810000003 ], [ 85.193288500000051, 28.033103400000073 ], [ 85.193207400000063, 28.033276800000067 ], [ 85.193190300000083, 28.033352200000024 ], [ 85.193149400000038, 28.033485300000052 ], [ 85.193220500000052, 28.033755400000075 ], [ 85.193279700000062, 28.033966200000066 ], [ 85.193299400000058, 28.034205 ], [ 85.193317200000081, 28.034443700000054 ], [ 85.193338900000072, 28.034619700000064 ], [ 85.193314, 28.034927500000038 ], [ 85.193258600000036, 28.03532910000007 ], [ 85.193203100000062, 28.035594 ], [ 85.193168700000058, 28.035904500000072 ], [ 85.19314, 28.03608840000004 ], [ 85.193191700000057, 28.036366900000075 ], [ 85.193210800000031, 28.036532200000067 ], [ 85.193189700000062, 28.036830900000041 ], [ 85.19318590000006, 28.037048600000048 ], [ 85.193187800000032, 28.037252800000033 ], [ 85.193163, 28.037363300000038 ], [ 85.193145800000082, 28.037446800000055 ], [ 85.19312380000008, 28.037499100000048 ], [ 85.193100800000082, 28.037599500000056 ], [ 85.193105600000081, 28.037705800000026 ], [ 85.193108500000051, 28.037781700000039 ], [ 85.193088400000079, 28.037860200000068 ], [ 85.193054, 28.037919300000056 ], [ 85.192990900000041, 28.037996900000053 ], [ 85.192953600000067, 28.038076200000035 ], [ 85.192939300000035, 28.038153800000032 ], [ 85.192962200000068, 28.038267700000063 ], [ 85.193008661000079, 28.038394835000076 ] ], [ [ 85.193363228000067, 28.039978923000035 ], [ 85.193378100000075, 28.039912 ], [ 85.193384700000081, 28.039804100000026 ], [ 85.193349400000045, 28.039722200000028 ], [ 85.193284400000039, 28.039601600000026 ], [ 85.193232800000033, 28.039510500000063 ], [ 85.193211700000063, 28.039420200000052 ], [ 85.193221300000062, 28.039228700000024 ], [ 85.193250900000066, 28.039097100000049 ], [ 85.193262400000037, 28.03897470000004 ], [ 85.193271, 28.038897100000042 ], [ 85.193267200000037, 28.038836400000037 ], [ 85.193219400000032, 28.03875540000007 ], [ 85.193120900000054, 28.038627100000042 ], [ 85.193084800000065, 28.038572344000045 ] ], [ [ 85.19389622500006, 28.040821461000064 ], [ 85.193867200000057, 28.040733500000044 ], [ 85.193820665000032, 28.040659926000046 ] ], [ [ 85.19637060000008, 28.043449700000053 ], [ 85.196244500000034, 28.043366200000037 ], [ 85.196241084000064, 28.043364850000046 ] ], [ [ 85.19637060000008, 28.043449700000053 ], [ 85.196362133000036, 28.043474753000055 ] ], [ [ 85.196666322000056, 28.043722211000045 ], [ 85.196654500000079, 28.043707200000028 ], [ 85.19637060000008, 28.043449700000053 ] ], [ [ 85.20045790000006, 28.045932 ], [ 85.200326400000051, 28.04586450000005 ], [ 85.200254, 28.045823100000064 ], [ 85.200189600000044, 28.045771 ], [ 85.200117200000079, 28.045726 ], [ 85.199991200000056, 28.045653800000025 ], [ 85.199861100000078, 28.045579300000043 ], [ 85.199677300000076, 28.045492900000056 ], [ 85.199562, 28.045413600000074 ], [ 85.199464100000057, 28.045313 ], [ 85.199370200000033, 28.045179200000064 ], [ 85.199304500000039, 28.045064400000058 ], [ 85.199245500000075, 28.044988600000067 ], [ 85.199155700000063, 28.044902200000024 ], [ 85.199009500000045, 28.04480280000007 ], [ 85.198942400000078, 28.044708100000037 ], [ 85.198859300000038, 28.044577900000036 ], [ 85.198776100000032, 28.044419300000072 ], [ 85.198591, 28.044183200000077 ], [ 85.19847210000006, 28.044069200000024 ], [ 85.198283600000082, 28.043957100000057 ], [ 85.197984400000053, 28.043872 ], [ 85.197758700000065, 28.04374910000007 ], [ 85.197692, 28.043673600000034 ], [ 85.197600700000066, 28.043623700000069 ], [ 85.197509400000058, 28.043605800000023 ], [ 85.197336900000039, 28.043458700000031 ], [ 85.197260100000051, 28.043428 ], [ 85.197137, 28.043397300000038 ], [ 85.196938400000079, 28.043249 ], [ 85.196881900000051, 28.043208100000072 ], [ 85.196819600000083, 28.043150500000024 ], [ 85.196705100000031, 28.043136400000037 ], [ 85.196681900000044, 28.04316840000007 ], [ 85.196629800000039, 28.043219600000043 ], [ 85.196568900000045, 28.043278400000077 ], [ 85.196491200000082, 28.043328300000042 ], [ 85.196424500000035, 28.043345500000044 ], [ 85.196404200000075, 28.04336150000006 ], [ 85.196401300000048, 28.043386500000054 ], [ 85.196400600000061, 28.043414600000062 ], [ 85.196392600000081, 28.043433200000038 ], [ 85.19637060000008, 28.043449700000053 ] ], [ [ 85.206807400000059, 28.062343200000043 ], [ 85.206916400000068, 28.062223700000061 ], [ 85.20697030000008, 28.062093900000036 ], [ 85.206968200000063, 28.061861700000065 ], [ 85.206957, 28.061778100000026 ], [ 85.206877100000042, 28.061709200000053 ], [ 85.206851100000051, 28.06163870000006 ], [ 85.206897500000082, 28.061487800000066 ], [ 85.206992300000081, 28.06125 ], [ 85.207040600000084, 28.060994200000039 ], [ 85.207089, 28.060786 ], [ 85.207159600000068, 28.060656400000028 ], [ 85.207219, 28.060525200000029 ], [ 85.207267400000035, 28.060213800000042 ], [ 85.207279200000073, 28.060016700000062 ], [ 85.207305500000075, 28.059809700000073 ], [ 85.207341, 28.059545300000025 ], [ 85.207346800000039, 28.059150100000068 ], [ 85.207378300000073, 28.05902210000005 ], [ 85.207511200000056, 28.058895 ], [ 85.207652400000086, 28.058751600000051 ], [ 85.207683100000054, 28.058674500000052 ], [ 85.207722100000069, 28.058462100000042 ], [ 85.207532, 28.058393400000057 ], [ 85.207639, 28.058160300000054 ], [ 85.207621700000061, 28.057785800000033 ], [ 85.207874, 28.057496100000037 ], [ 85.20782150000008, 28.057379 ], [ 85.20783920000008, 28.057206700000052 ], [ 85.207852900000034, 28.057047 ], [ 85.207825300000081, 28.056904100000054 ], [ 85.20780080000003, 28.056746800000042 ], [ 85.207790700000032, 28.056525500000077 ], [ 85.207717100000082, 28.055922400000043 ], [ 85.207672800000068, 28.055393400000071 ], [ 85.207556200000056, 28.054977300000076 ], [ 85.207372300000031, 28.054529700000046 ], [ 85.207267100000081, 28.05443 ], [ 85.20711730000005, 28.054339500000026 ], [ 85.206967500000076, 28.054103 ], [ 85.206502400000034, 28.053319 ], [ 85.206367, 28.053055900000061 ], [ 85.206262600000059, 28.052934500000049 ], [ 85.206047700000056, 28.052845900000079 ], [ 85.205855900000074, 28.052855200000067 ], [ 85.205635800000039, 28.052972100000034 ], [ 85.205369700000062, 28.052966500000025 ], [ 85.205203, 28.052958600000068 ], [ 85.20510815800003, 28.052909984000053 ] ], [ [ 85.206807400000059, 28.062343200000043 ], [ 85.206636800000069, 28.06260640000005 ], [ 85.206554400000073, 28.062764200000061 ], [ 85.206503400000031, 28.063133500000049 ], [ 85.206476700000053, 28.063275400000066 ], [ 85.206415100000072, 28.06337 ], [ 85.206345200000044, 28.063441600000033 ], [ 85.206264700000077, 28.063524 ], [ 85.206259700000032, 28.063530200000059 ], [ 85.206107600000053, 28.063749600000051 ], [ 85.205965400000082, 28.064057500000047 ], [ 85.205805300000065, 28.064318900000046 ], [ 85.205775500000072, 28.06438380000003 ], [ 85.205635600000051, 28.064892500000042 ] ], [ [ 85.20581, 28.06483460000004 ], [ 85.205893, 28.064789100000041 ], [ 85.205982600000084, 28.064717200000075 ], [ 85.206060100000059, 28.064635800000076 ], [ 85.206086600000049, 28.064544800000078 ], [ 85.206194800000048, 28.064384200000063 ], [ 85.206282300000055, 28.064332500000035 ], [ 85.206387300000074, 28.064293100000043 ], [ 85.206460700000036, 28.06423 ], [ 85.206524800000068, 28.064136500000075 ], [ 85.206775800000059, 28.063561900000025 ], [ 85.206849400000067, 28.063378600000078 ], [ 85.206951900000035, 28.063203600000065 ], [ 85.206999200000041, 28.063054 ], [ 85.206983500000035, 28.062956600000064 ], [ 85.206866500000046, 28.062695700000063 ], [ 85.206823100000065, 28.062553 ], [ 85.206823500000041, 28.062508500000035 ], [ 85.206807400000059, 28.062343200000043 ] ], [ [ 85.20581, 28.06483460000004 ], [ 85.206061500000033, 28.06507780000004 ], [ 85.206472800000085, 28.065411100000063 ] ], [ [ 85.205635600000051, 28.064892500000042 ], [ 85.20581, 28.06483460000004 ] ], [ [ 85.205635600000051, 28.064892500000042 ], [ 85.205560400000081, 28.065237600000046 ], [ 85.205461400000047, 28.065488 ], [ 85.205445100000077, 28.065729200000078 ], [ 85.205402200000037, 28.065826500000071 ], [ 85.205275100000051, 28.066023200000075 ], [ 85.205109500000049, 28.066298 ], [ 85.204964700000062, 28.066716900000074 ], [ 85.204809100000034, 28.067299100000071 ], [ 85.204768700000045, 28.067607800000076 ], [ 85.204811800000073, 28.067856 ], [ 85.204877800000077, 28.068441300000075 ], [ 85.204895400000055, 28.068793700000072 ], [ 85.204940400000055, 28.069045100000039 ], [ 85.205094600000052, 28.069266500000026 ], [ 85.205243500000051, 28.069281500000045 ], [ 85.205355, 28.069380400000057 ], [ 85.205475100000058, 28.069453 ], [ 85.205590100000052, 28.069485200000031 ], [ 85.20578960000006, 28.069590900000037 ], [ 85.206082800000047, 28.069749800000068 ], [ 85.206280100000072, 28.069854400000054 ], [ 85.206490100000053, 28.070097600000054 ], [ 85.206582100000048, 28.07016260000006 ], [ 85.206637300000068, 28.07032490000006 ], [ 85.206692500000031, 28.070496500000047 ], [ 85.206716100000051, 28.070663400000058 ], [ 85.206742400000053, 28.070918500000062 ], [ 85.206768700000055, 28.071032200000047 ], [ 85.206821300000058, 28.071194500000047 ], [ 85.206863, 28.071259600000076 ], [ 85.206944800000031, 28.071387 ], [ 85.207120900000064, 28.071604900000068 ] ], [ [ 85.20703013900004, 28.065331396000033 ], [ 85.206472800000085, 28.065411100000063 ] ], [ [ 85.206472800000085, 28.065411100000063 ], [ 85.206634300000076, 28.065423 ], [ 85.20671550000003, 28.065467 ], [ 85.206774600000074, 28.065518300000065 ], [ 85.206806, 28.065555200000063 ], [ 85.206826400000068, 28.06559720000007 ], [ 85.206832100000042, 28.065646900000047 ], [ 85.206773800000065, 28.065909 ], [ 85.206744400000048, 28.066010500000061 ], [ 85.206714100000056, 28.066087500000037 ], [ 85.206515600000046, 28.066353400000025 ], [ 85.206400900000062, 28.066517600000054 ] ], [ [ 85.206400900000062, 28.066517600000054 ], [ 85.206335400000057, 28.066422600000067 ], [ 85.206286200000079, 28.066339400000061 ], [ 85.206271800000081, 28.066270700000075 ], [ 85.206181600000036, 28.06622 ], [ 85.206122200000038, 28.066162200000065 ], [ 85.206083300000046, 28.066082600000072 ], [ 85.206085300000041, 28.066033800000071 ], [ 85.206105800000046, 28.066010200000051 ], [ 85.206116100000031, 28.065963200000056 ], [ 85.206107900000063, 28.065926300000058 ], [ 85.20613110000005, 28.065894300000025 ], [ 85.206178900000054, 28.065864900000065 ], [ 85.206209300000069, 28.065840600000058 ], [ 85.206226, 28.065822700000069 ], [ 85.206224500000076, 28.06581250000005 ], [ 85.206472800000085, 28.065411100000063 ] ], [ [ 85.206400900000062, 28.066517600000054 ], [ 85.206387100000086, 28.066537400000072 ], [ 85.206339900000046, 28.066617300000075 ], [ 85.206316700000059, 28.066703300000029 ], [ 85.206316400000048, 28.066799300000071 ], [ 85.206341500000065, 28.066892200000041 ], [ 85.206465134000041, 28.067107501000066 ] ], [ [ 85.206424500000082, 28.066551900000036 ], [ 85.206400900000062, 28.066517600000054 ] ], [ [ 85.207225553000058, 28.068922275000034 ], [ 85.207246400000031, 28.068944100000067 ], [ 85.207410100000061, 28.06909040000005 ], [ 85.207852700000046, 28.069457400000033 ], [ 85.207952, 28.069578700000079 ], [ 85.208010900000033, 28.069671 ], [ 85.20803310000008, 28.069743 ], [ 85.208040500000038, 28.069821900000079 ], [ 85.208354700000029, 28.07028930000007 ], [ 85.208543070000076, 28.070395061000056 ] ], [ [ 85.206851100000051, 28.07003160000005 ], [ 85.206926900000042, 28.070167200000071 ], [ 85.206961700000079, 28.070344400000067 ], [ 85.206978100000072, 28.070552400000054 ], [ 85.206967900000052, 28.070621100000039 ], [ 85.206955600000072, 28.070707900000059 ], [ 85.207006800000045, 28.070749500000034 ], [ 85.207029400000067, 28.070830900000033 ], [ 85.20703350000008, 28.070957400000054 ], [ 85.20708060000004, 28.071163600000034 ], [ 85.207103200000063, 28.071396900000025 ], [ 85.207120900000064, 28.071604900000068 ] ], [ [ 85.209012767000047, 28.071060860000046 ], [ 85.209147300000041, 28.071683200000052 ], [ 85.209693900000048, 28.072107600000038 ], [ 85.210060200000044, 28.072430800000063 ], [ 85.21015310000007, 28.073048100000051 ], [ 85.210672400000078, 28.073834300000044 ], [ 85.211470400000053, 28.074470900000051 ], [ 85.212514500000054, 28.075064100000077 ], [ 85.213973900000042, 28.075734500000067 ], [ 85.215126800000064, 28.076609500000075 ] ], [ [ 85.207120900000064, 28.071604900000068 ], [ 85.207341, 28.071607700000072 ], [ 85.207594300000039, 28.071396400000026 ], [ 85.207794100000058, 28.071125500000051 ], [ 85.207852800000069, 28.070777400000054 ], [ 85.207596900000055, 28.070302300000037 ] ], [ [ 85.206491105000055, 28.072636299000067 ], [ 85.206709200000034, 28.072360400000036 ], [ 85.206866500000046, 28.072254500000042 ], [ 85.206994400000042, 28.071951100000035 ], [ 85.207120900000064, 28.071604900000068 ] ], [ [ 85.207836512000085, 28.073885307000069 ], [ 85.207843800000035, 28.073886300000026 ], [ 85.208094, 28.073992100000055 ], [ 85.208254900000043, 28.074082 ], [ 85.208415900000034, 28.074195600000053 ], [ 85.20855540000008, 28.074304500000039 ], [ 85.208727, 28.074470100000042 ], [ 85.208850400000074, 28.074640500000044 ], [ 85.208957700000042, 28.074697300000025 ], [ 85.209027400000082, 28.074739900000054 ], [ 85.209115100000076, 28.074766600000032 ], [ 85.209238500000083, 28.074903900000038 ], [ 85.209245260000046, 28.074908779000054 ] ], [ [ 85.213706167000055, 28.076894309000068 ], [ 85.213764200000071, 28.076903 ], [ 85.213948400000049, 28.077014900000052 ], [ 85.214064600000086, 28.07709710000006 ], [ 85.21426850000006, 28.077215400000057 ], [ 85.214426, 28.077353300000027 ], [ 85.214536700000053, 28.077409400000079 ], [ 85.21464050000003, 28.077492900000038 ], [ 85.214740600000084, 28.077572700000076 ], [ 85.214914100000044, 28.077781600000037 ] ], [ [ 85.216243700000064, 28.077105700000061 ], [ 85.216119200000037, 28.077054400000065 ], [ 85.215126800000064, 28.076609500000075 ] ], [ [ 85.217060631000038, 28.077425961000074 ], [ 85.216773600000067, 28.077324200000078 ], [ 85.216243700000064, 28.077105700000061 ] ], [ [ 85.214914100000044, 28.077781600000037 ], [ 85.214613700000029, 28.077291800000069 ], [ 85.215126800000064, 28.076609500000075 ] ], [ [ 85.214914100000044, 28.077781600000037 ], [ 85.215124100000082, 28.078036600000075 ], [ 85.215608800000041, 28.078252600000042 ], [ 85.215860900000052, 28.078404100000057 ], [ 85.216172100000051, 28.078733 ], [ 85.216336400000046, 28.078864800000076 ], [ 85.216689700000074, 28.079166100000066 ], [ 85.216953400000079, 28.079392600000062 ], [ 85.217110800000057, 28.079670100000044 ], [ 85.217428100000063, 28.079946300000074 ], [ 85.217634600000054, 28.08002440000007 ], [ 85.217980700000055, 28.080355600000075 ], [ 85.218042400000058, 28.080703500000027 ], [ 85.218297200000052, 28.081221700000071 ], [ 85.218624500000033, 28.081479700000045 ], [ 85.219228, 28.081789700000058 ], [ 85.219362100000069, 28.08188430000007 ], [ 85.219565900000077, 28.081993200000056 ], [ 85.219743, 28.081971900000042 ], [ 85.220169400000032, 28.082130500000062 ], [ 85.220456400000046, 28.082182500000044 ], [ 85.220955300000071, 28.082293700000037 ], [ 85.221223500000065, 28.082554 ], [ 85.221360300000072, 28.082691300000079 ], [ 85.22191550000008, 28.082849900000042 ], [ 85.222146200000054, 28.082932700000072 ], [ 85.222655800000041, 28.083237900000029 ], [ 85.22285160000007, 28.083439100000078 ], [ 85.223170800000048, 28.083732500000053 ], [ 85.223849400000063, 28.084059100000047 ], [ 85.224185516000034, 28.084236714000042 ] ], [ [ 85.218821235000064, 28.079477664000024 ], [ 85.218262700000082, 28.078904600000044 ], [ 85.218066500000077, 28.078734700000041 ], [ 85.216673800000081, 28.077520400000026 ], [ 85.216243700000064, 28.077105700000061 ] ], [ [ 85.226905306000049, 28.083317213000043 ], [ 85.226192400000059, 28.082796100000053 ], [ 85.225586200000066, 28.082734600000038 ], [ 85.225028300000076, 28.082862400000067 ], [ 85.223671100000047, 28.082436400000063 ], [ 85.22314, 28.082266 ], [ 85.222861100000046, 28.082138200000031 ], [ 85.222678700000074, 28.081986800000038 ], [ 85.222651900000074, 28.081816400000037 ], [ 85.222324400000048, 28.081745800000078 ], [ 85.220977900000037, 28.081002700000056 ], [ 85.220039100000065, 28.080534100000079 ], [ 85.219495512000037, 28.080099318000066 ] ], [ [ 85.228647457000079, 28.084290132000035 ], [ 85.227191100000084, 28.084039300000029 ], [ 85.227126977000069, 28.083562276000066 ] ], [ [ 85.229251853000051, 28.084828142000049 ], [ 85.229177704000051, 28.084746127000074 ] ], [ [ 85.226020324000046, 28.085715655000058 ], [ 85.22607030000006, 28.08590010000006 ], [ 85.226266100000032, 28.086184100000025 ], [ 85.226341200000036, 28.086292900000046 ], [ 85.226523600000064, 28.08661 ], [ 85.227234400000043, 28.087140100000056 ], [ 85.227456400000051, 28.087416200000064 ], [ 85.227575, 28.087563700000032 ], [ 85.227943063000055, 28.087847964000048 ] ], [ [ 85.235808181000039, 28.089882579000061 ], [ 85.235604188000082, 28.089846694000073 ] ], [ [ 85.245619973000032, 28.091454732000045 ], [ 85.244836206000059, 28.091462419000038 ] ], [ [ 85.252102181000055, 28.092041498000071 ], [ 85.248427100000072, 28.091427200000055 ], [ 85.248220316000072, 28.091429228000038 ] ], [ [ 85.239531311000064, 28.093333331000053 ], [ 85.23981795900005, 28.093343766000032 ] ], [ [ 85.260545767000053, 28.096998291000034 ], [ 85.260717700000043, 28.096982500000024 ], [ 85.261179, 28.096973 ], [ 85.261196300000051, 28.096964200000059 ], [ 85.261358800000039, 28.096883200000036 ] ], [ [ 85.264802558000042, 28.098579111000049 ], [ 85.264723100000083, 28.097929500000077 ], [ 85.264666500000033, 28.097250400000064 ], [ 85.264120500000047, 28.097228200000075 ], [ 85.263644900000031, 28.097421100000076 ], [ 85.263273200000071, 28.097310200000038 ], [ 85.263464500000055, 28.097064200000034 ], [ 85.26340596600005, 28.096968660000073 ] ], [ [ 85.264060100000052, 28.099868100000037 ], [ 85.263843800000075, 28.099948200000028 ], [ 85.263723842000047, 28.100062834000028 ] ], [ [ 85.280057702000079, 28.113204129000053 ], [ 85.280047100000047, 28.113122600000054 ], [ 85.280036500000051, 28.113014900000053 ], [ 85.280034700000044, 28.112919700000077 ], [ 85.280022300000041, 28.112822900000026 ], [ 85.280022300000041, 28.112801 ] ], [ [ 85.280536088000076, 28.113466651000067 ], [ 85.280648800000051, 28.113402200000053 ], [ 85.280686400000036, 28.113373800000033 ], [ 85.280753400000037, 28.113336 ], [ 85.280782900000077, 28.113283900000056 ] ], [ [ 85.29797915100005, 28.125947566000036 ], [ 85.297811, 28.125776700000074 ], [ 85.297009700000046, 28.12569110000004 ], [ 85.29656650000004, 28.125080700000069 ], [ 85.29535240000007, 28.124486400000023 ], [ 85.294423600000073, 28.123517400000026 ], [ 85.293482600000061, 28.122751700000038 ], [ 85.292602400000078, 28.122264500000028 ], [ 85.291873900000041, 28.121697 ], [ 85.291090800000063, 28.12111340000007 ], [ 85.290847900000074, 28.120928700000036 ], [ 85.290256, 28.120420100000047 ], [ 85.290095200000053, 28.119965 ], [ 85.289506300000085, 28.119702600000039 ], [ 85.289026700000079, 28.119595500000059 ], [ 85.288808200000062, 28.119156500000031 ], [ 85.28868680000005, 28.118776300000036 ], [ 85.288431800000069, 28.118313200000046 ], [ 85.287685100000033, 28.118109700000048 ], [ 85.28699910000006, 28.117724200000055 ], [ 85.28667130000008, 28.117542200000059 ], [ 85.286082400000055, 28.117021500000078 ], [ 85.285612, 28.116910400000052 ], [ 85.285350900000083, 28.116804600000023 ], [ 85.285066900000061, 28.116579400000035 ], [ 85.284146500000077, 28.115829700000063 ], [ 85.283407900000043, 28.115121300000055 ], [ 85.282768900000065, 28.114314700000023 ], [ 85.282563700000082, 28.113771800000052 ], [ 85.282311700000037, 28.113213400000063 ], [ 85.281473400000039, 28.11255680000005 ], [ 85.280535500000042, 28.112174200000027 ], [ 85.280213, 28.111770900000067 ], [ 85.27997270000003, 28.111134900000025 ], [ 85.279257500000085, 28.110855700000059 ], [ 85.27884720000003, 28.110628200000065 ], [ 85.279116800000054, 28.110317900000041 ], [ 85.278876500000081, 28.109888800000078 ], [ 85.278173, 28.109475100000054 ], [ 85.277369900000053, 28.108916700000066 ], [ 85.27733470000004, 28.108420300000034 ], [ 85.277000600000065, 28.10836340000003 ], [ 85.276725100000078, 28.108425500000067 ], [ 85.276004, 28.108182400000032 ], [ 85.275370900000041, 28.107603300000051 ], [ 85.274175100000036, 28.106791500000043 ], [ 85.273316, 28.106652900000029 ], [ 85.27302160000005, 28.106303300000036 ], [ 85.27229710000006, 28.105309700000078 ], [ 85.271521600000085, 28.104730500000073 ], [ 85.271272500000066, 28.103856700000051 ], [ 85.27057620000005, 28.103317400000037 ], [ 85.269268600000032, 28.10234870000005 ], [ 85.268442200000038, 28.101824400000055 ], [ 85.267321300000049, 28.101844400000061 ], [ 85.266177900000059, 28.100586100000044 ], [ 85.265260900000044, 28.099986800000067 ], [ 85.264972200000045, 28.099617300000034 ], [ 85.264921806000075, 28.099312325000028 ] ], [ [ 85.305356265000057, 28.135832476000076 ], [ 85.305065700000057, 28.135620200000062 ], [ 85.304487300000062, 28.134871800000042 ], [ 85.303820900000062, 28.134090100000037 ], [ 85.303468900000041, 28.133125500000062 ], [ 85.302934500000049, 28.13241030000006 ], [ 85.302004100000033, 28.131667400000026 ], [ 85.301652, 28.130974400000071 ], [ 85.3013, 28.130015300000025 ], [ 85.300765600000034, 28.129333400000064 ], [ 85.299891700000046, 28.128823300000079 ], [ 85.299395100000083, 28.128141400000061 ], [ 85.299509140000055, 28.127552998000056 ] ], [ [ 85.318888015000084, 28.146480512000039 ], [ 85.318842500000073, 28.146575400000074 ], [ 85.319191200000034, 28.146816600000079 ], [ 85.319303900000079, 28.147038900000041 ], [ 85.319153700000072, 28.147426800000062 ], [ 85.318558200000041, 28.147332200000051 ], [ 85.318113, 28.146977400000026 ], [ 85.317883, 28.147310800000071 ], [ 85.317499800000064, 28.147518700000035 ], [ 85.317249300000071, 28.147445700000048 ], [ 85.317061500000079, 28.147351100000037 ], [ 85.316895200000033, 28.147190300000034 ], [ 85.31663240000006, 28.147185500000035 ], [ 85.316407100000049, 28.147133500000052 ], [ 85.315951100000063, 28.146958500000039 ], [ 85.315522, 28.146722 ], [ 85.315455543000041, 28.146698463000064 ] ], [ [ 85.314908879000086, 28.146504855000046 ], [ 85.315207686000065, 28.146610681000027 ] ], [ [ 85.327602888000058, 28.151916852000056 ], [ 85.327602, 28.151890600000058 ], [ 85.327597300000036, 28.151835600000027 ], [ 85.327590900000075, 28.151806800000031 ], [ 85.327585900000031, 28.151799600000061 ], [ 85.327577100000042, 28.151795100000072 ], [ 85.327562400000033, 28.151792500000056 ], [ 85.327527500000031, 28.151792500000056 ], [ 85.32737730000008, 28.151788600000032 ], [ 85.327349800000036, 28.151785400000051 ], [ 85.327336900000034, 28.151782 ], [ 85.327324300000043, 28.15177650000004 ], [ 85.327315600000077, 28.15176880000007 ], [ 85.327306900000053, 28.151756400000068 ], [ 85.327293500000053, 28.151729800000055 ], [ 85.327292800000066, 28.151640500000042 ], [ 85.327292500000055, 28.151626 ], [ 85.32728910000003, 28.151613300000065 ], [ 85.327284500000076, 28.151605700000061 ], [ 85.327280500000086, 28.15160190000006 ], [ 85.327273800000057, 28.151598200000024 ], [ 85.327079600000047, 28.151550100000065 ], [ 85.327015200000062, 28.151522900000032 ], [ 85.326960400000075, 28.151488700000073 ], [ 85.326943800000038, 28.151472 ], [ 85.32692940000004, 28.151448400000049 ], [ 85.32682202400008, 28.151239523000072 ] ], [ [ 85.35459858300004, 28.154445425000063 ], [ 85.354426700000033, 28.154508800000031 ], [ 85.354166655000085, 28.154807822000066 ] ], [ [ 85.353854899000055, 28.155144535000034 ], [ 85.353684015000056, 28.155320307000068 ] ], [ [ 85.35339071900006, 28.15544004700007 ], [ 85.353346700000031, 28.155444500000044 ], [ 85.353203300000075, 28.155536700000027 ], [ 85.352771300000086, 28.155718200000024 ], [ 85.352247100000056, 28.156280800000047 ], [ 85.351868100000047, 28.156537600000036 ], [ 85.35171284900008, 28.156893826000044 ] ], [ [ 85.352275827000085, 28.155655081000077 ], [ 85.352168900000038, 28.155826800000057 ], [ 85.351858500000048, 28.156102200000078 ], [ 85.35142060000004, 28.156302800000049 ], [ 85.351123, 28.156552500000032 ], [ 85.351036137000051, 28.15659213400005 ] ], [ [ 85.35082587800008, 28.156682900000078 ], [ 85.350565, 28.156747800000062 ], [ 85.350446200000079, 28.156797500000039 ], [ 85.350229022000065, 28.15693281700004 ] ], [ [ 85.351641555000072, 28.156977207000068 ], [ 85.351373900000056, 28.15725720000006 ], [ 85.351162400000078, 28.157597200000055 ], [ 85.350797400000033, 28.157983700000045 ], [ 85.350470900000062, 28.158121600000072 ], [ 85.350310304000061, 28.158195136000074 ] ], [ [ 85.348522363000086, 28.160363714000027 ], [ 85.348427300000083, 28.160492700000077 ], [ 85.348123100000066, 28.160809400000062 ], [ 85.347941800000058, 28.161060500000076 ], [ 85.347693900000081, 28.161224900000036 ], [ 85.347380400000077, 28.161390200000028 ], [ 85.347225600000058, 28.161570300000051 ], [ 85.34692380000007, 28.161818600000061 ], [ 85.346483300000045, 28.162191800000073 ], [ 85.346218, 28.162534900000026 ], [ 85.346079100000054, 28.162672 ], [ 85.345972600000039, 28.162872800000059 ], [ 85.345776300000068, 28.162982700000043 ], [ 85.345668400000079, 28.163022600000033 ], [ 85.345357300000046, 28.163229400000034 ], [ 85.345217200000036, 28.163358200000062 ], [ 85.345125300000063, 28.163337500000068 ], [ 85.344578900000045, 28.163537700000063 ], [ 85.344411, 28.16367850000006 ], [ 85.344117400000073, 28.163710900000069 ], [ 85.343901300000084, 28.163760900000057 ] ], [ [ 85.346086250000042, 28.161333464000052 ], [ 85.346193600000049, 28.161340500000051 ], [ 85.346199500000068, 28.161481 ], [ 85.346112500000061, 28.161526200000026 ], [ 85.346032600000058, 28.161633700000039 ], [ 85.345948100000044, 28.161822900000061 ], [ 85.345909100000085, 28.161960900000054 ], [ 85.345827800000052, 28.162100400000043 ], [ 85.345810700000072, 28.162222500000041 ], [ 85.345300900000041, 28.162623300000064 ], [ 85.345022100000051, 28.162738 ], [ 85.344514400000037, 28.162723100000051 ], [ 85.344094200000086, 28.163060800000039 ], [ 85.34370640000003, 28.163276900000028 ], [ 85.343678600000032, 28.163358 ], [ 85.343678900000043, 28.163406700000053 ], [ 85.343775900000082, 28.163593900000023 ], [ 85.343837600000086, 28.163638100000071 ], [ 85.343901300000084, 28.163760900000057 ] ], [ [ 85.344975772000055, 28.162058707000028 ], [ 85.344825480000054, 28.162121599000045 ] ], [ [ 85.343244693000031, 28.162889656000061 ], [ 85.343087300000036, 28.163009100000068 ], [ 85.342849400000034, 28.163043400000049 ], [ 85.342559300000062, 28.163075 ], [ 85.342398500000058, 28.163128200000074 ], [ 85.342245700000035, 28.163121100000069 ], [ 85.341992400000038, 28.163163600000075 ], [ 85.341835600000081, 28.163231 ], [ 85.341747200000043, 28.163337300000023 ], [ 85.341779300000042, 28.163390500000048 ], [ 85.341859800000066, 28.163433 ], [ 85.34200450000003, 28.163408200000049 ], [ 85.342161300000043, 28.163362100000029 ], [ 85.34229, 28.163351500000033 ], [ 85.342410600000051, 28.163347900000076 ], [ 85.342491, 28.163369200000034 ], [ 85.342523200000073, 28.163440100000059 ], [ 85.342499, 28.163493300000027 ], [ 85.342414, 28.163553800000045 ], [ 85.342227200000082, 28.163617400000078 ], [ 85.341978400000073, 28.16367020000007 ], [ 85.341815200000042, 28.163706500000046 ], [ 85.341723100000081, 28.163713 ], [ 85.341650700000059, 28.163688200000024 ], [ 85.341522, 28.163628 ], [ 85.341429500000061, 28.163635 ], [ 85.341393400000072, 28.163674 ], [ 85.34138930000006, 28.163720100000035 ], [ 85.341437600000063, 28.163752 ], [ 85.341501900000083, 28.163773300000059 ], [ 85.341542100000083, 28.163819400000079 ], [ 85.341546100000073, 28.163900900000044 ], [ 85.341489900000056, 28.16397180000007 ], [ 85.341369200000031, 28.16404620000003 ], [ 85.34121650000003, 28.164074600000049 ], [ 85.340831900000069, 28.164053800000033 ], [ 85.340540700000076, 28.164039200000047 ], [ 85.340415200000052, 28.163999500000045 ], [ 85.34031340000007, 28.163964 ], [ 85.340235200000052, 28.163976500000047 ], [ 85.340154700000085, 28.164003700000023 ], [ 85.339813800000059, 28.164462900000046 ] ], [ [ 85.336880700000052, 28.162993800000038 ], [ 85.336831700000062, 28.162732100000028 ], [ 85.336732200000085, 28.162545600000044 ], [ 85.336671600000045, 28.162399500000049 ], [ 85.336615700000038, 28.161882800000058 ], [ 85.336547800000062, 28.161709900000062 ], [ 85.336446600000045, 28.161224 ], [ 85.336367600000074, 28.161059 ], [ 85.33635170000008, 28.160878100000048 ], [ 85.336322200000041, 28.160762100000056 ], [ 85.336223200000063, 28.160552900000027 ], [ 85.336148200000082, 28.160422900000071 ], [ 85.336043700000062, 28.160302200000046 ], [ 85.335748200000069, 28.160119800000075 ], [ 85.334927600000071, 28.159475100000066 ], [ 85.334226, 28.159114100000068 ], [ 85.334085300000083, 28.159068700000034 ], [ 85.33389150000005, 28.159049100000061 ], [ 85.333721700000069, 28.158989 ], [ 85.333556400000077, 28.158911700000033 ], [ 85.333374, 28.15881550000006 ], [ 85.333131900000069, 28.158557900000062 ], [ 85.332868200000064, 28.158368800000062 ], [ 85.332532, 28.158012900000074 ], [ 85.332448200000044, 28.15786380000003 ], [ 85.332471100000078, 28.157674400000076 ], [ 85.332578400000045, 28.157097800000031 ], [ 85.332589800000051, 28.156874300000027 ], [ 85.332578100000035, 28.156758700000069 ], [ 85.332545900000071, 28.156651100000033 ], [ 85.332488900000044, 28.156556500000079 ], [ 85.332446700000048, 28.156517400000041 ], [ 85.332411800000045, 28.156500900000026 ], [ 85.332370300000036, 28.156500300000062 ], [ 85.332328700000062, 28.156512700000064 ], [ 85.332199900000035, 28.156555300000036 ], [ 85.332143600000052, 28.15656 ], [ 85.33207120000003, 28.156557600000042 ], [ 85.331992100000036, 28.156547 ], [ 85.331899, 28.156515300000024 ], [ 85.331823100000065, 28.156465400000059 ], [ 85.330565100000058, 28.15557270000005 ], [ 85.330428300000051, 28.155447400000071 ], [ 85.330322400000057, 28.155342100000041 ], [ 85.33017220000005, 28.155174200000033 ], [ 85.329886725000051, 28.154615974000023 ] ], [ [ 85.336880700000052, 28.162993800000038 ], [ 85.33713970000008, 28.162978800000076 ], [ 85.337226800000053, 28.163102800000047 ], [ 85.337194600000032, 28.163174800000036 ], [ 85.33730440000005, 28.163283500000034 ], [ 85.337400700000046, 28.163289700000064 ], [ 85.337864800000034, 28.163601 ], [ 85.33823, 28.163848800000039 ], [ 85.338339500000075, 28.163888300000053 ], [ 85.338414600000078, 28.163916700000073 ], [ 85.338501800000074, 28.163948600000026 ], [ 85.338621200000034, 28.164000600000065 ], [ 85.338748600000031, 28.164049900000066 ], [ 85.338858500000072, 28.164104700000053 ], [ 85.339053, 28.164231200000074 ], [ 85.339215200000069, 28.164387200000078 ], [ 85.339238900000055, 28.164414800000031 ] ], [ [ 85.336969800000077, 28.163522100000023 ], [ 85.336964400000056, 28.163355100000047 ], [ 85.336880700000052, 28.162993800000038 ] ], [ [ 85.336969800000077, 28.163522100000023 ], [ 85.336967500000071, 28.163725700000043 ], [ 85.336970200000053, 28.163795 ], [ 85.336977800000057, 28.163840300000061 ], [ 85.337008200000071, 28.163906500000053 ], [ 85.337070200000085, 28.164037 ], [ 85.337102200000061, 28.164083600000026 ], [ 85.337122300000033, 28.164130800000066 ], [ 85.337147600000037, 28.164257200000065 ], [ 85.337174700000048, 28.164332100000024 ], [ 85.337227800000051, 28.164407200000028 ], [ 85.337332382000056, 28.164550492000046 ] ], [ [ 85.343901300000084, 28.163760900000057 ], [ 85.343272400000046, 28.164252 ], [ 85.342973, 28.164507300000025 ], [ 85.342863300000033, 28.164542200000028 ] ], [ [ 85.336573836000071, 28.164077874000043 ], [ 85.336555300000043, 28.164062900000033 ], [ 85.33651320000007, 28.164018 ], [ 85.336493842000039, 28.16398878900003 ] ], [ [ 85.339238900000055, 28.164414800000031 ], [ 85.339288, 28.16435290000004 ], [ 85.339409900000078, 28.164392700000064 ], [ 85.339547500000037, 28.164451600000064 ], [ 85.339634, 28.164394400000049 ], [ 85.339671300000077, 28.164394400000049 ], [ 85.339757800000086, 28.16443780000003 ], [ 85.339813800000059, 28.164462900000046 ] ], [ [ 85.339238900000055, 28.164414800000031 ], [ 85.339256800000044, 28.16443570000007 ], [ 85.339372100000048, 28.164584600000069 ], [ 85.339414300000044, 28.164672200000041 ] ], [ [ 85.339813800000059, 28.164462900000046 ], [ 85.33987060000004, 28.164548400000058 ], [ 85.339998500000036, 28.164606900000024 ], [ 85.340261300000066, 28.16473 ], [ 85.340417500000058, 28.164838600000053 ], [ 85.340614, 28.164892800000075 ], [ 85.340711100000078, 28.164947100000063 ], [ 85.340718200000083, 28.165016 ], [ 85.340658100000041, 28.165100400000028 ] ], [ [ 85.342430600000057, 28.164525 ], [ 85.342611500000032, 28.164683900000057 ], [ 85.342768700000079, 28.164619200000061 ], [ 85.342863300000033, 28.164542200000028 ] ], [ [ 85.338892100000066, 28.164541700000029 ], [ 85.338373, 28.164415600000041 ], [ 85.33783180000006, 28.164272600000061 ], [ 85.337618, 28.164189800000031 ], [ 85.337430400000073, 28.164096500000028 ], [ 85.337340700000084, 28.164024900000072 ], [ 85.337312100000076, 28.163995 ], [ 85.337162600000056, 28.163813300000072 ], [ 85.336969800000077, 28.163522100000023 ] ], [ [ 85.342863300000033, 28.164542200000028 ], [ 85.342952300000036, 28.164812 ], [ 85.342901900000072, 28.164830600000073 ], [ 85.342904900000065, 28.164891200000056 ], [ 85.342943400000081, 28.164909800000032 ], [ 85.342959600000086, 28.165022400000055 ], [ 85.342982100000086, 28.165119100000027 ], [ 85.342958800000076, 28.165299200000049 ], [ 85.342994200000078, 28.165395300000057 ], [ 85.342977, 28.165455400000042 ], [ 85.343093400000043, 28.165684500000054 ], [ 85.343176800000037, 28.16595540000003 ] ], [ [ 85.337217472000077, 28.164627051000025 ], [ 85.337206900000069, 28.164621800000077 ], [ 85.33713890000007, 28.164560900000026 ], [ 85.337117774000035, 28.164535349000062 ] ], [ [ 85.33763950000008, 28.164648500000055 ], [ 85.337504, 28.164625400000034 ], [ 85.337455108000086, 28.164620384000045 ] ], [ [ 85.33763950000008, 28.164648500000055 ], [ 85.337850600000081, 28.164609200000029 ], [ 85.337878100000069, 28.164600500000063 ], [ 85.338074, 28.164535 ], [ 85.338098800000068, 28.164532700000052 ], [ 85.338356300000044, 28.164570400000059 ], [ 85.338549700000044, 28.164554600000031 ], [ 85.338748200000055, 28.16456050000005 ], [ 85.338892100000066, 28.164541700000029 ] ], [ [ 85.339414300000044, 28.164672200000041 ], [ 85.339064300000075, 28.164583500000049 ], [ 85.338892100000066, 28.164541700000029 ] ], [ [ 85.337745162000033, 28.164673299000071 ], [ 85.33763950000008, 28.164648500000055 ] ], [ [ 85.338340300000084, 28.164832100000069 ], [ 85.338195853000059, 28.164778731000069 ] ], [ [ 85.338331922000066, 28.164877942000032 ], [ 85.338340300000084, 28.164832100000069 ] ], [ [ 85.340658100000041, 28.165100400000028 ], [ 85.340540200000078, 28.165037 ], [ 85.340348600000084, 28.164961600000026 ], [ 85.339414300000044, 28.164672200000041 ] ], [ [ 85.33952891000007, 28.165149348000057 ], [ 85.339392600000053, 28.165129700000023 ], [ 85.339040900000043, 28.165071700000055 ], [ 85.338807900000063, 28.164985500000057 ], [ 85.338505800000064, 28.164893200000051 ], [ 85.338340300000084, 28.164832100000069 ] ], [ [ 85.34182670000007, 28.165729100000078 ], [ 85.341670800000031, 28.165619200000037 ], [ 85.341056700000081, 28.165335900000059 ], [ 85.340658100000041, 28.165100400000028 ] ], [ [ 85.34182670000007, 28.165729100000078 ], [ 85.341911200000084, 28.165736400000071 ], [ 85.342169900000044, 28.165896 ], [ 85.342297400000064, 28.165921900000058 ], [ 85.342318300000045, 28.166007800000045 ], [ 85.342367400000057, 28.166042900000036 ], [ 85.342510600000082, 28.165975600000024 ], [ 85.342956600000036, 28.165756 ], [ 85.342993800000045, 28.165737700000079 ], [ 85.343, 28.16579930000006 ], [ 85.343059200000084, 28.166040500000065 ], [ 85.343116800000075, 28.166077 ], [ 85.343176300000039, 28.166045200000042 ], [ 85.343190800000059, 28.166000700000041 ], [ 85.343176800000037, 28.16595540000003 ] ], [ [ 85.34182670000007, 28.165729100000078 ], [ 85.342198500000052, 28.166097200000024 ], [ 85.342355100000077, 28.166381100000024 ], [ 85.34239830000007, 28.166754500000025 ], [ 85.342213700000059, 28.167294800000036 ], [ 85.342059300000074, 28.167731900000035 ], [ 85.341962800000033, 28.16815710000003 ], [ 85.342082, 28.168796500000042 ], [ 85.342114600000059, 28.169506200000058 ] ], [ [ 85.343176800000037, 28.16595540000003 ], [ 85.343406500000071, 28.166053 ], [ 85.343507900000077, 28.166152400000044 ], [ 85.343548700000042, 28.166248500000052 ], [ 85.343578400000069, 28.16647990000007 ], [ 85.343672300000037, 28.166637500000036 ], [ 85.343668500000035, 28.166788300000064 ], [ 85.343637700000045, 28.166913300000033 ], [ 85.343588700000055, 28.167204200000072 ], [ 85.343582, 28.167322600000034 ], [ 85.343603800000039, 28.167413300000078 ], [ 85.343637841000032, 28.167427305000047 ] ], [ [ 85.341014983000036, 28.166027643000064 ], [ 85.341046300000073, 28.166098700000077 ], [ 85.341026700000043, 28.166204700000037 ] ], [ [ 85.342114600000059, 28.169506200000058 ], [ 85.342261300000075, 28.170286 ], [ 85.342335700000035, 28.170738400000062 ], [ 85.342301100000043, 28.171168200000068 ], [ 85.342351400000041, 28.17189250000007 ], [ 85.342511200000047, 28.173424100000034 ], [ 85.342611900000065, 28.174420100000077 ], [ 85.342350800000077, 28.175660400000027 ], [ 85.342282100000034, 28.176585900000077 ], [ 85.34231340000008, 28.178084500000068 ], [ 85.342042400000082, 28.180497600000024 ], [ 85.342015700000047, 28.181180500000039 ], [ 85.34204630000005, 28.181370300000026 ], [ 85.34235590000003, 28.181830500000046 ], [ 85.342523100000051, 28.182049800000073 ] ], [ [ 85.341611043000057, 28.169551115000047 ], [ 85.341775400000074, 28.169558500000051 ], [ 85.341928300000063, 28.169525400000055 ], [ 85.342040200000042, 28.169503700000064 ], [ 85.342073500000083, 28.169505500000071 ], [ 85.342114600000059, 28.169506200000058 ] ], [ [ 85.342523100000051, 28.182049800000073 ], [ 85.342589500000031, 28.182128 ] ], [ [ 85.342523100000051, 28.182049800000073 ], [ 85.342063600000074, 28.18211210000004 ], [ 85.341861200000039, 28.182200800000032 ], [ 85.341650400000049, 28.18226930000003 ], [ 85.34155190000007, 28.182372800000053 ], [ 85.341050300000063, 28.182475600000032 ], [ 85.340881300000035, 28.182486200000028 ], [ 85.340773900000045, 28.182499600000028 ], [ 85.340625700000032, 28.182566700000052 ], [ 85.340555800000061, 28.18261380000007 ], [ 85.340504200000055, 28.18260790000005 ], [ 85.340092900000059, 28.182359600000041 ], [ 85.339937600000042, 28.182193100000063 ], [ 85.339758600000039, 28.182128600000055 ], [ 85.339547300000049, 28.18211210000004 ], [ 85.339232800000048, 28.182153500000027 ], [ 85.339157700000044, 28.182244500000024 ], [ 85.339162400000077, 28.182310700000073 ], [ 85.339269500000057, 28.182327300000054 ], [ 85.339448800000071, 28.182371100000069 ], [ 85.339505200000076, 28.182420900000068 ], [ 85.339448800000071, 28.182494 ], [ 85.33931270000005, 28.182593500000053 ], [ 85.339196500000071, 28.182631600000036 ], [ 85.33913670000004, 28.182614 ], [ 85.338984, 28.182543800000076 ], [ 85.338831300000038, 28.182485300000053 ], [ 85.338778200000036, 28.182526200000041 ], [ 85.338794800000073, 28.182605200000069 ], [ 85.338921, 28.182728100000077 ], [ 85.338977400000033, 28.18281 ], [ 85.338940900000068, 28.182839300000069 ], [ 85.338901100000044, 28.182853900000055 ], [ 85.338818100000083, 28.182821800000056 ], [ 85.338662, 28.182754500000044 ], [ 85.338564915000063, 28.182758242000034 ] ], [ [ 85.342589500000031, 28.182128 ], [ 85.342815400000063, 28.182319500000062 ], [ 85.343030400000032, 28.182430300000078 ], [ 85.343128400000069, 28.182435500000054 ], [ 85.34323930000005, 28.182402 ], [ 85.343840700000044, 28.182211400000028 ], [ 85.34392710000003, 28.18218440000004 ] ], [ [ 85.342589500000031, 28.182128 ], [ 85.342966800000056, 28.182632700000056 ], [ 85.343011900000079, 28.182659500000057 ], [ 85.343061500000033, 28.182670100000053 ], [ 85.343107100000054, 28.182674900000052 ], [ 85.343196800000044, 28.182664800000055 ], [ 85.343835500000068, 28.182505 ] ], [ [ 85.34392710000003, 28.18218440000004 ], [ 85.344060519000038, 28.181739467000057 ] ], [ [ 85.343835500000068, 28.182505 ], [ 85.34392710000003, 28.18218440000004 ] ], [ [ 85.343835500000068, 28.182505 ], [ 85.343944, 28.182515300000034 ], [ 85.343965900000057, 28.182522400000039 ], [ 85.343984200000079, 28.182530300000053 ], [ 85.344000600000072, 28.182544200000052 ], [ 85.34401710000003, 28.182565500000067 ], [ 85.344032500000083, 28.182596200000035 ], [ 85.344057300000031, 28.182671900000059 ], [ 85.34449520000004, 28.183969300000058 ], [ 85.344666800000084, 28.184333400000071 ], [ 85.344901100000072, 28.184682200000054 ], [ 85.345140600000036, 28.184991800000034 ], [ 85.345385700000065, 28.185267200000055 ], [ 85.345856, 28.185862100000065 ], [ 85.34609910000006, 28.186293200000023 ], [ 85.346168900000066, 28.186429100000055 ], [ 85.346219800000085, 28.186565100000053 ], [ 85.346394, 28.187487500000032 ], [ 85.346454100000074, 28.187756 ], [ 85.346501500000045, 28.187919800000032 ], [ 85.346604700000057, 28.188121500000079 ], [ 85.346683600000063, 28.188264400000037 ], [ 85.347681300000033, 28.189411800000073 ], [ 85.34826860000004, 28.190152800000078 ], [ 85.348360200000059, 28.19030280000004 ], [ 85.348412500000052, 28.190391400000067 ], [ 85.348463500000037, 28.190482400000064 ], [ 85.348582900000054, 28.190801600000043 ], [ 85.348625800000036, 28.190941 ], [ 85.348649900000055, 28.191028500000073 ], [ 85.34868750000004, 28.191113600000051 ], [ 85.348724300000072, 28.19115910000005 ], [ 85.348836400000039, 28.191247400000066 ], [ 85.348879200000056, 28.191296800000032 ], [ 85.348918100000049, 28.191346500000066 ], [ 85.349278800000036, 28.191981800000065 ], [ 85.349387500000034, 28.192229400000031 ], [ 85.349441200000058, 28.192366600000071 ], [ 85.349535, 28.192619500000035 ], [ 85.349712100000033, 28.193281400000046 ], [ 85.34984890000004, 28.193586400000072 ], [ 85.350333400000068, 28.194507300000055 ], [ 85.350539500000082, 28.194914900000072 ], [ 85.35062, 28.195087500000056 ], [ 85.350675, 28.195204500000045 ], [ 85.350719200000071, 28.195345200000077 ], [ 85.350759500000038, 28.195489400000042 ], [ 85.350778300000059, 28.195596900000055 ], [ 85.35078290000007, 28.195640400000059 ], [ 85.350787600000046, 28.195685 ], [ 85.350790300000085, 28.19574410000007 ], [ 85.350903100000039, 28.196359700000073 ], [ 85.350935200000038, 28.196466800000053 ], [ 85.350993, 28.196576 ], [ 85.351077300000043, 28.196691400000077 ], [ 85.351188600000057, 28.196797700000047 ], [ 85.352010600000085, 28.197557500000073 ], [ 85.352206500000079, 28.197829600000034 ], [ 85.352297700000065, 28.197967900000037 ], [ 85.352391600000033, 28.198115700000074 ], [ 85.352743, 28.198813 ], [ 85.352845, 28.199060600000053 ], [ 85.353012400000068, 28.199593200000038 ], [ 85.353050100000075, 28.199776300000053 ], [ 85.353092600000082, 28.200070800000049 ], [ 85.353101800000047, 28.200563800000054 ], [ 85.353279, 28.201744800000029 ], [ 85.353357600000038, 28.202221800000075 ], [ 85.353449, 28.202523400000075 ] ], [ [ 85.337897602000055, 28.182670481000059 ], [ 85.337360800000056, 28.182467700000075 ], [ 85.33689940000005, 28.182280400000025 ], [ 85.336726800000065, 28.18221310000007 ], [ 85.336696900000049, 28.182169300000055 ], [ 85.336640500000044, 28.182102 ], [ 85.336570800000061, 28.182031700000039 ], [ 85.336538190000056, 28.182029224000075 ] ], [ [ 85.342495018000079, 28.183337614000038 ], [ 85.342471400000079, 28.183224500000051 ], [ 85.342499600000053, 28.183169 ], [ 85.342619, 28.183176100000026 ], [ 85.342796, 28.183262400000046 ], [ 85.342973, 28.183365200000026 ], [ 85.343056200000035, 28.18334980000003 ], [ 85.343036100000063, 28.183268300000066 ], [ 85.342977, 28.183169 ], [ 85.342805400000032, 28.183016500000065 ], [ 85.342635100000052, 28.182898300000033 ], [ 85.34256, 28.182738700000073 ], [ 85.342523100000051, 28.182632900000044 ], [ 85.342546600000048, 28.182557200000076 ], [ 85.342558600000075, 28.182504 ], [ 85.342539800000054, 28.182431300000076 ], [ 85.34242050000006, 28.182339700000057 ], [ 85.34220520000008, 28.182294800000079 ], [ 85.342023500000039, 28.18225110000003 ], [ 85.342012800000077, 28.18219490000007 ], [ 85.342120100000045, 28.182137600000033 ], [ 85.342353400000036, 28.182095600000025 ], [ 85.342481900000053, 28.182111200000065 ], [ 85.342589500000031, 28.182128 ] ], [ [ 85.342693487000076, 28.183520722000026 ], [ 85.342653800000051, 28.183491700000047 ], [ 85.342507598000054, 28.183351875000028 ] ], [ [ 85.343030610000085, 28.18394227400006 ], [ 85.343032, 28.183943300000067 ], [ 85.343146, 28.183995300000049 ], [ 85.343171500000039, 28.183964500000059 ], [ 85.343069600000035, 28.183820300000036 ], [ 85.342980276000048, 28.183740120000039 ] ], [ [ 85.353449, 28.202523400000075 ], [ 85.353526600000066, 28.202779200000066 ], [ 85.35377120000004, 28.203423300000054 ], [ 85.353857900000037, 28.203563 ] ], [ [ 85.353857900000037, 28.203563 ], [ 85.353631200000052, 28.20344620000003 ], [ 85.353494600000033, 28.203205500000024 ], [ 85.353487600000051, 28.203090200000076 ], [ 85.353396500000031, 28.202820700000075 ], [ 85.353449, 28.202523400000075 ] ], [ [ 85.353857900000037, 28.203563 ], [ 85.354025, 28.203761600000064 ], [ 85.354242800000065, 28.20409230000007 ], [ 85.354917300000068, 28.20525740000005 ], [ 85.355100500000049, 28.205516900000077 ] ], [ [ 85.355100500000049, 28.205516900000077 ], [ 85.355151, 28.205618700000059 ], [ 85.355213500000048, 28.205822700000056 ], [ 85.355241400000068, 28.206080100000065 ], [ 85.355260500000043, 28.206347500000049 ], [ 85.355267500000082, 28.206574400000079 ], [ 85.355279, 28.206712300000049 ], [ 85.355268800000033, 28.20690170000006 ] ], [ [ 85.355846927000073, 28.206444703000045 ], [ 85.355821200000037, 28.206365800000071 ], [ 85.355617600000073, 28.205913900000041 ], [ 85.355362100000036, 28.205526300000031 ], [ 85.355100500000049, 28.205516900000077 ] ], [ [ 85.355268800000033, 28.20690170000006 ], [ 85.355292900000052, 28.207136500000047 ], [ 85.355273700000055, 28.207414100000051 ], [ 85.355304500000045, 28.207808500000056 ], [ 85.355346637000082, 28.207938459000047 ] ], [ [ 85.355268800000033, 28.20690170000006 ], [ 85.355226, 28.207073100000059 ], [ 85.35507460000008, 28.207467400000041 ], [ 85.354979700000058, 28.207663800000034 ], [ 85.354834600000061, 28.207884900000067 ], [ 85.354781900000035, 28.208011200000044 ], [ 85.354742600000066, 28.208167900000035 ], [ 85.354742, 28.208276 ], [ 85.354733, 28.208358800000042 ], [ 85.354737100000079, 28.208437700000047 ], [ 85.354764400000079, 28.208519200000069 ], [ 85.354767500000037, 28.208581400000071 ], [ 85.354738300000065, 28.208719700000074 ], [ 85.35473, 28.208877800000039 ], [ 85.354682400000058, 28.209157100000027 ], [ 85.354672612000059, 28.209227347000024 ] ], [ [ 85.355214361000037, 28.208207999000024 ], [ 85.355173900000068, 28.208248600000047 ], [ 85.355143100000078, 28.20845840000004 ], [ 85.355144533000043, 28.208478349000075 ] ], [ [ 85.35515915700006, 28.208681945000023 ], [ 85.355166200000042, 28.20878 ], [ 85.355204600000036, 28.209181200000046 ], [ 85.355211388000043, 28.209228056000029 ] ], [ [ 85.354672612000059, 28.209227347000024 ], [ 85.354977400000053, 28.209266300000024 ], [ 85.355194012000084, 28.209350932000063 ] ], [ [ 85.354672612000059, 28.209227347000024 ], [ 85.354561, 28.210028400000056 ] ], [ [ 85.354672612000059, 28.209227347000024 ], [ 85.35383580000007, 28.209120400000074 ], [ 85.353725800000063, 28.20910820000006 ], [ 85.35334720000003, 28.209379200000058 ], [ 85.353055300000051, 28.209431800000061 ], [ 85.352846485000043, 28.20956994200003 ] ], [ [ 85.354561, 28.210028400000056 ], [ 85.354742900000076, 28.210015200000043 ], [ 85.354713, 28.210194800000068 ], [ 85.354772400000058, 28.21052050000003 ], [ 85.354638766000051, 28.210552882000059 ] ], [ [ 85.354561, 28.210028400000056 ], [ 85.354584300000056, 28.210244400000079 ], [ 85.354638766000051, 28.210552882000059 ] ], [ [ 85.354638766000051, 28.210552882000059 ], [ 85.353697800000077, 28.210780900000032 ] ], [ [ 85.354638766000051, 28.210552882000059 ], [ 85.354720800000052, 28.211017500000025 ], [ 85.354902200000083, 28.211771200000044 ] ], [ [ 85.354902200000083, 28.211771200000044 ], [ 85.355018800000039, 28.211134700000059 ], [ 85.35512870000008, 28.210893600000077 ], [ 85.355139500000064, 28.210761200000036 ], [ 85.355141609000043, 28.21073332900005 ] ], [ [ 85.354902200000083, 28.211771200000044 ], [ 85.355028300000072, 28.212294900000074 ] ], [ [ 85.355516908000084, 28.212057395000045 ], [ 85.355485500000043, 28.212054700000067 ], [ 85.355267400000059, 28.212074100000052 ], [ 85.35519620000008, 28.21222750000004 ], [ 85.355149800000049, 28.212237100000038 ], [ 85.355061800000044, 28.212255300000038 ], [ 85.355028300000072, 28.212294900000074 ] ], [ [ 85.355028300000072, 28.212294900000074 ], [ 85.355103400000075, 28.212647200000049 ], [ 85.355226300000083, 28.213163500000064 ], [ 85.355243500000086, 28.213562 ], [ 85.355234900000085, 28.213842400000033 ], [ 85.355199500000083, 28.214297700000031 ], [ 85.355095400000039, 28.214816300000052 ], [ 85.355064300000038, 28.215350200000046 ], [ 85.355157100000042, 28.215736700000036 ], [ 85.355221500000084, 28.215856900000063 ], [ 85.355254800000068, 28.215958500000056 ], [ 85.35528910000005, 28.216087400000049 ], [ 85.355428900000049, 28.216256200000032 ], [ 85.355580900000064, 28.216449700000055 ], [ 85.355794300000071, 28.216707500000041 ], [ 85.356063800000072, 28.21706910000006 ], [ 85.356440100000043, 28.217500400000063 ], [ 85.356822300000033, 28.217941500000052 ], [ 85.357141100000035, 28.21836890000003 ], [ 85.357845800000064, 28.219267200000047 ], [ 85.358451900000034, 28.220046600000046 ] ], [ [ 85.355003968000062, 28.217660509000041 ], [ 85.355132800000035, 28.217563900000073 ] ], [ [ 85.358451900000034, 28.220046600000046 ], [ 85.358496279000065, 28.219944565000048 ] ], [ [ 85.358451900000034, 28.220046600000046 ], [ 85.35850570000008, 28.220115800000031 ], [ 85.359094600000049, 28.220871300000056 ], [ 85.359330900000032, 28.221102400000063 ], [ 85.359623500000055, 28.221185200000036 ], [ 85.359811900000068, 28.221216 ], [ 85.359988500000043, 28.221321800000055 ], [ 85.360230200000046, 28.221484600000053 ] ], [ [ 85.360230200000046, 28.221484600000053 ], [ 85.360305542000049, 28.221382864000077 ] ], [ [ 85.360230200000046, 28.221484600000053 ], [ 85.360585700000058, 28.221802300000036 ], [ 85.36077830000005, 28.222173600000076 ], [ 85.36117790000003, 28.222715700000037 ] ], [ [ 85.36117790000003, 28.222715700000037 ], [ 85.361499800000047, 28.222825200000045 ], [ 85.361643300000082, 28.222818700000062 ], [ 85.361669737000057, 28.222778926000046 ] ], [ [ 85.36117790000003, 28.222715700000037 ], [ 85.361401900000033, 28.223054300000058 ], [ 85.36154, 28.223349300000052 ], [ 85.361717500000054, 28.223828800000035 ], [ 85.361766, 28.224016 ], [ 85.361781300000075, 28.224216400000046 ], [ 85.361684600000046, 28.224547500000028 ], [ 85.36172890000006, 28.225338300000033 ], [ 85.361800600000038, 28.226431700000035 ], [ 85.361798882000073, 28.226637568000058 ] ], [ [ 85.361694745000079, 28.226941648000036 ], [ 85.361689500000068, 28.226810700000044 ], [ 85.361656800000048, 28.226765900000032 ], [ 85.361608900000078, 28.226761600000032 ], [ 85.361533800000075, 28.226852 ], [ 85.361484, 28.226848500000074 ], [ 85.361454700000081, 28.226766300000065 ], [ 85.361502800000039, 28.226674900000035 ], [ 85.361667300000079, 28.22654840000007 ], [ 85.361684600000046, 28.226458100000059 ], [ 85.361693400000036, 28.226400100000035 ], [ 85.361414600000046, 28.22631350000006 ], [ 85.361441300000081, 28.226099100000056 ], [ 85.36158880000005, 28.225768500000072 ], [ 85.361627500000054, 28.225526600000023 ], [ 85.361618100000044, 28.225350500000047 ], [ 85.361470200000042, 28.225123800000063 ], [ 85.361494200000038, 28.224997 ], [ 85.361495500000046, 28.224419200000057 ], [ 85.361563500000045, 28.224204300000054 ], [ 85.361343600000055, 28.223722800000075 ], [ 85.361191600000041, 28.223398700000075 ] ], [ [ 85.359522811000033, 28.231507542000031 ], [ 85.359869600000081, 28.231606600000077 ], [ 85.360121700000036, 28.231554600000038 ] ], [ [ 85.359583451000049, 28.232685978000063 ], [ 85.359740800000054, 28.232722 ], [ 85.360014400000068, 28.232722 ], [ 85.360078800000053, 28.232745700000066 ] ], [ [ 85.361079672000074, 28.233426284000075 ], [ 85.36081850000005, 28.23393 ], [ 85.360722500000065, 28.234248300000047 ], [ 85.36065670000005, 28.234422900000027 ], [ 85.360589200000049, 28.234596700000054 ], [ 85.360485900000072, 28.234708400000045 ], [ 85.360317500000065, 28.234832700000027 ], [ 85.360232200000041, 28.234943 ], [ 85.360140300000069, 28.235119700000041 ], [ 85.360070400000041, 28.235359600000038 ], [ 85.36002730000007, 28.235663200000033 ], [ 85.359979800000076, 28.23584 ], [ 85.359889400000043, 28.236046100000067 ], [ 85.359789500000034, 28.236230100000057 ], [ 85.359456100000045, 28.237049 ], [ 85.359379500000045, 28.237217200000032 ], [ 85.358957, 28.237787600000047 ], [ 85.35888140000003, 28.237963900000068 ], [ 85.358857400000034, 28.238221200000055 ] ], [ [ 85.359075700000062, 28.234265100000073 ], [ 85.359022, 28.234404500000039 ], [ 85.358955, 28.234541600000057 ], [ 85.358863800000051, 28.234735400000034 ], [ 85.358794, 28.234891300000072 ], [ 85.358751100000063, 28.235089800000026 ], [ 85.358697500000062, 28.235283600000059 ], [ 85.358686700000078, 28.235413600000072 ], [ 85.358662600000059, 28.235574300000053 ], [ 85.35862510000004, 28.235772800000063 ], [ 85.358619700000077, 28.235907500000053 ], [ 85.358582100000035, 28.235978300000056 ], [ 85.358490900000049, 28.236127200000055 ], [ 85.358386300000063, 28.236224100000072 ], [ 85.358327300000042, 28.236339900000075 ], [ 85.358249500000056, 28.236472200000037 ], [ 85.358173100000045, 28.236577400000044 ], [ 85.358092600000077, 28.236654200000032 ], [ 85.358017500000074, 28.236696700000039 ], [ 85.357935700000041, 28.236780600000031 ], [ 85.35787810000005, 28.236847900000043 ], [ 85.357786900000065, 28.237000400000056 ], [ 85.357719800000041, 28.237166900000034 ], [ 85.357664800000066, 28.237270900000055 ], [ 85.357659, 28.237342600000034 ] ], [ [ 85.358323933000065, 28.235046418000024 ], [ 85.358321500000045, 28.235064100000045 ], [ 85.358292581000057, 28.235088612000027 ] ], [ [ 85.358264286000065, 28.235123885000064 ], [ 85.358218, 28.235316200000057 ], [ 85.358260600000051, 28.235403900000051 ], [ 85.358199700000057, 28.235544200000049 ], [ 85.358089100000086, 28.235892100000058 ], [ 85.358025100000077, 28.235976100000073 ], [ 85.357997700000055, 28.236160300000051 ], [ 85.357904400000052, 28.236315 ], [ 85.357823200000041, 28.236539400000026 ], [ 85.357723700000065, 28.236682500000029 ], [ 85.357687200000044, 28.236904200000026 ], [ 85.357648600000061, 28.237082200000032 ], [ 85.35761, 28.237302100000079 ], [ 85.357659, 28.237342600000034 ] ], [ [ 85.357659, 28.237342600000034 ], [ 85.357643400000086, 28.23753320000003 ], [ 85.357616500000063, 28.237696300000039 ], [ 85.357631600000047, 28.237734200000034 ] ], [ [ 85.357024479000074, 28.237673530000052 ], [ 85.357085500000039, 28.237679700000058 ], [ 85.357267900000068, 28.23774590000005 ], [ 85.357570900000042, 28.237741200000073 ], [ 85.357631600000047, 28.237734200000034 ] ], [ [ 85.357631600000047, 28.237734200000034 ], [ 85.357689, 28.237878200000068 ], [ 85.357756, 28.237994 ], [ 85.357796200000053, 28.238159400000029 ], [ 85.357836500000076, 28.238298800000052 ], [ 85.35787270000003, 28.238402800000074 ], [ 85.357847900000081, 28.238494400000036 ], [ 85.357841200000053, 28.238612500000045 ], [ 85.357816400000047, 28.238724200000036 ], [ 85.357793600000036, 28.238825800000029 ], [ 85.357778800000062, 28.238876600000026 ], [ 85.357770800000083, 28.238958100000048 ], [ 85.357729200000051, 28.239063300000055 ], [ 85.357690300000058, 28.239163700000063 ], [ 85.357691600000067, 28.239278300000024 ], [ 85.357690300000058, 28.239372800000069 ], [ 85.35775330000007, 28.23950990000003 ], [ 85.357804300000055, 28.239617400000043 ] ], [ [ 85.358857400000034, 28.238221200000055 ], [ 85.358749300000056, 28.238213100000053 ], [ 85.35869880000007, 28.238040100000035 ], [ 85.358730200000082, 28.237779800000055 ], [ 85.35871910000003, 28.237647400000071 ], [ 85.358733400000062, 28.237545 ], [ 85.358846300000039, 28.237396900000078 ], [ 85.358918700000061, 28.237316100000044 ], [ 85.35892860000007, 28.237238700000034 ], [ 85.359288200000037, 28.236667 ], [ 85.35937030000008, 28.236285800000076 ], [ 85.359296, 28.235531 ], [ 85.359295200000076, 28.235198600000047 ], [ 85.359414600000036, 28.2349 ], [ 85.359767500000032, 28.234616 ], [ 85.359416500000066, 28.234269 ], [ 85.359387100000049, 28.234235400000046 ], [ 85.359389800000031, 28.234053500000073 ], [ 85.359299300000032, 28.233978400000069 ], [ 85.35909810000004, 28.233973800000058 ], [ 85.359016600000075, 28.233924 ], [ 85.358924705000049, 28.233876011000063 ] ], [ [ 85.358857400000034, 28.238221200000055 ], [ 85.358848300000034, 28.238913300000036 ], [ 85.358794800000055, 28.239744100000053 ], [ 85.358776500000033, 28.239843 ] ], [ [ 85.357804300000055, 28.239617400000043 ], [ 85.357428800000037, 28.239674100000059 ], [ 85.357037200000036, 28.239872600000069 ], [ 85.357034608000049, 28.239874134000047 ] ], [ [ 85.358776500000033, 28.239843 ], [ 85.35876230000008, 28.240267200000062 ], [ 85.358779600000048, 28.240633 ], [ 85.358799100000056, 28.241043800000057 ], [ 85.358773700000086, 28.24127720000007 ] ], [ [ 85.357866, 28.239873700000032 ], [ 85.357819, 28.239714200000037 ], [ 85.357804300000055, 28.239617400000043 ] ], [ [ 85.357866, 28.239873700000032 ], [ 85.358116500000051, 28.239843200000053 ], [ 85.358574700000077, 28.239853400000072 ], [ 85.358658400000081, 28.239854800000046 ], [ 85.358776500000033, 28.239843 ] ], [ [ 85.357879400000058, 28.240075800000056 ], [ 85.357876700000077, 28.239951700000063 ], [ 85.357866, 28.239873700000032 ] ], [ [ 85.357879400000058, 28.240075800000056 ], [ 85.357852600000058, 28.240280200000029 ], [ 85.357819100000086, 28.240393500000039 ], [ 85.357765400000062, 28.240575500000034 ], [ 85.357693, 28.240901600000029 ], [ 85.357491800000048, 28.241143800000032 ], [ 85.357444900000075, 28.241383700000029 ], [ 85.357414, 28.241822 ], [ 85.35737110000008, 28.242161100000033 ], [ 85.357290700000078, 28.242397400000073 ], [ 85.357258500000057, 28.242341800000077 ], [ 85.357282600000076, 28.242159900000047 ], [ 85.357253100000037, 28.241924800000049 ], [ 85.357214200000044, 28.241642400000046 ], [ 85.357124400000032, 28.24141910000003 ], [ 85.35710830000005, 28.241283200000055 ], [ 85.357223600000054, 28.241184 ], [ 85.357210200000054, 28.241015100000027 ], [ 85.357211500000062, 28.240848500000027 ], [ 85.357167300000071, 28.240696100000036 ], [ 85.357200300000045, 28.240507900000068 ], [ 85.357223600000054, 28.240374700000075 ], [ 85.357106900000076, 28.240082900000061 ], [ 85.357022400000062, 28.240105300000039 ], [ 85.357019800000046, 28.240333300000032 ], [ 85.356956700000069, 28.240583800000024 ], [ 85.356918900000039, 28.240652800000078 ], [ 85.356874665000078, 28.240716573000043 ] ], [ [ 85.357920600000057, 28.240663400000074 ], [ 85.357943800000044, 28.24049640000004 ], [ 85.357941700000083, 28.240380800000025 ], [ 85.35793840000008, 28.240193900000065 ], [ 85.357879400000058, 28.240075800000056 ] ], [ [ 85.357920600000057, 28.240663400000074 ], [ 85.358095100000071, 28.240703 ], [ 85.358231600000067, 28.240741600000035 ], [ 85.358320400000082, 28.240766800000074 ], [ 85.358399200000065, 28.240792300000066 ], [ 85.35842770000005, 28.240844700000025 ], [ 85.358400900000049, 28.240953400000024 ], [ 85.358367800000053, 28.240986500000076 ], [ 85.358324700000082, 28.241123400000049 ], [ 85.358323100000064, 28.241180200000031 ], [ 85.358344600000066, 28.241251200000079 ], [ 85.358387500000049, 28.241300800000033 ], [ 85.358481400000073, 28.241307900000038 ], [ 85.358698600000082, 28.241284200000052 ], [ 85.358773700000086, 28.24127720000007 ] ], [ [ 85.357920600000057, 28.240663400000074 ], [ 85.357903500000077, 28.240787 ], [ 85.357841800000074, 28.241028 ], [ 85.357702400000051, 28.24129030000006 ], [ 85.357715800000051, 28.241684900000052 ], [ 85.357807, 28.24227570000005 ], [ 85.357981300000063, 28.242774200000042 ], [ 85.358348800000044, 28.243320100000062 ], [ 85.358539200000052, 28.24345 ], [ 85.358636900000079, 28.243581400000039 ], [ 85.358692100000042, 28.243655600000068 ], [ 85.359008600000038, 28.243825700000059 ], [ 85.359055600000033, 28.243869400000051 ], [ 85.359066200000086, 28.24387930000006 ], [ 85.359153400000082, 28.243960400000049 ], [ 85.359453900000062, 28.244114 ], [ 85.359625200000039, 28.244244800000047 ], [ 85.359691700000042, 28.244295600000044 ], [ 85.359917900000085, 28.244468400000073 ], [ 85.360432900000035, 28.244924500000025 ], [ 85.361036400000046, 28.24530720000007 ], [ 85.361377, 28.245571900000073 ], [ 85.361551300000031, 28.245751400000074 ], [ 85.361905400000069, 28.245997200000033 ], [ 85.362232600000084, 28.246354 ], [ 85.362533, 28.246524100000045 ], [ 85.362879, 28.246871400000032 ], [ 85.363061400000049, 28.247088800000029 ], [ 85.363198200000056, 28.247327400000074 ], [ 85.363308200000063, 28.247547200000042 ], [ 85.363501300000053, 28.247700800000075 ], [ 85.363619300000039, 28.24795830000005 ], [ 85.363697800000068, 28.248175300000071 ], [ 85.363804400000049, 28.248551400000053 ], [ 85.364196, 28.249019200000077 ], [ 85.364466900000082, 28.249387800000079 ], [ 85.364552700000047, 28.249841400000037 ], [ 85.364601, 28.250103700000068 ], [ 85.364539300000047, 28.250380100000029 ], [ 85.364512500000046, 28.25064 ], [ 85.364445400000079, 28.250942500000065 ], [ 85.364389100000039, 28.251192900000035 ], [ 85.364383800000041, 28.251429200000075 ], [ 85.364306, 28.25167730000004 ], [ 85.364227500000084, 28.251932900000043 ], [ 85.364324700000054, 28.252083600000049 ], [ 85.364363700000069, 28.252178100000037 ], [ 85.364271100000053, 28.252575100000058 ], [ 85.364319400000056, 28.252794800000061 ], [ 85.364456200000063, 28.253165700000068 ], [ 85.364528600000085, 28.253602800000067 ], [ 85.364625200000035, 28.253747 ], [ 85.364692200000036, 28.254151 ], [ 85.364799500000061, 28.254607 ], [ 85.364930900000047, 28.254935400000079 ], [ 85.365062400000056, 28.255287400000043 ], [ 85.365113300000075, 28.255710300000032 ] ], [ [ 85.358773700000086, 28.24127720000007 ], [ 85.358879900000034, 28.241863500000079 ] ], [ [ 85.358879900000034, 28.241863500000079 ], [ 85.358859400000085, 28.24203 ], [ 85.358896400000049, 28.242450400000052 ], [ 85.359024600000055, 28.242908700000044 ], [ 85.359168200000056, 28.243191500000023 ], [ 85.359327500000063, 28.243326600000046 ], [ 85.359374200000047, 28.243367700000078 ], [ 85.359471500000041, 28.243453500000044 ], [ 85.359605900000076, 28.243572 ], [ 85.359770400000059, 28.243732200000068 ], [ 85.359993700000075, 28.243959700000062 ], [ 85.360393300000055, 28.244248700000071 ], [ 85.360530800000049, 28.244374700000037 ], [ 85.360891200000083, 28.244536700000026 ], [ 85.361196, 28.244713 ], [ 85.361710200000061, 28.245065800000077 ], [ 85.362144500000056, 28.24533370000006 ], [ 85.362561800000037, 28.245642900000064 ], [ 85.36315890000003, 28.246033600000032 ], [ 85.363501300000053, 28.24628210000003 ], [ 85.363792700000033, 28.246608800000047 ], [ 85.363975100000062, 28.247065600000042 ], [ 85.36438830000003, 28.248087600000076 ], [ 85.364522500000078, 28.248351400000047 ], [ 85.364676100000054, 28.248562900000024 ], [ 85.36482970000003, 28.248706700000071 ], [ 85.365239900000063, 28.249074900000039 ], [ 85.365649, 28.24942 ], [ 85.365749400000084, 28.249548800000071 ], [ 85.365852100000041, 28.249730100000079 ], [ 85.365930700000035, 28.249862 ] ], [ [ 85.358591600000068, 28.241987100000074 ], [ 85.358685500000036, 28.241963600000076 ], [ 85.358822, 28.241901900000073 ], [ 85.358879900000034, 28.241863500000079 ] ], [ [ 85.365930700000035, 28.249862 ], [ 85.366058900000041, 28.250077 ], [ 85.366214500000069, 28.250642500000026 ], [ 85.366236600000036, 28.250846600000045 ], [ 85.366241800000068, 28.250894100000039 ], [ 85.36620570000008, 28.251140600000042 ], [ 85.366088600000069, 28.251473600000054 ] ], [ [ 85.366088600000069, 28.251473600000054 ], [ 85.365950400000031, 28.251869400000032 ], [ 85.365873, 28.252147600000058 ], [ 85.365800200000081, 28.252443600000049 ], [ 85.365785600000038, 28.252715500000079 ], [ 85.36579590000008, 28.252871600000049 ], [ 85.365829900000051, 28.253075800000033 ], [ 85.365866800000049, 28.253201400000023 ], [ 85.365915500000085, 28.253416900000047 ], [ 85.366046800000049, 28.253836900000067 ], [ 85.36621, 28.254222 ], [ 85.366393900000048, 28.254551400000025 ], [ 85.366542100000061, 28.255011300000035 ] ], [ [ 85.367118946000062, 28.252361153000038 ], [ 85.366984400000035, 28.252489500000024 ], [ 85.366802900000039, 28.252819 ], [ 85.366751600000043, 28.253183500000034 ], [ 85.36665830000004, 28.253424400000029 ], [ 85.36657, 28.253623700000048 ], [ 85.36655710000008, 28.253691300000071 ] ], [ [ 85.365412200000037, 28.252382900000043 ], [ 85.365465900000061, 28.252129900000057 ], [ 85.365704100000073, 28.251519 ], [ 85.365921300000082, 28.251113800000041 ], [ 85.365960900000061, 28.250932800000044 ], [ 85.365965300000084, 28.250895700000058 ], [ 85.365974900000083, 28.250815600000067 ], [ 85.365998300000058, 28.250406300000066 ], [ 85.365953900000079, 28.250083300000028 ], [ 85.365930700000035, 28.249862 ] ], [ [ 85.36655710000008, 28.253691300000071 ], [ 85.366476100000057, 28.25345290000007 ], [ 85.36641480000003, 28.253196200000048 ], [ 85.366290900000081, 28.252772500000049 ], [ 85.366182400000071, 28.252491900000052 ], [ 85.366175, 28.252431200000046 ], [ 85.366139400000066, 28.252388600000074 ], [ 85.366042800000059, 28.252368900000079 ], [ 85.366025200000081, 28.252274500000055 ], [ 85.36607980000008, 28.252072800000064 ], [ 85.366152200000045, 28.251887700000054 ], [ 85.366179800000054, 28.251802100000077 ], [ 85.366191900000047, 28.25175 ], [ 85.366186400000061, 28.251665600000024 ], [ 85.366199, 28.25163260000005 ], [ 85.36620140000008, 28.251564 ], [ 85.366181600000061, 28.251537 ], [ 85.366088600000069, 28.251473600000054 ] ], [ [ 85.366878300000053, 28.254907800000069 ], [ 85.366798800000083, 28.254802900000072 ], [ 85.36676570000003, 28.254486 ], [ 85.366732, 28.25434 ], [ 85.366665100000034, 28.254284 ], [ 85.366596600000037, 28.254223 ], [ 85.366570900000056, 28.254179900000054 ], [ 85.366573800000083, 28.254076200000043 ], [ 85.366608600000063, 28.253967900000077 ], [ 85.366647400000033, 28.253891200000055 ], [ 85.366618600000038, 28.25380210000003 ], [ 85.36655710000008, 28.253691300000071 ] ], [ [ 85.366878300000053, 28.254907800000069 ], [ 85.366927900000064, 28.255107500000065 ], [ 85.366933300000085, 28.255246900000031 ], [ 85.366913200000056, 28.255368500000031 ], [ 85.36689030000008, 28.255505500000027 ], [ 85.366906400000062, 28.255652100000077 ], [ 85.36691460000003, 28.255783200000053 ], [ 85.366919900000084, 28.255841100000055 ], [ 85.366911800000082, 28.255885300000045 ], [ 85.366875500000049, 28.255934600000046 ] ], [ [ 85.366542100000061, 28.255011300000035 ], [ 85.36675230000003, 28.254949200000055 ], [ 85.366878300000053, 28.254907800000069 ] ], [ [ 85.366542100000061, 28.255011300000035 ], [ 85.366875500000049, 28.255934600000046 ] ], [ [ 85.365873, 28.255669200000057 ], [ 85.365884, 28.255577900000048 ], [ 85.365848700000072, 28.255270600000074 ], [ 85.365715700000067, 28.255149300000028 ], [ 85.365582700000061, 28.255180200000041 ], [ 85.365500900000086, 28.255233600000054 ], [ 85.365486900000064, 28.255348800000036 ], [ 85.365482200000031, 28.255476300000055 ], [ 85.365486900000064, 28.255544200000031 ], [ 85.365507900000068, 28.255608 ], [ 85.365553700000078, 28.255703100000062 ] ], [ [ 85.365553700000078, 28.255703100000062 ], [ 85.365611, 28.255694 ], [ 85.365694400000052, 28.255738500000064 ], [ 85.365722300000073, 28.255774200000076 ] ], [ [ 85.365113300000075, 28.255710300000032 ], [ 85.365181900000039, 28.25576250000006 ], [ 85.365536400000053, 28.255705900000066 ], [ 85.365553700000078, 28.255703100000062 ] ], [ [ 85.365113300000075, 28.255710300000032 ], [ 85.365062400000056, 28.255759900000044 ], [ 85.36496580000005, 28.25563 ], [ 85.364845100000082, 28.255337 ], [ 85.36480750000004, 28.255126700000062 ], [ 85.364708300000075, 28.254951900000037 ], [ 85.364665400000035, 28.254781800000046 ], [ 85.364552700000047, 28.254616400000032 ], [ 85.364410600000042, 28.254500600000028 ], [ 85.364161100000047, 28.254184 ], [ 85.364107500000046, 28.254032800000061 ], [ 85.36401630000006, 28.254106100000058 ], [ 85.364091400000063, 28.254415600000073 ], [ 85.364198700000031, 28.254692 ], [ 85.364289900000074, 28.254899900000055 ], [ 85.364267100000063, 28.255163400000072 ], [ 85.36429650000008, 28.255384400000025 ], [ 85.364292600000056, 28.255637100000058 ], [ 85.364206700000068, 28.255915800000025 ], [ 85.36420940000005, 28.256161600000041 ], [ 85.364179900000067, 28.25649 ], [ 85.364233600000034, 28.256787600000052 ], [ 85.364265700000033, 28.257057 ], [ 85.364821100000086, 28.25739770000007 ], [ 85.36516430000006, 28.257579100000044 ], [ 85.364901400000065, 28.257843700000024 ], [ 85.364660408000077, 28.25785712000004 ] ], [ [ 85.365722300000073, 28.255774200000076 ], [ 85.365810400000044, 28.255712800000026 ], [ 85.365873, 28.255669200000057 ] ], [ [ 85.365722300000073, 28.255774200000076 ], [ 85.365733900000066, 28.255904900000075 ], [ 85.365726400000085, 28.256069600000046 ], [ 85.365742500000067, 28.256253900000047 ], [ 85.36578540000005, 28.256435800000077 ], [ 85.36578540000005, 28.256622500000049 ], [ 85.365777300000047, 28.256766600000049 ], [ 85.365847100000053, 28.256941400000073 ], [ 85.366013400000043, 28.257161100000076 ], [ 85.366131400000086, 28.257170600000052 ], [ 85.366185, 28.257222600000034 ], [ 85.366278900000054, 28.257354900000053 ], [ 85.366346, 28.257418600000051 ], [ 85.366391600000043, 28.257428100000027 ], [ 85.366469400000085, 28.257421 ], [ 85.36653640000003, 28.257397400000059 ], [ 85.366595400000051, 28.257319400000029 ], [ 85.366601800000069, 28.257258900000068 ], [ 85.366637200000071, 28.257249500000057 ], [ 85.366656700000078, 28.257224600000029 ], [ 85.366663800000083, 28.257182500000056 ], [ 85.36661950000007, 28.256900400000063 ], [ 85.366617700000063, 28.256866100000025 ], [ 85.366626600000075, 28.256841100000031 ], [ 85.366656700000078, 28.256825500000048 ], [ 85.366685, 28.256830200000024 ], [ 85.366732800000079, 28.256855100000053 ], [ 85.367222900000058, 28.25747860000007 ], [ 85.367277800000068, 28.25750510000006 ], [ 85.367466400000069, 28.25747750000005 ] ], [ [ 85.366875500000049, 28.255934600000046 ], [ 85.366907500000082, 28.256026700000064 ] ], [ [ 85.366907500000082, 28.256026700000064 ], [ 85.367314, 28.257196800000031 ], [ 85.367466400000069, 28.25747750000005 ] ], [ [ 85.367200924000031, 28.256430954000052 ], [ 85.367076100000077, 28.256227200000069 ], [ 85.366999200000066, 28.256077600000026 ], [ 85.366968800000052, 28.256038200000035 ], [ 85.366907500000082, 28.256026700000064 ] ], [ [ 85.366078100000038, 28.25686440000004 ], [ 85.365910900000074, 28.256407500000023 ], [ 85.365877300000079, 28.255786500000056 ], [ 85.365873, 28.255669200000057 ] ], [ [ 85.367466400000069, 28.25747750000005 ], [ 85.367535700000076, 28.257605 ] ], [ [ 85.367535700000076, 28.257605 ], [ 85.367816100000084, 28.257951900000023 ], [ 85.368046600000071, 28.258171800000071 ], [ 85.368453600000066, 28.258401400000025 ], [ 85.368939600000033, 28.258611600000052 ], [ 85.369202800000039, 28.258777400000042 ], [ 85.369448600000055, 28.258975300000031 ], [ 85.369781900000078, 28.259312 ], [ 85.369851900000072, 28.259364400000038 ], [ 85.369986400000073, 28.259438800000055 ], [ 85.370207200000038, 28.25949120000007 ], [ 85.370393700000079, 28.259595800000056 ], [ 85.370562500000062, 28.259736500000031 ], [ 85.37068030000006, 28.25987 ] ], [ [ 85.367390600000078, 28.257801 ], [ 85.367374500000039, 28.25773010000006 ], [ 85.367535700000076, 28.257605 ] ], [ [ 85.364706496000053, 28.257935026000041 ], [ 85.364740500000039, 28.257933500000036 ], [ 85.365132100000039, 28.257966600000032 ], [ 85.365378900000053, 28.25810830000006 ], [ 85.365518300000076, 28.258306800000071 ], [ 85.36572220000005, 28.258533600000078 ], [ 85.365838703000065, 28.258644169000036 ] ], [ [ 85.36623707800004, 28.258793536000042 ], [ 85.36647320000003, 28.25887380000006 ], [ 85.36664490000004, 28.258982500000059 ], [ 85.366880900000069, 28.259124200000031 ], [ 85.367186700000047, 28.259232900000029 ], [ 85.367497800000081, 28.259398300000043 ], [ 85.367689, 28.259470900000053 ], [ 85.367771400000038, 28.259502200000043 ], [ 85.368184400000075, 28.259634500000061 ], [ 85.368286200000057, 28.259677400000044 ], [ 85.368431200000032, 28.259738500000026 ], [ 85.368720900000085, 28.259818800000062 ], [ 85.368919400000038, 28.259870800000044 ] ], [ [ 85.37068030000006, 28.25987 ], [ 85.370764100000031, 28.259964900000057 ], [ 85.370908200000031, 28.260294700000031 ], [ 85.370972700000038, 28.260421400000041 ], [ 85.371111900000074, 28.260497600000065 ], [ 85.371442200000047, 28.260551100000043 ], [ 85.371548800000085, 28.260636400000067 ], [ 85.371632400000067, 28.260754100000042 ], [ 85.37172030000005, 28.261064400000066 ], [ 85.371926500000086, 28.261295300000029 ], [ 85.372402100000045, 28.261511200000029 ], [ 85.372764300000085, 28.261671100000058 ], [ 85.37311150000005, 28.261848600000064 ], [ 85.373308500000064, 28.262169400000062 ], [ 85.373502500000086, 28.262608 ], [ 85.373555, 28.262769 ] ], [ [ 85.371188600000039, 28.260073700000078 ], [ 85.371006200000068, 28.260021700000038 ], [ 85.370845300000042, 28.259898900000053 ], [ 85.37068030000006, 28.25987 ] ], [ [ 85.373555, 28.262769 ], [ 85.374152, 28.263271900000063 ], [ 85.374292300000036, 28.263517200000024 ], [ 85.374560600000052, 28.263853800000049 ], [ 85.374603300000047, 28.264000600000031 ], [ 85.374672400000065, 28.264091900000039 ], [ 85.374707, 28.264167100000066 ], [ 85.374798500000054, 28.264263800000037 ], [ 85.374841, 28.264343300000064 ], [ 85.374932900000033, 28.264390100000071 ], [ 85.374896, 28.264557400000058 ], [ 85.374914300000057, 28.264584300000024 ], [ 85.374952900000039, 28.264749 ], [ 85.375042400000041, 28.264786600000036 ], [ 85.375115600000072, 28.264836700000046 ], [ 85.375182600000073, 28.264892200000077 ], [ 85.37529440000003, 28.26489760000004 ], [ 85.375385900000083, 28.26494770000005 ], [ 85.375465200000065, 28.264990700000055 ], [ 85.375597300000038, 28.264974600000073 ], [ 85.375666400000057, 28.264958500000034 ], [ 85.375705100000062, 28.264935200000025 ], [ 85.375757900000053, 28.264933400000075 ], [ 85.375993, 28.264977500000043 ] ], [ [ 85.373555, 28.262769 ], [ 85.373639600000047, 28.263088300000049 ], [ 85.373651300000063, 28.263450400000067 ], [ 85.373627, 28.264039600000046 ], [ 85.373632200000031, 28.264195700000073 ], [ 85.373715900000036, 28.264360800000077 ], [ 85.373815300000047, 28.264470200000062 ], [ 85.373961700000052, 28.264575300000047 ], [ 85.375274900000079, 28.265393500000073 ], [ 85.375735800000029, 28.26574990000006 ], [ 85.375818200000083, 28.265813600000058 ], [ 85.37627690000005, 28.266297700000052 ], [ 85.376600200000041, 28.267077300000039 ], [ 85.376698600000054, 28.267282700000067 ], [ 85.376867700000048, 28.267719400000033 ], [ 85.376931600000034, 28.268018400000074 ], [ 85.376922900000068, 28.268226700000071 ], [ 85.376938500000051, 28.268477700000062 ], [ 85.377030600000069, 28.268671600000062 ], [ 85.377146100000061, 28.268900700000074 ], [ 85.377391700000032, 28.269085500000074 ], [ 85.377492400000051, 28.269157 ], [ 85.377664300000049, 28.269230300000061 ], [ 85.377809300000081, 28.269358800000077 ], [ 85.377936500000033, 28.269554300000038 ], [ 85.378191900000047, 28.269944600000031 ], [ 85.378251100000057, 28.270213400000046 ], [ 85.378303300000084, 28.271094100000028 ] ], [ [ 85.375993, 28.264977500000043 ], [ 85.375955200000078, 28.264886800000056 ], [ 85.375964600000032, 28.264825100000053 ], [ 85.375929500000041, 28.264773700000035 ], [ 85.37596810000008, 28.264678100000026 ], [ 85.37596110000004, 28.264595800000052 ], [ 85.375987900000041, 28.264577300000042 ], [ 85.376056800000072, 28.264548500000046 ], [ 85.375933, 28.264502200000038 ], [ 85.375816300000054, 28.264423 ], [ 85.375790600000073, 28.264406600000029 ], [ 85.375816300000054, 28.264351100000056 ], [ 85.375860700000032, 28.264385 ], [ 85.375908500000037, 28.264386 ], [ 85.375930700000083, 28.264353100000051 ], [ 85.375970400000085, 28.264333600000043 ] ], [ [ 85.375993, 28.264977500000043 ], [ 85.376060900000084, 28.265032700000063 ], [ 85.376126900000031, 28.265102400000046 ], [ 85.376180900000065, 28.265298800000039 ], [ 85.376228500000082, 28.265372900000045 ], [ 85.37634120000007, 28.265402400000028 ], [ 85.376621500000056, 28.265404800000056 ], [ 85.376696600000059, 28.265397700000051 ] ], [ [ 85.378303300000084, 28.271094100000028 ], [ 85.37819490000004, 28.271173200000078 ], [ 85.37818180000005, 28.271248100000037 ], [ 85.378230900000062, 28.271353300000044 ], [ 85.37828490000004, 28.271513200000072 ], [ 85.378327400000046, 28.271707700000036 ], [ 85.378325800000084, 28.271906500000057 ], [ 85.378306100000032, 28.272073600000056 ], [ 85.37832080000004, 28.272219100000029 ], [ 85.378373200000055, 28.272340100000065 ], [ 85.378391200000067, 28.272428 ], [ 85.378368300000034, 28.27250870000006 ], [ 85.37830450000007, 28.272628200000042 ], [ 85.378196500000058, 28.272719 ], [ 85.37809980000003, 28.272631200000035 ], [ 85.378047300000048, 28.272531300000026 ] ], [ [ 85.378303300000084, 28.271094100000028 ], [ 85.378474600000061, 28.271750100000077 ], [ 85.378629300000057, 28.272334800000067 ], [ 85.378600500000061, 28.272578200000055 ], [ 85.378583800000058, 28.272924800000055 ], [ 85.378440700000056, 28.27340490000006 ], [ 85.378233400000056, 28.273925400000053 ], [ 85.378187400000058, 28.274171300000035 ], [ 85.37821370000006, 28.274425600000029 ], [ 85.378178300000059, 28.274696300000073 ], [ 85.378042500000049, 28.275241100000073 ], [ 85.377801500000032, 28.275739600000065 ], [ 85.377705200000037, 28.276235200000031 ], [ 85.377660200000037, 28.276450400000044 ], [ 85.377683500000046, 28.276575600000058 ], [ 85.377747700000043, 28.276671700000065 ], [ 85.377891200000079, 28.276896900000054 ], [ 85.377947900000038, 28.277022500000044 ], [ 85.378058800000076, 28.277360400000077 ], [ 85.378168100000039, 28.277716300000066 ], [ 85.378232300000036, 28.277959700000054 ], [ 85.37823910000003, 28.278147100000069 ], [ 85.378213100000039, 28.278268700000069 ], [ 85.37785770000005, 28.279147900000055 ] ] ] } }
]
}
