{
"type": "FeatureCollection",
"name": "contract_segments1",
"crs": { "type": "name", "properties": { "name": "urn:ogc:def:crs:OGC:1.3:CRS84" } },
"features": [
{ "type": "Feature", "properties": { "fid_1": 47.0, "contract_i": "BIP/WORKS/NCB-04/081/082", "contractor": "Lumbini-Arghakhanchi-Bhairab JV, Siddharthanagar-9, Rupandehi", "project_na": "BIP_Bardiya", "chainage_s": "0", "chainage_e": "1048", "contract_a": "1524635503.11", "start_date": "2081।10।25", "completion": "2084।10।22", "progress_p": "50", "status": "Normal", "delay_reas": null, "supervisio": null, "remarks": "25+315 RS", "Photo": null, "Shape_Leng": 0.0, "id": 0, "contact_id": null, "Contract_1": null, "project__1": null, "Progress__": 0, "X_co_ord": 0.0, "Y_co_ord": 0.0, "layer": null, "path": null }, "geometry": { "type": "MultiLineString", "coordinates": [ [ [ 81.281498671335399, 28.264982446332073 ], [ 81.273103870088278, 28.259047323498653 ] ] ] } },
{ "type": "Feature", "properties": { "fid_1": 48.0, "contract_i": "BIP/WORKS/NCB-04/081/082", "contractor": "Lumbini-Arghakhanchi-Bhairab JV, Siddharthanagar-9, Rupandehi", "project_na": "BIP_Bardiya", "chainage_s": "0", "chainage_e": "188", "contract_a": "1524635503.11", "start_date": "2081।10।25", "completion": "2084।10।22", "progress_p": "50", "status": "Normal", "delay_reas": null, "supervisio": null, "remarks": "25+315 LS", "Photo": null, "Shape_Leng": 0.0, "id": 0, "contact_id": null, "Contract_1": null, "project__1": null, "Progress__": 0, "X_co_ord": 0.0, "Y_co_ord": 0.0, "layer": null, "path": null }, "geometry": { "type": "MultiLineString", "coordinates": [ [ [ 81.281570372465282, 28.265020357274299 ], [ 81.282104834335343, 28.265413477262015 ], [ 81.282115136221819, 28.265442734619594 ], [ 81.2830513716643, 28.266123895353026 ] ] ] } },
{ "type": "Feature", "properties": { "fid_1": 49.0, "contract_i": "BIP/WORKS/NCB-04/081/082", "contractor": "Lumbini-Arghakhanchi-Bhairab JV, Siddharthanagar-9, Rupandehi", "project_na": "BIP_Bardiya", "chainage_s": "0", "chainage_e": "538", "contract_a": "1524635503.11", "start_date": "2081।10।25", "completion": "2084।10।22", "progress_p": "50", "status": "Normal", "delay_reas": null, "supervisio": null, "remarks": "25+998 RS", "Photo": null, "Shape_Leng": 0.0, "id": 0, "contact_id": null, "Contract_1": null, "project__1": null, "Progress__": 0, "X_co_ord": 0.0, "Y_co_ord": 0.0, "layer": null, "path": null }, "geometry": { "type": "MultiLineString", "coordinates": [ [ [ 81.285627667432848, 28.260064737806506 ], [ 81.28504416858317, 28.259646069140341 ], [ 81.283099172417522, 28.258363690312486 ], [ 81.281678336235515, 28.257338446570941 ] ] ] } },
{ "type": "Feature", "properties": { "fid_1": 50.0, "contract_i": "BIP/WORKS/NCB-04/081/082", "contractor": "Lumbini-Arghakhanchi-Bhairab JV, Siddharthanagar-9, Rupandehi", "project_na": "BIP_Bardiya", "chainage_s": "0", "chainage_e": "585", "contract_a": "1524635503.11", "start_date": "2081।10।25", "completion": "2084।10।22", "progress_p": "50", "status": "Normal", "delay_reas": null, "supervisio": null, "remarks": "26+210 RS", "Photo": null, "Shape_Leng": 0.0, "id": 0, "contact_id": null, "Contract_1": null, "project__1": null, "Progress__": 0, "X_co_ord": 0.0, "Y_co_ord": 0.0, "layer": null, "path": null }, "geometry": { "type": "MultiLineString", "coordinates": [ [ [ 81.286818565508938, 28.258445693328795 ], [ 81.286122982134444, 28.257900105421307 ], [ 81.285437288570961, 28.257280343931246 ], [ 81.285252678765403, 28.257131996766063 ], [ 81.285408031213365, 28.256930903942155 ], [ 81.283461386745941, 28.255599076059241 ] ] ] } },
{ "type": "Feature", "properties": { "fid_1": 52.0, "contract_i": "BIP/WORKS/NCB-04/081/082", "contractor": "Lumbini-Arghakhanchi-Bhairab JV, Siddharthanagar-9, Rupandehi", "project_na": "BIP_Bardiya", "chainage_s": "0", "chainage_e": "264", "contract_a": "1524635503.11", "start_date": "2081।10।25", "completion": "2084।10।22", "progress_p": "50", "status": "Normal", "delay_reas": null, "supervisio": null, "remarks": "25+643 LS", "Photo": null, "Shape_Leng": 0.0, "id": 0, "contact_id": null, "Contract_1": null, "project__1": null, "Progress__": 0, "X_co_ord": 0.0, "Y_co_ord": 0.0, "layer": null, "path": null }, "geometry": { "type": "MultiLineString", "coordinates": [ [ [ 81.283570998817979, 28.262611776217479 ], [ 81.283633634287725, 28.262628259235832 ], [ 81.284258752758745, 28.263071240354073 ], [ 81.285063948205305, 28.262110692459558 ] ] ] } },
{ "type": "Feature", "properties": { "fid_1": 53.0, "contract_i": "BIP/WORKS/NCB-04/081/082", "contractor": "Lumbini-Arghakhanchi-Bhairab JV, Siddharthanagar-9, Rupandehi", "project_na": "BIP_Bardiya", "chainage_s": "0", "chainage_e": "300", "contract_a": "1524635503.11", "start_date": "2081।10।25", "completion": "2084।10।22", "progress_p": "50", "status": "Normal", "delay_reas": null, "supervisio": null, "remarks": "25+998 LS", "Photo": null, "Shape_Leng": 0.0, "id": 0, "contact_id": null, "Contract_1": null, "project__1": null, "Progress__": 0, "X_co_ord": 0.0, "Y_co_ord": 0.0, "layer": null, "path": null }, "geometry": { "type": "MultiLineString", "coordinates": [ [ [ 81.285706785921036, 28.260132730257219 ], [ 81.286415555710221, 28.260614034393125 ], [ 81.287341901341648, 28.259549231407526 ], [ 81.287383933038441, 28.259522034427242 ], [ 81.288054379809964, 28.260146740822815 ] ] ] } },
{ "type": "Feature", "properties": { "fid_1": 54.0, "contract_i": "BIP/WORKS/NCB-04/081/082", "contractor": "Lumbini-Arghakhanchi-Bhairab JV, Siddharthanagar-9, Rupandehi", "project_na": "BIP_Bardiya", "chainage_s": "0", "chainage_e": "190", "contract_a": "1524635503.11", "start_date": "2081।10।25", "completion": "2084।10।22", "progress_p": "50", "status": "Normal", "delay_reas": null, "supervisio": null, "remarks": "26+944 LS", "Photo": null, "Shape_Leng": 0.0, "id": 0, "contact_id": null, "Contract_1": null, "project__1": null, "Progress__": 0, "X_co_ord": 0.0, "Y_co_ord": 0.0, "layer": null, "path": null }, "geometry": { "type": "MultiLineString", "coordinates": [ [ [ 81.291587514793918, 28.253296398395346 ], [ 81.292894618149276, 28.254374387795625 ] ] ] } },
{ "type": "Feature", "properties": { "fid_1": 55.0, "contract_i": "BIP/WORKS/NCB-04/081/082", "contractor": "Lumbini-Arghakhanchi-Bhairab JV, Siddharthanagar-9, Rupandehi", "project_na": "BIP_Bardiya", "chainage_s": "0", "chainage_e": "133", "contract_a": "1524635503.11", "start_date": "2081।10।25", "completion": "2084।10।22", "progress_p": "50", "status": "Normal", "delay_reas": null, "supervisio": null, "remarks": "27+132 LS", "Photo": null, "Shape_Leng": 0.0, "id": 0, "contact_id": null, "Contract_1": null, "project__1": null, "Progress__": 0, "X_co_ord": 0.0, "Y_co_ord": 0.0, "layer": null, "path": null }, "geometry": { "type": "MultiLineString", "coordinates": [ [ [ 81.292990219655735, 28.252206870882222 ], [ 81.293977552455104, 28.253110140287969 ] ] ] } },
{ "type": "Feature", "properties": { "fid_1": 56.0, "contract_i": "BIP/WORKS/NCB-04/081/082", "contractor": "Lumbini-Arghakhanchi-Bhairab JV, Siddharthanagar-9, Rupandehi", "project_na": "BIP_Bardiya", "chainage_s": "0", "chainage_e": "500", "contract_a": "1524635503.11", "start_date": "2081।10।25", "completion": "2084।10।22", "progress_p": "50", "status": "Normal", "delay_reas": null, "supervisio": null, "remarks": "27+265 LS", "Photo": null, "Shape_Leng": 0.0, "id": 0, "contact_id": null, "Contract_1": null, "project__1": null, "Progress__": 0, "X_co_ord": 0.0, "Y_co_ord": 0.0, "layer": null, "path": null }, "geometry": { "type": "MultiLineString", "coordinates": [ [ [ 81.293872061137634, 28.251507990904067 ], [ 81.294689618847926, 28.250756365267179 ], [ 81.296054412767518, 28.24969156228158 ], [ 81.296974165191642, 28.248984440794239 ], [ 81.297581564417939, 28.248504784960183 ] ] ] } },
{ "type": "Feature", "properties": { "fid_1": 57.0, "contract_i": "BIP/WORKS/NCB-04/081/082", "contractor": "Lumbini-Arghakhanchi-Bhairab JV, Siddharthanagar-9, Rupandehi", "project_na": "BIP_Bardiya", "chainage_s": "1+542", "chainage_e": "5+565", "contract_a": "1524635503.11", "start_date": "2081।10।25", "completion": "2084।10।22", "progress_p": "50", "status": "Normal", "delay_reas": null, "supervisio": null, "remarks": "17 no. kulo", "Photo": null, "Shape_Leng": 0.0, "id": 0, "contact_id": null, "Contract_1": null, "project__1": null, "Progress__": 0, "X_co_ord": 0.0, "Y_co_ord": 0.0, "layer": null, "path": null }, "geometry": { "type": "MultiLineString", "coordinates": [ [ [ 81.258417912811467, 28.316373613028343 ], [ 81.258210226780207, 28.316215376052156 ], [ 81.258009133956307, 28.316149443978745 ], [ 81.257761888681017, 28.316165926997098 ], [ 81.256861915878943, 28.316337350387968 ], [ 81.256749831354142, 28.316045600963118 ], [ 81.256617967207319, 28.315709347388719 ], [ 81.256545441926548, 28.315598087014838 ], [ 81.256290779293025, 28.315156342122979 ], [ 81.255720466858008, 28.314101428948391 ], [ 81.255113891782628, 28.312917948230655 ], [ 81.254945764995412, 28.312584991259932 ], [ 81.254210622376874, 28.311078443382474 ], [ 81.253551301642744, 28.309829030591324 ], [ 81.253231531086684, 28.309245531741631 ], [ 81.251316204354083, 28.306984061623609 ], [ 81.248642658777229, 28.304053380960461 ], [ 81.246654806763871, 28.301861139519531 ], [ 81.244703217390878, 28.299672194682248 ], [ 81.234721101476325, 28.288687911251866 ] ] ] } },
{ "type": "Feature", "properties": { "fid_1": 58.0, "contract_i": "BIP/WORKS/NCB-04/081/082", "contractor": "Lumbini-Arghakhanchi-Bhairab JV, Siddharthanagar-9, Rupandehi", "project_na": "BIP_Bardiya", "chainage_s": "0", "chainage_e": "2+009", "contract_a": "1524635503.11", "start_date": "2081।10।25", "completion": "2084।10।22", "progress_p": "50", "status": "Normal", "delay_reas": null, "supervisio": null, "remarks": "Dasharath Basti 3 no Outlet", "Photo": null, "Shape_Leng": 0.0, "id": 0, "contact_id": null, "Contract_1": null, "project__1": null, "Progress__": 0, "X_co_ord": 0.0, "Y_co_ord": 0.0, "layer": null, "path": null }, "geometry": { "type": "MultiLineString", "coordinates": [ [ [ 81.254604978591004, 28.296666928361052 ], [ 81.252561084315204, 28.295262575197384 ], [ 81.252495976392723, 28.295260926895548 ], [ 81.251417162841506, 28.294510125409573 ], [ 81.250516365888515, 28.293869760146567 ], [ 81.250316921366419, 28.293813717884177 ], [ 81.248546645195304, 28.292589029620544 ], [ 81.244091285334534, 28.289490222170198 ], [ 81.242261670297353, 28.288283665226764 ], [ 81.241348511080588, 28.289467145944503 ], [ 81.240181513381202, 28.288695740685586 ], [ 81.240446889976695, 28.288318279565306 ], [ 81.240209534512402, 28.28821443654968 ], [ 81.239984541311884, 28.288059496177166 ] ] ] } },
{ "type": "Feature", "properties": { "fid_1": 59.0, "contract_i": "BIP/WORKS/NCB-04/081/082", "contractor": "Lumbini-Arghakhanchi-Bhairab JV, Siddharthanagar-9, Rupandehi", "project_na": "BIP_Bardiya", "chainage_s": "0", "chainage_e": "1+913", "contract_a": "1524635503.11", "start_date": "2081।10।25", "completion": "2084।10।22", "progress_p": "50", "status": "Normal", "delay_reas": null, "supervisio": null, "remarks": "Dasharath Basti outlet 5", "Photo": null, "Shape_Leng": 0.0, "id": 0, "contact_id": null, "Contract_1": null, "project__1": null, "Progress__": 0, "X_co_ord": 0.0, "Y_co_ord": 0.0, "layer": null, "path": null }, "geometry": { "type": "MultiLineString", "coordinates": [ [ [ 81.252416857904493, 28.299041307154805 ], [ 81.250473510040678, 28.297727610592069 ], [ 81.250732293428896, 28.297408664186957 ], [ 81.249327940265232, 28.296498801573875 ], [ 81.249355961396432, 28.296436166104133 ], [ 81.249286732719355, 28.296382596294489 ], [ 81.248753507075648, 28.296042221965504 ], [ 81.248694992360498, 28.295999366117783 ], [ 81.248619170476076, 28.296030683852656 ], [ 81.248157645962152, 28.295715034051195 ], [ 81.248068637663053, 28.295647041600496 ], [ 81.247336791648195, 28.295169034068266 ], [ 81.24727786485758, 28.295068487656319 ], [ 81.246791615816178, 28.294763551816789 ], [ 81.246610302614286, 28.294984424262719 ], [ 81.246524590918852, 28.29496299633886 ], [ 81.244034006845723, 28.293273486957688 ], [ 81.242715365377464, 28.29234631717533 ], [ 81.241691769937759, 28.291647437197174 ], [ 81.241317605421145, 28.291371346639753 ], [ 81.241273101271588, 28.291339204753967 ], [ 81.241055525429331, 28.291219702870908 ], [ 81.240819818266885, 28.291040862121779 ], [ 81.239583591890423, 28.290218359505968 ], [ 81.238289674949712, 28.289227730102958 ], [ 81.237818260624806, 28.288874993510206 ] ] ] } },
{ "type": "Feature", "properties": { "fid_1": 60.0, "contract_i": "BIP/WORKS/NCB-04/081/082", "contractor": "Lumbini-Arghakhanchi-Bhairab JV, Siddharthanagar-9, Rupandehi", "project_na": "BIP_Bardiya", "chainage_s": "0", "chainage_e": "1+801", "contract_a": "1524635503.11", "start_date": "2081।10।25", "completion": "2084।10।22", "progress_p": "50", "status": "Normal", "delay_reas": null, "supervisio": null, "remarks": "Dasharath Basti Outlet 7", "Photo": null, "Shape_Leng": 0.0, "id": 0, "contact_id": null, "Contract_1": null, "project__1": null, "Progress__": 0, "X_co_ord": 0.0, "Y_co_ord": 0.0, "layer": null, "path": null }, "geometry": { "type": "MultiLineString", "coordinates": [ [ [ 81.250374199855116, 28.301455039154899 ], [ 81.249692833083984, 28.301009173508461 ], [ 81.249053291971919, 28.30057896672945 ], [ 81.246386339602367, 28.298792207539993 ], [ 81.244787486822162, 28.297730701158063 ], [ 81.241729886917668, 28.295673620467618 ], [ 81.240559592614616, 28.294856062757319 ], [ 81.240267019038839, 28.294614586538458 ], [ 81.240229932247544, 28.29460634502928 ], [ 81.238713494559121, 28.292925901308202 ], [ 81.2379569240167, 28.292133068125427 ], [ 81.237038819894437, 28.291076506649002 ], [ 81.236653117265007, 28.290641354964489 ] ] ] } },
{ "type": "Feature", "properties": { "fid_1": 61.0, "contract_i": "BIP/WORKS/NCB-04/081/082", "contractor": "Lumbini-Arghakhanchi-Bhairab JV, Siddharthanagar-9, Rupandehi", "project_na": "BIP_Bardiya", "chainage_s": "1+200", "chainage_e": "1+900", "contract_a": "1524635503.11", "start_date": "2081।10।25", "completion": "2084।10।22", "progress_p": "50", "status": "Normal", "delay_reas": null, "supervisio": null, "remarks": "Dashrath Basti Main Canal", "Photo": null, "Shape_Leng": 0.0, "id": 0, "contact_id": null, "Contract_1": null, "project__1": null, "Progress__": 0, "X_co_ord": 0.0, "Y_co_ord": 0.0, "layer": null, "path": null }, "geometry": { "type": "MultiLineString", "coordinates": [ [ [ 81.254606420855012, 28.296667546474314 ], [ 81.253449312966637, 28.297851027192056 ], [ 81.252400992999398, 28.299037804513464 ], [ 81.25196584131487, 28.299631193174172 ], [ 81.250366988534651, 28.301454215004004 ] ] ] } },
{ "type": "Feature", "properties": { "fid_1": 63.0, "contract_i": "BIP/WORKS/NCB-04/081/082", "contractor": "Lumbini-Arghakhanchi-Bhairab JV, Siddharthanagar-9, Rupandehi", "project_na": "BIP_Bardiya", "chainage_s": "0", "chainage_e": "2+600", "contract_a": "1524635503.11", "start_date": "2081।10।25", "completion": "2084।10।22", "progress_p": "50", "status": "Normal", "delay_reas": null, "supervisio": null, "remarks": "12 no kulo 3 no oulet", "Photo": null, "Shape_Leng": 0.0, "id": 0, "contact_id": null, "Contract_1": null, "project__1": null, "Progress__": 0, "X_co_ord": 0.0, "Y_co_ord": 0.0, "layer": null, "path": null }, "geometry": { "type": "MultiLineString", "coordinates": [ [ [ 81.286127721002345, 28.287960392029365 ], [ 81.284021191256812, 28.286450547548245 ], [ 81.281542145296555, 28.284667084962454 ], [ 81.279274081971138, 28.283031969541842 ], [ 81.279188370275733, 28.282956147657419 ], [ 81.280276249487059, 28.281769370336008 ], [ 81.277739512962512, 28.279980962844725 ], [ 81.282686066770253, 28.274467393205686 ], [ 81.282341571686672, 28.274195423402862 ], [ 81.282460249418818, 28.273780051340371 ], [ 81.281947627548035, 28.273366327579708 ], [ 81.28197235207557, 28.27296743853557 ], [ 81.281807521892034, 28.272838870992416 ], [ 81.28187345396546, 28.272619646848323 ], [ 81.281820708306739, 28.272352621951004 ], [ 81.281939386038871, 28.272059224224325 ], [ 81.281088862291867, 28.271452649148937 ], [ 81.280472397405447, 28.271010904257071 ], [ 81.280713049473391, 28.27053948993218 ], [ 81.279661432902515, 28.269787864295292 ], [ 81.279651543091518, 28.269656000148469 ] ] ] } },
{ "type": "Feature", "properties": { "fid_1": 62.0, "contract_i": "BIP/WORKS/NCB-04/081/082", "contractor": "Lumbini-Arghakhanchi-Bhairab JV, Siddharthanagar-9, Rupandehi", "project_na": "BIP_Bardiya", "chainage_s": "0", "chainage_e": "1+928", "contract_a": "1524635503.11", "start_date": "2081।10।25", "completion": "2084।10।22", "progress_p": "50", "status": "Normal", "delay_reas": null, "supervisio": null, "remarks": "12 no kulo outlet 7", "Photo": null, "Shape_Leng": 0.0, "id": 0, "contact_id": null, "Contract_1": null, "project__1": null, "Progress__": 0, "X_co_ord": 0.0, "Y_co_ord": 0.0, "layer": null, "path": null }, "geometry": { "type": "MultiLineString", "coordinates": [ [ [ 81.294248904144865, 28.276946439165965 ], [ 81.292801695133463, 28.275835483728972 ], [ 81.290915213682979, 28.274469041507512 ], [ 81.28847407866489, 28.272733379674957 ], [ 81.289879255979471, 28.27116914123329 ], [ 81.288797969975519, 28.270404329181716 ], [ 81.28885401223792, 28.27033015559913 ], [ 81.287571633410053, 28.26938403034567 ], [ 81.288023268112937, 28.268899429606094 ], [ 81.286859567017217, 28.268015939822376 ], [ 81.287271642476043, 28.267597271156212 ], [ 81.287009562484201, 28.267387112672221 ], [ 81.286085689305509, 28.266675046279367 ], [ 81.285724711203557, 28.266289343649916 ], [ 81.285109894618998, 28.265773425175464 ], [ 81.286954344372688, 28.263774035049263 ] ] ] } },
{ "type": "Feature", "properties": { "fid_1": 64.0, "contract_i": "BIP/WORKS/NCB-04/081/082", "contractor": "Lumbini-Arghakhanchi-Bhairab JV, Siddharthanagar-9, Rupandehi", "project_na": "BIP_Bardiya", "chainage_s": "0", "chainage_e": "1688", "contract_a": "1524635503.11", "start_date": "2081।10।25", "completion": "2084।10।22", "progress_p": "50", "status": "Normal", "delay_reas": null, "supervisio": null, "remarks": "Khata-Orali Canal", "Photo": null, "Shape_Leng": 0.0, "id": 0, "contact_id": null, "Contract_1": null, "project__1": null, "Progress__": 0, "X_co_ord": 0.0, "Y_co_ord": 0.0, "layer": null, "path": null }, "geometry": { "type": "MultiLineString", "coordinates": [ [ [ 81.236791574619204, 28.365360525460193 ], [ 81.236475100666837, 28.363402342879866 ], [ 81.236274007842923, 28.363221029677984 ], [ 81.235687212389564, 28.363026530061418 ], [ 81.234520214690178, 28.361697998782176 ], [ 81.232937844928301, 28.361045271255399 ], [ 81.231859855528, 28.360705721077341 ], [ 81.23120712800123, 28.360613416174566 ], [ 81.230877467634173, 28.36081450899847 ], [ 81.230225976333756, 28.360636492400264 ], [ 81.229233698628903, 28.361066699179275 ], [ 81.228747449587459, 28.360905165599419 ], [ 81.228284276771774, 28.359629379978909 ], [ 81.228109556777227, 28.358993135470488 ], [ 81.228112853380892, 28.358290958888652 ], [ 81.22804032810015, 28.357463511367335 ], [ 81.228079887344194, 28.356725072145124 ], [ 81.227641439056001, 28.356059158203667 ] ] ] } },
{ "type": "Feature", "properties": { "fid_1": 65.0, "contract_i": "BIP/WORKS/NCB-04/081/082", "contractor": "Lumbini-Arghakhanchi-Bhairab JV, Siddharthanagar-9, Rupandehi", "project_na": "BIP_Bardiya", "chainage_s": "0", "chainage_e": "1678", "contract_a": "1524635503.11", "start_date": "2081।10।25", "completion": "2084।10।22", "progress_p": "50", "status": "Normal", "delay_reas": null, "supervisio": null, "remarks": "Mukta-Kamaiya", "Photo": null, "Shape_Leng": 0.0, "id": 0, "contact_id": null, "Contract_1": null, "project__1": null, "Progress__": 0, "X_co_ord": 0.0, "Y_co_ord": 0.0, "layer": null, "path": null }, "geometry": { "type": "MultiLineString", "coordinates": [ [ [ 81.241440197870133, 28.343337564638865 ], [ 81.241278664290263, 28.342374956367049 ], [ 81.240751207702971, 28.341491466583332 ], [ 81.239538057552181, 28.339434385892893 ], [ 81.236762317261537, 28.336830068993134 ], [ 81.234850287132588, 28.335761969403858 ], [ 81.233215171711976, 28.334337836618172 ], [ 81.232199817781449, 28.333757634372148 ], [ 81.23053832953147, 28.33270272119756 ] ] ] } },
{ "type": "Feature", "properties": { "fid_1": 66.0, "contract_i": "BIP/WORKS/NCB-04/081/082", "contractor": "Lumbini-Arghakhanchi-Bhairab JV, Siddharthanagar-9, Rupandehi", "project_na": "BIP_Bardiya", "chainage_s": "0", "chainage_e": "1151", "contract_a": "1524635503.11", "start_date": "2081।10।25", "completion": "2084।10।22", "progress_p": "50", "status": "Normal", "delay_reas": null, "supervisio": null, "remarks": "Manpur Canal", "Photo": null, "Shape_Leng": 0.0, "id": 0, "contact_id": null, "Contract_1": null, "project__1": null, "Progress__": 0, "X_co_ord": 0.0, "Y_co_ord": 0.0, "layer": null, "path": null }, "geometry": { "type": "MultiLineString", "coordinates": [ [ [ 81.330477136220281, 28.43301528032752 ], [ 81.330276043396353, 28.432918030519239 ], [ 81.329689247942994, 28.432890009388043 ], [ 81.329671116622777, 28.432779573165075 ], [ 81.32959941549295, 28.432744958826532 ], [ 81.329484034364498, 28.432888361086203 ], [ 81.329403267574563, 28.43293121693392 ], [ 81.329212064561659, 28.43291638221741 ], [ 81.329012620039592, 28.432829022220137 ], [ 81.328730760425785, 28.432990555799996 ], [ 81.328618675900984, 28.433035059949535 ], [ 81.328506591376183, 28.433040004855041 ], [ 81.328425824586262, 28.432957589763276 ], [ 81.328366485720181, 28.432931216933913 ], [ 81.328214841951322, 28.432936161839425 ], [ 81.328007155920062, 28.432880119577028 ], [ 81.327733537815405, 28.432929568632087 ], [ 81.327397284241044, 28.433163627492696 ], [ 81.326447862383901, 28.433384499938626 ], [ 81.325333610343222, 28.433519660689125 ], [ 81.32485889941465, 28.433648228232279 ], [ 81.324667696401733, 28.43364163502493 ], [ 81.324295180186951, 28.433885583696554 ], [ 81.324010848120338, 28.434027337654388 ], [ 81.323753713034037, 28.434076786709447 ], [ 81.323443832289001, 28.434192167837917 ], [ 81.323035053433841, 28.4344855655646 ], [ 81.322870223250334, 28.434528421412317 ], [ 81.322431774962155, 28.434854785175705 ], [ 81.321943877618907, 28.43528334365288 ], [ 81.321607624044503, 28.435698715715375 ], [ 81.321007642176468, 28.436219579095326 ], [ 81.320328541820317, 28.436503087010998 ] ] ] } },
{ "type": "Feature", "properties": { "fid_1": 67.0, "contract_i": "BIP/WORKS/NCB-04/081/082", "contractor": "Lumbini-Arghakhanchi-Bhairab JV, Siddharthanagar-9, Rupandehi", "project_na": "BIP_Bardiya", "chainage_s": "0", "chainage_e": "620", "contract_a": "1524635503.11", "start_date": "2081।10।25", "completion": "2084।10।22", "progress_p": "50", "status": "Normal", "delay_reas": null, "supervisio": null, "remarks": "Bhawanpur Canal", "Photo": null, "Shape_Leng": 0.0, "id": 0, "contact_id": null, "Contract_1": null, "project__1": null, "Progress__": 0, "X_co_ord": 0.0, "Y_co_ord": 0.0, "layer": null, "path": null }, "geometry": { "type": "MultiLineString", "coordinates": [ [ [ 81.331072173182704, 28.432573535435665 ], [ 81.330574386028459, 28.431713121877639 ], [ 81.330294174716443, 28.431169182272001 ], [ 81.330109564910899, 28.430879081148991 ], [ 81.330112861514579, 28.430793369453554 ], [ 81.330266153585228, 28.430656560401225 ], [ 81.330267801887061, 28.43051810304706 ], [ 81.329959569443872, 28.430046688722172 ], [ 81.32911893550785, 28.429407147610078 ], [ 81.328555216280208, 28.42892254687051 ], [ 81.328149734028742, 28.428464318960298 ] ] ] } },
{ "type": "Feature", "properties": { "fid_1": 68.0, "contract_i": "BIP/WORKS/NCB-04/081/082", "contractor": "Lumbini-Arghakhanchi-Bhairab JV, Siddharthanagar-9, Rupandehi", "project_na": "BIP_Bardiya", "chainage_s": "0", "chainage_e": "1164", "contract_a": "1524635503.11", "start_date": "2081।10।25", "completion": "2084।10।22", "progress_p": "50", "status": "Normal", "delay_reas": null, "supervisio": null, "remarks": "Bhawanpur-Drain Cum Canal", "Photo": null, "Shape_Leng": 0.0, "id": 0, "contact_id": null, "Contract_1": null, "project__1": null, "Progress__": 0, "X_co_ord": 0.0, "Y_co_ord": 0.0, "layer": null, "path": null }, "geometry": { "type": "MultiLineString", "coordinates": [ [ [ 81.326972434442908, 28.427430421634117 ], [ 81.326914743878675, 28.427550747668093 ], [ 81.326749913695153, 28.42764964577821 ], [ 81.326565303889595, 28.427781509925033 ], [ 81.326393056347783, 28.427892770298914 ], [ 81.32623069861701, 28.427974361239762 ], [ 81.325918345419225, 28.428139191423298 ], [ 81.325644727314611, 28.428422699338956 ], [ 81.325577146939366, 28.428849609514309 ], [ 81.32515188506585, 28.429452887986027 ], [ 81.324982109976801, 28.429625959678727 ], [ 81.324884036017608, 28.429803976276936 ], [ 81.32471261262674, 28.429856721935668 ], [ 81.324577451876252, 28.429823755898962 ], [ 81.32400054623389, 28.429958916649454 ], [ 81.323690665488854, 28.429914412499897 ], [ 81.323555504738366, 28.430214403433926 ], [ 81.323318149274073, 28.430448462294535 ], [ 81.323093980224485, 28.430583623045031 ], [ 81.321620398383715, 28.431783586781123 ], [ 81.321122611229441, 28.432291263746393 ], [ 81.320789654258718, 28.432808830522674 ], [ 81.320249011256749, 28.433426943710913 ], [ 81.319904516173153, 28.433736824455938 ], [ 81.319746279196963, 28.433657705967846 ], [ 81.319271568268405, 28.434129120292745 ], [ 81.318846306394889, 28.434663170087379 ], [ 81.318833944131143, 28.43471838819886 ] ] ] } },
{ "type": "Feature", "properties": { "fid_1": 69.0, "contract_i": "BIP/WORKS/NCB-04/081/082", "contractor": "Lumbini-Arghakhanchi-Bhairab JV, Siddharthanagar-9, Rupandehi", "project_na": "BIP_Bardiya", "chainage_s": "0", "chainage_e": "1150", "contract_a": "1524635503.11", "start_date": "2081।10।25", "completion": "2084।10।22", "progress_p": "50", "status": "Normal", "delay_reas": null, "supervisio": null, "remarks": "Sundarpur Canal", "Photo": null, "Shape_Leng": 0.0, "id": 0, "contact_id": null, "Contract_1": null, "project__1": null, "Progress__": 0, "X_co_ord": 0.0, "Y_co_ord": 0.0, "layer": null, "path": null }, "geometry": { "type": "MultiLineString", "coordinates": [ [ [ 81.255915667631086, 28.392938805882476 ], [ 81.255885998198053, 28.392896774185676 ], [ 81.255771441220503, 28.392971771919182 ], [ 81.255337937837837, 28.392901719091196 ], [ 81.255169811050607, 28.39279622777374 ], [ 81.254840150683549, 28.391803950068894 ], [ 81.254629168048652, 28.390969909340228 ], [ 81.254642354463357, 28.390053453519805 ], [ 81.254411592206409, 28.389446878444417 ], [ 81.254009406558609, 28.388818051294255 ], [ 81.25385446618607, 28.388840303369033 ], [ 81.253699525813545, 28.388822996199757 ], [ 81.253247891110675, 28.388608716961169 ], [ 81.252913285838119, 28.388536191680419 ], [ 81.252539121321504, 28.38847685281435 ], [ 81.252062762091114, 28.38822795923722 ], [ 81.251594644369888, 28.387926320001355 ], [ 81.251203996834931, 28.387515892844373 ], [ 81.251039166651395, 28.387156563044286 ], [ 81.250899060995408, 28.386484055895487 ], [ 81.250989717596354, 28.386012641570598 ], [ 81.251075429291774, 28.385725837051254 ], [ 81.251177624005564, 28.385478591775961 ], [ 81.251223776456925, 28.38494783858501 ], [ 81.25117762400555, 28.384654440858323 ] ] ] } },
{ "type": "Feature", "properties": { "fid_1": 70.0, "contract_i": "BIP/WORKS/NCB-04/081/082", "contractor": "Lumbini-Arghakhanchi-Bhairab JV, Siddharthanagar-9, Rupandehi", "project_na": "BIP_Bardiya", "chainage_s": "0", "chainage_e": "250", "contract_a": "1524635503.11", "start_date": "2081।10।25", "completion": "2084।10।22", "progress_p": "50", "status": "Normal", "delay_reas": null, "supervisio": null, "remarks": "Gabion Protection Work", "Photo": null, "Shape_Leng": 0.0, "id": 0, "contact_id": null, "Contract_1": null, "project__1": null, "Progress__": 0, "X_co_ord": 0.0, "Y_co_ord": 0.0, "layer": null, "path": null }, "geometry": { "type": "MultiLineString", "coordinates": [ [ [ 81.318282464173052, 28.436957530544884 ], [ 81.318248673985437, 28.436969892808648 ], [ 81.31823219096708, 28.43700450714719 ], [ 81.318153072478992, 28.437044890542154 ], [ 81.318078898896417, 28.437084449786202 ], [ 81.317999780408329, 28.437124009030249 ], [ 81.317900882298218, 28.437140492048602 ], [ 81.317855966073196, 28.437144612803188 ] ] ] } },
{ "type": "Feature", "properties": { "fid_1": 71.0, "contract_i": "BIP/WORKS/NCB-04/081/082", "contractor": "Lumbini-Arghakhanchi-Bhairab JV, Siddharthanagar-9, Rupandehi", "project_na": "BIP_Bardiya", "chainage_s": "0", "chainage_e": "1050", "contract_a": "1524635503.11", "start_date": "2081।10।25", "completion": "2084।10।22", "progress_p": "50", "status": "Normal", "delay_reas": null, "supervisio": null, "remarks": "Amarpur Outlet", "Photo": null, "Shape_Leng": 0.0, "id": 0, "contact_id": null, "Contract_1": null, "project__1": null, "Progress__": 0, "X_co_ord": 0.0, "Y_co_ord": 0.0, "layer": null, "path": null }, "geometry": { "type": "MultiLineString", "coordinates": [ [ [ 81.301143009614364, 28.381220203984501 ], [ 81.300987245090923, 28.381296850019844 ], [ 81.300844666982158, 28.381438603977681 ], [ 81.300818294152791, 28.381563874917163 ], [ 81.301062242824443, 28.382015509620032 ], [ 81.301067187729942, 28.38212924244667 ], [ 81.300841370378507, 28.38240450885317 ], [ 81.300645222460119, 28.382546262811005 ], [ 81.300544676048162, 28.382639391864693 ], [ 81.300379021713709, 28.38281411185924 ], [ 81.300146611154958, 28.382883340536328 ], [ 81.299952111538389, 28.382896526951011 ], [ 81.299741128903463, 28.382967403929928 ], [ 81.299615857963985, 28.383079488454726 ], [ 81.2994765764589, 28.383170145055665 ], [ 81.299103236093245, 28.383200638639622 ], [ 81.298765334217009, 28.383227011468986 ], [ 81.298432377246272, 28.383279757127717 ], [ 81.298104365181061, 28.38336546882315 ], [ 81.297916458771823, 28.383461070329606 ], [ 81.297736793871778, 28.383744578245278 ], [ 81.297517569727674, 28.384036327670128 ], [ 81.297243951623017, 28.384215992570173 ], [ 81.296848359182533, 28.384783008401509 ], [ 81.296564851266865, 28.385076406128192 ], [ 81.295875861099745, 28.385452218946639 ], [ 81.295694547897853, 28.385636828752183 ], [ 81.29558740827855, 28.385814845350396 ], [ 81.295475323753777, 28.386184064961501 ], [ 81.295109400746355, 28.386495594008377 ], [ 81.294568757744386, 28.386779101924045 ] ] ] } },
{ "type": "Feature", "properties": { "fid_1": 72.0, "contract_i": "BIP/WORKS/NCB-04/081/082", "contractor": "Lumbini-Arghakhanchi-Bhairab JV, Siddharthanagar-9, Rupandehi", "project_na": "BIP_Bardiya", "chainage_s": "0", "chainage_e": "650", "contract_a": "1524635503.11", "start_date": "2081।10।25", "completion": "2084।10।22", "progress_p": "50", "status": "Normal", "delay_reas": null, "supervisio": null, "remarks": "Dhungaharawa-1 Canal", "Photo": null, "Shape_Leng": 0.0, "id": 0, "contact_id": null, "Contract_1": null, "project__1": null, "Progress__": 0, "X_co_ord": 0.0, "Y_co_ord": 0.0, "layer": null, "path": null }, "geometry": { "type": "MultiLineString", "coordinates": [ [ [ 81.297768111606828, 28.378223591247977 ], [ 81.297393947090214, 28.378095023704823 ], [ 81.297204392379157, 28.378055464460775 ], [ 81.29694560899101, 28.377959862954327 ], [ 81.296424745611063, 28.377775253148776 ], [ 81.296108271658682, 28.377633499190942 ], [ 81.295854433176061, 28.377504931647785 ], [ 81.295673119974168, 28.377228016939455 ], [ 81.295544552431011, 28.377078021472443 ], [ 81.29548851016861, 28.377012913549951 ], [ 81.295350876965372, 28.376867862988441 ], [ 81.29522560602588, 28.37681182072604 ], [ 81.295001436976293, 28.376735998841617 ], [ 81.294813530567069, 28.376660176957195 ], [ 81.294632217365177, 28.376465677340633 ] ] ] } },
{ "type": "Feature", "properties": { "fid_1": 73.0, "contract_i": "BIP/WORKS/NCB-04/081/082", "contractor": "Lumbini-Arghakhanchi-Bhairab JV, Siddharthanagar-9, Rupandehi", "project_na": "BIP_Bardiya", "chainage_s": "0", "chainage_e": "1000", "contract_a": "1524635503.11", "start_date": "2081।10।25", "completion": "2084।10।22", "progress_p": "50", "status": "Normal", "delay_reas": null, "supervisio": null, "remarks": "Dhungarahawa-2", "Photo": null, "Shape_Leng": 0.0, "id": 0, "contact_id": null, "Contract_1": null, "project__1": null, "Progress__": 0, "X_co_ord": 0.0, "Y_co_ord": 0.0, "layer": null, "path": null }, "geometry": { "type": "MultiLineString", "coordinates": [ [ [ 81.300251278321724, 28.381112240214339 ], [ 81.299944694180354, 28.38101993531156 ], [ 81.299430424007753, 28.380930927012454 ], [ 81.298939230060824, 28.380723240981208 ], [ 81.298583196864385, 28.380538631175657 ], [ 81.298032664051405, 28.380192487790243 ], [ 81.297610698781568, 28.380004581381019 ], [ 81.297205216530074, 28.379978208551655 ], [ 81.296674463339116, 28.379849641008498 ], [ 81.296470073911522, 28.379974911947993 ], [ 81.296232718447243, 28.380159521753548 ], [ 81.295477796206654, 28.38063093607844 ], [ 81.294460793974281, 28.381343002471286 ], [ 81.294097343419566, 28.381752605477367 ], [ 81.293970424178255, 28.381876228115015 ], [ 81.293724827204798, 28.381914139057226 ], [ 81.293627577396535, 28.382072376033413 ], [ 81.29347593362769, 28.382070727731577 ], [ 81.293279785709288, 28.382228964707767 ], [ 81.292925400814696, 28.382636919412008 ], [ 81.29277705364953, 28.382809991104715 ], [ 81.292299046117279, 28.383179210715813 ] ] ] } },
{ "type": "Feature", "properties": { "fid_1": 23.0, "contract_i": "BIP/WORKS/NCB-04/081/082", "contractor": "Lumbini-Arghakhanchi-Bhairab JV, Siddharthanagar-9, Rupandehi", "project_na": "BIP_Bardiya", "chainage_s": "0", "chainage_e": "1200", "contract_a": "1524635503.11", "start_date": "2081।10।25", "completion": "2084।10।22", "progress_p": "50", "status": "Normal", "delay_reas": null, "supervisio": null, "remarks": null, "Photo": null, "Shape_Leng": 0.0, "id": 0, "contact_id": null, "Contract_1": null, "project__1": null, "Progress__": 0, "X_co_ord": 0.0, "Y_co_ord": 0.0, "layer": null, "path": null }, "geometry": { "type": "MultiLineString", "coordinates": [ [ [ 81.275230781280911, 28.274391289118341 ], [ 81.274906695085647, 28.274144894819198 ], [ 81.274280720379707, 28.27371647950627 ], [ 81.27396551325829, 28.273494502660199 ], [ 81.273521559566134, 28.273940676120812 ], [ 81.272893365091761, 28.274597727585196 ], [ 81.271763502945205, 28.273771973717793 ], [ 81.270979924678542, 28.273243668824133 ], [ 81.270207445254201, 28.272670968561258 ], [ 81.266007643326475, 28.26971867650845 ], [ 81.265750150185028, 28.269496699662373 ], [ 81.265646930951576, 28.269410128692403 ] ] ] } },
{ "type": "Feature", "properties": { "fid_1": 42.0, "contract_i": "BIP/WORKS/NCB-04/081/082", "contractor": "Lumbini-Arghakhanchi-Bhairab JV, Siddharthanagar-9, Rupandehi", "project_na": "BIP_Bardiya", "chainage_s": "0", "chainage_e": "1330", "contract_a": "1524635503.11", "start_date": "2081।10।25", "completion": "2084।10।22", "progress_p": "50", "status": "Normal", "delay_reas": null, "supervisio": null, "remarks": "24+188 RS", "Photo": null, "Shape_Leng": 0.0, "id": 0, "contact_id": null, "Contract_1": null, "project__1": null, "Progress__": 0, "X_co_ord": 0.0, "Y_co_ord": 0.0, "layer": null, "path": null }, "geometry": { "type": "MultiLineString", "coordinates": [ [ [ 81.275852316449843, 28.272970637303445 ], [ 81.27581236061755, 28.273009483251506 ], [ 81.275683614046827, 28.272851879690794 ], [ 81.275543768633796, 28.272695386014313 ], [ 81.275444988937295, 28.272617694118185 ], [ 81.275064298646299, 28.272359091092504 ], [ 81.274427225098023, 28.271891829831517 ], [ 81.274056523765083, 28.271631007037382 ], [ 81.273139759390816, 28.270973955572988 ], [ 81.272511564916414, 28.270541100723143 ], [ 81.271501570266778, 28.269806357362629 ], [ 81.270664717557054, 28.26923365709975 ], [ 81.269899174909185, 28.268679269926679 ], [ 81.268831743750582, 28.269828000105115 ], [ 81.266916083568958, 28.268385150605621 ], [ 81.266427734507602, 28.267994471356527 ], [ 81.265573123650213, 28.267326321049836 ] ] ] } },
{ "type": "Feature", "properties": { "fid_1": 41.0, "contract_i": "BIP/WORKS/NCB-04/081/082", "contractor": "Lumbini-Arghakhanchi-Bhairab JV, Siddharthanagar-9, Rupandehi", "project_na": "BIP_Bardiya", "chainage_s": "0", "chainage_e": "1200", "contract_a": "1524635503.11", "start_date": "2081।10।25", "completion": "2084।10।22", "progress_p": "50", "status": "Normal", "delay_reas": null, "supervisio": null, "remarks": "23+981 RS", "Photo": null, "Shape_Leng": 0.0, "id": 0, "contact_id": null, "Contract_1": null, "project__1": null, "Progress__": 0, "X_co_ord": 0.0, "Y_co_ord": 0.0, "layer": null, "path": null }, "geometry": { "type": "MultiLineString", "coordinates": [ [ [ 81.275230781280911, 28.274391289118341 ], [ 81.274906695085647, 28.274144894819198 ], [ 81.274280720379707, 28.27371647950627 ], [ 81.27396551325829, 28.273494502660199 ], [ 81.273521559566134, 28.273940676120812 ], [ 81.272893365091761, 28.274597727585196 ], [ 81.271763502945205, 28.273771973717793 ], [ 81.270979924678542, 28.273243668824133 ], [ 81.270207445254201, 28.272670968561258 ], [ 81.266007643326475, 28.26971867650845 ], [ 81.265750150185028, 28.269496699662373 ], [ 81.265646930951576, 28.269410128692403 ] ] ] } },
{ "type": "Feature", "properties": { "fid_1": 44.0, "contract_i": "BIP/WORKS/NCB-04/081/082", "contractor": "Lumbini-Arghakhanchi-Bhairab JV, Siddharthanagar-9, Rupandehi", "project_na": "BIP_Bardiya", "chainage_s": "0", "chainage_e": "316", "contract_a": "1524635503.11", "start_date": "2081।10।25", "completion": "2084।10।22", "progress_p": "50", "status": "Normal", "delay_reas": null, "supervisio": null, "remarks": "24+620 LS", "Photo": null, "Shape_Leng": 0.0, "id": 0, "contact_id": null, "Contract_1": null, "project__1": null, "Progress__": 0, "X_co_ord": 0.0, "Y_co_ord": 0.0, "layer": null, "path": null }, "geometry": { "type": "MultiLineString", "coordinates": [ [ [ 81.277307776142706, 28.269995101905156 ], [ 81.27740766572488, 28.27008167287638 ], [ 81.278536418003512, 28.270927404672161 ], [ 81.278584697968256, 28.270971938777549 ], [ 81.278146848633085, 28.271454738424751 ], [ 81.277930421205028, 28.271717780991157 ], [ 81.277717323429712, 28.272000801473997 ] ] ] } },
{ "type": "Feature", "properties": { "fid_1": 43.0, "contract_i": "BIP/WORKS/NCB-04/081/082", "contractor": "Lumbini-Arghakhanchi-Bhairab JV, Siddharthanagar-9, Rupandehi", "project_na": "BIP_Bardiya", "chainage_s": "0", "chainage_e": "308", "contract_a": "1524635503.11", "start_date": "2081।10।25", "completion": "2084।10।22", "progress_p": "50", "status": "Normal", "delay_reas": null, "supervisio": null, "remarks": "24+956 RS", "Photo": null, "Shape_Leng": 0.0, "id": 0, "contact_id": null, "Contract_1": null, "project__1": null, "Progress__": 0, "X_co_ord": 0.0, "Y_co_ord": 0.0, "layer": null, "path": null }, "geometry": { "type": "MultiLineString", "coordinates": [ [ [ 81.27933470224788, 28.267574028157092 ], [ 81.279106621035268, 28.267397556561914 ], [ 81.276900726095462, 28.265802652899783 ] ] ] } },
{ "type": "Feature", "properties": { "fid_1": 28.0, "contract_i": "BIP/WORKS/NCB-04/081/082", "contractor": "Lumbini-Arghakhanchi-Bhairab JV, Siddharthanagar-9, Rupandehi", "project_na": "BIP_Bardiya", "chainage_s": "0", "chainage_e": "165", "contract_a": "1524635503.11", "start_date": "2081।10।25", "completion": "2084।10।22", "progress_p": "50", "status": "Normal", "delay_reas": null, "supervisio": null, "remarks": null, "Photo": null, "Shape_Leng": 0.0, "id": 0, "contact_id": null, "Contract_1": null, "project__1": null, "Progress__": 0, "X_co_ord": 0.0, "Y_co_ord": 0.0, "layer": null, "path": null }, "geometry": { "type": "MultiLineString", "coordinates": [ [ [ 81.279422625890689, 28.267623036483375 ], [ 81.280676240147017, 28.268550344771267 ], [ 81.280742000788607, 28.268602786801914 ] ] ] } },
{ "type": "Feature", "properties": { "fid_1": 45.0, "contract_i": "BIP/WORKS/NCB-04/081/082", "contractor": "Lumbini-Arghakhanchi-Bhairab JV, Siddharthanagar-9, Rupandehi", "project_na": "BIP_Bardiya", "chainage_s": "0", "chainage_e": "1700", "contract_a": "1524635503.11", "start_date": "2081।10।25", "completion": "2084।10।22", "progress_p": "50", "status": "Normal", "delay_reas": null, "supervisio": null, "remarks": "24+620 RS", "Photo": null, "Shape_Leng": 0.0, "id": 0, "contact_id": null, "Contract_1": null, "project__1": null, "Progress__": 0, "X_co_ord": 0.0, "Y_co_ord": 0.0, "layer": null, "path": null }, "geometry": { "type": "MultiLineString", "coordinates": [ [ [ 81.277277962743696, 28.26996396092331 ], [ 81.276729679933908, 28.269583270632292 ], [ 81.276276847167892, 28.26928138212163 ], [ 81.274762965077642, 28.268184816502007 ], [ 81.272740756009938, 28.266744186770978 ], [ 81.274944986091398, 28.264375693823357 ], [ 81.272387812824661, 28.262551044148609 ], [ 81.270425537505318, 28.261103755112195 ], [ 81.267362257029475, 28.25882183313454 ] ] ] } },
{ "type": "Feature", "properties": { "fid_1": 46.0, "contract_i": "BIP/WORKS/NCB-04/081/082", "contractor": "Lumbini-Arghakhanchi-Bhairab JV, Siddharthanagar-9, Rupandehi", "project_na": "BIP_Bardiya", "chainage_s": "0", "chainage_e": "366", "contract_a": "1524635503.11", "start_date": "2081।10।25", "completion": "2084।10।22", "progress_p": "50", "status": "Normal", "delay_reas": null, "supervisio": null, "remarks": "24+620.1", "Photo": null, "Shape_Leng": 0.0, "id": 0, "contact_id": null, "Contract_1": null, "project__1": null, "Progress__": 0, "X_co_ord": 0.0, "Y_co_ord": 0.0, "layer": null, "path": null }, "geometry": { "type": "MultiLineString", "coordinates": [ [ [ 81.274036392326323, 28.267666842227186 ], [ 81.276297226536286, 28.265163775780419 ] ] ] } },
{ "type": "Feature", "properties": { "fid_1": 4.0, "contract_i": "BIP/WORKS/NCB-04/081/082", "contractor": "Lumbini-Arghakhanchi-Bhairab JV, Siddharthanagar-9, Rupandehi", "project_na": "BIP , Bardiya.", "chainage_s": "32+000", "chainage_e": "41+200", "contract_a": "1,524,635,503.11\n", "start_date": "2081-10-25", "completion": "2084।10।22", "progress_p": "50", "status": "Normal", "delay_reas": null, "supervisio": null, "remarks": "WMC 32+000 to 41+200", "Photo": null, "Shape_Leng": 0.08914089288, "id": 0, "contact_id": null, "Contract_1": null, "project__1": null, "Progress__": 0, "X_co_ord": 0.0, "Y_co_ord": 0.0, "layer": null, "path": null }, "geometry": { "type": "MultiLineString", "coordinates": [ [ [ 81.324164536464252, 28.222124933418968 ], [ 81.324276912149855, 28.221682089257058 ], [ 81.324495836813469, 28.220758943270653 ], [ 81.325409826802115, 28.216793326950551 ], [ 81.325503056820651, 28.216493657556327 ], [ 81.325586298069254, 28.216268906185121 ], [ 81.325915933773388, 28.215799425003524 ], [ 81.326120707604616, 28.215626283026609 ], [ 81.327236141235005, 28.214983660767359 ], [ 81.331014464745806, 28.212883482087079 ], [ 81.333748941560486, 28.211362662856629 ], [ 81.333913759412496, 28.211254032847364 ], [ 81.333967762802047, 28.211208458803355 ], [ 81.334119157373266, 28.211075168484285 ], [ 81.334209058101635, 28.210979648791806 ], [ 81.3343176881109, 28.21084292486114 ], [ 81.334420075026514, 28.21068934493735 ], [ 81.33454243948205, 28.21042838326332 ], [ 81.334604870418502, 28.210209874985765 ], [ 81.334657312584966, 28.209950162470079 ], [ 81.334725986615069, 28.209590559556716 ], [ 81.334779677040501, 28.20932460394738 ], [ 81.334838362300616, 28.209031177646807 ], [ 81.334907036330719, 28.208695298849022 ], [ 81.335001931893714, 28.20821832631475 ], [ 81.33506686024748, 28.207906171632544 ], [ 81.335100572233671, 28.207641464282176 ], [ 81.335088086046369, 28.207376756931865 ], [ 81.335038141297218, 28.207147010726032 ], [ 81.334973213842829, 28.20694723172943 ], [ 81.334825876113371, 28.206685021796375 ], [ 81.334663555678617, 28.206467761777844 ], [ 81.334416329350177, 28.206200557010163 ], [ 81.334254008016103, 28.206028247805421 ], [ 81.334205312425297, 28.205967065127993 ], [ 81.334090439322381, 28.205787263671311 ], [ 81.334008029946688, 28.205599970862011 ], [ 81.3339824334426, 28.205479478794985 ], [ 81.333958085197537, 28.205327772159023 ], [ 81.33395246713269, 28.205228506790206 ], [ 81.333962455902679, 28.205086163895373 ], [ 81.333999914464528, 28.204868279747359 ], [ 81.334114787567444, 28.204618556001606 ], [ 81.334219671001051, 28.204458732084845 ], [ 81.334389483687801, 28.204273936692857 ], [ 81.334526519683209, 28.204168116165704 ], [ 81.334614547123692, 28.20410911884079 ], [ 81.334820569213946, 28.204003610378379 ], [ 81.335004116346965, 28.203936497571362 ], [ 81.335202647084543, 28.20389029849855 ], [ 81.335388691634876, 28.203855961483498 ], [ 81.335772017764441, 28.203782916748253 ], [ 81.335917482206071, 28.203755446956336 ], [ 81.336283327313765, 28.203685524667264 ], [ 81.336425670208598, 28.203649314364441 ], [ 81.336565515686061, 28.203608110126254 ], [ 81.336661659508025, 28.203576894657999 ], [ 81.336761549006326, 28.203536938678837 ], [ 81.336977559866568, 28.203425187122718 ], [ 81.337093682127772, 28.203349021739996 ], [ 81.337256002562526, 28.203239143471762 ], [ 81.337478256516363, 28.203088060065966 ], [ 81.33764307436843, 28.202971938704081 ], [ 81.337815384472492, 28.202825850132911 ], [ 81.337937748928027, 28.202690998590754 ], [ 81.338010168634412, 28.202599849603416 ], [ 81.338117550384709, 28.202441274845 ], [ 81.338177483903792, 28.202322656065803 ], [ 81.338227428652942, 28.202212777797513 ], [ 81.338280494948947, 28.202051705621784 ], [ 81.338322948345422, 28.201861915395114 ], [ 81.338341677626374, 28.201662136398511 ], [ 81.338342301755858, 28.201539771942976 ], [ 81.338339180209061, 28.201332500694377 ], [ 81.338338556079577, 28.201156444914034 ], [ 81.338336370727006, 28.200989754673515 ], [ 81.338334810403239, 28.200739093834159 ], [ 81.338331063827582, 28.200237148925339 ], [ 81.338326069892275, 28.200011773424649 ], [ 81.338322324215937, 28.199682137720515 ], [ 81.338322324215937, 28.199472369054661 ], [ 81.338317329381312, 28.199160214372455 ], [ 81.338277373402093, 28.198907993209389 ], [ 81.338162500299234, 28.1983161475722 ], [ 81.338132533989324, 28.198141340950201 ], [ 81.338142522759256, 28.197904103391693 ], [ 81.338214942465697, 28.197616920184771 ], [ 81.338334810403239, 28.197377185209007 ], [ 81.338459672276088, 28.197222356126872 ], [ 81.338634478898143, 28.197057539174125 ], [ 81.338934147393047, 28.196860256695516 ], [ 81.339198854743415, 28.196685450073517 ], [ 81.340494922602659, 28.195826399668647 ], [ 81.340954414115004, 28.195531725109049 ], [ 81.34128404981908, 28.195207084239598 ], [ 81.341663630272365, 28.194502862916863 ], [ 81.342749929465754, 28.192390198049225 ], [ 81.343206924460048, 28.191466219290646 ], [ 81.343586504913333, 28.190747014363296 ], [ 81.343706371951555, 28.19024756687179 ], [ 81.34383123382446, 28.189313599343166 ], [ 81.343936118157387, 28.188634349495658 ], [ 81.344060980030235, 28.187975078986767 ], [ 81.34413589715399, 28.187443166868718 ], [ 81.34418584190314, 28.187133508704505 ], [ 81.344238284069604, 28.186753928251221 ], [ 81.34446303544081, 28.185275562417303 ], [ 81.34468778771128, 28.18386212493715 ], [ 81.344817643519491, 28.183025549489571 ], [ 81.345007433746105, 28.181821880675329 ], [ 81.345252163556552, 28.180246122760423 ], [ 81.345289622118401, 28.180093791095658 ], [ 81.345431965013233, 28.18001637655459 ], [ 81.346313490375337, 28.179506939393775 ], [ 81.347936695622082, 28.178577966699834 ], [ 81.348258839973539, 28.178398477307951 ], [ 81.349634506827101, 28.17760685267416 ], [ 81.351440010947783, 28.176570498229978 ], [ 81.351447502300459, 28.176383204521301 ], [ 81.351689734693537, 28.176143469545536 ], [ 81.351689734693537, 28.175806342488784 ], [ 81.352018746268186, 28.175715193501446 ], [ 81.352149851234685, 28.17563028760776 ], [ 81.352454514564272, 28.175450486151078 ], [ 81.35263930995626, 28.175398043984615 ], [ 81.352941475868477, 28.175315634608921 ], [ 81.353031376596789, 28.175275679529022 ], [ 81.353233653010761, 28.175020960948643 ], [ 81.353367255394573, 28.174884861147461 ], [ 81.353434681165652, 28.174819932793696 ], [ 81.353460901799224, 28.174804949189081 ], [ 81.353597001600406, 28.174789966483843 ], [ 81.353701885933333, 28.174779976814534 ], [ 81.353454658705573, 28.174620153797093 ], [ 81.353660680795826, 28.174374175727678 ], [ 81.353698139357675, 28.174331722331146 ], [ 81.353457780252427, 28.174196247558825 ], [ 81.353454815187604, 28.174194062206254 ], [ 81.353696422551934, 28.173955731971489 ], [ 81.353881218843242, 28.173705384096252 ], [ 81.354217097641026, 28.173526830898595 ], [ 81.354552975539434, 28.173230908079972 ], [ 81.354554224697779, 28.172606598715618 ], [ 81.354796457090856, 28.17260285213996 ], [ 81.354797705349881, 28.172088421043838 ], [ 81.354552975539434, 28.171509061593952 ], [ 81.35456046779143, 28.171079536391517 ], [ 81.354797705349881, 28.170898486675867 ], [ 81.354801451026219, 28.168640982395459 ], [ 81.354554224697779, 28.168457435262496 ], [ 81.354552975539434, 28.168031655736399 ], [ 81.354124699495344, 28.167117665747753 ], [ 81.354124699495344, 28.166680649192642 ], [ 81.354311992304645, 28.165906504681516 ], [ 81.354311992304645, 28.165344626253557 ], [ 81.354554224697779, 28.165152338609573 ], [ 81.354551727280466, 28.164737797011753 ], [ 81.354311992304645, 28.16448807236668 ], [ 81.354800202767194, 28.164248337390916 ], [ 81.355409529426311, 28.163634016796493 ], [ 81.3565070656486, 28.163145806333944 ], [ 81.356995276111149, 28.162716281131509 ], [ 81.356750546300702, 28.162290501605412 ], [ 81.356994027852181, 28.161436446035225 ], [ 81.357002143334284, 28.160088561038322 ], [ 81.356320396968783, 28.159174571049675 ], [ 81.356249225521424, 28.159102151343234 ], [ 81.35682796084177, 28.158752538099179 ], [ 81.359447565452854, 28.157179276702323 ], [ 81.359709775385909, 28.157001972662954 ], [ 81.360145543681938, 28.156692315398061 ], [ 81.361210616177061, 28.155941895002513 ], [ 81.361590196630345, 28.155672192817519 ], [ 81.361736909330943, 28.155570430031389 ], [ 81.3617999652962, 28.155546082685646 ], [ 81.361865517779506, 28.155537342174625 ], [ 81.36192357801076, 28.155542961138792 ], [ 81.362322512773801, 28.155607888593238 ] ] ] } },
{ "type": "Feature", "properties": { "fid_1": 1.0, "contract_i": "BIP/Works/NCB-17/2081/82", "contractor": "Atlantic Construction Pvt.Ltd, Rasuwa", "project_na": "BIP_Bardiya", "chainage_s": "0000", "chainage_e": "0500", "contract_a": "58550872.17", "start_date": "2081-12-26", "completion": "2083-03-25", "progress_p": "71", "status": "Normal", "delay_reas": "Election/Diesel Price Hike/Local people Obstruction", "supervisio": "No", "remarks": null, "Photo": null, "Shape_Leng": 0.0034211073, "id": 0, "contact_id": null, "Contract_1": null, "project__1": null, "Progress__": 0, "X_co_ord": 0.0, "Y_co_ord": 0.0, "layer": null, "path": null }, "geometry": { "type": "MultiLineString", "coordinates": [ [ [ 81.365852769090054, 28.188833038513962 ], [ 81.365222702265953, 28.188360487946227 ], [ 81.364890167147564, 28.187467893728353 ], [ 81.364837661129229, 28.185787715530694 ] ] ] } },
{ "type": "Feature", "properties": { "fid_1": 2.0, "contract_i": "BIP/WORKS/NCB-18/081/082 (Re)", "contractor": "Shahi Construction Services Company Pvt.Ltd., Lamkichuha-2, Kailali", "project_na": "BIP_Bardiya", "chainage_s": "500", "chainage_e": "600", "contract_a": "49459266.62", "start_date": "2082-04-01", "completion": "2083-04-01", "progress_p": "10", "status": "Delayed", "delay_reas": "Innovative Works/Design FInalized/Material Ordered by Contractor from India", "supervisio": "No", "remarks": null, "Photo": null, "Shape_Leng": 0.00188385799, "id": 0, "contact_id": null, "Contract_1": null, "project__1": null, "Progress__": 0, "X_co_ord": 0.0, "Y_co_ord": 0.0, "layer": null, "path": null }, "geometry": { "type": "MultiLineString", "coordinates": [ [ [ 81.364830379318619, 28.185784362858101 ], [ 81.364944919672382, 28.183903990177043 ] ] ] } },
{ "type": "Feature", "properties": { "fid_1": 3.0, "contract_i": "BIP/NCB/P89/077/78", "contractor": "Amar-Sisne JV, Nepalgunj-2 Banke", "project_na": "BIP_Bardiya", "chainage_s": "0", "chainage_e": "500", "contract_a": "48190673", "start_date": "2087-03-22", "completion": "2083-03-15", "progress_p": "47.96", "status": "Stressed", "delay_reas": "Low Bidding/Contractor Not Working", "supervisio": "No", "remarks": null, "Photo": null, "Shape_Leng": 0.00487618385, "id": 0, "contact_id": null, "Contract_1": null, "project__1": null, "Progress__": 0, "X_co_ord": 0.0, "Y_co_ord": 0.0, "layer": null, "path": null }, "geometry": { "type": "MultiLineString", "coordinates": [ [ [ 81.303394087667073, 28.374618254029258 ], [ 81.302871206540999, 28.37448002103622 ], [ 81.302288223722599, 28.374377849058533 ], [ 81.301573018979695, 28.374113403410888 ], [ 81.301248471639724, 28.373921078894739 ], [ 81.300827762491281, 28.373854967932459 ], [ 81.300419074580702, 28.373650623077822 ], [ 81.30014260859457, 28.373338096975658 ], [ 81.299866142608437, 28.372911377657999 ], [ 81.299433413121562, 28.372244253369672 ] ] ] } },
{ "type": "Feature", "properties": { "fid_1": 4.0, "contract_i": "BIP/NCB/P120/078/79", "contractor": "Amar Sisne JV, Kathmandu", "project_na": "BIP_Bardiya", "chainage_s": "0", "chainage_e": "500", "contract_a": "74005310.95", "start_date": "2079-01-13", "completion": "2083-03-15", "progress_p": "36.27", "status": "Stressed", "delay_reas": "Low Bidding/Contractor Not Working", "supervisio": "No", "remarks": null, "Photo": null, "Shape_Leng": 0.00480772616, "id": 0, "contact_id": null, "Contract_1": null, "project__1": null, "Progress__": 0, "X_co_ord": 0.0, "Y_co_ord": 0.0, "layer": null, "path": null }, "geometry": { "type": "MultiLineString", "coordinates": [ [ [ 81.299313210636228, 28.372142081391985 ], [ 81.298820380356347, 28.371120359816814 ], [ 81.298676137194036, 28.370218840726977 ], [ 81.298808360017858, 28.369064895428608 ], [ 81.298832400694778, 28.367466202103572 ] ] ] } },
{ "type": "Feature", "properties": { "fid_1": 5.0, "contract_i": "BIP/NCB/P49/ 074/75", "contractor": "Rajendra - Sharma JV, Kailali", "project_na": "BIP_Bardiya", "chainage_s": "0000", "chainage_e": "1500", "contract_a": "334349055.00", "start_date": "2075-03-11", "completion": "2082-12-22", "progress_p": "87", "status": "Delayed", "delay_reas": "Low Bidding/Slow Working by Contractor/ Diesel Price Hike.", "supervisio": "No", "remarks": "Locations where works already completed are not shown in MAP", "Photo": null, "Shape_Leng": 0.01507795418, "id": 0, "contact_id": null, "Contract_1": null, "project__1": null, "Progress__": 0, "X_co_ord": 0.0, "Y_co_ord": 0.0, "layer": null, "path": null }, "geometry": { "type": "MultiLineString", "coordinates": [ [ [ 81.327254751805413, 28.278783904953286 ], [ 81.327747582085294, 28.277726122362708 ], [ 81.328180311572169, 28.276427934801404 ], [ 81.32850485801282, 28.275189848932428 ], [ 81.329081830662005, 28.273470952222738 ], [ 81.330740625679368, 28.27092265755465 ], [ 81.333337000801976, 28.269432146376516 ], [ 81.336750753544493, 28.269335984568102 ] ] ] } },
{ "type": "Feature", "properties": { "fid_1": 6.0, "contract_i": "BIP/NCB/P109/078/79", "contractor": "Kasthamandap-Jay Ma-Sushan JV, Ghorahi dang", "project_na": "BIP_Bardiya", "chainage_s": "0", "chainage_e": "1200", "contract_a": "51010.61425", "start_date": "2078-10-21", "completion": "2082-12-30", "progress_p": "67", "status": "Delayed", "delay_reas": "Low Bidding/Slow Working by Contractor/Diesel Price Hike", "supervisio": "No", "remarks": null, "Photo": null, "Shape_Leng": 0.0091044009, "id": 0, "contact_id": null, "Contract_1": null, "project__1": null, "Progress__": 0, "X_co_ord": 0.0, "Y_co_ord": 0.0, "layer": null, "path": null }, "geometry": { "type": "MultiLineString", "coordinates": [ [ [ 81.277341763111963, 28.365163885504955 ], [ 81.277278655885311, 28.365058707993057 ], [ 81.277211793989181, 28.36498057669229 ], [ 81.277175732973774, 28.364971560988806 ], [ 81.27705628142229, 28.365040677485354 ], [ 81.277011956536626, 28.365012129406296 ], [ 81.276936078936956, 28.364929490703503 ], [ 81.276598009390682, 28.364580902686555 ], [ 81.276396670070312, 28.364342000482964 ], [ 81.276135229956935, 28.364108356615418 ], [ 81.275942905440786, 28.363952093114676 ], [ 81.275676957026008, 28.363788317576848 ], [ 81.275457587197934, 28.363662104922241 ], [ 81.275299821829378, 28.363586978256478 ], [ 81.275006828102676, 28.363460765601928 ], [ 81.274755905560653, 28.363348075153624 ], [ 81.274592129123505, 28.363217355096936 ], [ 81.274489957145875, 28.363079122103841 ], [ 81.274237531836661, 28.362988970464642 ], [ 81.274049715621913, 28.362910838264611 ], [ 81.27370413313929, 28.362925864137367 ], [ 81.27360196026234, 28.362910838264611 ], [ 81.273340520148963, 28.362729032219136 ], [ 81.273009963539039, 28.362554738210633 ], [ 81.272596766427682, 28.362345886853234 ], [ 81.272254189479327, 28.362243714875603 ], [ 81.272174555411482, 28.362114496686729 ], [ 81.272048342756875, 28.361923674937714 ], [ 81.271555512476993, 28.361673503329541 ], [ 81.271473623808731, 28.361685523668029 ], [ 81.27146160436962, 28.361744122593223 ], [ 81.271382721235682, 28.361773421606188 ], [ 81.271322619543298, 28.361815492790811 ], [ 81.271199412423016, 28.361689280136204 ], [ 81.271166356042556, 28.361701300474692 ], [ 81.271091230276113, 28.361641198782365 ], [ 81.271022113779566, 28.3616712496285 ], [ 81.270986052764158, 28.361614153470441 ], [ 81.270649485085698, 28.361716325448128 ], [ 81.270607414800395, 28.361623169173981 ], [ 81.270239294407986, 28.361726843918746 ], [ 81.269781022376321, 28.361844040869869 ] ] ] } },
{ "type": "Feature", "properties": { "fid_1": 12.0, "contract_i": "BIP/Works/NCB-20/2081/82", "contractor": "Jay Bageshwory - M.K. - Bardiya Jiyana J.V", "project_na": "BIP_Bardiya", "chainage_s": "0", "chainage_e": "800", "contract_a": "71200281.76", "start_date": "2082-03-23", "completion": "2083-09-22", "progress_p": "40", "status": "Normal", "delay_reas": null, "supervisio": "No", "remarks": "Danfe Canal Lining/Mission Chowk", "Photo": null, "Shape_Leng": 0.00336763356, "id": 0, "contact_id": null, "Contract_1": null, "project__1": null, "Progress__": 0, "X_co_ord": 0.0, "Y_co_ord": 0.0, "layer": null, "path": null }, "geometry": { "type": "MultiLineString", "coordinates": [ [ [ 81.497488525375218, 28.103416990002131 ], [ 81.496763929012161, 28.10313751938105 ], [ 81.496752660506957, 28.102261918752617 ], [ 81.496809004831789, 28.101714246015717 ], [ 81.496828162190013, 28.101545211242581 ], [ 81.496017922489216, 28.101491119719469 ], [ 81.496013414187757, 28.10130856184071 ] ] ] } },
{ "type": "Feature", "properties": { "fid_1": 13.0, "contract_i": "BIP/Works/NCB-20/2081/82", "contractor": "Jay Bageshwory - M.K. - Bardiya Jiyana J.V", "project_na": "BIP_Bardiya", "chainage_s": "0", "chainage_e": "700", "contract_a": "71200281.76", "start_date": "2082-03-23", "completion": "2083-09-22", "progress_p": "40", "status": "Normal", "delay_reas": null, "supervisio": "No", "remarks": "Danfe-2 Canal Lining", "Photo": null, "Shape_Leng": 0.00219730435, "id": 0, "contact_id": null, "Contract_1": null, "project__1": null, "Progress__": 0, "X_co_ord": 0.0, "Y_co_ord": 0.0, "layer": null, "path": null }, "geometry": { "type": "MultiLineString", "coordinates": [ [ [ 81.496141317567833, 28.098170993596511 ], [ 81.496123287060129, 28.097877999869866 ], [ 81.49599144015292, 28.097884761872308 ], [ 81.495984679049741, 28.097791228782228 ], [ 81.495897344087211, 28.097792919507697 ], [ 81.49588889225862, 28.097663889277101 ], [ 81.495834800735508, 28.097464428640535 ], [ 81.495900160763881, 28.097449214809444 ], [ 81.495821278529263, 28.097049165786416 ], [ 81.495785217513856, 28.096859846804534 ], [ 81.49571309638236, 28.096277239902747 ] ] ] } },
{ "type": "Feature", "properties": { "fid_1": 14.0, "contract_i": "BIP/Works/NCB-20/2081/82", "contractor": "Jay Bageshwory - M.K. - Bardiya Jiyana J.V", "project_na": "BIP_Bardiya", "chainage_s": "0", "chainage_e": "400", "contract_a": "71200281.76", "start_date": "2082-03-23", "completion": "2083-09-22", "progress_p": "40", "status": "Normal", "delay_reas": null, "supervisio": "No", "remarks": "Dailekh Chowk Lining", "Photo": null, "Shape_Leng": 0.00383573595, "id": 0, "contact_id": null, "Contract_1": null, "project__1": null, "Progress__": 0, "X_co_ord": 0.0, "Y_co_ord": 0.0, "layer": null, "path": null }, "geometry": { "type": "MultiLineString", "coordinates": [ [ [ 81.487639428217108, 28.096150464272569 ], [ 81.487569842274468, 28.096087920920866 ], [ 81.487543923813064, 28.095485029810334 ], [ 81.487414330606953, 28.093752986810955 ], [ 81.487385030694668, 28.092853721422159 ], [ 81.487361365934362, 28.092542697187753 ], [ 81.487343335426658, 28.092353378205871 ] ] ] } },
{ "type": "Feature", "properties": { "fid_1": 15.0, "contract_i": "BIP/Works/NCB-20/2081/82", "contractor": "Jay Bageshwory - M.K. - Bardiya Jiyana J.V", "project_na": "BIP_Bardiya", "chainage_s": "0", "chainage_e": "500", "contract_a": "71200281.76", "start_date": "2082-03-23", "completion": "2083-09-22", "progress_p": "40", "status": "Normal", "delay_reas": null, "supervisio": "No", "remarks": "B2S5-Lining", "Photo": null, "Shape_Leng": 0.00466896221, "id": 0, "contact_id": null, "Contract_1": null, "project__1": null, "Progress__": 0, "X_co_ord": 0.0, "Y_co_ord": 0.0, "layer": null, "path": null }, "geometry": { "type": "MultiLineString", "coordinates": [ [ [ 81.441178177830693, 28.192215482258746 ], [ 81.441005761606675, 28.191488633093968 ], [ 81.440763478851522, 28.19027158146838 ], [ 81.440680088315503, 28.189930131370545 ], [ 81.440591062627504, 28.189479372275287 ], [ 81.440281166142938, 28.18811469693577 ], [ 81.440189886753956, 28.187736622846899 ], [ 81.440108186943348, 28.187737185822527 ] ] ] } },
{ "type": "Feature", "properties": { "fid_1": 94.0, "contract_i": "BIP/WORKS/NCB-09/081/082", "contractor": "P.S. Nirman Sewa, Naubasta-8 Banke", "project_na": "BIP_Bardiya", "chainage_s": null, "chainage_e": null, "contract_a": "110259987.75\n", "start_date": "2081-12-27", "completion": "2083-12-27", "progress_p": "30", "status": "Normal", "delay_reas": null, "supervisio": "No", "remarks": "Aqueduct", "Photo": null, "Shape_Leng": 7.888223e-05, "id": 0, "contact_id": null, "Contract_1": null, "project__1": null, "Progress__": 0, "X_co_ord": 0.0, "Y_co_ord": 0.0, "layer": null, "path": null }, "geometry": { "type": "MultiLineString", "coordinates": [ [ [ 81.317897070293611, 28.342829857412028 ], [ 81.317818188058993, 28.342829857412028 ] ] ] } },
{ "type": "Feature", "properties": { "fid_1": 95.0, "contract_i": "BIP/WORKS/NCB-09/081/082", "contractor": "P.S. Nirman Sewa, Naubasta-8 Banke", "project_na": "BIP_Bardiya", "chainage_s": null, "chainage_e": null, "contract_a": "110259987.75\n", "start_date": "2081-12-27", "completion": "2083-12-27", "progress_p": "30", "status": "Normal", "delay_reas": null, "supervisio": "No", "remarks": "Aqueduct", "Photo": null, "Shape_Leng": 2.81778e-05, "id": 0, "contact_id": null, "Contract_1": null, "project__1": null, "Progress__": 0, "X_co_ord": 0.0, "Y_co_ord": 0.0, "layer": null, "path": null }, "geometry": { "type": "MultiLineString", "coordinates": [ [ [ 81.326446853039897, 28.344571761477653 ], [ 81.326418680877453, 28.344571197602761 ] ] ] } },
{ "type": "Feature", "properties": { "fid_1": 96.0, "contract_i": "BIP/WORKS/NCB-09/081/082", "contractor": "P.S. Nirman Sewa, Naubasta-8 Banke", "project_na": "BIP_Bardiya", "chainage_s": null, "chainage_e": null, "contract_a": "110259987.75\n", "start_date": "2081-12-27", "completion": "2083-12-27", "progress_p": "30", "status": "Normal", "delay_reas": null, "supervisio": "No", "remarks": "Aqueduct", "Photo": null, "Shape_Leng": 3.801541e-05, "id": 0, "contact_id": null, "Contract_1": null, "project__1": null, "Progress__": 0, "X_co_ord": 0.0, "Y_co_ord": 0.0, "layer": null, "path": null }, "geometry": { "type": "MultiLineString", "coordinates": [ [ [ 81.325966794032354, 28.343964925940611 ], [ 81.325929606166426, 28.343972814793631 ] ] ] } },
{ "type": "Feature", "properties": { "fid_1": 97.0, "contract_i": "BIP/WORKS/NCB-09/081/082", "contractor": "P.S. Nirman Sewa, Naubasta-8 Banke", "project_na": "BIP_Bardiya", "chainage_s": null, "chainage_e": null, "contract_a": "110259987.75\n", "start_date": "2081-12-27", "completion": "2083-12-27", "progress_p": "30", "status": "Normal", "delay_reas": null, "supervisio": "No", "remarks": "Aqueduct", "Photo": null, "Shape_Leng": 3.813219e-05, "id": 0, "contact_id": null, "Contract_1": null, "project__1": null, "Progress__": 0, "X_co_ord": 0.0, "Y_co_ord": 0.0, "layer": null, "path": null }, "geometry": { "type": "MultiLineString", "coordinates": [ [ [ 81.330344233299797, 28.33745821132743 ], [ 81.33030817228439, 28.337470607582532 ] ] ] } },
{ "type": "Feature", "properties": { "fid_1": 98.0, "contract_i": "BIP/WORKS/NCB-09/081/082", "contractor": "P.S. Nirman Sewa, Naubasta-8 Banke", "project_na": "BIP_Bardiya", "chainage_s": null, "chainage_e": null, "contract_a": "110259987.75\n", "start_date": "2081-12-27", "completion": "2083-12-27", "progress_p": "30", "status": "Normal", "delay_reas": null, "supervisio": "No", "remarks": "Aqueduct", "Photo": null, "Shape_Leng": 1.803885e-05, "id": 0, "contact_id": null, "Contract_1": null, "project__1": null, "Progress__": 0, "X_co_ord": 0.0, "Y_co_ord": 0.0, "layer": null, "path": null }, "geometry": { "type": "MultiLineString", "coordinates": [ [ [ 81.326505170477276, 28.323744978248214 ], [ 81.326509677879415, 28.323727511615402 ] ] ] } },
{ "type": "Feature", "properties": { "fid_1": 99.0, "contract_i": "BIP/WORKS/NCB-09/081/082", "contractor": "P.S. Nirman Sewa, Naubasta-8 Banke", "project_na": "BIP_Bardiya", "chainage_s": null, "chainage_e": null, "contract_a": "110259987.75\n", "start_date": "2081-12-27", "completion": "2083-12-27", "progress_p": "30", "status": "Normal", "delay_reas": null, "supervisio": "No", "remarks": "Aqueduct", "Photo": null, "Shape_Leng": 3.696471e-05, "id": 0, "contact_id": null, "Contract_1": null, "project__1": null, "Progress__": 0, "X_co_ord": 0.0, "Y_co_ord": 0.0, "layer": null, "path": null }, "geometry": { "type": "MultiLineString", "coordinates": [ [ [ 81.326469672437497, 28.322662028130139 ], [ 81.326492210347283, 28.322632729117231 ] ] ] } },
{ "type": "Feature", "properties": { "fid_1": 100.0, "contract_i": "BIP/WORKS/NCB-09/081/082", "contractor": "P.S. Nirman Sewa, Naubasta-8 Banke", "project_na": "BIP_Bardiya", "chainage_s": null, "chainage_e": null, "contract_a": "110259987.75\n", "start_date": "2081-12-27", "completion": "2083-12-27", "progress_p": "30", "status": "Normal", "delay_reas": null, "supervisio": "No", "remarks": "Aqueduct", "Photo": null, "Shape_Leng": 3.281549e-05, "id": 0, "contact_id": null, "Contract_1": null, "project__1": null, "Progress__": 0, "X_co_ord": 0.0, "Y_co_ord": 0.0, "layer": null, "path": null }, "geometry": { "type": "MultiLineString", "coordinates": [ [ [ 81.324846938435542, 28.321512592032548 ], [ 81.324878491149491, 28.321503576329008 ] ] ] } },
{ "type": "Feature", "properties": { "fid_1": 101.0, "contract_i": "BIP/WORKS/NCB-09/081/082", "contractor": "P.S. Nirman Sewa, Naubasta-8 Banke", "project_na": "BIP_Bardiya", "chainage_s": null, "chainage_e": null, "contract_a": "110259987.75\n", "start_date": "2081-12-27", "completion": "2083-12-27", "progress_p": "30", "status": "Normal", "delay_reas": null, "supervisio": "No", "remarks": "Aqueduct", "Photo": null, "Shape_Leng": 1.08234e-05, "id": 0, "contact_id": null, "Contract_1": null, "project__1": null, "Progress__": 0, "X_co_ord": 0.0, "Y_co_ord": 0.0, "layer": null, "path": null }, "geometry": { "type": "MultiLineString", "coordinates": [ [ [ 81.325354042754952, 28.31615475054133 ], [ 81.325345590926361, 28.316161511644509 ] ] ] } },
{ "type": "Feature", "properties": { "fid_1": 102.0, "contract_i": "BIP/WORKS/NCB-09/081/082", "contractor": "P.S. Nirman Sewa, Naubasta-8 Banke", "project_na": "BIP_Bardiya", "chainage_s": null, "chainage_e": null, "contract_a": "110259987.75\n", "start_date": "2081-12-27", "completion": "2083-12-27", "progress_p": "30", "status": "Normal", "delay_reas": null, "supervisio": "No", "remarks": "Aqueduct", "Photo": null, "Shape_Leng": 1.329768e-05, "id": 0, "contact_id": null, "Contract_1": null, "project__1": null, "Progress__": 0, "X_co_ord": 0.0, "Y_co_ord": 0.0, "layer": null, "path": null }, "geometry": { "type": "MultiLineString", "coordinates": [ [ [ 81.326660682144848, 28.360929263075093 ], [ 81.326668570098491, 28.36091855754546 ] ] ] } },
{ "type": "Feature", "properties": { "fid_1": 103.0, "contract_i": "BIP/WORKS/NCB-09/081/082", "contractor": "P.S. Nirman Sewa, Naubasta-8 Banke", "project_na": "BIP_Bardiya", "chainage_s": null, "chainage_e": null, "contract_a": "110259987.75\n", "start_date": "2081-12-27", "completion": "2083-12-27", "progress_p": "30", "status": "Normal", "delay_reas": null, "supervisio": "No", "remarks": "Aqueduct", "Photo": null, "Shape_Leng": 2.817324e-05, "id": 0, "contact_id": null, "Contract_1": null, "project__1": null, "Progress__": 0, "X_co_ord": 0.0, "Y_co_ord": 0.0, "layer": null, "path": null }, "geometry": { "type": "MultiLineString", "coordinates": [ [ [ 81.328198898760206, 28.360011404202965 ], [ 81.32821580241739, 28.359988865393859 ] ] ] } },
{ "type": "Feature", "properties": { "fid_1": 104.0, "contract_i": "BIP/WORKS/NCB-09/081/082", "contractor": "P.S. Nirman Sewa, Naubasta-8 Banke", "project_na": "BIP_Bardiya", "chainage_s": null, "chainage_e": null, "contract_a": "110259987.75\n", "start_date": "2081-12-27", "completion": "2083-12-27", "progress_p": "30", "status": "Normal", "delay_reas": null, "supervisio": "No", "remarks": "Aqueduct", "Photo": null, "Shape_Leng": 1.789765e-05, "id": 0, "contact_id": null, "Contract_1": null, "project__1": null, "Progress__": 0, "X_co_ord": 0.0, "Y_co_ord": 0.0, "layer": null, "path": null }, "geometry": { "type": "MultiLineString", "coordinates": [ [ [ 81.325689295624557, 28.361888254239602 ], [ 81.325697746553828, 28.361872477432939 ] ] ] } },
{ "type": "Feature", "properties": { "fid_1": 105.0, "contract_i": "BIP/WORKS/NCB-09/081/082", "contractor": "P.S. Nirman Sewa, Naubasta-8 Banke", "project_na": "BIP_Bardiya", "chainage_s": null, "chainage_e": null, "contract_a": "110259987.75\n", "start_date": "2081-12-27", "completion": "2083-12-27", "progress_p": "30", "status": "Normal", "delay_reas": null, "supervisio": "No", "remarks": "Aqueduct", "Photo": null, "Shape_Leng": 6.368734e-05, "id": 0, "contact_id": null, "Contract_1": null, "project__1": null, "Progress__": 0, "X_co_ord": 0.0, "Y_co_ord": 0.0, "layer": null, "path": null }, "geometry": { "type": "MultiLineString", "coordinates": [ [ [ 81.330001373964308, 28.372913833706491 ], [ 81.330063353441062, 28.372899183750405 ] ] ] } },
{ "type": "Feature", "properties": { "fid_1": 106.0, "contract_i": "BIP/WORKS/NCB-09/081/082", "contractor": "P.S. Nirman Sewa, Naubasta-8 Banke", "project_na": "BIP_Bardiya", "chainage_s": null, "chainage_e": null, "contract_a": "110259987.75\n", "start_date": "2081-12-27", "completion": "2083-12-27", "progress_p": "30", "status": "Normal", "delay_reas": null, "supervisio": "No", "remarks": "Aqueduct", "Photo": null, "Shape_Leng": 2.549899e-05, "id": 0, "contact_id": null, "Contract_1": null, "project__1": null, "Progress__": 0, "X_co_ord": 0.0, "Y_co_ord": 0.0, "layer": null, "path": null }, "geometry": { "type": "MultiLineString", "coordinates": [ [ [ 81.329851496549395, 28.379698892090232 ], [ 81.329869527057099, 28.379680861582528 ] ] ] } },
{ "type": "Feature", "properties": { "fid_1": 107.0, "contract_i": "BIP/WORKS/NCB-09/081/082", "contractor": "P.S. Nirman Sewa, Naubasta-8 Banke", "project_na": "BIP_Bardiya", "chainage_s": null, "chainage_e": null, "contract_a": "110259987.75\n", "start_date": "2081-12-27", "completion": "2083-12-27", "progress_p": "30", "status": "Normal", "delay_reas": null, "supervisio": "No", "remarks": "Aqueduct", "Photo": null, "Shape_Leng": 2.071817e-05, "id": 0, "contact_id": null, "Contract_1": null, "project__1": null, "Progress__": 0, "X_co_ord": 0.0, "Y_co_ord": 0.0, "layer": null, "path": null }, "geometry": { "type": "MultiLineString", "coordinates": [ [ [ 81.332562251946456, 28.382472753814568 ], [ 81.332576901902542, 28.382458103858482 ] ] ] } },
{ "type": "Feature", "properties": { "fid_1": 108.0, "contract_i": "BIP/WORKS/NCB-09/081/082", "contractor": "P.S. Nirman Sewa, Naubasta-8 Banke", "project_na": "BIP_Bardiya", "chainage_s": null, "chainage_e": null, "contract_a": "110259987.75\n", "start_date": "2081-12-27", "completion": "2083-12-27", "progress_p": "30", "status": "Normal", "delay_reas": null, "supervisio": "No", "remarks": "Aqueduct", "Photo": null, "Shape_Leng": 3.124026e-05, "id": 0, "contact_id": null, "Contract_1": null, "project__1": null, "Progress__": 0, "X_co_ord": 0.0, "Y_co_ord": 0.0, "layer": null, "path": null }, "geometry": { "type": "MultiLineString", "coordinates": [ [ [ 81.334395153013986, 28.386065870943241 ], [ 81.334419381649184, 28.386046149710069 ] ] ] } },
{ "type": "Feature", "properties": { "fid_1": 109.0, "contract_i": "BIP/WORKS/NCB-09/081/082", "contractor": "P.S. Nirman Sewa, Naubasta-8 Banke", "project_na": "BIP_Bardiya", "chainage_s": null, "chainage_e": null, "contract_a": "110259987.75\n", "start_date": "2081-12-27", "completion": "2083-12-27", "progress_p": "30", "status": "Normal", "delay_reas": null, "supervisio": "No", "remarks": "Aqueduct", "Photo": null, "Shape_Leng": 8.84166e-06, "id": 0, "contact_id": null, "Contract_1": null, "project__1": null, "Progress__": 0, "X_co_ord": 0.0, "Y_co_ord": 0.0, "layer": null, "path": null }, "geometry": { "type": "MultiLineString", "coordinates": [ [ [ 81.333291918687166, 28.385777384618677 ], [ 81.333299525152995, 28.385772877216539 ] ] ] } },
{ "type": "Feature", "properties": { "fid_1": 110.0, "contract_i": "BIP/WORKS/NCB-09/081/082", "contractor": "P.S. Nirman Sewa, Naubasta-8 Banke", "project_na": "BIP_Bardiya", "chainage_s": null, "chainage_e": null, "contract_a": "110259987.75\n", "start_date": "2081-12-27", "completion": "2083-12-27", "progress_p": "30", "status": "Normal", "delay_reas": null, "supervisio": "No", "remarks": "Signa Headworks", "Photo": null, "Shape_Leng": 0.00011831877, "id": 0, "contact_id": null, "Contract_1": null, "project__1": null, "Progress__": 0, "X_co_ord": 0.0, "Y_co_ord": 0.0, "layer": null, "path": null }, "geometry": { "type": "MultiLineString", "coordinates": [ [ [ 81.360558189508879, 28.306947105624488 ], [ 81.360670879057864, 28.306983166639895 ] ] ] } },
{ "type": "Feature", "properties": { "fid_1": 111.0, "contract_i": "BIP/WORKS/NCB-09/081/082", "contractor": "P.S. Nirman Sewa, Naubasta-8 Banke", "project_na": "BIP_Bardiya", "chainage_s": null, "chainage_e": null, "contract_a": "110259987.75\n", "start_date": "2081-12-27", "completion": "2083-12-27", "progress_p": "30", "status": "Normal", "delay_reas": null, "supervisio": "No", "remarks": "Keruniya Headworks", "Photo": null, "Shape_Leng": 5.319124e-05, "id": 0, "contact_id": null, "Contract_1": null, "project__1": null, "Progress__": 0, "X_co_ord": 0.0, "Y_co_ord": 0.0, "layer": null, "path": null }, "geometry": { "type": "MultiLineString", "coordinates": [ [ [ 81.354231989514744, 28.3081465997858 ], [ 81.354274811633331, 28.308178152499806 ] ] ] } },
{ "type": "Feature", "properties": { "fid_1": 112.0, "contract_i": "BIP/WORKS/NCB-10/081/082", "contractor": "IDNS-KLC-KNS J/V, Nepalgunj-02, Banke", "project_na": "BIP_Bardiya", "chainage_s": "0", "chainage_e": "1600", "contract_a": "97291706.12\n", "start_date": "2081-12-26", "completion": "2083-06-28", "progress_p": "92", "status": "Normal", "delay_reas": null, "supervisio": "No", "remarks": "S6 Branch of EMC", "Photo": null, "Shape_Leng": 0.01750933202, "id": 0, "contact_id": null, "Contract_1": null, "project__1": null, "Progress__": 0, "X_co_ord": 0.0, "Y_co_ord": 0.0, "layer": null, "path": null }, "geometry": { "type": "MultiLineString", "coordinates": [ [ [ 81.43413128543051, 28.323007269769732 ], [ 81.433967884910032, 28.323045584486181 ], [ 81.433737997510661, 28.323106437112415 ], [ 81.43367489118333, 28.323098549158772 ], [ 81.433493460155091, 28.322918244981054 ], [ 81.433237654294373, 28.322697372385903 ], [ 81.433149756356215, 28.322638774359973 ], [ 81.43304382791041, 28.322636519759612 ], [ 81.432931137462106, 28.322728925999172 ], [ 81.432813940510982, 28.32276498701458 ], [ 81.432696742660596, 28.3227740018188 ], [ 81.432448824753521, 28.322803300831708 ], [ 81.432282043681425, 28.322832600743993 ], [ 81.432070186789758, 28.322859646055861 ], [ 81.431957497240774, 28.322868661759401 ], [ 81.431851568794912, 28.322811189684728 ], [ 81.431728736691923, 28.322708641790427 ], [ 81.431536037158423, 28.322635392909092 ], [ 81.431457154024486, 28.322468611836996 ], [ 81.43138390514315, 28.322396490705557 ], [ 81.431286992400828, 28.322366064842072 ], [ 81.431102180821028, 28.322290562259695 ], [ 81.430852009212913, 28.322277039154073 ], [ 81.430653674527491, 28.322164349605089 ], [ 81.430588314499175, 28.322067435963447 ], [ 81.430599583903756, 28.321999822234034 ], [ 81.430552254383088, 28.321943477009881 ], [ 81.430453087040405, 28.321972776922166 ], [ 81.430376457607508, 28.321892766937708 ], [ 81.430364062251726, 28.321789092192887 ], [ 81.430277290264769, 28.321742889522795 ], [ 81.430207422834371, 28.321573854749658 ], [ 81.430096986986428, 28.321194089935375 ], [ 81.429788216453062, 28.320732060536216 ], [ 81.429549314249527, 28.320576548868701 ], [ 81.429317173149059, 28.320531473049073 ], [ 81.429105315358072, 28.320538234152252 ], [ 81.428713155188007, 28.32024524042555 ], [ 81.428589196234498, 28.320130297175524 ], [ 81.428453967876351, 28.320064937147208 ], [ 81.428307471013056, 28.319990561415352 ], [ 81.427940102453817, 28.319959007802026 ], [ 81.427658377232376, 28.319724613000517 ], [ 81.427351861299428, 28.319418097067569 ], [ 81.427054359271324, 28.319138625547168 ], [ 81.426788411755865, 28.318944799163205 ], [ 81.426499925431244, 28.318764494985487 ], [ 81.426134810573103, 28.31836782651402 ], [ 81.425949998993303, 28.318210061145464 ], [ 81.42570658848831, 28.31805680317899 ], [ 81.425391056851822, 28.317610550586494 ], [ 81.425120601034962, 28.317295018950006 ], [ 81.424823099906178, 28.317150775787695 ], [ 81.42424838095809, 28.316916380986243 ], [ 81.423720992429935, 28.316650432571464 ], [ 81.423387430285743, 28.316422799772454 ], [ 81.42313500497653, 28.316188404071625 ], [ 81.422932163788403, 28.315967532375794 ], [ 81.422776651221511, 28.315784974497035 ], [ 81.422544510121099, 28.315507757576995 ], [ 81.422287577409804, 28.31516517972932 ], [ 81.421960776368792, 28.314748227948428 ], [ 81.42177145738691, 28.314455234221725 ], [ 81.421597915211692, 28.314292960551711 ], [ 81.421424372137096, 28.314362827982166 ], [ 81.421070526683536, 28.313952637304396 ], [ 81.420887968804777, 28.313727257307107 ] ] ] } },
{ "type": "Feature", "properties": { "fid_1": 114.0, "contract_i": "BIP/WORKS/NCB-10/081/082", "contractor": "IDNS-KLC-KNS J/V, Nepalgunj-02, Banke", "project_na": "BIP_Bardiya", "chainage_s": "1900", "chainage_e": "6100", "contract_a": "97291706.12\n", "start_date": "2081-12-26", "completion": "2083-06-28", "progress_p": "92", "status": "Normal", "delay_reas": null, "supervisio": "No", "remarks": "S-8 Branch Canal, 1300m lining", "Photo": null, "Shape_Leng": 0.03013985553, "id": 0, "contact_id": null, "Contract_1": null, "project__1": null, "Progress__": 0, "X_co_ord": 0.0, "Y_co_ord": 0.0, "layer": null, "path": null }, "geometry": { "type": "MultiLineString", "coordinates": [ [ [ 81.416076809896936, 28.275075544201059 ], [ 81.414572399696567, 28.273443794495563 ], [ 81.410745450742013, 28.269330613816805 ], [ 81.408680971549643, 28.266594502934026 ], [ 81.406375336452697, 28.264144624674714 ], [ 81.405252945666973, 28.262708955054279 ], [ 81.404937414030485, 28.261223702212135 ], [ 81.404259020337577, 28.256372402064756 ], [ 81.404088858713919, 28.254891657524013 ], [ 81.403892778628915, 28.253496556321068 ], [ 81.4036358450183, 28.252410225651431 ], [ 81.402170876384901, 28.249502826294474 ] ] ] } },
{ "type": "Feature", "properties": { "fid_1": 115.0, "contract_i": "BIP/WORKS/NCB-10/081/082", "contractor": "IDNS-KLC-KNS J/V, Nepalgunj-02, Banke", "project_na": "BIP_Bardiya", "chainage_s": "0", "chainage_e": "2600", "contract_a": "97291706.12\n", "start_date": "2081-12-26", "completion": "2083-06-28", "progress_p": "92", "status": "Normal", "delay_reas": null, "supervisio": "No", "remarks": "S7 Branch of EMC", "Photo": null, "Shape_Leng": 0.02647741794, "id": 0, "contact_id": null, "Contract_1": null, "project__1": null, "Progress__": 0, "X_co_ord": 0.0, "Y_co_ord": 0.0, "layer": null, "path": null }, "geometry": { "type": "MultiLineString", "coordinates": [ [ [ 81.416108094612923, 28.302580871010434 ], [ 81.415890603468654, 28.302443388951303 ], [ 81.41550182295083, 28.302143634121478 ], [ 81.415310250267908, 28.302006152062347 ], [ 81.414906820693261, 28.301832609887072 ], [ 81.414609318665157, 28.301717665737726 ], [ 81.414377177564745, 28.301654559410451 ], [ 81.414122498554548, 28.301794295170623 ], [ 81.413843027933467, 28.301938538332934 ], [ 81.413518480593439, 28.302127857314815 ], [ 81.413297608897608, 28.302199978446311 ], [ 81.413193934152787, 28.30215715632778 ], [ 81.412574139385072, 28.302121096211692 ], [ 81.412456942434005, 28.302051227881918 ], [ 81.412380313001108, 28.302024182569994 ], [ 81.412282272508946, 28.30201404091531 ], [ 81.412231562436716, 28.301944172585536 ], [ 81.412234942988277, 28.301834863588113 ], [ 81.412282272508946, 28.301753726753134 ], [ 81.412248466093899, 28.301657940861332 ], [ 81.412127887691895, 28.301404387802279 ], [ 81.412025339797651, 28.30137283508833 ], [ 81.411758264532352, 28.301215068820397 ], [ 81.41160162601426, 28.301058430302362 ], [ 81.411492316117574, 28.301040399794658 ], [ 81.411434844942221, 28.301078714511107 ], [ 81.411193688138269, 28.300772197678839 ], [ 81.410503462964527, 28.299692065136753 ], [ 81.410084256583218, 28.29930441236877 ], [ 81.409854369183847, 28.299326950278555 ], [ 81.409378817578443, 28.299572613585326 ], [ 81.409004687016761, 28.29981546021537 ], [ 81.408970879702395, 28.29977263809684 ], [ 81.408894251168817, 28.299770384395799 ], [ 81.408828891140445, 28.29963064953489 ], [ 81.408777053318431, 28.299478517519617 ], [ 81.408548292769581, 28.29894662158938 ], [ 81.4082688221485, 28.298608552043106 ], [ 81.408185431612424, 28.298403456254562 ], [ 81.408147116895975, 28.298285131553655 ], [ 81.408151624298057, 28.298149904094828 ], [ 81.4079814626744, 28.298151030945348 ], [ 81.407911595244002, 28.298013548886217 ], [ 81.407550987787886, 28.297372343958557 ], [ 81.40735039940148, 28.297070334528371 ], [ 81.407100227793308, 28.296709727072312 ], [ 81.406676514009973, 28.296220653260605 ], [ 81.406324921358078, 28.295823984789138 ], [ 81.406243784523099, 28.295436331121834 ], [ 81.405856131755115, 28.294782729939072 ], [ 81.405666812773234, 28.294489736212427 ], [ 81.405468478087869, 28.294111098248663 ], [ 81.405360295940966, 28.29390825616116 ], [ 81.405125901139456, 28.293960093983173 ], [ 81.405004195886988, 28.293800074014257 ], [ 81.404908972970759, 28.293700343695946 ], [ 81.404435675066395, 28.293936992198496 ], [ 81.404084082414556, 28.293982068018067 ], [ 81.403633323319298, 28.29390543948449 ], [ 81.40267771270635, 28.294324645865743 ], [ 81.40235767366778, 28.294342675474127 ], [ 81.402231461013173, 28.294094758466372 ], [ 81.402105248358566, 28.293977560615986 ], [ 81.402281044234883, 28.29381979434811 ], [ 81.40199706621172, 28.293576384742437 ], [ 81.401677026273774, 28.293405096268202 ], [ 81.401460661980025, 28.293179716270913 ], [ 81.401253312490439, 28.29303547310866 ], [ 81.401086531418343, 28.29294532146946 ], [ 81.400284179671189, 28.293179716270913 ], [ 81.39988300379764, 28.293371288953892 ], [ 81.399754537441993, 28.293175208868831 ], [ 81.399673400607014, 28.29285066152886 ], [ 81.399605785978281, 28.2923953941322 ], [ 81.399585502668856, 28.29206746713993 ], [ 81.399571979563291, 28.291787995619529 ], [ 81.399639593292648, 28.291215531271803 ], [ 81.39946830481847, 28.290994659575915 ], [ 81.399324061656159, 28.290954091158426 ], [ 81.39933307646038, 28.290561930089041 ], [ 81.399306031148456, 28.290336550091752 ], [ 81.399297016344292, 28.290201322632981 ] ] ] } },
{ "type": "Feature", "properties": { "fid_1": 116.0, "contract_i": "BIP/NCB/P109/078/79", "contractor": "Kasthamandap-Jay Ma-Sushan JV, Ghorahi dang", "project_na": "BIP_Bardiya", "chainage_s": "0", "chainage_e": "1500", "contract_a": "51010.61425", "start_date": "2078-10-21", "completion": "2082-12-30", "progress_p": "67", "status": "Delayed", "delay_reas": "Low Bidding/Slow Working by Contractor/Diesel Price Hike", "supervisio": "No", "remarks": "Dhodary 1 outlet lining", "Photo": null, "Shape_Leng": 0.01043813147, "id": 0, "contact_id": null, "Contract_1": null, "project__1": null, "Progress__": 0, "X_co_ord": 0.0, "Y_co_ord": 0.0, "layer": null, "path": null }, "geometry": { "type": "MultiLineString", "coordinates": [ [ [ 81.276340181853982, 28.35138961363981 ], [ 81.276144101768921, 28.351491034683534 ], [ 81.275986336400365, 28.351547379907686 ], [ 81.275891676459764, 28.351577805771171 ], [ 81.275858996895238, 28.351509065191237 ], [ 81.275851108042275, 28.351403136745432 ], [ 81.275838148811602, 28.351269599112754 ], [ 81.275823498855459, 28.351221142741622 ], [ 81.275798144269004, 28.351167615093402 ], [ 81.275739545343811, 28.351166488242882 ], [ 81.275694469524183, 28.350986184065221 ], [ 81.275713626882407, 28.350690936637477 ], [ 81.275689961222781, 28.350462176088627 ], [ 81.275667423312996, 28.35038554665573 ], [ 81.275584032776976, 28.350135375047557 ], [ 81.275514165346522, 28.349997893887746 ], [ 81.275586286478017, 28.349984370782124 ], [ 81.275496134838818, 28.349844635921272 ], [ 81.275302308454854, 28.349680108550217 ], [ 81.274977761114826, 28.349477266462713 ], [ 81.274977761114826, 28.349477266462713 ], [ 81.27471857470249, 28.349254140166465 ], [ 81.274579965792839, 28.349117785857175 ], [ 81.274495448406299, 28.348830426383131 ], [ 81.274377124604655, 28.348536305805908 ], [ 81.274317398828941, 28.348399950597297 ], [ 81.274245276798126, 28.348265849989048 ], [ 81.27416977511507, 28.348041596842279 ], [ 81.274099906785352, 28.347839882504616 ], [ 81.274030039354898, 28.347643801520292 ], [ 81.273943831242889, 28.347449975136271 ], [ 81.273871710111393, 28.347307985675059 ], [ 81.273826634291822, 28.347096128783392 ], [ 81.273801842680939, 28.347012738247315 ], [ 81.273722959547001, 28.346841449773137 ], [ 81.273599000593435, 28.346665653896878 ], [ 81.273384890000727, 28.346469572912497 ], [ 81.273238393137376, 28.346259969721871 ], [ 81.272949906812812, 28.345969229696266 ], [ 81.272697481503599, 28.345770895910164 ], [ 81.27243942194184, 28.345593972284064 ], [ 81.272218549346633, 28.345312247961942 ], [ 81.272013453558088, 28.345098137369177 ], [ 81.271774551354497, 28.344836696356481 ], [ 81.271497334434514, 28.34460680895711 ], [ 81.271301253450133, 28.344469327797299 ], [ 81.271168279692404, 28.344327338336029 ], [ 81.271116441870333, 28.344415236274187 ], [ 81.270967691305941, 28.344381428959821 ], [ 81.27083922495035, 28.344266485709795 ], [ 81.270663429074034, 28.344158303562892 ], [ 81.270546231223648, 28.344045613114588 ] ] ] } },
{ "type": "Feature", "properties": { "fid_1": 1.0, "contract_i": "BIP/NCB/P114/078/79", "contractor": "Babul-Tirupate-Shree Krishna JV, Kohalpur Banke", "project_na": "BIP Bardiya", "chainage_s": "0+000", "chainage_e": "0+500", "contract_a": "5,76,89,192.45 \n", "start_date": "2079-10-26", "completion": "2083-02-31", "progress_p": "52.43", "status": "Normal", "delay_reas": null, "supervisio": null, "remarks": null, "Photo": null, "Shape_Leng": 0.00211101354, "id": 0, "contact_id": null, "Contract_1": null, "project__1": null, "Progress__": 0, "X_co_ord": 0.0, "Y_co_ord": 0.0, "layer": null, "path": null }, "geometry": { "type": "MultiLineString", "coordinates": [ [ [ 81.436058149464088, 28.329329108951242 ], [ 81.436139989568915, 28.328823626109511 ], [ 81.436245900927645, 28.328294072013875 ], [ 81.436351811387055, 28.328010038232719 ], [ 81.43621220153193, 28.327759703847278 ], [ 81.436058149464088, 28.327446785640689 ], [ 81.435985937501073, 28.327350502423826 ] ] ] } },
{ "type": "Feature", "properties": { "fid_1": 2.0, "contract_i": "BIP/NCB/P113/078/79", "contractor": "ANK-Jayadevi JV, Nepalgunj Banke", "project_na": "BIP Bardiya", "chainage_s": "0+000", "chainage_e": "0+520", "contract_a": "5,19,96,670.61", "start_date": "2078-10-18", "completion": "2082-12-30", "progress_p": "36.23", "status": "Stressed", "delay_reas": "Contractors issue,", "supervisio": null, "remarks": "Highly stressed", "Photo": null, "Shape_Leng": 0.00453422123, "id": 0, "contact_id": null, "Contract_1": null, "project__1": null, "Progress__": 0, "X_co_ord": 0.0, "Y_co_ord": 0.0, "layer": null, "path": null }, "geometry": { "type": "MultiLineString", "coordinates": [ [ [ 81.410533646011004, 28.292168859405365 ], [ 81.410235170017131, 28.292072577087822 ], [ 81.409980021560784, 28.291923339090886 ], [ 81.409676731496006, 28.29174521576914 ], [ 81.409132734288335, 28.291518951738283 ], [ 81.408593552050831, 28.291186777248015 ], [ 81.408218050922358, 28.291018282967457 ], [ 81.407914760857579, 28.291268617352841 ], [ 81.407621098934612, 28.291552651133998 ], [ 81.407515187575882, 28.29178372923576 ], [ 81.407529630687975, 28.291884825624265 ], [ 81.407688496826722, 28.292053319904824 ], [ 81.407751079748607, 28.292168859405365 ], [ 81.407722195323117, 28.292380681223506 ], [ 81.407669239643724, 28.292578059929554 ] ] ] } },
{ "type": "Feature", "properties": { "fid_1": 3.0, "contract_i": "BIP/NCB/P113/078/79", "contractor": "ANK-Jayadevi JV, Nepalgunj Banke", "project_na": "BIP,bardiya", "chainage_s": "0+000", "chainage_e": "0+695", "contract_a": "5,19,96,670.61", "start_date": "2078-10-18", "completion": "2082-12-30", "progress_p": "36.23", "status": "Normal", "delay_reas": "Contractors issue,", "supervisio": null, "remarks": "Highly stressed", "Photo": null, "Shape_Leng": 0.00676864879, "id": 0, "contact_id": null, "Contract_1": null, "project__1": null, "Progress__": 0, "X_co_ord": 0.0, "Y_co_ord": 0.0, "layer": null, "path": null }, "geometry": { "type": "MultiLineString", "coordinates": [ [ [ 81.394278744468522, 28.314363792055417 ], [ 81.394139134613454, 28.314142342095465 ], [ 81.393932126866218, 28.313949777460323 ], [ 81.393705862835361, 28.313540576036814 ], [ 81.393575882021423, 28.313348011401672 ], [ 81.393892411005993, 28.3129532530902 ], [ 81.394183665443848, 28.312580157648199 ], [ 81.394665077931052, 28.31184841077561 ], [ 81.394910598245588, 28.311453652464138 ], [ 81.395011695533356, 28.311338112963597 ], [ 81.395016509604318, 28.311119070488758 ], [ 81.395172968257953, 28.3108928064579 ], [ 81.395346277508736, 28.310683392124872 ], [ 81.395357108943472, 28.310637658001554 ], [ 81.395352294872566, 28.310584702322217 ], [ 81.395314985598191, 28.31052572927905 ], [ 81.395194632026687, 28.310411393970696 ], [ 81.395081500011258, 28.310266970044665 ], [ 81.395021323675223, 28.310218828436234 ], [ 81.395047801514863, 28.310146616473219 ], [ 81.395185003884876, 28.310086440137127 ], [ 81.395659195715382, 28.309845733893553 ], [ 81.39592397231354, 28.309715752180296 ], [ 81.395986556134687, 28.309657982429997 ], [ 81.395976927992876, 28.309571328254265 ], [ 81.39596248578016, 28.309475045936665 ], [ 81.395885459746239, 28.309359506436124 ], [ 81.395803619641413, 28.309296923514239 ], [ 81.395909530100766, 28.309234339693091 ] ] ] } },
{ "type": "Feature", "properties": { "fid_1": 4.0, "contract_i": "BIP/NCB/P113/078/79", "contractor": "ANK-Jayadevi JV, Nepalgunj Banke", "project_na": "BIP,bardiya", "chainage_s": "0+000", "chainage_e": "0+150", "contract_a": "5,19,96,670.61", "start_date": "2078-10-18", "completion": "2082-12-30", "progress_p": "36.23", "status": "Stressed", "delay_reas": "Contractors issue,", "supervisio": null, "remarks": "Highly stressed", "Photo": null, "Shape_Leng": 0.00054978644, "id": 0, "contact_id": null, "Contract_1": null, "project__1": null, "Progress__": 0, "X_co_ord": 0.0, "Y_co_ord": 0.0, "layer": null, "path": null }, "geometry": { "type": "MultiLineString", "coordinates": [ [ [ 81.433982057326148, 28.323587660742021 ], [ 81.434367187495752, 28.323195309016342 ] ] ] } },
{ "type": "Feature", "properties": { "fid_1": 5.0, "contract_i": "BIP/NCB-12/077/78", "contractor": "Aman Construction Company, Gulariya, Bardiya", "project_na": "BIP,bardiya", "chainage_s": "0+000", "chainage_e": "0+320", "contract_a": "27,29,637.36", "start_date": "2078-03-20", "completion": "2079-11-29", "progress_p": "0", "status": "Stressed", "delay_reas": "Contractors issue,", "supervisio": null, "remarks": "Highly Stressed , on process of Contract Termination", "Photo": null, "Shape_Leng": 0.00396221993, "id": 0, "contact_id": null, "Contract_1": null, "project__1": null, "Progress__": 0, "X_co_ord": 0.0, "Y_co_ord": 0.0, "layer": null, "path": null }, "geometry": { "type": "MultiLineString", "coordinates": [ [ [ 81.461587467887398, 28.252241088355618 ], [ 81.461688564275903, 28.252229052728637 ], [ 81.461796882220369, 28.252177301241488 ], [ 81.461882333103233, 28.252153229987641 ], [ 81.462007499846322, 28.25213156621885 ], [ 81.462109800427015, 28.252133973703963 ], [ 81.462159145328371, 28.252056947670042 ], [ 81.462224135735312, 28.252025655759439 ], [ 81.462303569254402, 28.252044912043118 ], [ 81.462364948883362, 28.252083425509738 ], [ 81.462444382402396, 28.252094256944474 ], [ 81.462680274575064, 28.252079814731701 ], [ 81.462930608960505, 28.252888588537587 ], [ 81.462670646433253, 28.2520413021644 ], [ 81.462930608960505, 28.251964276130479 ], [ 81.462689902716875, 28.251752454312395 ], [ 81.462583992257521, 28.251646542953665 ], [ 81.462352914155701, 28.251434722034844 ] ] ] } },
{ "type": "Feature", "properties": { "fid_1": 6.0, "contract_i": "BIP/WORKS/NCB-13/081/082", "contractor": "Oli Builders, Naubasta-08 Banke", "project_na": "BIP,bardiya", "chainage_s": "4+496.5", "chainage_e": "5+790.97", "contract_a": "82,306,179.70\n", "start_date": "2082-12-25", "completion": "2083-06-25", "progress_p": "91.98", "status": "Normal", "delay_reas": null, "supervisio": null, "remarks": null, "Photo": null, "Shape_Leng": 0.01331302749, "id": 0, "contact_id": null, "Contract_1": null, "project__1": null, "Progress__": 0, "X_co_ord": 0.0, "Y_co_ord": 0.0, "layer": null, "path": null }, "geometry": { "type": "MultiLineString", "coordinates": [ [ [ 81.491456721150826, 28.163326561071983 ], [ 81.491264156515683, 28.163044934775996 ], [ 81.490703310509446, 28.162151913380171 ], [ 81.490395206373705, 28.161631988325666 ], [ 81.49013524294719, 28.161056700106656 ], [ 81.490002854648083, 28.160695640291635 ], [ 81.489807882527828, 28.160012034128101 ], [ 81.489596060709687, 28.159289915397324 ], [ 81.489336098182434, 28.158197107810338 ], [ 81.488204778028148, 28.158664078084769 ], [ 81.48741526140526, 28.158952925936831 ], [ 81.487399615000299, 28.158848218770345 ], [ 81.487072254580937, 28.158954129229755 ], [ 81.486528258272585, 28.159286304619286 ], [ 81.48622496820775, 28.159517382721106 ], [ 81.486114243677434, 28.159579966542253 ], [ 81.486003518247799, 28.159478869254485 ], [ 81.485904828445143, 28.159312782458983 ], [ 81.485613574007289, 28.159004678323299 ], [ 81.485189931270384, 28.158735086754916 ], [ 81.485141789661895, 28.158609919112507 ], [ 81.485035879202542, 28.158388470051875 ], [ 81.4848818271347, 28.158224788942903 ], [ 81.484727775066801, 28.158330700301633 ], [ 81.48461223556626, 28.158388470051875 ], [ 81.484487067923908, 28.158272930551334 ], [ 81.484000841365798, 28.158804892132139 ], [ 81.483478508826181, 28.159442763272978 ], [ 81.483379819023469, 28.159548674631708 ] ] ] } },
{ "type": "Feature", "properties": { "fid_1": 7.0, "contract_i": "BIP/WORKS/NCB-13/081/082", "contractor": "Oli Builders, Naubasta-08 Banke", "project_na": "BIP,bardiya", "chainage_s": "0+330", "chainage_e": "0+990", "contract_a": "82,306,179.70\n", "start_date": "2082-12-25", "completion": "2083-06-25", "progress_p": "91.98", "status": "Normal", "delay_reas": null, "supervisio": null, "remarks": null, "Photo": null, "Shape_Leng": 0.00661471532, "id": 0, "contact_id": null, "Contract_1": null, "project__1": null, "Progress__": 0, "X_co_ord": 0.0, "Y_co_ord": 0.0, "layer": null, "path": null }, "geometry": { "type": "MultiLineString", "coordinates": [ [ [ 81.47409160204586, 28.240965340877835 ], [ 81.473353048204672, 28.242200022812881 ], [ 81.473082432308445, 28.242662324706544 ], [ 81.472645501188993, 28.243462894896709 ], [ 81.472569390664887, 28.243437524122498 ], [ 81.47223675931906, 28.244021039339543 ], [ 81.471971782172091, 28.24430293003627 ], [ 81.471785734024479, 28.244432599684785 ], [ 81.47154894522771, 28.244584820732939 ], [ 81.471453102678595, 28.244731403931212 ], [ 81.47152075687751, 28.245013295527201 ], [ 81.47159404802693, 28.245306461923747 ], [ 81.471555993214565, 28.245358611810559 ], [ 81.471499614715526, 28.24539243890996 ], [ 81.471183896919342, 28.245537612870578 ], [ 81.470504539153239, 28.245887157766163 ], [ 81.470459437253282, 28.245943535365939 ] ] ] } },
{ "type": "Feature", "properties": { "fid_1": 8.0, "contract_i": "BIP/WORKS/NCB-13/081/082", "contractor": "Oli Builders, Naubasta-08 Banke", "project_na": "BIP,bardiya", "chainage_s": "8+500", "chainage_e": "10+848", "contract_a": "82,306,179.70\n", "start_date": "2082-12-25", "completion": "2083-06-25", "progress_p": "91.98", "status": "Normal", "delay_reas": null, "supervisio": null, "remarks": null, "Photo": null, "Shape_Leng": 0.0192884444, "id": 0, "contact_id": null, "Contract_1": null, "project__1": null, "Progress__": 0, "X_co_ord": 0.0, "Y_co_ord": 0.0, "layer": null, "path": null }, "geometry": { "type": "MultiLineString", "coordinates": [ [ [ 81.471121847295478, 28.189834951621776 ], [ 81.470017807176134, 28.187074852222679 ], [ 81.46940159890471, 28.185354603831968 ], [ 81.468265464679519, 28.182279980936414 ], [ 81.467751958086467, 28.181073240038074 ], [ 81.467418178306332, 28.177607068511463 ], [ 81.466840482602265, 28.172626051051452 ], [ 81.466628661683444, 28.171239582440819 ] ] ] } },
{ "type": "Feature", "properties": { "fid_1": 9.0, "contract_i": "BIP/WORKS/NCB-14/081/082", "contractor": "Bayan-N.S.T. JV,Nepalganj Banke", "project_na": "BIP,bardiya", "chainage_s": "5+270", "chainage_e": "10+094", "contract_a": "13,63,07,127.10", "start_date": "2081-12-26", "completion": "2083-12-25", "progress_p": "83.98", "status": "Normal", "delay_reas": null, "supervisio": null, "remarks": null, "Photo": null, "Shape_Leng": 0.04763071689, "id": 0, "contact_id": null, "Contract_1": null, "project__1": null, "Progress__": 0, "X_co_ord": 0.0, "Y_co_ord": 0.0, "layer": null, "path": null }, "geometry": { "type": "MultiLineString", "coordinates": [ [ [ 81.449676513960014, 28.23391631258778 ], [ 81.446980602772669, 28.230629867874143 ], [ 81.441768507210895, 28.228832593449454 ], [ 81.437455049311154, 28.226855592211848 ], [ 81.4364793856152, 28.226213708296029 ], [ 81.428211924340872, 28.227138020703137 ], [ 81.427107884221527, 28.22652181243177 ], [ 81.423872790796736, 28.22392860292274 ], [ 81.41935392954025, 28.222593484701633 ], [ 81.417120174556487, 28.221463769837158 ], [ 81.415297224487404, 28.220693508598572 ], [ 81.413872243309413, 28.21929420306509 ], [ 81.411972267206409, 28.217432740428706 ], [ 81.409648648366499, 28.215353036613408 ], [ 81.40851251504057, 28.214820273736677 ] ] ] } },
{ "type": "Feature", "properties": { "fid_1": 10.0, "contract_i": "BIP/WORKS/NCB-15/081/082", "contractor": "Aman International Tradelink Pvt Ltd", "project_na": "BIp Bardiya", "chainage_s": "0+000", "chainage_e": "0+450", "contract_a": "72,278,843.32\n", "start_date": "2082-01-02", "completion": "2083-03-25", "progress_p": "61.33", "status": "Normal", "delay_reas": null, "supervisio": null, "remarks": null, "Photo": null, "Shape_Leng": 0.00430798523, "id": 0, "contact_id": null, "Contract_1": null, "project__1": null, "Progress__": 0, "X_co_ord": 0.0, "Y_co_ord": 0.0, "layer": null, "path": null }, "geometry": { "type": "MultiLineString", "coordinates": [ [ [ 81.365971674753041, 28.189042225318474 ], [ 81.366697003164234, 28.189427355488135 ], [ 81.367608478648435, 28.189857417585813 ], [ 81.36839157680987, 28.190306736866489 ], [ 81.368905083402922, 28.190486463679406 ], [ 81.369322307678431, 28.1906084216414 ], [ 81.369848652093651, 28.190325993150111 ] ] ] } },
{ "type": "Feature", "properties": { "fid_1": 11.0, "contract_i": "BIP/NCB/P117/078/79", "contractor": "Amar-Bardiya Black Buck-Jaybageshwori JV  Gulariya, Bardiya", "project_na": "BIp Bardiya", "chainage_s": "0+000", "chainage_e": "0+412", "contract_a": "5,32,28,098.73\n", "start_date": "2079-12-29", "completion": "2082-12-30", "progress_p": "96.47", "status": "Normal", "delay_reas": null, "supervisio": null, "remarks": null, "Photo": null, "Shape_Leng": 0.00535456554, "id": 0, "contact_id": null, "Contract_1": null, "project__1": null, "Progress__": 0, "X_co_ord": 0.0, "Y_co_ord": 0.0, "layer": null, "path": null }, "geometry": { "type": "MultiLineString", "coordinates": [ [ [ 81.477149134225215, 28.242206239826146 ], [ 81.47524915902153, 28.241397466919636 ], [ 81.474055255046039, 28.240922472893885 ], [ 81.475184970809835, 28.239266412714812 ] ] ] } },
{ "type": "Feature", "properties": { "fid_1": 12.0, "contract_i": "BIP/NCB/P117/078/79", "contractor": "Amar-Bardiya Black Buck-Jaybageshwori JV  Gulariya, Bardiya", "project_na": "BIp Bardiya", "chainage_s": "0+000", "chainage_e": "0+512", "contract_a": "5,32,28,098.73\n", "start_date": "2079-12-29", "completion": "2082-12-30", "progress_p": "96.47", "status": "Normal", "delay_reas": null, "supervisio": null, "remarks": null, "Photo": null, "Shape_Leng": 0.00630854878, "id": 0, "contact_id": null, "Contract_1": null, "project__1": null, "Progress__": 0, "X_co_ord": 0.0, "Y_co_ord": 0.0, "layer": null, "path": null }, "geometry": { "type": "MultiLineString", "coordinates": [ [ [ 81.466034918476737, 28.24210353814783 ], [ 81.466323766328799, 28.242296103682293 ], [ 81.466670383931103, 28.242308941504518 ], [ 81.466895042672149, 28.242039349936078 ], [ 81.467273754380301, 28.241872460046068 ], [ 81.467787260973353, 28.2416670575887 ], [ 81.467986244969268, 28.241448817309106 ], [ 81.468339281033025, 28.241217739207343 ], [ 81.468666642351707, 28.241070105600954 ], [ 81.469026096876917, 28.240922472893885 ], [ 81.469231499334285, 28.240640043503277 ], [ 81.469494671541895, 28.240627205681051 ], [ 81.469507509364121, 28.240428222584455 ], [ 81.469674399254188, 28.240177887299694 ], [ 81.469745006826656, 28.239940390736479 ], [ 81.46996324710625, 28.239728568918395 ], [ 81.469911895817404, 28.239439721066333 ], [ 81.469969665567646, 28.239163711036497 ], [ 81.469943990822571, 28.238772162405439 ], [ 81.469873383250103, 28.238586016231693 ] ] ] } },
{ "type": "Feature", "properties": { "fid_1": 13.0, "contract_i": "BIP/NCB/P117/078/79", "contractor": "Amar-Bardiya Black Buck-Jaybageshwori JV  Gulariya, Bardiya", "project_na": "BIp Bardiya", "chainage_s": "0+000", "chainage_e": "0+641", "contract_a": "5,32,28,098.73\n", "start_date": "2079-12-29", "completion": "2082-12-30", "progress_p": "96.47", "status": "Normal", "delay_reas": null, "supervisio": null, "remarks": null, "Photo": null, "Shape_Leng": 0.01287783859, "id": 0, "contact_id": null, "Contract_1": null, "project__1": null, "Progress__": 0, "X_co_ord": 0.0, "Y_co_ord": 0.0, "layer": null, "path": null }, "geometry": { "type": "MultiLineString", "coordinates": [ [ [ 81.437615519840449, 28.226274687726686 ], [ 81.436980055285403, 28.225895976018535 ], [ 81.436556411649121, 28.225587871882851 ], [ 81.43559358667477, 28.224958825789201 ], [ 81.435246969072409, 28.224528763691524 ], [ 81.43509933546602, 28.224592951903276 ], [ 81.434816906974731, 28.223732827707863 ], [ 81.434508802839048, 28.22230784652993 ], [ 81.433639050501824, 28.219631191626263 ], [ 81.431790425687666, 28.217012306472839 ], [ 81.430917463670085, 28.215959616742964 ] ] ] } },
{ "type": "Feature", "properties": { "fid_1": 14.0, "contract_i": "BIP/NCB/P117/078/79", "contractor": "Amar-Bardiya Black Buck-Jaybageshwori JV  Gulariya, Bardiya", "project_na": "BIp Bardiya", "chainage_s": "0+000", "chainage_e": "0+756", "contract_a": "5,32,28,098.73\n", "start_date": "2079-12-29", "completion": "2082-12-30", "progress_p": "96.47", "status": "Normal", "delay_reas": null, "supervisio": null, "remarks": null, "Photo": null, "Shape_Leng": 0.01125803437, "id": 0, "contact_id": null, "Contract_1": null, "project__1": null, "Progress__": 0, "X_co_ord": 0.0, "Y_co_ord": 0.0, "layer": null, "path": null }, "geometry": { "type": "MultiLineString", "coordinates": [ [ [ 81.449769586597199, 28.23394519701327 ], [ 81.45113679892421, 28.233020884606162 ], [ 81.452301817574892, 28.2322442058055 ], [ 81.452499197180259, 28.232210506409785 ], [ 81.452698181176174, 28.232160760410807 ], [ 81.45270299524708, 28.232112619701695 ], [ 81.453442765870989, 28.23213829444677 ], [ 81.454418429566942, 28.231952148273081 ], [ 81.455057103802346, 28.231762792418976 ], [ 81.455191899586566, 28.231605531570096 ], [ 81.455259296579356, 28.231550971500212 ], [ 81.455400511724292, 28.231611950031493 ], [ 81.455650846109734, 28.231525295855761 ], [ 81.456912147077958, 28.23079675776421 ], [ 81.45697633618903, 28.230645915376726 ], [ 81.456963498366804, 28.230501491450696 ], [ 81.45698596433084, 28.230440512020039 ], [ 81.457650313311376, 28.22988207349897 ], [ 81.458430202691773, 28.229371775686957 ], [ 81.459033573140971, 28.229076509373442 ], [ 81.459360933560276, 28.228986645517352 ] ] ] } },
{ "type": "Feature", "properties": { "fid_1": 1.0, "contract_i": "BIP/NCB/P94/077/78", "contractor": "Amar-Sisne JV, Nepalgunj-2 Banke", "project_na": "Babai IP", "chainage_s": null, "chainage_e": null, "contract_a": "34562844\n", "start_date": "2078-03-22", "completion": "2083-03-15", "progress_p": "73.75", "status": "Delayed", "delay_reas": "Contractor Reason", "supervisio": null, "remarks": null, "Photo": null, "Shape_Leng": 0.01101503672, "id": 0, "contact_id": null, "Contract_1": null, "project__1": null, "Progress__": 0, "X_co_ord": 0.0, "Y_co_ord": 0.0, "layer": null, "path": null }, "geometry": { "type": "MultiLineString", "coordinates": [ [ [ 81.310445943425634, 28.363993255084722 ], [ 81.307732561108878, 28.362107123145279 ], [ 81.30698803486996, 28.361503229290633 ], [ 81.305962243862496, 28.360518800802083 ], [ 81.305639615675773, 28.360080357922243 ], [ 81.305399713426084, 28.359567462868142 ], [ 81.30543280308143, 28.359079384605991 ], [ 81.30575543126821, 28.358086683253873 ], [ 81.306044968900267, 28.357457972607392 ], [ 81.306524774298964, 28.355522205285581 ] ] ] } },
{ "type": "Feature", "properties": { "fid_1": 2.0, "contract_i": "BIP/WORKS/NCB-11/081/082", "contractor": "Bayan-Premraaj JV, Nepalgunj-02, Banke", "project_na": "Babai IP", "chainage_s": null, "chainage_e": null, "contract_a": "135576000\n", "start_date": "2081-12-28", "completion": "2083-06-21", "progress_p": "69.48", "status": "Normal", "delay_reas": null, "supervisio": null, "remarks": null, "Photo": null, "Shape_Leng": 0.00016347687, "id": 0, "contact_id": null, "Contract_1": null, "project__1": null, "Progress__": 0, "X_co_ord": 0.0, "Y_co_ord": 0.0, "layer": null, "path": null }, "geometry": { "type": "MultiLineString", "coordinates": [ [ [ 81.389777901129264, 28.314652996938321 ], [ 81.389926205629934, 28.314584218586845 ] ] ] } },
{ "type": "Feature", "properties": { "fid_1": 3.0, "contract_i": "BIP/WORKS/NCB-11/081/082", "contractor": "Bayan-Premraaj JV, Nepalgunj-02, Banke", "project_na": "Babai IP", "chainage_s": null, "chainage_e": null, "contract_a": "135576000\n", "start_date": "2081-12-28", "completion": "2083-06-21", "progress_p": "69.48", "status": "Normal", "delay_reas": null, "supervisio": null, "remarks": null, "Photo": null, "Shape_Leng": 0.00017015139, "id": 0, "contact_id": null, "Contract_1": null, "project__1": null, "Progress__": 0, "X_co_ord": 0.0, "Y_co_ord": 0.0, "layer": null, "path": null }, "geometry": { "type": "MultiLineString", "coordinates": [ [ [ 81.367291802174975, 28.287037372776581 ], [ 81.367218648621815, 28.28688374968533 ] ] ] } },
{ "type": "Feature", "properties": { "fid_1": 4.0, "contract_i": "BIP/WORKS/NCB-11/081/082", "contractor": "Bayan-Premraaj JV, Nepalgunj-02, Banke", "project_na": "Babai IP", "chainage_s": null, "chainage_e": null, "contract_a": "135576000\n", "start_date": "2081-12-28", "completion": "2083-06-21", "progress_p": "69.48", "status": "Normal", "delay_reas": null, "supervisio": null, "remarks": null, "Photo": null, "Shape_Leng": 0.00024035018, "id": 0, "contact_id": null, "Contract_1": null, "project__1": null, "Progress__": 0, "X_co_ord": 0.0, "Y_co_ord": 0.0, "layer": null, "path": null }, "geometry": { "type": "MultiLineString", "coordinates": [ [ [ 81.415380231912252, 28.350890000673019 ], [ 81.415272744041943, 28.350675024932514 ] ] ] } },
{ "type": "Feature", "properties": { "fid_1": 5.0, "contract_i": "BIP/WORKS/NCB-11/081/082", "contractor": "Bayan-Premraaj JV, Nepalgunj-02, Banke", "project_na": "Babai IP", "chainage_s": null, "chainage_e": null, "contract_a": "135576000\n", "start_date": "2081-12-28", "completion": "2083-06-21", "progress_p": "69.48", "status": "Normal", "delay_reas": null, "supervisio": null, "remarks": null, "Photo": null, "Shape_Leng": 0.00031688639, "id": 0, "contact_id": null, "Contract_1": null, "project__1": null, "Progress__": 0, "X_co_ord": 0.0, "Y_co_ord": 0.0, "layer": null, "path": null }, "geometry": { "type": "MultiLineString", "coordinates": [ [ [ 81.405128599105637, 28.342969505038695 ], [ 81.405296548397075, 28.342700785812667 ] ] ] } },
{ "type": "Feature", "properties": { "fid_1": 7.0, "contract_i": "BIP/WORKS/NCB-11/081/082", "contractor": "Bayan-Premraaj JV, Nepalgunj-02, Banke", "project_na": "Babai IP", "chainage_s": null, "chainage_e": null, "contract_a": "135576000\n", "start_date": "2081-12-28", "completion": "2083-06-21", "progress_p": "69.48", "status": "Normal", "delay_reas": null, "supervisio": null, "remarks": null, "Photo": null, "Shape_Leng": 0.00937697227, "id": 0, "contact_id": null, "Contract_1": null, "project__1": null, "Progress__": 0, "X_co_ord": 0.0, "Y_co_ord": 0.0, "layer": null, "path": null }, "geometry": { "type": "MultiLineString", "coordinates": [ [ [ 81.401164991870928, 28.320311447615268 ], [ 81.40017073199374, 28.319478418194478 ], [ 81.399592985927598, 28.318551337674137 ], [ 81.399243650574078, 28.317973591607995 ], [ 81.398088158441794, 28.317879540508443 ], [ 81.3972282572783, 28.317248050057515 ], [ 81.396019021660607, 28.315756659342412 ], [ 81.394930709784489, 28.315084861277398 ], [ 81.394205168234009, 28.314574295467423 ] ] ] } },
{ "type": "Feature", "properties": { "fid_1": 8.0, "contract_i": "BIP/WORKS/NCB-11/081/082", "contractor": "Bayan-Premraaj JV, Nepalgunj-02, Banke", "project_na": "Babai IP", "chainage_s": null, "chainage_e": null, "contract_a": "135576000\n", "start_date": "2081-12-28", "completion": "2083-06-21", "progress_p": "69.48", "status": "Normal", "delay_reas": null, "supervisio": null, "remarks": null, "Photo": null, "Shape_Leng": 0.00431824506, "id": 0, "contact_id": null, "Contract_1": null, "project__1": null, "Progress__": 0, "X_co_ord": 0.0, "Y_co_ord": 0.0, "layer": null, "path": null }, "geometry": { "type": "MultiLineString", "coordinates": [ [ [ 81.400849247095152, 28.316515790571316 ], [ 81.400399142706306, 28.316408302701063 ], [ 81.400002781802982, 28.316166456117116 ], [ 81.399653447348783, 28.315904454826807 ], [ 81.399048829539936, 28.315521529794808 ], [ 81.398202364247766, 28.315111733919423 ], [ 81.397758977794638, 28.314661628631313 ], [ 81.397829517018636, 28.314547423724662 ], [ 81.397908453212608, 28.314402987208155 ], [ 81.397735465019764, 28.314258550691591 ], [ 81.397599425473175, 28.31421656314393 ] ] ] } },
{ "type": "Feature", "properties": { "fid_1": 11.0, "contract_i": "BIP/WORKS/NCB-11/081/082", "contractor": "Bayan-Premraaj JV, Nepalgunj-02, Banke", "project_na": "Babai IP", "chainage_s": null, "chainage_e": null, "contract_a": "135576000\n", "start_date": "2081-12-28", "completion": "2083-06-21", "progress_p": "69.48", "status": "Normal", "delay_reas": null, "supervisio": null, "remarks": null, "Photo": null, "Shape_Leng": 0.00037353759, "id": 0, "contact_id": null, "Contract_1": null, "project__1": null, "Progress__": 0, "X_co_ord": 0.0, "Y_co_ord": 0.0, "layer": null, "path": null }, "geometry": { "type": "MultiLineString", "coordinates": [ [ [ 81.379184820922831, 28.304896209792275 ], [ 81.379241814558156, 28.305103295780555 ], [ 81.379241814558156, 28.305262047705412 ] ] ] } },
{ "type": "Feature", "properties": { "fid_1": 12.0, "contract_i": "BIP/WORKS/NCB-11/081/082", "contractor": "Bayan-Premraaj JV, Nepalgunj-02, Banke", "project_na": "Babai IP", "chainage_s": null, "chainage_e": null, "contract_a": "135576000\n", "start_date": "2081-12-28", "completion": "2083-06-21", "progress_p": "69.48", "status": "Normal", "delay_reas": null, "supervisio": null, "remarks": null, "Photo": null, "Shape_Leng": 0.00057888416, "id": 0, "contact_id": null, "Contract_1": null, "project__1": null, "Progress__": 0, "X_co_ord": 0.0, "Y_co_ord": 0.0, "layer": null, "path": null }, "geometry": { "type": "MultiLineString", "coordinates": [ [ [ 81.377496929239953, 28.305531058311715 ], [ 81.377350812789814, 28.305299287731998 ], [ 81.377262639659136, 28.305138056376279 ], [ 81.377227370047137, 28.305022171536052 ] ] ] } },
{ "type": "Feature", "properties": { "fid_1": 13.0, "contract_i": "BIP/WORKS/NCB-11/081/082", "contractor": "Bayan-Premraaj JV, Nepalgunj-02, Banke", "project_na": "Babai IP", "chainage_s": null, "chainage_e": null, "contract_a": "135576000\n", "start_date": "2081-12-28", "completion": "2083-06-21", "progress_p": "69.48", "status": "Normal", "delay_reas": null, "supervisio": null, "remarks": null, "Photo": null, "Shape_Leng": 0.00011084773, "id": 0, "contact_id": null, "Contract_1": null, "project__1": null, "Progress__": 0, "X_co_ord": 0.0, "Y_co_ord": 0.0, "layer": null, "path": null }, "geometry": { "type": "MultiLineString", "coordinates": [ [ [ 81.378386850672655, 28.31034280987285 ], [ 81.378276004733891, 28.310342179448071 ] ] ] } },
{ "type": "Feature", "properties": { "fid_1": 14.0, "contract_i": "BIP/WORKS/NCB-11/081/082", "contractor": "Bayan-Premraaj JV, Nepalgunj-02, Banke", "project_na": "Babai IP", "chainage_s": null, "chainage_e": null, "contract_a": "135576000\n", "start_date": "2081-12-28", "completion": "2083-06-21", "progress_p": "69.48", "status": "Normal", "delay_reas": null, "supervisio": null, "remarks": null, "Photo": null, "Shape_Leng": 0.0001513817, "id": 0, "contact_id": null, "Contract_1": null, "project__1": null, "Progress__": 0, "X_co_ord": 0.0, "Y_co_ord": 0.0, "layer": null, "path": null }, "geometry": { "type": "MultiLineString", "coordinates": [ [ [ 81.378238845646251, 28.295993210218512 ], [ 81.378332372441093, 28.29587417595252 ] ] ] } },
{ "type": "Feature", "properties": { "fid_1": 15.0, "contract_i": "BIP/WORKS/NCB-11/081/082", "contractor": "Bayan-Premraaj JV, Nepalgunj-02, Banke", "project_na": "Babai IP", "chainage_s": null, "chainage_e": null, "contract_a": "135576000\n", "start_date": "2081-12-28", "completion": "2083-06-21", "progress_p": "69.48", "status": "Normal", "delay_reas": null, "supervisio": null, "remarks": "Manpur Gohendri kulo", "Photo": null, "Shape_Leng": 0.00447149776, "id": 0, "contact_id": null, "Contract_1": null, "project__1": null, "Progress__": 0, "X_co_ord": 0.0, "Y_co_ord": 0.0, "layer": null, "path": null }, "geometry": { "type": "MultiLineString", "coordinates": [ [ [ 81.390388832178928, 28.319576143923939 ], [ 81.390502198018055, 28.320131637165389 ], [ 81.390655241945922, 28.32065878827251 ], [ 81.390836627108683, 28.321010222643736 ], [ 81.391086032494457, 28.321361657014904 ], [ 81.391522490570537, 28.321718758913619 ], [ 81.391987290780889, 28.322138212608479 ], [ 81.392151671562431, 28.322393285521741 ], [ 81.392531447168608, 28.32335689560432 ] ] ] } },
{ "type": "Feature", "properties": { "fid_1": 16.0, "contract_i": "BIP/WORKS/NCB-08/081/08278", "contractor": "DL-Kalika-TB JV, Amargadhi-5 Dadeldhura", "project_na": "Babai IP", "chainage_s": null, "chainage_e": null, "contract_a": "124058300\n", "start_date": "2081-12-26", "completion": "2083-12-26", "progress_p": "29.31", "status": "Normal", "delay_reas": null, "supervisio": null, "remarks": "Aqueduct", "Photo": null, "Shape_Leng": 8.608012e-05, "id": 0, "contact_id": null, "Contract_1": null, "project__1": null, "Progress__": 0, "X_co_ord": 0.0, "Y_co_ord": 0.0, "layer": null, "path": null }, "geometry": { "type": "MultiLineString", "coordinates": [ [ [ 81.329368238653331, 28.285460812666429 ], [ 81.329449011262909, 28.285431054099945 ] ] ] } },
{ "type": "Feature", "properties": { "fid_1": 17.0, "contract_i": "BIP/WORKS/NCB-08/081/08278", "contractor": "DL-Kalika-TB JV, Amargadhi-5 Dadeldhura", "project_na": "Babai IP", "chainage_s": null, "chainage_e": null, "contract_a": "124058300\n", "start_date": "2081-12-26", "completion": "2083-12-26", "progress_p": "29.31", "status": "Normal", "delay_reas": null, "supervisio": null, "remarks": "Aqueduct", "Photo": null, "Shape_Leng": 0.000103633, "id": 0, "contact_id": null, "Contract_1": null, "project__1": null, "Progress__": 0, "X_co_ord": 0.0, "Y_co_ord": 0.0, "layer": null, "path": null }, "geometry": { "type": "MultiLineString", "coordinates": [ [ [ 81.329865631193968, 28.286650091428612 ], [ 81.32995915798881, 28.286605453578886 ] ] ] } },
{ "type": "Feature", "properties": { "fid_1": 18.0, "contract_i": "BIP/WORKS/NCB-08/081/08278", "contractor": "DL-Kalika-TB JV, Amargadhi-5 Dadeldhura", "project_na": "Babai IP", "chainage_s": null, "chainage_e": null, "contract_a": "124058300\n", "start_date": "2081-12-26", "completion": "2083-12-26", "progress_p": "29.31", "status": "Normal", "delay_reas": null, "supervisio": null, "remarks": "Aqueduct", "Photo": null, "Shape_Leng": 4.095999e-05, "id": 0, "contact_id": null, "Contract_1": null, "project__1": null, "Progress__": 0, "X_co_ord": 0.0, "Y_co_ord": 0.0, "layer": null, "path": null }, "geometry": { "type": "MultiLineString", "coordinates": [ [ [ 81.326606539360341, 28.28603579061928 ], [ 81.326622481642289, 28.285998060462191 ] ] ] } },
{ "type": "Feature", "properties": { "fid_1": 19.0, "contract_i": "BIP/WORKS/NCB-08/081/08278", "contractor": "DL-Kalika-TB JV, Amargadhi-5 Dadeldhura", "project_na": "Babai IP", "chainage_s": null, "chainage_e": null, "contract_a": "124058300\n", "start_date": "2081-12-26", "completion": "2083-12-26", "progress_p": "29.31", "status": "Normal", "delay_reas": null, "supervisio": null, "remarks": "Aqueduct", "Photo": null, "Shape_Leng": 0.00015091793, "id": 0, "contact_id": null, "Contract_1": null, "project__1": null, "Progress__": 0, "X_co_ord": 0.0, "Y_co_ord": 0.0, "layer": null, "path": null }, "geometry": { "type": "MultiLineString", "coordinates": [ [ [ 81.325618662871079, 28.293952625113604 ], [ 81.325769580801591, 28.293952625113604 ] ] ] } },
{ "type": "Feature", "properties": { "fid_1": 20.0, "contract_i": "BIP/WORKS/NCB-08/081/08278", "contractor": "DL-Kalika-TB JV, Amargadhi-5 Dadeldhura", "project_na": "Babai IP", "chainage_s": null, "chainage_e": null, "contract_a": "124058300\n", "start_date": "2081-12-26", "completion": "2083-12-26", "progress_p": "29.31", "status": "Normal", "delay_reas": null, "supervisio": null, "remarks": "Aqueduct", "Photo": null, "Shape_Leng": 6.674616e-05, "id": 0, "contact_id": null, "Contract_1": null, "project__1": null, "Progress__": 0, "X_co_ord": 0.0, "Y_co_ord": 0.0, "layer": null, "path": null }, "geometry": { "type": "MultiLineString", "coordinates": [ [ [ 81.323244356441933, 28.296352438114582 ], [ 81.323284743196382, 28.296405579054294 ] ] ] } },
{ "type": "Feature", "properties": { "fid_1": 21.0, "contract_i": "BIP/WORKS/NCB-08/081/08278", "contractor": "DL-Kalika-TB JV, Amargadhi-5 Dadeldhura", "project_na": "Babai IP", "chainage_s": null, "chainage_e": null, "contract_a": "124058300\n", "start_date": "2081-12-26", "completion": "2083-12-26", "progress_p": "29.31", "status": "Normal", "delay_reas": null, "supervisio": null, "remarks": "Aqueduct", "Photo": null, "Shape_Leng": 3.839358e-05, "id": 0, "contact_id": null, "Contract_1": null, "project__1": null, "Progress__": 0, "X_co_ord": 0.0, "Y_co_ord": 0.0, "layer": null, "path": null }, "geometry": { "type": "MultiLineString", "coordinates": [ [ [ 81.311436592524785, 28.298405777404753 ], [ 81.311462099995993, 28.298377081836918 ] ] ] } },
{ "type": "Feature", "properties": { "fid_1": 22.0, "contract_i": "BIP/WORKS/NCB-08/081/08278", "contractor": "DL-Kalika-TB JV, Amargadhi-5 Dadeldhura", "project_na": "Babai IP", "chainage_s": null, "chainage_e": null, "contract_a": "124058300\n", "start_date": "2081-12-26", "completion": "2083-12-26", "progress_p": "29.31", "status": "Normal", "delay_reas": null, "supervisio": null, "remarks": "Aqueduct", "Photo": null, "Shape_Leng": 4.772245e-05, "id": 0, "contact_id": null, "Contract_1": null, "project__1": null, "Progress__": 0, "X_co_ord": 0.0, "Y_co_ord": 0.0, "layer": null, "path": null }, "geometry": { "type": "MultiLineString", "coordinates": [ [ [ 81.324274214183674, 28.301324771720886 ], [ 81.32432150863076, 28.301318394628254 ] ] ] } },
{ "type": "Feature", "properties": { "fid_1": 23.0, "contract_i": "BIP/WORKS/NCB-08/081/08278", "contractor": "DL-Kalika-TB JV, Amargadhi-5 Dadeldhura", "project_na": "Babai IP", "chainage_s": null, "chainage_e": null, "contract_a": "124058300\n", "start_date": "2081-12-26", "completion": "2083-12-26", "progress_p": "29.31", "status": "Normal", "delay_reas": null, "supervisio": null, "remarks": "Aqueduct", "Photo": null, "Shape_Leng": 0.00021226346, "id": 0, "contact_id": null, "Contract_1": null, "project__1": null, "Progress__": 0, "X_co_ord": 0.0, "Y_co_ord": 0.0, "layer": null, "path": null }, "geometry": { "type": "MultiLineString", "coordinates": [ [ [ 81.328495675934732, 28.296462438690639 ], [ 81.328380892764073, 28.296283887291622 ] ] ] } },
{ "type": "Feature", "properties": { "fid_1": 24.0, "contract_i": "BIP/WORKS/NCB-08/081/08278", "contractor": "DL-Kalika-TB JV, Amargadhi-5 Dadeldhura", "project_na": "Babai IP", "chainage_s": null, "chainage_e": null, "contract_a": "124058300\n", "start_date": "2081-12-26", "completion": "2083-12-26", "progress_p": "29.31", "status": "Normal", "delay_reas": null, "supervisio": null, "remarks": "Aqueduct", "Photo": null, "Shape_Leng": 9.096174e-05, "id": 0, "contact_id": null, "Contract_1": null, "project__1": null, "Progress__": 0, "X_co_ord": 0.0, "Y_co_ord": 0.0, "layer": null, "path": null }, "geometry": { "type": "MultiLineString", "coordinates": [ [ [ 81.32841596542454, 28.296220119063321 ], [ 81.328506304122698, 28.296209490875356 ] ] ] } },
{ "type": "Feature", "properties": { "fid_1": 25.0, "contract_i": "BIP/WORKS/NCB-08/081/08278", "contractor": "DL-Kalika-TB JV, Amargadhi-5 Dadeldhura", "project_na": "Babai IP", "chainage_s": null, "chainage_e": null, "contract_a": "124058300\n", "start_date": "2081-12-26", "completion": "2083-12-26", "progress_p": "29.31", "status": "Normal", "delay_reas": null, "supervisio": null, "remarks": "Aqueduct", "Photo": null, "Shape_Leng": 0.00011171101, "id": 0, "contact_id": null, "Contract_1": null, "project__1": null, "Progress__": 0, "X_co_ord": 0.0, "Y_co_ord": 0.0, "layer": null, "path": null }, "geometry": { "type": "MultiLineString", "coordinates": [ [ [ 81.33609791948345, 28.296067075135454 ], [ 81.3362020744662, 28.296026688381005 ] ] ] } },
{ "type": "Feature", "properties": { "fid_1": 26.0, "contract_i": "BIP/WORKS/NCB-08/081/08278", "contractor": "DL-Kalika-TB JV, Amargadhi-5 Dadeldhura", "project_na": "Babai IP", "chainage_s": null, "chainage_e": null, "contract_a": "124058300\n", "start_date": "2081-12-26", "completion": "2083-12-26", "progress_p": "29.31", "status": "Normal", "delay_reas": null, "supervisio": null, "remarks": "Aqueduct", "Photo": null, "Shape_Leng": 4.700763e-05, "id": 0, "contact_id": null, "Contract_1": null, "project__1": null, "Progress__": 0, "X_co_ord": 0.0, "Y_co_ord": 0.0, "layer": null, "path": null }, "geometry": { "type": "MultiLineString", "coordinates": [ [ [ 81.334321440981796, 28.296728139791867 ], [ 81.334353325545578, 28.296693598630725 ] ] ] } },
{ "type": "Feature", "properties": { "fid_1": 27.0, "contract_i": "BIP/WORKS/NCB-08/081/08278", "contractor": "DL-Kalika-TB JV, Amargadhi-5 Dadeldhura", "project_na": "Babai IP", "chainage_s": null, "chainage_e": null, "contract_a": "124058300\n", "start_date": "2081-12-26", "completion": "2083-12-26", "progress_p": "29.31", "status": "Normal", "delay_reas": null, "supervisio": null, "remarks": "Aqueduct", "Photo": null, "Shape_Leng": 5.212005e-05, "id": 0, "contact_id": null, "Contract_1": null, "project__1": null, "Progress__": 0, "X_co_ord": 0.0, "Y_co_ord": 0.0, "layer": null, "path": null }, "geometry": { "type": "MultiLineString", "coordinates": [ [ [ 81.337028405736419, 28.307137251982624 ], [ 81.337068791591491, 28.307104305319513 ] ] ] } },
{ "type": "Feature", "properties": { "fid_1": 28.0, "contract_i": "BIP/WORKS/NCB-08/081/08278", "contractor": "DL-Kalika-TB JV, Amargadhi-5 Dadeldhura", "project_na": "Babai IP", "chainage_s": null, "chainage_e": null, "contract_a": "124058300\n", "start_date": "2081-12-26", "completion": "2083-12-26", "progress_p": "29.31", "status": "Normal", "delay_reas": null, "supervisio": null, "remarks": "Aqueduct", "Photo": null, "Shape_Leng": 0.00010207395, "id": 0, "contact_id": null, "Contract_1": null, "project__1": null, "Progress__": 0, "X_co_ord": 0.0, "Y_co_ord": 0.0, "layer": null, "path": null }, "geometry": { "type": "MultiLineString", "coordinates": [ [ [ 81.334013228028084, 28.309478610849283 ], [ 81.334066368068477, 28.309565761450756 ] ] ] } },
{ "type": "Feature", "properties": { "fid_1": 29.0, "contract_i": "BIP/WORKS/NCB-08/081/08278", "contractor": "DL-Kalika-TB JV, Amargadhi-5 Dadeldhura", "project_na": "Babai IP", "chainage_s": null, "chainage_e": null, "contract_a": "124058300\n", "start_date": "2081-12-26", "completion": "2083-12-26", "progress_p": "29.31", "status": "Normal", "delay_reas": null, "supervisio": null, "remarks": "Aqueduct", "Photo": null, "Shape_Leng": 0.00010080404, "id": 0, "contact_id": null, "Contract_1": null, "project__1": null, "Progress__": 0, "X_co_ord": 0.0, "Y_co_ord": 0.0, "layer": null, "path": null }, "geometry": { "type": "MultiLineString", "coordinates": [ [ [ 81.335706276423593, 28.315231574877316 ], [ 81.335774295747228, 28.31515717846105 ] ] ] } },
{ "type": "Feature", "properties": { "fid_1": 30.0, "contract_i": "BIP/WORKS/NCB-08/081/08278", "contractor": "DL-Kalika-TB JV, Amargadhi-5 Dadeldhura", "project_na": "Babai IP", "chainage_s": null, "chainage_e": null, "contract_a": "124058300\n", "start_date": "2081-12-26", "completion": "2083-12-26", "progress_p": "29.31", "status": "Normal", "delay_reas": null, "supervisio": null, "remarks": "Aqueduct", "Photo": null, "Shape_Leng": 0.00013323726, "id": 0, "contact_id": null, "Contract_1": null, "project__1": null, "Progress__": 0, "X_co_ord": 0.0, "Y_co_ord": 0.0, "layer": null, "path": null }, "geometry": { "type": "MultiLineString", "coordinates": [ [ [ 81.33571052751887, 28.315429256654909 ], [ 81.335636131102603, 28.315318724579527 ] ] ] } },
{ "type": "Feature", "properties": { "fid_1": 31.0, "contract_i": "BIP/WORKS/NCB-08/081/08278", "contractor": "DL-Kalika-TB JV, Amargadhi-5 Dadeldhura", "project_na": "Babai IP", "chainage_s": null, "chainage_e": null, "contract_a": "124058300\n", "start_date": "2081-12-26", "completion": "2083-12-26", "progress_p": "29.31", "status": "Normal", "delay_reas": null, "supervisio": null, "remarks": "Aqueduct", "Photo": null, "Shape_Leng": 0.00026684681, "id": 0, "contact_id": null, "Contract_1": null, "project__1": null, "Progress__": 0, "X_co_ord": 0.0, "Y_co_ord": 0.0, "layer": null, "path": null }, "geometry": { "type": "MultiLineString", "coordinates": [ [ [ 81.335761541561965, 28.317722789575157 ], [ 81.335863571446737, 28.317476218852448 ] ] ] } },
{ "type": "Feature", "properties": { "fid_1": 32.0, "contract_i": "BIP/WORKS/NCB-08/081/08278", "contractor": "DL-Kalika-TB JV, Amargadhi-5 Dadeldhura", "project_na": "Babai IP", "chainage_s": null, "chainage_e": null, "contract_a": "124058300\n", "start_date": "2081-12-26", "completion": "2083-12-26", "progress_p": "29.31", "status": "Normal", "delay_reas": null, "supervisio": null, "remarks": "Aqueduct", "Photo": null, "Shape_Leng": 0.00027001036, "id": 0, "contact_id": null, "Contract_1": null, "project__1": null, "Progress__": 0, "X_co_ord": 0.0, "Y_co_ord": 0.0, "layer": null, "path": null }, "geometry": { "type": "MultiLineString", "coordinates": [ [ [ 81.329853940007411, 28.322527199071033 ], [ 81.329705148074197, 28.322301884724254 ] ] ] } },
{ "type": "Feature", "properties": { "fid_1": 33.0, "contract_i": "BIP/WORKS/NCB-08/081/08278", "contractor": "DL-Kalika-TB JV, Amargadhi-5 Dadeldhura", "project_na": "Babai IP", "chainage_s": null, "chainage_e": null, "contract_a": "124058300\n", "start_date": "2081-12-26", "completion": "2083-12-26", "progress_p": "29.31", "status": "Normal", "delay_reas": null, "supervisio": null, "remarks": "Aqueduct", "Photo": null, "Shape_Leng": 5.366455e-05, "id": 0, "contact_id": null, "Contract_1": null, "project__1": null, "Progress__": 0, "X_co_ord": 0.0, "Y_co_ord": 0.0, "layer": null, "path": null }, "geometry": { "type": "MultiLineString", "coordinates": [ [ [ 81.34352264855147, 28.316051830327751 ], [ 81.343504174678003, 28.316001445810116 ] ] ] } },
{ "type": "Feature", "properties": { "fid_1": 34.0, "contract_i": "BIP/WORKS/NCB-08/081/08278", "contractor": "DL-Kalika-TB JV, Amargadhi-5 Dadeldhura", "project_na": "Babai IP", "chainage_s": null, "chainage_e": null, "contract_a": "124058300\n", "start_date": "2081-12-26", "completion": "2083-12-26", "progress_p": "29.31", "status": "Normal", "delay_reas": null, "supervisio": null, "remarks": "Aqueduct", "Photo": null, "Shape_Leng": 0.00014254852, "id": 0, "contact_id": null, "Contract_1": null, "project__1": null, "Progress__": 0, "X_co_ord": 0.0, "Y_co_ord": 0.0, "layer": null, "path": null }, "geometry": { "type": "MultiLineString", "coordinates": [ [ [ 81.342347002612144, 28.316083740971919 ], [ 81.342229438737661, 28.316164356200147 ] ] ] } },
{ "type": "Feature", "properties": { "fid_1": 35.0, "contract_i": "BIP/WORKS/NCB-08/081/08278", "contractor": "DL-Kalika-TB JV, Amargadhi-5 Dadeldhura", "project_na": "Babai IP", "chainage_s": null, "chainage_e": null, "contract_a": "124058300\n", "start_date": "2081-12-26", "completion": "2083-12-26", "progress_p": "29.31", "status": "Normal", "delay_reas": null, "supervisio": null, "remarks": "Aqueduct", "Photo": null, "Shape_Leng": 0.00011291447, "id": 0, "contact_id": null, "Contract_1": null, "project__1": null, "Progress__": 0, "X_co_ord": 0.0, "Y_co_ord": 0.0, "layer": null, "path": null }, "geometry": { "type": "MultiLineString", "coordinates": [ [ [ 81.343163237193721, 28.320860222920999 ], [ 81.343267366096143, 28.320816555439706 ] ] ] } },
{ "type": "Feature", "properties": { "fid_1": 36.0, "contract_i": "BIP/WORKS/NCB-08/081/08278", "contractor": "DL-Kalika-TB JV, Amargadhi-5 Dadeldhura", "project_na": "Babai IP", "chainage_s": null, "chainage_e": null, "contract_a": "124058300\n", "start_date": "2081-12-26", "completion": "2083-12-26", "progress_p": "29.31", "status": "Normal", "delay_reas": null, "supervisio": null, "remarks": "Aqueduct", "Photo": null, "Shape_Leng": 0.00012166788, "id": 0, "contact_id": null, "Contract_1": null, "project__1": null, "Progress__": 0, "X_co_ord": 0.0, "Y_co_ord": 0.0, "layer": null, "path": null }, "geometry": { "type": "MultiLineString", "coordinates": [ [ [ 81.342088361188985, 28.321486673571201 ], [ 81.341967437447352, 28.321500109442525 ] ] ] } },
{ "type": "Feature", "properties": { "fid_1": 37.0, "contract_i": "BIP/WORKS/NCB-08/081/08278", "contractor": "DL-Kalika-TB JV, Amargadhi-5 Dadeldhura", "project_na": "Babai IP", "chainage_s": null, "chainage_e": null, "contract_a": "124058300\n", "start_date": "2081-12-26", "completion": "2083-12-26", "progress_p": "29.31", "status": "Normal", "delay_reas": null, "supervisio": null, "remarks": "Aqueduct", "Photo": null, "Shape_Leng": 9.508062e-05, "id": 0, "contact_id": null, "Contract_1": null, "project__1": null, "Progress__": 0, "X_co_ord": 0.0, "Y_co_ord": 0.0, "layer": null, "path": null }, "geometry": { "type": "MultiLineString", "coordinates": [ [ [ 81.347687794755984, 28.316414601552651 ], [ 81.347765051915644, 28.31647002407243 ] ] ] } },
{ "type": "Feature", "properties": { "fid_1": 38.0, "contract_i": "BIP/WORKS/NCB-08/081/08278", "contractor": "DL-Kalika-TB JV, Amargadhi-5 Dadeldhura", "project_na": "Babai IP", "chainage_s": null, "chainage_e": null, "contract_a": "124058300\n", "start_date": "2081-12-26", "completion": "2083-12-26", "progress_p": "29.31", "status": "Normal", "delay_reas": null, "supervisio": null, "remarks": "Aqueduct", "Photo": null, "Shape_Leng": 0.00014506047, "id": 0, "contact_id": null, "Contract_1": null, "project__1": null, "Progress__": 0, "X_co_ord": 0.0, "Y_co_ord": 0.0, "layer": null, "path": null }, "geometry": { "type": "MultiLineString", "coordinates": [ [ [ 81.34935889159965, 28.31378955154662 ], [ 81.349466379469902, 28.31369214057986 ] ] ] } },
{ "type": "Feature", "properties": { "fid_1": 39.0, "contract_i": "BIP/WORKS/NCB-08/081/08278", "contractor": "DL-Kalika-TB JV, Amargadhi-5 Dadeldhura", "project_na": "Babai IP", "chainage_s": null, "chainage_e": null, "contract_a": "124058300\n", "start_date": "2081-12-26", "completion": "2083-12-26", "progress_p": "29.31", "status": "Normal", "delay_reas": null, "supervisio": null, "remarks": "Aqueduct", "Photo": null, "Shape_Leng": 0.0002408187, "id": 0, "contact_id": null, "Contract_1": null, "project__1": null, "Progress__": 0, "X_co_ord": 0.0, "Y_co_ord": 0.0, "layer": null, "path": null }, "geometry": { "type": "MultiLineString", "coordinates": [ [ [ 81.352936214834529, 28.310118177212132 ], [ 81.353057137676842, 28.309909919407289 ] ] ] } },
{ "type": "Feature", "properties": { "fid_1": 40.0, "contract_i": "BIP/WORKS/NCB-08/081/08278", "contractor": "DL-Kalika-TB JV, Amargadhi-5 Dadeldhura", "project_na": "Babai IP", "chainage_s": null, "chainage_e": null, "contract_a": "124058300\n", "start_date": "2081-12-26", "completion": "2083-12-26", "progress_p": "29.31", "status": "Normal", "delay_reas": null, "supervisio": null, "remarks": "Aqueduct", "Photo": null, "Shape_Leng": 0.00023922015, "id": 0, "contact_id": null, "Contract_1": null, "project__1": null, "Progress__": 0, "X_co_ord": 0.0, "Y_co_ord": 0.0, "layer": null, "path": null }, "geometry": { "type": "MultiLineString", "coordinates": [ [ [ 81.354407451742588, 28.30800201398182 ], [ 81.354595554841069, 28.307854218497425 ] ] ] } },
{ "type": "Feature", "properties": { "fid_1": 41.0, "contract_i": "BIP/WORKS/NCB-08/081/08278", "contractor": "DL-Kalika-TB JV, Amargadhi-5 Dadeldhura", "project_na": "Babai IP", "chainage_s": null, "chainage_e": null, "contract_a": "124058300\n", "start_date": "2081-12-26", "completion": "2083-12-26", "progress_p": "29.31", "status": "Normal", "delay_reas": null, "supervisio": null, "remarks": "Aqueduct", "Photo": null, "Shape_Leng": 0.00020431931, "id": 0, "contact_id": null, "Contract_1": null, "project__1": null, "Progress__": 0, "X_co_ord": 0.0, "Y_co_ord": 0.0, "layer": null, "path": null }, "geometry": { "type": "MultiLineString", "coordinates": [ [ [ 81.3488113762441, 28.303823432805245 ], [ 81.348959171728438, 28.303682355256569 ] ] ] } },
{ "type": "Feature", "properties": { "fid_1": 42.0, "contract_i": "BIP/WORKS/NCB-08/081/08278", "contractor": "DL-Kalika-TB JV, Amargadhi-5 Dadeldhura", "project_na": "Babai IP", "chainage_s": null, "chainage_e": null, "contract_a": "124058300\n", "start_date": "2081-12-26", "completion": "2083-12-26", "progress_p": "29.31", "status": "Normal", "delay_reas": null, "supervisio": null, "remarks": "Aqueduct", "Photo": null, "Shape_Leng": 0.00016915419, "id": 0, "contact_id": null, "Contract_1": null, "project__1": null, "Progress__": 0, "X_co_ord": 0.0, "Y_co_ord": 0.0, "layer": null, "path": null }, "geometry": { "type": "MultiLineString", "coordinates": [ [ [ 81.36056447756863, 28.300686137055607 ], [ 81.360396528277192, 28.300665983248564 ] ] ] } },
{ "type": "Feature", "properties": { "fid_1": 43.0, "contract_i": "BIP/WORKS/NCB-08/081/08278", "contractor": "DL-Kalika-TB JV, Amargadhi-5 Dadeldhura", "project_na": "Babai IP", "chainage_s": null, "chainage_e": null, "contract_a": "124058300\n", "start_date": "2081-12-26", "completion": "2083-12-26", "progress_p": "29.31", "status": "Normal", "delay_reas": null, "supervisio": null, "remarks": "Aqueduct", "Photo": null, "Shape_Leng": 0.00010865197, "id": 0, "contact_id": null, "Contract_1": null, "project__1": null, "Progress__": 0, "X_co_ord": 0.0, "Y_co_ord": 0.0, "layer": null, "path": null }, "geometry": { "type": "MultiLineString", "coordinates": [ [ [ 81.343741823226594, 28.289715680634231 ], [ 81.343850150164371, 28.289707282764937 ] ] ] } },
{ "type": "Feature", "properties": { "fid_1": 44.0, "contract_i": "BIP/WORKS/NCB-08/081/08278", "contractor": "DL-Kalika-TB JV, Amargadhi-5 Dadeldhura", "project_na": "Babai IP", "chainage_s": null, "chainage_e": null, "contract_a": "124058300\n", "start_date": "2081-12-26", "completion": "2083-12-26", "progress_p": "29.31", "status": "Normal", "delay_reas": null, "supervisio": null, "remarks": "Aqueduct", "Photo": null, "Shape_Leng": 6.667488e-05, "id": 0, "contact_id": null, "Contract_1": null, "project__1": null, "Progress__": 0, "X_co_ord": 0.0, "Y_co_ord": 0.0, "layer": null, "path": null }, "geometry": { "type": "MultiLineString", "coordinates": [ [ [ 81.317406092617148, 28.290504203506259 ], [ 81.317456478034103, 28.290460536024966 ] ] ] } },
{ "type": "Feature", "properties": { "fid_1": 45.0, "contract_i": "BIP/WORKS/NCB-16/081/082", "contractor": "P.S. Nirman Sewa, Naubasta-8 Banke", "project_na": "Babai IP", "chainage_s": null, "chainage_e": null, "contract_a": "87589730\n", "start_date": "2081-12-26", "completion": "2083-06-25", "progress_p": "78.94", "status": "Normal", "delay_reas": null, "supervisio": null, "remarks": "Culvert at Main Canal Completed", "Photo": null, "Shape_Leng": 0.00018637538, "id": 0, "contact_id": null, "Contract_1": null, "project__1": null, "Progress__": 0, "X_co_ord": 0.0, "Y_co_ord": 0.0, "layer": null, "path": null }, "geometry": { "type": "MultiLineString", "coordinates": [ [ [ 81.469338172418759, 28.267373658467591 ], [ 81.469180126461708, 28.267274879632055 ] ] ] } },
{ "type": "Feature", "properties": { "fid_1": 46.0, "contract_i": "BIP/WORKS/NCB-16/081/082", "contractor": "P.S. Nirman Sewa, Naubasta-8 Banke", "project_na": "Babai IP", "chainage_s": null, "chainage_e": null, "contract_a": "87589730\n", "start_date": "2081-12-26", "completion": "2083-06-25", "progress_p": "78.94", "status": "Normal", "delay_reas": null, "supervisio": null, "remarks": "River Training", "Photo": null, "Shape_Leng": 0.00348190672, "id": 0, "contact_id": null, "Contract_1": null, "project__1": null, "Progress__": 0, "X_co_ord": 0.0, "Y_co_ord": 0.0, "layer": null, "path": null }, "geometry": { "type": "MultiLineString", "coordinates": [ [ [ 81.494154945394484, 28.258756616324831 ], [ 81.49410978863591, 28.25833327845811 ], [ 81.493912230964725, 28.257915584736509 ], [ 81.493782407532137, 28.257616426157199 ], [ 81.493607428240296, 28.257289045053426 ], [ 81.493438093093573, 28.256972952240005 ], [ 81.493545338146873, 28.256837484662242 ], [ 81.493810630056601, 28.25666250447108 ], [ 81.494042055296688, 28.256594770232539 ], [ 81.494301702161863, 28.256628637801441 ], [ 81.494397658924868, 28.256617348611826 ], [ 81.494465393163409, 28.2565609035629 ], [ 81.494397658924868, 28.256448013465103 ], [ 81.494403303070044, 28.256340767512484 ], [ 81.494499259833049, 28.256267389128766 ] ] ] } },
{ "type": "Feature", "properties": { "fid_1": 49.0, "contract_i": "BIP/WORKS/NCB-16/081/082", "contractor": "P.S. Nirman Sewa, Naubasta-8 Banke", "project_na": "Babai IP", "chainage_s": null, "chainage_e": null, "contract_a": "87589730\n", "start_date": "2081-12-26", "completion": "2083-06-25", "progress_p": "78.94", "status": "Normal", "delay_reas": null, "supervisio": null, "remarks": null, "Photo": null, "Shape_Leng": 0.00585201113, "id": 0, "contact_id": null, "Contract_1": null, "project__1": null, "Progress__": 0, "X_co_ord": 0.0, "Y_co_ord": 0.0, "layer": null, "path": null }, "geometry": { "type": "MultiLineString", "coordinates": [ [ [ 81.51079885408393, 28.221027100420372 ], [ 81.510456850003663, 28.220657736265593 ], [ 81.510151326022935, 28.220748937413589 ], [ 81.509909755530828, 28.220825261076982 ], [ 81.509729480131455, 28.220336513719189 ], [ 81.509517154693015, 28.219799693101379 ], [ 81.508922245065605, 28.219913867431103 ], [ 81.508864156056006, 28.219655472422176 ], [ 81.508836113396001, 28.219619416802686 ], [ 81.508655837996571, 28.219170730644748 ], [ 81.508247213038487, 28.219274890124154 ], [ 81.508139047079396, 28.21891033284561 ], [ 81.508010851419726, 28.218505713467948 ], [ 81.507849604775515, 28.218099092199395 ], [ 81.50758119401695, 28.217546246562108 ] ] ] } },
{ "type": "Feature", "properties": { "fid_1": 50.0, "contract_i": "BIP/WORKS/NCB-16/081/082", "contractor": "P.S. Nirman Sewa, Naubasta-8 Banke", "project_na": "Babai IP", "chainage_s": null, "chainage_e": null, "contract_a": "87589730\n", "start_date": "2081-12-26", "completion": "2083-06-25", "progress_p": "78.94", "status": "Normal", "delay_reas": null, "supervisio": null, "remarks": null, "Photo": null, "Shape_Leng": 0.0, "id": 0, "contact_id": null, "Contract_1": null, "project__1": null, "Progress__": 0, "X_co_ord": 0.0, "Y_co_ord": 0.0, "layer": null, "path": null }, "geometry": { "type": "MultiLineString", "coordinates": [ ] } },
{ "type": "Feature", "properties": { "fid_1": 53.0, "contract_i": "BIP/WORKS/NCB-16/081/082", "contractor": "P.S. Nirman Sewa, Naubasta-8 Banke", "project_na": "Babai IP", "chainage_s": null, "chainage_e": null, "contract_a": "87589730\n", "start_date": "2081-12-26", "completion": "2083-06-25", "progress_p": "78.94", "status": "Normal", "delay_reas": null, "supervisio": null, "remarks": null, "Photo": null, "Shape_Leng": 0.00023428575, "id": 0, "contact_id": null, "Contract_1": null, "project__1": null, "Progress__": 0, "X_co_ord": 0.0, "Y_co_ord": 0.0, "layer": null, "path": null }, "geometry": { "type": "MultiLineString", "coordinates": [ [ [ 81.509825282211068, 28.246725280947032 ], [ 81.509740921306502, 28.246604439043665 ], [ 81.509747761549988, 28.246517798357786 ] ] ] } },
{ "type": "Feature", "properties": { "fid_1": 56.0, "contract_i": "BIP/WORKS/NCB-16/081/082", "contractor": "P.S. Nirman Sewa, Naubasta-8 Banke", "project_na": "Babai IP", "chainage_s": null, "chainage_e": null, "contract_a": "87589730\n", "start_date": "2081-12-26", "completion": "2083-06-25", "progress_p": "78.94", "status": "Normal", "delay_reas": null, "supervisio": null, "remarks": null, "Photo": null, "Shape_Leng": 0.00076733593, "id": 0, "contact_id": null, "Contract_1": null, "project__1": null, "Progress__": 0, "X_co_ord": 0.0, "Y_co_ord": 0.0, "layer": null, "path": null }, "geometry": { "type": "MultiLineString", "coordinates": [ [ [ 81.477618766492924, 28.253107075231412 ], [ 81.477509325295159, 28.252956593472049 ], [ 81.477481965220591, 28.252853992517771 ], [ 81.477472845195734, 28.252765071151146 ], [ 81.477402163878821, 28.252701230977095 ], [ 81.477256242581575, 28.252555308780529 ], [ 81.477201521533061, 28.252491468606422 ] ] ] } },
{ "type": "Feature", "properties": { "fid_1": 58.0, "contract_i": "BIP/WORKS/NCB-16/081/082", "contractor": "P.S. Nirman Sewa, Naubasta-8 Banke", "project_na": "Babai IP", "chainage_s": null, "chainage_e": null, "contract_a": "87589730\n", "start_date": "2081-12-26", "completion": "2083-06-25", "progress_p": "78.94", "status": "Normal", "delay_reas": null, "supervisio": null, "remarks": null, "Photo": null, "Shape_Leng": 0.00066649391, "id": 0, "contact_id": null, "Contract_1": null, "project__1": null, "Progress__": 0, "X_co_ord": 0.0, "Y_co_ord": 0.0, "layer": null, "path": null }, "geometry": { "type": "MultiLineString", "coordinates": [ [ [ 81.466070431805065, 28.270377136895377 ], [ 81.465799108142392, 28.26976836961461 ] ] ] } },
{ "type": "Feature", "properties": { "fid_1": 59.0, "contract_i": "BIP/WORKS/NCB-11/081/082", "contractor": "Bayan-Premraaj JV, Nepalgunj-02, Banke", "project_na": "Babai IP", "chainage_s": null, "chainage_e": null, "contract_a": "135576000\n", "start_date": "2081-12-28", "completion": "2083-06-21", "progress_p": "69.48", "status": "Normal", "delay_reas": null, "supervisio": null, "remarks": "Gauri Kulo", "Photo": null, "Shape_Leng": 0.00380409157, "id": 0, "contact_id": null, "Contract_1": null, "project__1": null, "Progress__": 0, "X_co_ord": 0.0, "Y_co_ord": 0.0, "layer": null, "path": null }, "geometry": { "type": "MultiLineString", "coordinates": [ [ [ 81.386760295251463, 28.309740961975876 ], [ 81.386324258058096, 28.309224490318002 ], [ 81.385591883458687, 28.308420148371226 ], [ 81.384812941064411, 28.307679306654734 ], [ 81.384296469406593, 28.307052766971651 ], [ 81.384224502059169, 28.306917298494568 ] ] ] } },
{ "type": "Feature", "properties": { "fid_1": 60.0, "contract_i": "BIP/WORKS/NCB-11/081/082", "contractor": "Bayan-Premraaj JV, Nepalgunj-02, Banke", "project_na": "Babai IP", "chainage_s": null, "chainage_e": null, "contract_a": "135576000\n", "start_date": "2081-12-28", "completion": "2083-06-21", "progress_p": "69.48", "status": "Normal", "delay_reas": null, "supervisio": null, "remarks": "Charmuhan", "Photo": null, "Shape_Leng": 0.00242555631, "id": 0, "contact_id": null, "Contract_1": null, "project__1": null, "Progress__": 0, "X_co_ord": 0.0, "Y_co_ord": 0.0, "layer": null, "path": null }, "geometry": { "type": "MultiLineString", "coordinates": [ [ [ 81.391044474822706, 28.304978411424599 ], [ 81.390705804529318, 28.304445005532614 ], [ 81.390231666658167, 28.303945466310267 ], [ 81.38990992969957, 28.303682997372505 ], [ 81.38963052652764, 28.303437460870157 ], [ 81.389418857594251, 28.30320039148495 ] ] ] } },
{ "type": "Feature", "properties": { "fid_1": 61.0, "contract_i": "BIP/WORKS/NCB-11/081/082", "contractor": "Bayan-Premraaj JV, Nepalgunj-02, Banke", "project_na": "Babai IP", "chainage_s": null, "chainage_e": null, "contract_a": "135576000\n", "start_date": "2081-12-28", "completion": "2083-06-21", "progress_p": "69.48", "status": "Normal", "delay_reas": null, "supervisio": null, "remarks": "Kohli", "Photo": null, "Shape_Leng": 0.00144752782, "id": 0, "contact_id": null, "Contract_1": null, "project__1": null, "Progress__": 0, "X_co_ord": 0.0, "Y_co_ord": 0.0, "layer": null, "path": null }, "geometry": { "type": "MultiLineString", "coordinates": [ [ [ 81.39794276594597, 28.33284674418195 ], [ 81.398103634874929, 28.332745143273769 ], [ 81.398315303808261, 28.332702809487103 ], [ 81.398518505624565, 28.332635075248561 ], [ 81.398907976821704, 28.33244033965002 ], [ 81.399297447119523, 28.332398005863354 ] ] ] } },
{ "type": "Feature", "properties": { "fid_1": 62.0, "contract_i": "BIP/WORKS/NCB-16/081/082", "contractor": "P.S. Nirman Sewa, Naubasta-8 Banke", "project_na": "Babai IP", "chainage_s": null, "chainage_e": null, "contract_a": "87589730\n", "start_date": "2081-12-26", "completion": "2083-06-25", "progress_p": "78.94", "status": "Normal", "delay_reas": null, "supervisio": null, "remarks": "S_16_0_20", "Photo": null, "Shape_Leng": 0.00196165921, "id": 0, "contact_id": null, "Contract_1": null, "project__1": null, "Progress__": 0, "X_co_ord": 0.0, "Y_co_ord": 0.0, "layer": null, "path": null }, "geometry": { "type": "MultiLineString", "coordinates": [ [ [ 81.514139223946074, 28.23830699796963 ], [ 81.514227358405947, 28.238130728150622 ], [ 81.514355554964936, 28.237818250611838 ], [ 81.514474737619082, 28.237545833373588 ], [ 81.514466724659655, 28.237365557974158 ], [ 81.514498773799403, 28.236968951555923 ], [ 81.514514798818993, 28.236748614956639 ], [ 81.51459091473896, 28.236724577876998 ], [ 81.514783208678182, 28.236642451787759 ], [ 81.514793224427819, 28.236602390587905 ] ] ] } },
{ "type": "Feature", "properties": { "fid_1": 63.0, "contract_i": "BIP/WORKS/NCB-16/081/082", "contractor": "P.S. Nirman Sewa, Naubasta-8 Banke", "project_na": "Babai IP", "chainage_s": null, "chainage_e": null, "contract_a": "87589730\n", "start_date": "2081-12-26", "completion": "2083-06-25", "progress_p": "78.94", "status": "Normal", "delay_reas": null, "supervisio": null, "remarks": "s_16_0_678", "Photo": null, "Shape_Leng": 0.00607523181, "id": 0, "contact_id": null, "Contract_1": null, "project__1": null, "Progress__": 0, "X_co_ord": 0.0, "Y_co_ord": 0.0, "layer": null, "path": null }, "geometry": { "type": "MultiLineString", "coordinates": [ [ [ 81.510710980427461, 28.233414515167794 ], [ 81.510468610438068, 28.233483620872448 ], [ 81.510370460228614, 28.233497642202451 ], [ 81.51029234061906, 28.233430540187328 ], [ 81.510204206159244, 28.2333504168883 ], [ 81.510007905740338, 28.233202190628617 ], [ 81.509811605321374, 28.233069988489206 ], [ 81.509675396702278, 28.232969835489541 ], [ 81.509541191772655, 28.23283763335013 ], [ 81.509298820883942, 28.232767525800739 ], [ 81.508910226525813, 28.232653351471072 ], [ 81.508189124028888, 28.232126545703579 ], [ 81.507788511130968, 28.231774006065564 ], [ 81.507451996512486, 28.231669847485534 ], [ 81.507243677553731, 28.231525626806274 ], [ 81.506987286234335, 28.231357369047373 ], [ 81.506835052595648, 28.231165075108208 ], [ 81.506706856935978, 28.23121314836817 ], [ 81.506522575056863, 28.231317307847519 ], [ 81.506394379397136, 28.231309295787412 ], [ 81.506266182838147, 28.23121314836817 ], [ 81.505825508740315, 28.23142547290729 ], [ 81.505673276000948, 28.231561681526443 ], [ 81.505657251880734, 28.231649815986259 ] ] ] } },
{ "type": "Feature", "properties": { "fid_1": 64.0, "contract_i": "BIP/WORKS/NCB-16/081/082", "contractor": "P.S. Nirman Sewa, Naubasta-8 Banke", "project_na": "Babai IP", "chainage_s": null, "chainage_e": null, "contract_a": "87589730\n", "start_date": "2081-12-26", "completion": "2083-06-25", "progress_p": "78.94", "status": "Normal", "delay_reas": null, "supervisio": null, "remarks": "S16_2590", "Photo": null, "Shape_Leng": 0.00410700161, "id": 0, "contact_id": null, "Contract_1": null, "project__1": null, "Progress__": 0, "X_co_ord": 0.0, "Y_co_ord": 0.0, "layer": null, "path": null }, "geometry": { "type": "MultiLineString", "coordinates": [ [ [ 81.512789158992575, 28.217742546981015 ], [ 81.511266830699753, 28.216124071268951 ], [ 81.510721998021836, 28.2155632135715 ], [ 81.510593801462846, 28.215579237691713 ], [ 81.51009704204489, 28.215899728189981 ], [ 81.509924778705624, 28.215955814409369 ], [ 81.509736490346825, 28.215883704069711 ] ] ] } },
{ "type": "Feature", "properties": { "fid_1": 65.0, "contract_i": "BIP/WORKS/NCB-16/081/082", "contractor": "P.S. Nirman Sewa, Naubasta-8 Banke", "project_na": "Babai IP", "chainage_s": null, "chainage_e": null, "contract_a": "87589730\n", "start_date": "2081-12-26", "completion": "2083-06-25", "progress_p": "78.94", "status": "Normal", "delay_reas": null, "supervisio": null, "remarks": "S16_3200", "Photo": null, "Shape_Leng": 0.00603083539, "id": 0, "contact_id": null, "Contract_1": null, "project__1": null, "Progress__": 0, "X_co_ord": 0.0, "Y_co_ord": 0.0, "layer": null, "path": null }, "geometry": { "type": "MultiLineString", "coordinates": [ [ [ 81.513143701420745, 28.212230115627392 ], [ 81.512979450141586, 28.212107929237618 ], [ 81.51281519886237, 28.212014786453267 ], [ 81.512114126965457, 28.212046835593014 ], [ 81.511885777406746, 28.21175839423455 ], [ 81.510896264151313, 28.212094908853032 ], [ 81.510367455593666, 28.212335276951535 ], [ 81.509454058258257, 28.212415399351244 ], [ 81.508075950644638, 28.212094908853032 ], [ 81.507467019687283, 28.212062859713228 ] ] ] } },
{ "type": "Feature", "properties": { "fid_1": 66.0, "contract_i": "BIP/WORKS/NCB-16/081/082", "contractor": "P.S. Nirman Sewa, Naubasta-8 Banke", "project_na": "Babai IP", "chainage_s": null, "chainage_e": null, "contract_a": "87589730\n", "start_date": "2081-12-26", "completion": "2083-06-25", "progress_p": "78.94", "status": "Normal", "delay_reas": null, "supervisio": null, "remarks": "S15", "Photo": null, "Shape_Leng": 0.00704061602, "id": 0, "contact_id": null, "Contract_1": null, "project__1": null, "Progress__": 0, "X_co_ord": 0.0, "Y_co_ord": 0.0, "layer": null, "path": null }, "geometry": { "type": "MultiLineString", "coordinates": [ [ [ 81.512827217402219, 28.244865027898754 ], [ 81.512546789003181, 28.244648696879892 ], [ 81.512306420904679, 28.244776892539619 ], [ 81.51208207782571, 28.245041297717762 ], [ 81.511825685606937, 28.245249615777198 ], [ 81.511513208068152, 28.245233591656984 ], [ 81.511040484830573, 28.245225579596877 ], [ 81.510960362430865, 28.245057321837976 ], [ 81.510992411570612, 28.244400316721283 ], [ 81.510856202951459, 28.24430417020136 ], [ 81.510816141751604, 28.2441599495221 ], [ 81.51011106337495, 28.24379138576387 ], [ 81.508773016961243, 28.242749792768791 ], [ 81.508308305783714, 28.243054258247469 ], [ 81.507939742924862, 28.243262577206224 ], [ 81.507619252426593, 28.243262577206224 ] ] ] } },
{ "type": "Feature", "properties": { "fid_1": 67.0, "contract_i": "BIP/WORKS/NCB-16/081/082", "contractor": "P.S. Nirman Sewa, Naubasta-8 Banke", "project_na": "Babai IP", "chainage_s": null, "chainage_e": null, "contract_a": "87589730\n", "start_date": "2081-12-26", "completion": "2083-06-25", "progress_p": "78.94", "status": "Normal", "delay_reas": null, "supervisio": null, "remarks": "Drain Culvert", "Photo": null, "Shape_Leng": 0.00033035373, "id": 0, "contact_id": null, "Contract_1": null, "project__1": null, "Progress__": 0, "X_co_ord": 0.0, "Y_co_ord": 0.0, "layer": null, "path": null }, "geometry": { "type": "MultiLineString", "coordinates": [ [ [ 81.494342947768871, 28.254619947152889 ], [ 81.494214751209881, 28.254315481674212 ] ] ] } },
{ "type": "Feature", "properties": { "fid_1": 68.0, "contract_i": "BIP/WORKS/NCB-16/081/082", "contractor": "P.S. Nirman Sewa, Naubasta-8 Banke", "project_na": "Babai IP", "chainage_s": null, "chainage_e": null, "contract_a": "87589730\n", "start_date": "2081-12-26", "completion": "2083-06-25", "progress_p": "78.94", "status": "Normal", "delay_reas": null, "supervisio": null, "remarks": "S13", "Photo": null, "Shape_Leng": 0.00308968166, "id": 0, "contact_id": null, "Contract_1": null, "project__1": null, "Progress__": 0, "X_co_ord": 0.0, "Y_co_ord": 0.0, "layer": null, "path": null }, "geometry": { "type": "MultiLineString", "coordinates": [ [ [ 81.485657664169935, 28.250629844092089 ], [ 81.485657664169935, 28.250293329473607 ], [ 81.485513443490674, 28.249812594175921 ], [ 81.485882007248904, 28.249604276116486 ], [ 81.486202497747115, 28.249444031317068 ], [ 81.486378767566123, 28.24949210457703 ], [ 81.486595097685665, 28.249748496795746 ], [ 81.486811428704527, 28.249804582115814 ], [ 81.487091858002884, 28.249684398516251 ], [ 81.487468433821221, 28.24949210457703 ] ] ] } },
{ "type": "Feature", "properties": { "fid_1": 69.0, "contract_i": "BIP/WORKS/NCB-16/081/082", "contractor": "P.S. Nirman Sewa, Naubasta-8 Banke", "project_na": "Babai IP", "chainage_s": null, "chainage_e": null, "contract_a": "87589730\n", "start_date": "2081-12-26", "completion": "2083-06-25", "progress_p": "78.94", "status": "Normal", "delay_reas": null, "supervisio": null, "remarks": "S11", "Photo": null, "Shape_Leng": 0.00041493886, "id": 0, "contact_id": null, "Contract_1": null, "project__1": null, "Progress__": 0, "X_co_ord": 0.0, "Y_co_ord": 0.0, "layer": null, "path": null }, "geometry": { "type": "MultiLineString", "coordinates": [ [ [ 81.465510852044247, 28.255585423328682 ], [ 81.465582962383849, 28.255176798370599 ] ] ] } },
{ "type": "Feature", "properties": { "fid_1": 70.0, "contract_i": "BIP/WORKS/NCB-16/081/082", "contractor": "P.S. Nirman Sewa, Naubasta-8 Banke", "project_na": "Babai IP", "chainage_s": null, "chainage_e": null, "contract_a": "87589730\n", "start_date": "2081-12-26", "completion": "2083-06-25", "progress_p": "78.94", "status": "Normal", "delay_reas": null, "supervisio": null, "remarks": "B2S1", "Photo": null, "Shape_Leng": 0.00941311172, "id": 0, "contact_id": null, "Contract_1": null, "project__1": null, "Progress__": 0, "X_co_ord": 0.0, "Y_co_ord": 0.0, "layer": null, "path": null }, "geometry": { "type": "MultiLineString", "coordinates": [ [ [ 81.453083845543119, 28.187272946789108 ], [ 81.451433321590571, 28.185462177137822 ], [ 81.449943042437496, 28.183747554905779 ], [ 81.448949522702378, 28.18246559381214 ], [ 81.44798805210695, 28.180318309542429 ], [ 81.447667562508059, 28.179677329445269 ] ] ] } },
{ "type": "Feature", "properties": { "fid_1": 71.0, "contract_i": "BIP/WORKS/NCB-08/081/08278", "contractor": "DL-Kalika-TB JV, Amargadhi-5 Dadeldhura", "project_na": "Babai IP", "chainage_s": null, "chainage_e": null, "contract_a": "124058300\n", "start_date": "2081-12-26", "completion": "2083-12-26", "progress_p": "29.31", "status": "Normal", "delay_reas": null, "supervisio": null, "remarks": "Aqueduct", "Photo": null, "Shape_Leng": 8.608012e-05, "id": 0, "contact_id": null, "Contract_1": null, "project__1": null, "Progress__": 0, "X_co_ord": 0.0, "Y_co_ord": 0.0, "layer": null, "path": null }, "geometry": { "type": "MultiLineString", "coordinates": [ [ [ 81.329368238653331, 28.285460812666429 ], [ 81.329449011262909, 28.285431054099945 ] ] ] } },
{ "type": "Feature", "properties": { "fid_1": 72.0, "contract_i": "BIP/WORKS/NCB-08/081/08278", "contractor": "DL-Kalika-TB JV, Amargadhi-5 Dadeldhura", "project_na": "Babai IP", "chainage_s": null, "chainage_e": null, "contract_a": "124058300\n", "start_date": "2081-12-26", "completion": "2083-12-26", "progress_p": "29.31", "status": "Normal", "delay_reas": null, "supervisio": null, "remarks": "Aqueduct", "Photo": null, "Shape_Leng": 8.608012e-05, "id": 0, "contact_id": null, "Contract_1": null, "project__1": null, "Progress__": 0, "X_co_ord": 0.0, "Y_co_ord": 0.0, "layer": null, "path": null }, "geometry": { "type": "MultiLineString", "coordinates": [ [ [ 81.329368238653331, 28.285460812666429 ], [ 81.329449011262909, 28.285431054099945 ] ] ] } },
{ "type": "Feature", "properties": { "fid_1": 73.0, "contract_i": "BIP/NCB-09/077/78", "contractor": "Aman Construction Company, Gulariya, Bardiya\n", "project_na": "Babai IP", "chainage_s": null, "chainage_e": null, "contract_a": "1034278\n", "start_date": "2078-03-20\n", "completion": "2079-11-29\n", "progress_p": "54.75", "status": "Stressed", "delay_reas": null, "supervisio": null, "remarks": "Mundagauri_building", "Photo": null, "Shape_Leng": 0.00011712263, "id": 0, "contact_id": null, "Contract_1": null, "project__1": null, "Progress__": 0, "X_co_ord": 0.0, "Y_co_ord": 0.0, "layer": null, "path": null }, "geometry": { "type": "MultiLineString", "coordinates": [ [ [ 81.328589643397379, 28.315086322675711 ], [ 81.328561237411236, 28.314972696932443 ] ] ] } },
{ "type": "Feature", "properties": { "fid_1": 121.0, "contract_i": "BIP/WORKS/NCB-12/081/082", "contractor": "NS-Premraaj JV, Nepalgunj, Banke", "project_na": "BIP, Bardiya", "chainage_s": "5+603", "chainage_e": "6+168", "contract_a": "133,541,29.29", "start_date": "2081-12-28", "completion": "2083-06-28", "progress_p": "87%", "status": "Normal", "delay_reas": null, "supervisio": null, "remarks": "S5 MC", "Photo": null, "Shape_Leng": 0.0067299829, "id": 0, "contact_id": null, "Contract_1": null, "project__1": null, "Progress__": 0, "X_co_ord": 0.0, "Y_co_ord": 0.0, "layer": null, "path": null }, "geometry": { "type": "MultiLineString", "coordinates": [ [ [ 81.397793482982934, 28.306692070482711 ], [ 81.399129930402012, 28.307861462536493 ], [ 81.400238574150933, 28.309471274179998 ], [ 81.400420817266934, 28.30991169466904 ], [ 81.400375256712778, 28.31076216104492 ], [ 81.400891611458746, 28.311232955236733 ], [ 81.401863573545143, 28.311263328939503 ] ] ] } },
{ "type": "Feature", "properties": { "fid_1": 83.0, "contract_i": "BIP/NCB/P83/076/77", "contractor": "Jaljala Nirman Sewa Pvt. Ltd, Budhhanagar, Kathmandu", "project_na": "BIP, Bardiya", "chainage_s": "0+000", "chainage_e": "0+950", "contract_a": "55967768", "start_date": "2079-08-17", "completion": "2083-02-12", "progress_p": "55%", "status": "Normal", "delay_reas": null, "supervisio": null, "remarks": "RT Works", "Photo": null, "Shape_Leng": 0.01106315129, "id": 0, "contact_id": null, "Contract_1": null, "project__1": null, "Progress__": 0, "X_co_ord": 0.0, "Y_co_ord": 0.0, "layer": null, "path": null }, "geometry": { "type": "MultiLineString", "coordinates": [ [ [ 81.346360715574633, 28.27154487239801 ], [ 81.348755049905662, 28.272015554174516 ], [ 81.351394956711943, 28.272465770079293 ], [ 81.353850684161785, 28.272690878481285 ], [ 81.35732963055807, 28.272690878481285 ] ] ] } },
{ "type": "Feature", "properties": { "fid_1": 88.0, "contract_i": "BIP/NCB/P88/077/78", "contractor": "Amar-Jaybageshwori JV, Nepalgunj-2 Banke", "project_na": "BIP, Bardiya", "chainage_s": "0+000", "chainage_e": "0+800", "contract_a": "52270951", "start_date": "2079-03-22", "completion": "2083-03-15", "progress_p": "40%", "status": "Stressed", "delay_reas": "Highly low rate/Contractor Reason", "supervisio": null, "remarks": "RT Works", "Photo": null, "Shape_Leng": 0.02811788503, "id": 0, "contact_id": null, "Contract_1": null, "project__1": null, "Progress__": 0, "X_co_ord": 0.0, "Y_co_ord": 0.0, "layer": null, "path": null }, "geometry": { "type": "MultiLineString", "coordinates": [ [ [ 81.338292824654218, 28.417256940555433 ], [ 81.345878343510776, 28.420144330896221 ], [ 81.352582962933468, 28.42229763972432 ], [ 81.359581216400102, 28.423521110710738 ], [ 81.365307058673864, 28.424744580797835 ] ] ] } },
{ "type": "Feature", "properties": { "fid_1": 116.0, "contract_i": "BIP/NCB/P116/078/79", "contractor": "ANK-Jayadevi JV, Nepalgunj, Banke", "project_na": "BIP, Bardiya", "chainage_s": "0+000", "chainage_e": "0+250", "contract_a": "51815777.3", "start_date": "2079-10-26", "completion": "2083-02-31", "progress_p": "83%", "status": "Stressed", "delay_reas": "Contractor's Issues", "supervisio": null, "remarks": null, "Photo": null, "Shape_Leng": 0.00847879713, "id": 0, "contact_id": null, "Contract_1": null, "project__1": null, "Progress__": 0, "X_co_ord": 0.0, "Y_co_ord": 0.0, "layer": null, "path": null }, "geometry": { "type": "MultiLineString", "coordinates": [ [ [ 81.355357081863872, 28.295139371384948 ], [ 81.354722218055997, 28.292869732552163 ], [ 81.354452400757737, 28.29152064696035 ], [ 81.3537699223441, 28.290711195964946 ], [ 81.352896983708888, 28.289822386094272 ], [ 81.352436707987749, 28.289346238238352 ], [ 81.351897073391285, 28.288632016454471 ], [ 81.351579641487319, 28.287806693324285 ] ] ] } },
{ "type": "Feature", "properties": { "fid_1": 122.0, "contract_i": "BIP/WORKS/NCB-12/081/082", "contractor": "NS-Premraaj JV, Nepalgunj, Banke", "project_na": "BIP, Bardiya", "chainage_s": "7+000", "chainage_e": "8+082", "contract_a": "133,541,29.29", "start_date": "2081-12-28", "completion": "2083-06-28", "progress_p": "87%", "status": "Normal", "delay_reas": null, "supervisio": null, "remarks": "S5 MC", "Photo": null, "Shape_Leng": 0.00945463704, "id": 0, "contact_id": null, "Contract_1": null, "project__1": null, "Progress__": 0, "X_co_ord": 0.0, "Y_co_ord": 0.0, "layer": null, "path": null }, "geometry": { "type": "MultiLineString", "coordinates": [ [ [ 81.394653589991265, 28.301023558190707 ], [ 81.39447894075056, 28.300507203444738 ], [ 81.394000553582714, 28.300241433095721 ], [ 81.393355110150253, 28.299702297623014 ], [ 81.392952657239391, 28.29955802208508 ], [ 81.392322400658315, 28.299390966719784 ], [ 81.39199588200438, 28.298578467022708 ], [ 81.391456746531674, 28.29797099116837 ], [ 81.390849270677336, 28.297021808909392 ], [ 81.3893305801422, 28.294857674941795 ], [ 81.389079995745249, 28.294443832117224 ], [ 81.388962297871785, 28.294303353517023 ], [ 81.38871551041251, 28.29410592354958 ] ] ] } },
{ "type": "Feature", "properties": { "fid_1": 123.0, "contract_i": "BIP/WORKS/NCB-12/081/082", "contractor": "NS-Premraaj JV, Nepalgunj, Banke", "project_na": "BIP, Bardiya", "chainage_s": "9+600", "chainage_e": "10+700", "contract_a": "133,541,29.29", "start_date": "2081-12-28", "completion": "2083-06-28", "progress_p": "87%", "status": "Normal", "delay_reas": null, "supervisio": null, "remarks": "S5 MC", "Photo": null, "Shape_Leng": 0.01032982698, "id": 0, "contact_id": null, "Contract_1": null, "project__1": null, "Progress__": 0, "X_co_ord": 0.0, "Y_co_ord": 0.0, "layer": null, "path": null }, "geometry": { "type": "MultiLineString", "coordinates": [ [ [ 81.379664115506557, 28.283723775731744 ], [ 81.379257865658019, 28.283746556458482 ], [ 81.379121183096174, 28.283590890107519 ], [ 81.378957924668555, 28.283256778477607 ], [ 81.378521301117189, 28.283017584893685 ], [ 81.378156814885131, 28.282865715480455 ], [ 81.377860670833343, 28.282736626793962 ], [ 81.37757971273362, 28.282710050028811 ], [ 81.377253194079685, 28.282869512418131 ], [ 81.377055764112299, 28.282691066239749 ], [ 81.376843148192791, 28.282687269302073 ], [ 81.376767213036487, 28.282611335045146 ], [ 81.376611547584901, 28.282710050028811 ], [ 81.376516629538855, 28.282599945131437 ], [ 81.37650144268747, 28.282364547585871 ], [ 81.376262249103547, 28.28218610140749 ], [ 81.375977494066149, 28.282159524642395 ], [ 81.375882576020103, 28.281946907823567 ], [ 81.375578838092963, 28.281814022199399 ], [ 81.375404188852315, 28.281635576021074 ], [ 81.374986549090011, 28.281468520655778 ], [ 81.374660030436132, 28.281426756139922 ], [ 81.374234796798476, 28.281468520655778 ], [ 81.374063944495504, 28.281354618820671 ], [ 81.373813360098552, 28.28102430322906 ], [ 81.373623524006462, 28.280769922793752 ], [ 81.373441280890461, 28.280610460404489 ], [ 81.372492099530803, 28.280120682423615 ], [ 81.372427555187585, 28.279699245723634 ], [ 81.372249109009203, 28.279467646015121 ], [ 81.372070662830879, 28.279349947242338 ], [ 81.37197954172251, 28.279122143572124 ], [ 81.371839063122309, 28.278856373223107 ] ] ] } },
{ "type": "Feature", "properties": { "fid_1": 208.0, "contract_i": "BIP/WORKS/NCB-05/081/82", "contractor": "Jaya Bageshwori Nirman Sewa, Gulariya-04, Bardiya", "project_na": "BIP, Bardiya", "chainage_s": "0+000", "chainage_e": "0+500", "contract_a": "3,15,97,978.41", "start_date": "2081-11-23", "completion": "2082-12-25", "progress_p": "64%", "status": "Delayed", "delay_reas": "Scattered Maintenance Works", "supervisio": null, "remarks": "S9 Canal", "Photo": null, "Shape_Leng": 0.00404234396, "id": 0, "contact_id": null, "Contract_1": null, "project__1": null, "Progress__": 0, "X_co_ord": 0.0, "Y_co_ord": 0.0, "layer": null, "path": null }, "geometry": { "type": "MultiLineString", "coordinates": [ [ [ 81.436446063934739, 28.290465324015543 ], [ 81.436430191799957, 28.290104245314694 ], [ 81.436573036516506, 28.289265034853543 ], [ 81.437182108667457, 28.288894035731232 ], [ 81.437257498834583, 28.288804758233084 ], [ 81.437483669335904, 28.288767063149521 ], [ 81.437836812418993, 28.288767063149521 ], [ 81.438092741486912, 28.288733335874781 ], [ 81.438929968942944, 28.287931820497192 ] ] ] } },
{ "type": "Feature", "properties": { "fid_1": 522.0, "contract_i": "BIP/WORKS/NCB-05/081/82", "contractor": "Jaya Bageshwori Nirman Sewa, Gulariya-04, Bardiya", "project_na": "BIP, Bardiya", "chainage_s": "0+000", "chainage_e": "0+500", "contract_a": "3,15,97,978.41", "start_date": "2081-11-23", "completion": "2082-12-25", "progress_p": "64%", "status": "Delayed", "delay_reas": "Scattered Maintenance Works", "supervisio": null, "remarks": "S2 Canal", "Photo": null, "Shape_Leng": 0.00455878179, "id": 0, "contact_id": null, "Contract_1": null, "project__1": null, "Progress__": 0, "X_co_ord": 0.0, "Y_co_ord": 0.0, "layer": null, "path": null }, "geometry": { "type": "MultiLineString", "coordinates": [ [ [ 81.414899377904021, 28.365629101202103 ], [ 81.414974768071147, 28.36535531609502 ], [ 81.414863666724898, 28.364962494023928 ], [ 81.414764468805231, 28.364565704143956 ], [ 81.414577978191176, 28.364105427523498 ], [ 81.414272449713849, 28.363510242703569 ], [ 81.413970889045345, 28.363073773835652 ], [ 81.413478869953963, 28.36209370256239 ], [ 81.413101919118333, 28.361546133247487 ] ] ] } },
{ "type": "Feature", "properties": { "fid_1": 191.0, "contract_i": "BIP/WORKS/NCB-19/081/082\n", "contractor": "Lama-G. Infinity JV, Uttargaya, Rasuwa\n", "project_na": "Babai Irrigation Project", "chainage_s": null, "chainage_e": null, "contract_a": "124264900.5\n", "start_date": "2082-03-25", "completion": "2084-03-25", "progress_p": "45", "status": "Normal", "delay_reas": null, "supervisio": null, "remarks": "Bridge at Gulara", "Photo": null, "Shape_Leng": 0.00022792795, "id": 0, "contact_id": null, "Contract_1": null, "project__1": null, "Progress__": 0, "X_co_ord": 0.0, "Y_co_ord": 0.0, "layer": null, "path": null }, "geometry": { "type": "MultiLineString", "coordinates": [ [ [ 81.408757620767631, 28.31664699266463 ], [ 81.408966646593512, 28.316556111675254 ] ] ] } },
{ "type": "Feature", "properties": { "fid_1": 192.0, "contract_i": "BIP/WORKS/NCB-19/081/082\n", "contractor": "Lama-G. Infinity JV, Uttargaya, Rasuwa\n", "project_na": "Babai Irrigation Project", "chainage_s": "0+000", "chainage_e": "1+100", "contract_a": "124264900.5\n", "start_date": "2082-03-25", "completion": "2084-03-25", "progress_p": "45", "status": "Normal", "delay_reas": null, "supervisio": null, "remarks": "Gahira Canal", "Photo": null, "Shape_Leng": 0.01048824783, "id": 0, "contact_id": null, "Contract_1": null, "project__1": null, "Progress__": 0, "X_co_ord": 0.0, "Y_co_ord": 0.0, "layer": null, "path": null }, "geometry": { "type": "MultiLineString", "coordinates": [ [ [ 81.334619419650551, 28.386544187963977 ], [ 81.334550739325209, 28.386488475862507 ], [ 81.334459966254485, 28.386380412426149 ], [ 81.334221747535651, 28.38630164620406 ], [ 81.334002739235075, 28.386232486540052 ], [ 81.333557038826314, 28.386132588048554 ], [ 81.33347250974856, 28.386105692024103 ], [ 81.333241974837335, 28.385698414250442 ], [ 81.33314207634578, 28.385356454237012 ], [ 81.333203552202235, 28.384937649852702 ], [ 81.333207394106012, 28.38467637701325 ], [ 81.333030651243632, 28.384432394539431 ], [ 81.332863514040014, 28.384140383771751 ], [ 81.332642584787493, 28.383867584321592 ], [ 81.332250675528314, 28.383521782404387 ], [ 81.332070089862839, 28.383310458810683 ], [ 81.331997087395735, 28.383145242558953 ], [ 81.331958664760634, 28.382956972186548 ], [ 81.331762710580676, 28.382703384053968 ], [ 81.331382327932147, 28.382361424939859 ], [ 81.330575457091754, 28.381642925080996 ], [ 81.330291131030947, 28.381327861091961 ], [ 81.329979908945688, 28.380924425222076 ], [ 81.32979163857334, 28.380578623304871 ], [ 81.329534208536927, 28.380017654990809 ], [ 81.32933441155393, 28.379744855540707 ], [ 81.329157668691494, 28.379571954582104 ], [ 81.328954029804663, 28.379376000402146 ], [ 81.328218239580167, 28.378978328287246 ] ] ] } },
{ "type": "Feature", "properties": { "fid_1": 193.0, "contract_i": "BIP/WORKS/NCB-19/081/082\n", "contractor": "Lama-G. Infinity JV, Uttargaya, Rasuwa\n", "project_na": "Babai Irrigation Project", "chainage_s": "0+000", "chainage_e": "0+500", "contract_a": "124264900.5\n", "start_date": "2082-03-25", "completion": "2084-03-25", "progress_p": "45", "status": "Normal", "delay_reas": null, "supervisio": null, "remarks": "Parbatiya", "Photo": null, "Shape_Leng": 0.00463708077, "id": 0, "contact_id": null, "Contract_1": null, "project__1": null, "Progress__": 0, "X_co_ord": 0.0, "Y_co_ord": 0.0, "layer": null, "path": null }, "geometry": { "type": "MultiLineString", "coordinates": [ [ [ 81.343225698707101, 28.394709551904327 ], [ 81.343456446757671, 28.394253231401535 ], [ 81.343392292720182, 28.393901418415794 ], [ 81.343288818524229, 28.39350821683081 ], [ 81.343222595146699, 28.393259878940285 ], [ 81.343152232189823, 28.392763202260028 ], [ 81.343052897573216, 28.392349305476102 ], [ 81.342920449918893, 28.392051299827699 ], [ 81.342771447544351, 28.391782266738289 ], [ 81.342618305590406, 28.391571179666244 ], [ 81.342121628910093, 28.390983445729489 ], [ 81.341716010385653, 28.390668884461491 ] ] ] } },
{ "type": "Feature", "properties": { "fid_1": 194.0, "contract_i": "BIP/WORKS/NCB-19/081/082\n", "contractor": "Lama-G. Infinity JV, Uttargaya, Rasuwa\n", "project_na": "Babai Irrigation Project", "chainage_s": null, "chainage_e": null, "contract_a": "124264900.5\n", "start_date": "2082-03-25", "completion": "2084-03-25", "progress_p": "45", "status": "Normal", "delay_reas": null, "supervisio": null, "remarks": "Babai Headworks Maintenance", "Photo": null, "Shape_Leng": 0.00046474563, "id": 0, "contact_id": null, "Contract_1": null, "project__1": null, "Progress__": 0, "X_co_ord": 0.0, "Y_co_ord": 0.0, "layer": null, "path": null }, "geometry": { "type": "MultiLineString", "coordinates": [ [ [ 81.379637239267254, 28.424227640593188 ], [ 81.37967035140565, 28.423764076051327 ] ] ] } },
{ "type": "Feature", "properties": { "fid_1": 195.0, "contract_i": "BIP/WORKS/NCB-19/081/082\n", "contractor": "Lama-G. Infinity JV, Uttargaya, Rasuwa\n", "project_na": "Babai Irrigation Project", "chainage_s": "0+000", "chainage_e": "0+250", "contract_a": "124264900.5\n", "start_date": "2082-03-25", "completion": "2084-03-25", "progress_p": "45", "status": "Normal", "delay_reas": null, "supervisio": null, "remarks": "Sihuniya Canal", "Photo": null, "Shape_Leng": 0.00199034024, "id": 0, "contact_id": null, "Contract_1": null, "project__1": null, "Progress__": 0, "X_co_ord": 0.0, "Y_co_ord": 0.0, "layer": null, "path": null }, "geometry": { "type": "MultiLineString", "coordinates": [ [ [ 81.408563456238596, 28.347588430261908 ], [ 81.408567594918622, 28.34751599886431 ], [ 81.408515857820646, 28.347427010947854 ], [ 81.40844549486377, 28.347311119812389 ], [ 81.408375132806214, 28.347160047198486 ], [ 81.408282006209674, 28.34696758508602 ], [ 81.408232338451739, 28.346874458489538 ], [ 81.408184740033789, 28.346793748832511 ], [ 81.40812886425573, 28.346609564979474 ], [ 81.408068848898324, 28.346350879489535 ], [ 81.408087474757224, 28.346162556057152 ], [ 81.408081265837779, 28.346129443918755 ], [ 81.40798193032191, 28.346067360120628 ], [ 81.407905360244229, 28.345932843126263 ], [ 81.407863969846403, 28.345792118111831 ] ] ] } },
{ "type": "Feature", "properties": { "fid_1": 196.0, "contract_i": "BIP/WORKS/NCB-19/081/082\n", "contractor": "Lama-G. Infinity JV, Uttargaya, Rasuwa\n", "project_na": "Babai Irrigation Project", "chainage_s": null, "chainage_e": null, "contract_a": "124264900.5\n", "start_date": "2082-03-25", "completion": "2084-03-25", "progress_p": "45", "status": "Normal", "delay_reas": null, "supervisio": null, "remarks": "River Training Fardangwa Khola and Rajkulo (Shivanagar)", "Photo": null, "Shape_Leng": 0.00115243046, "id": 0, "contact_id": null, "Contract_1": null, "project__1": null, "Progress__": 0, "X_co_ord": 0.0, "Y_co_ord": 0.0, "layer": null, "path": null }, "geometry": { "type": "MultiLineString", "coordinates": [ [ [ 81.414788464516107, 28.364040830120246 ], [ 81.414618766942624, 28.363866993866736 ], [ 81.414465624988679, 28.3634986252614 ], [ 81.414444929789738, 28.363287538189411 ], [ 81.4144283741702, 28.362989532540951 ] ] ] } },
{ "type": "Feature", "properties": { "fid_1": 197.0, "contract_i": "BIP/WORKS/NCB-19/081/082\n", "contractor": "Lama-G. Infinity JV, Uttargaya, Rasuwa\n", "project_na": "Babai Irrigation Project", "chainage_s": "0+000", "chainage_e": "0+450", "contract_a": "124264900.5\n", "start_date": "2082-03-25", "completion": "2084-03-25", "progress_p": "45", "status": "Normal", "delay_reas": null, "supervisio": null, "remarks": "Siruwa Canal", "Photo": null, "Shape_Leng": 0.00461952202, "id": 0, "contact_id": null, "Contract_1": null, "project__1": null, "Progress__": 0, "X_co_ord": 0.0, "Y_co_ord": 0.0, "layer": null, "path": null }, "geometry": { "type": "MultiLineString", "coordinates": [ [ [ 81.322713774421231, 28.357461944013551 ], [ 81.322601913147821, 28.357493264702441 ], [ 81.322418459544338, 28.357014496222064 ], [ 81.322252904248217, 28.356607320071817 ], [ 81.322203685251907, 28.356450713030029 ], [ 81.321975486779365, 28.35633437673016 ], [ 81.321783084921492, 28.356249362018502 ], [ 81.321438551048345, 28.355873506557145 ], [ 81.321295367287405, 28.355784016818973 ], [ 81.321295367287405, 28.355555819245694 ], [ 81.321170082733204, 28.355323146645958 ], [ 81.3208658187026, 28.355497651095789 ], [ 81.320404947630266, 28.355846659995393 ], [ 81.320284137203203, 28.355954047141608 ], [ 81.320149903495292, 28.356043536879781 ], [ 81.319939603330113, 28.356173296460497 ], [ 81.319711404857514, 28.356276208580198 ] ] ] } },
{ "type": "Feature", "properties": { "fid_1": 198.0, "contract_i": "BIP/WORKS/NCB-19/081/082\n", "contractor": "Lama-G. Infinity JV, Uttargaya, Rasuwa\n", "project_na": "Babai Irrigation Project", "chainage_s": "0+000", "chainage_e": "0+450", "contract_a": "124264900.5\n", "start_date": "2082-03-25", "completion": "2084-03-25", "progress_p": "45", "status": "Normal", "delay_reas": null, "supervisio": null, "remarks": "Dhungrahi", "Photo": null, "Shape_Leng": 0.00437515377, "id": 0, "contact_id": null, "Contract_1": null, "project__1": null, "Progress__": 0, "X_co_ord": 0.0, "Y_co_ord": 0.0, "layer": null, "path": null }, "geometry": { "type": "MultiLineString", "coordinates": [ [ [ 81.313985195660337, 28.358183910758953 ], [ 81.313692105706195, 28.358299783907967 ], [ 81.313403560026359, 28.358470184751297 ], [ 81.313022998412691, 28.358613320848121 ], [ 81.312644708486573, 28.358570153389905 ], [ 81.312369794730273, 28.358540616955963 ], [ 81.312060801165103, 28.358531528407354 ], [ 81.311922208443207, 28.358477000713037 ], [ 81.311829056665715, 28.358406568508371 ], [ 81.311658655822384, 28.358329319442589 ], [ 81.311620030839833, 28.358295239633662 ], [ 81.311560958871212, 28.358186183345708 ], [ 81.311361021593939, 28.358127110477824 ], [ 81.311213341222754, 28.358068038509202 ], [ 81.311095196386248, 28.35799079034274 ], [ 81.310906619345076, 28.35796352559629 ], [ 81.310652154373486, 28.357836293110495 ], [ 81.310495385453748, 28.357779492829366 ], [ 81.310384056578982, 28.357729508510033 ], [ 81.310263640054984, 28.357674979916453 ], [ 81.310143223530986, 28.357611363673527 ], [ 81.309972822687655, 28.357545475743166 ] ] ] } },
{ "type": "Feature", "properties": { "fid_1": 21.0, "contract_i": "BIP/WORKS/NCB-21/081/082\n", "contractor": "Bageshwori Kal Bhairav Construction, Naubasta-8, Banke\n", "project_na": "Babai Irrigation Project", "chainage_s": "0+570", "chainage_e": "1+070", "contract_a": "12992466.67\n", "start_date": "2082-02-23\n", "completion": "2083-09-22\n", "progress_p": "2", "status": "Delayed", "delay_reas": "mobilization delay due to to Community forest issue, Contractor issue", "supervisio": null, "remarks": "CAD of S8", "Photo": null, "Shape_Leng": 0.00467524589, "id": 0, "contact_id": null, "Contract_1": null, "project__1": null, "Progress__": 0, "X_co_ord": 0.0, "Y_co_ord": 0.0, "layer": null, "path": null }, "geometry": { "type": "MultiLineString", "coordinates": [ [ [ 81.410567829241984, 28.289864398822999 ], [ 81.411063836826656, 28.290209448007658 ], [ 81.411543671003699, 28.290516757142655 ], [ 81.411829414396038, 28.290522148578361 ], [ 81.412438641230381, 28.290468234221692 ], [ 81.413128739599699, 28.290484408528698 ], [ 81.413646312927085, 28.290532931449661 ], [ 81.414207017739727, 28.290732412770694 ], [ 81.41463832899575, 28.290802500535051 ], [ 81.414999551588096, 28.290818674842001 ] ] ] } },
{ "type": "Feature", "properties": { "fid_1": 107.0, "contract_i": "BIP/NCB/P107/078/79", "contractor": "Amar-Menka JV, Bardiya", "project_na": "Babai Irrigation Project", "chainage_s": "1+650", "chainage_e": "5+400", "contract_a": "205998408.8\n", "start_date": "2080-11-01\n", "completion": "2083-01-25\n", "progress_p": "75", "status": "Normal", "delay_reas": null, "supervisio": null, "remarks": "Uttar Kulo Main Canal", "Photo": null, "Shape_Leng": 0.04705008625, "id": 0, "contact_id": null, "Contract_1": null, "project__1": null, "Progress__": 0, "X_co_ord": 0.0, "Y_co_ord": 0.0, "layer": null, "path": null }, "geometry": { "type": "MultiLineString", "coordinates": [ [ [ 81.341734870068251, 28.432213274123342 ], [ 81.341670871613474, 28.432230728165621 ], [ 81.341565178790006, 28.432295695190248 ], [ 81.341438152248998, 28.432401388913036 ], [ 81.341394517143328, 28.432439206304366 ], [ 81.341328580649531, 28.432569141252941 ], [ 81.341173434106736, 28.43270877269174 ], [ 81.341119133041616, 28.432753377266579 ], [ 81.340581938305888, 28.433356508496104 ], [ 81.340496607932153, 28.433449596421781 ], [ 81.339701482237672, 28.434112847330084 ], [ 81.33859994313292, 28.434857549836124 ], [ 81.336571404446829, 28.436928754158714 ], [ 81.335818944388848, 28.437628852089915 ], [ 81.335813126674509, 28.437729697567534 ], [ 81.335828640879129, 28.437815027941213 ], [ 81.335873245453968, 28.437987628526287 ], [ 81.335844155983068, 28.438123381189143 ], [ 81.33576852209967, 28.438210651400482 ], [ 81.335675434173993, 28.43828434544622 ], [ 81.335559074491755, 28.438458884969634 ], [ 81.335481500770697, 28.438548095018632 ], [ 81.335400049172961, 28.438804086139726 ], [ 81.335217752097662, 28.439459579496031 ], [ 81.335078120658807, 28.439599210934887 ], [ 81.334674739647596, 28.439971562637538 ], [ 81.334504078900181, 28.440347792216869 ], [ 81.334241243938322, 28.440609080344814 ], [ 81.334189907038649, 28.440712386367579 ], [ 81.334126887046239, 28.440790377374071 ], [ 81.334040579109512, 28.440894683442934 ], [ 81.333959127511775, 28.440976135040671 ], [ 81.333877675014776, 28.44110025227485 ], [ 81.333780709212419, 28.441348486743323 ], [ 81.333753558679859, 28.441390182011332 ], [ 81.333584836870784, 28.44146581589473 ], [ 81.333440356287497, 28.44152302626668 ], [ 81.333348238730309, 28.441690778606585 ], [ 81.333148487612675, 28.441838167597382 ], [ 81.332884738939583, 28.442032100101414 ], [ 81.33262874691917, 28.442175611215532 ], [ 81.332551174097489, 28.44222603350471 ], [ 81.332345605265516, 28.442425784622287 ], [ 81.332266092606119, 28.442611960473641 ], [ 81.332262213830177, 28.44268371558104 ], [ 81.33225057750218, 28.442794256649677 ], [ 81.332281606810739, 28.442939706702134 ], [ 81.332231184521618, 28.443226727131787 ], [ 81.332246698726237, 28.443420660535082 ], [ 81.332289364362737, 28.443672773779554 ], [ 81.332304878567356, 28.44391712857265 ], [ 81.332269971382118, 28.444196392349681 ], [ 81.332285485586738, 28.4442545721908 ], [ 81.33219627643706, 28.444471777350714 ], [ 81.332134217819942, 28.444588137032952 ], [ 81.332095430959441, 28.444747162351689 ], [ 81.332087674306763, 28.444853825543646 ], [ 81.332051796753092, 28.444944973631664 ], [ 81.331994586381086, 28.445037092088171 ], [ 81.331866590370907, 28.445174784588687 ], [ 81.33180259281545, 28.445236843205805 ], [ 81.331469027973299, 28.445306658475545 ], [ 81.331333274411122, 28.445527742411457 ], [ 81.331193642972323, 28.445601436457196 ], [ 81.331007467120969, 28.445803127412432 ], [ 81.330770868980494, 28.446055239757584 ], [ 81.330317065680106, 28.446485771301354 ], [ 81.330099861419512, 28.446687461357328 ], [ 81.329781810781981, 28.446842607900066 ], [ 81.329440489287208, 28.447075327264599 ], [ 81.329021594071378, 28.447315804181073 ], [ 81.328850932424643, 28.447571796201487 ], [ 81.328688029229227, 28.447719185192284 ], [ 81.328532882686432, 28.44780451556602 ], [ 81.328408765452195, 28.448021720725876 ], [ 81.328271072951736, 28.448083778443674 ], [ 81.328102351142661, 28.448258318866351 ], [ 81.327947204599866, 28.448446433656045 ], [ 81.327857995450188, 28.448541460520062 ], [ 81.327724181725671, 28.44872375759536 ], [ 81.327600065390754, 28.448948720307271 ], [ 81.327530249221695, 28.44908835174607 ], [ 81.32740225321146, 28.449290041802044 ], [ 81.327247106668722, 28.449476217653398 ], [ 81.327060931716687, 28.449716694569872 ], [ 81.326735123527214, 28.449995958346847 ], [ 81.326634278948859, 28.450077409944583 ], [ 81.326296835330766, 28.449980443242907 ], [ 81.325420258038548, 28.449619727868196 ], [ 81.324838459627244, 28.449348221643163 ], [ 81.324210116803499, 28.449154289139187 ], [ 81.323878490899688, 28.449185318447746 ], [ 81.323527472914577, 28.449136835096908 ], [ 81.323277298608502, 28.449134895259249 ], [ 81.323118274189085, 28.449183378610087 ], [ 81.323007732221129, 28.449242528819696 ], [ 81.322805072695985, 28.449388947442003 ], [ 81.32262277562063, 28.449544093984798 ], [ 81.322512233652731, 28.449662393504696 ], [ 81.322329936577376, 28.449782631962933 ], [ 81.322112731417462, 28.44987571988861 ], [ 81.321878072215327, 28.449951353772008 ], [ 81.321624020032573, 28.449997897285186 ], [ 81.321453359285158, 28.450017290265805 ], [ 81.321247790453242, 28.450100681701144 ], [ 81.320814350501905, 28.450231587018152 ], [ 81.320462362148362, 28.450337279841619 ], [ 81.320249035764448, 28.450445882871236 ], [ 81.319930986026236, 28.45067472345977 ], [ 81.319473303949849, 28.450860899311124 ], [ 81.318627755966247, 28.451233250114456 ], [ 81.3182243758543, 28.451341853144072 ], [ 81.317828752395087, 28.451434941069749 ], [ 81.317584396702614, 28.451489242134869 ], [ 81.317246953084464, 28.451496998787491 ], [ 81.317058838294827, 28.451489242134869 ], [ 81.316948296326871, 28.45150087756349 ], [ 81.316758241699574, 28.451590086713168 ], [ 81.316624427975, 28.451611419531446 ], [ 81.316453767227642, 28.451593965489167 ], [ 81.316244319619727, 28.45154160336233 ], [ 81.31609693062893, 28.45150087756349 ], [ 81.315883604245016, 28.45148536335887 ], [ 81.315755608234781, 28.451448516336029 ], [ 81.315635369776544, 28.451400032985191 ], [ 81.315553918178864, 28.451305005221855 ], [ 81.31540459024967, 28.451202220805897 ], [ 81.315187869824399, 28.450947199153973 ], [ 81.315083146470101, 28.450865262821651 ], [ 81.314896970618747, 28.45081483963321 ], [ 81.314693340725171, 28.450797385590931 ], [ 81.314532376468037, 28.450789628938253 ], [ 81.31441019907146, 28.450779932447972 ], [ 81.314233719710444, 28.450826475961151 ], [ 81.314163903541385, 28.45084393000343 ], [ 81.313857490131113, 28.450795446652592 ], [ 81.313114726563413, 28.45078768910065 ], [ 81.312626015178523, 28.450865262821651 ], [ 81.312172211878135, 28.450876898250328 ], [ 81.311748468417136, 28.450939926336559 ], [ 81.311492477296042, 28.450901140375379 ], [ 81.310941707294035, 28.451017500057617 ], [ 81.310553841386707, 28.451110587983294 ], [ 81.310243548301173, 28.451265734526089 ], [ 81.310065130001817, 28.451413123516886 ], [ 81.309809138880723, 28.451568269160362 ], [ 81.309460059833953, 28.451762202563657 ], [ 81.309242854674039, 28.451894077349834 ], [ 81.309072193926681, 28.45203370878869 ], [ 81.308746385737152, 28.452274185705164 ], [ 81.308187859082466, 28.452739624434173 ], [ 81.307885323548874, 28.453003374006585 ], [ 81.307714662801516, 28.453298151988179 ], [ 81.307598303119278, 28.453445540978976 ], [ 81.307280252481746, 28.453654988586891 ], [ 81.306938930986917, 28.453833406886247 ], [ 81.306752755135619, 28.454035096942221 ], [ 81.30719492210801, 28.454267816306754 ] ] ] } },
{ "type": "Feature", "properties": { "fid_1": 101.0, "contract_i": "BIP/WORKS/NCB-01/080/081", "contractor": "Swachchhanda Nirman Sewa Pvt. Ltd, Kathmandu", "project_na": "Babai IP", "chainage_s": "27+975", "chainage_e": "32+000", "contract_a": "946,940,205.00 \n", "start_date": "2081-04-17", "completion": "2083-10-09", "progress_p": "78.94", "status": "Normal", "delay_reas": null, "supervisio": null, "remarks": "Western Main Canal", "Photo": null, "Shape_Leng": 0.03855402482, "id": 0, "contact_id": null, "Contract_1": null, "project__1": null, "Progress__": 0, "X_co_ord": 0.0, "Y_co_ord": 0.0, "layer": null, "path": null }, "geometry": { "type": "MultiLineString", "coordinates": [ [ [ 81.298895073548863, 28.247343441646592 ], [ 81.299848360313661, 28.246597192306638 ], [ 81.300016721494558, 28.246442482834368 ], [ 81.300180532105912, 28.246242269465199 ], [ 81.300289739479979, 28.246078458853844 ], [ 81.300403497423531, 28.245841842726918 ], [ 81.300567308034886, 28.245423215509049 ], [ 81.300922230876324, 28.244545007745955 ], [ 81.301363610042642, 28.243466586613749 ], [ 81.302264569754129, 28.241232390062805 ], [ 81.302341924040604, 28.241064028881851 ], [ 81.302391977607726, 28.240950271837619 ], [ 81.302510285221558, 28.240754609038049 ], [ 81.302765101828072, 28.240463389673721 ], [ 81.302928913338746, 28.240349632629488 ], [ 81.30324743432169, 28.24014941926032 ], [ 81.303711564537139, 28.239967407270058 ], [ 81.304202996371259, 28.239785395279796 ], [ 81.305190411508363, 28.23941682072973 ], [ 81.306337086687279, 28.238979992132954 ], [ 81.309344834196793, 28.237860618572768 ], [ 81.310732675172858, 28.237300931792618 ], [ 81.312379883325036, 28.2366411387776 ], [ 81.314090795853588, 28.235940392435225 ], [ 81.315392181404093, 28.235426208652655 ], [ 81.315738004005766, 28.23528514998975 ], [ 81.315974619233373, 28.235144090427468 ], [ 81.316993886558691, 28.234338687280626 ], [ 81.32154418541586, 28.230712099184075 ], [ 81.321908209396383, 28.230411779580038 ], [ 81.322117523005318, 28.230202465971104 ], [ 81.322208529000477, 28.230029555119927 ], [ 81.322335936854074, 28.229829341750758 ], [ 81.322499748364748, 28.229274205540207 ], [ 81.323054884575299, 28.226926251045711 ], [ 81.323652110856301, 28.224342818965965 ], [ 81.324179945448179, 28.222122273224386 ] ] ] } },
{ "type": "Feature", "properties": { "fid_1": 102.0, "contract_i": "BIP/WORKS/NCB-01/080/081", "contractor": "Swachchhanda Nirman Sewa Pvt. Ltd, Kathmandu", "project_na": "Babai IP", "chainage_s": "0+000", "chainage_e": "3+500", "contract_a": "946,940,205.00 \n", "start_date": "2081-04-17", "completion": "2083-10-09", "progress_p": "78.94", "status": "Normal", "delay_reas": null, "supervisio": null, "remarks": "Sonapur Branch", "Photo": null, "Shape_Leng": 0.03240536606, "id": 0, "contact_id": null, "Contract_1": null, "project__1": null, "Progress__": 0, "X_co_ord": 0.0, "Y_co_ord": 0.0, "layer": null, "path": null }, "geometry": { "type": "MultiLineString", "coordinates": [ [ [ 81.299849497956018, 28.246598329948995 ], [ 81.299394467980392, 28.245913510600076 ], [ 81.298211390942981, 28.244157095073945 ], [ 81.298129485187644, 28.244016035511663 ], [ 81.298106734138514, 28.243897727897888 ], [ 81.298124934618102, 28.243774869714514 ], [ 81.298174988185224, 28.24365201153114 ], [ 81.298534461596205, 28.243265236501486 ], [ 81.29989955152314, 28.241777288391177 ], [ 81.303740003798168, 28.237641067081654 ], [ 81.30390381440958, 28.237404451854047 ], [ 81.303867412551085, 28.237131433868626 ], [ 81.303448784433897, 28.233400188967607 ], [ 81.30321216920629, 28.231834885671503 ], [ 81.303239470824963, 28.231707477817906 ], [ 81.304408897952328, 28.23028778375425 ], [ 81.305942348160897, 28.228454013941644 ], [ 81.306006052537327, 28.228331155758269 ], [ 81.305996952297562, 28.228021735015091 ], [ 81.304813874360889, 28.219148653187858 ], [ 81.304822974600654, 28.218984841677127 ], [ 81.305341708952767, 28.218238593236549 ] ] ] } },
{ "type": "Feature", "properties": { "fid_1": 103.0, "contract_i": "BIP/WORKS/NCB-01/080/081", "contractor": "Swachchhanda Nirman Sewa Pvt. Ltd, Kathmandu", "project_na": "Babai IP", "chainage_s": "0+000", "chainage_e": "2+500", "contract_a": "946,940,205.00 \n", "start_date": "2081-04-17", "completion": "2083-10-09", "progress_p": "78.94", "status": "Normal", "delay_reas": null, "supervisio": null, "remarks": "Hasanpur Branch", "Photo": null, "Shape_Leng": 0.02281730993, "id": 0, "contact_id": null, "Contract_1": null, "project__1": null, "Progress__": 0, "X_co_ord": 0.0, "Y_co_ord": 0.0, "layer": null, "path": null }, "geometry": { "type": "MultiLineString", "coordinates": [ [ [ 81.315381943521913, 28.235422796624789 ], [ 81.313716533990885, 28.229621165784238 ], [ 81.313607326616875, 28.229211638806134 ], [ 81.314085107641688, 28.226426855714863 ], [ 81.314562889565764, 28.22371032756962 ], [ 81.314399078954409, 28.223450960393563 ], [ 81.313238752066809, 28.221485231258441 ], [ 81.313170498020099, 28.221280467319787 ], [ 81.313798438846959, 28.21979252010874 ], [ 81.314958765734502, 28.217226151765544 ], [ 81.314508285429099, 28.213717871282768 ] ] ] } },
{ "type": "Feature", "properties": { "fid_1": 104.0, "contract_i": "BIP/WORKS/NCB-01/080/081", "contractor": "Swachchhanda Nirman Sewa Pvt. Ltd, Kathmandu", "project_na": "Babai IP", "chainage_s": "0+000", "chainage_e": "4+100", "contract_a": "946,940,205.00 \n", "start_date": "2081-04-17", "completion": "2083-10-09", "progress_p": "78.94", "status": "Normal", "delay_reas": null, "supervisio": null, "remarks": "Suhelwa Branch", "Photo": null, "Shape_Leng": 0.04051558947, "id": 0, "contact_id": null, "Contract_1": null, "project__1": null, "Progress__": 0, "X_co_ord": 0.0, "Y_co_ord": 0.0, "layer": null, "path": null }, "geometry": { "type": "MultiLineString", "coordinates": [ [ [ 81.309364173218057, 28.237868582069439 ], [ 81.320303091314656, 28.241363211742851 ], [ 81.324088939453077, 28.242582691538018 ], [ 81.324507567570265, 28.242637294775363 ], [ 81.324980798025479, 28.242473484164009 ], [ 81.325326621526415, 28.242000252809476 ], [ 81.327437959893984, 28.238760440641897 ], [ 81.328311617087536, 28.237213338724644 ], [ 81.328602836451807, 28.237031326734382 ], [ 81.328909981010895, 28.236870929050212 ], [ 81.329203475659938, 28.236829976622175 ], [ 81.329666468232972, 28.236933495784228 ], [ 81.333483031816513, 28.240517993810442 ], [ 81.333953987886275, 28.24097529817152 ], [ 81.334240656681004, 28.241173236255918 ], [ 81.334493198002747, 28.241275617775614 ], [ 81.337694333027116, 28.241473555859955 ], [ 81.341352773311883, 28.240661327758119 ], [ 81.343222945882303, 28.240224499161343 ], [ 81.343782632662453, 28.240128942596698 ], [ 81.344260414586529, 28.240210848352035 ] ] ] } },
{ "type": "Feature", "properties": { "fid_1": 105.0, "contract_i": "BIP/WORKS/NCB-01/080/081", "contractor": "Swachchhanda Nirman Sewa Pvt. Ltd, Kathmandu", "project_na": "Babai IP", "chainage_s": "0+000", "chainage_e": "0+600", "contract_a": "946,940,205.00 \n", "start_date": "2081-04-17", "completion": "2083-10-09", "progress_p": "78.94", "status": "Normal", "delay_reas": null, "supervisio": null, "remarks": "Narayanpur Branch", "Photo": null, "Shape_Leng": 0.00553717368, "id": 0, "contact_id": null, "Contract_1": null, "project__1": null, "Progress__": 0, "X_co_ord": 0.0, "Y_co_ord": 0.0, "layer": null, "path": null }, "geometry": { "type": "MultiLineString", "coordinates": [ [ [ 81.299848929584471, 28.246594348650319 ], [ 81.300835207079217, 28.246935620682393 ], [ 81.300944413553907, 28.246968042141475 ], [ 81.301043383045737, 28.246974867096469 ], [ 81.301152590419747, 28.246968042141475 ], [ 81.301231082348636, 28.246942446536707 ], [ 81.301548465689223, 28.246816175426204 ], [ 81.302302678525848, 28.246493673144528 ], [ 81.302377758426871, 28.246442482834368 ], [ 81.303085898095787, 28.245809422167156 ], [ 81.303792331750742, 28.245190012309251 ], [ 81.304498766305073, 28.244560365468544 ] ] ] } },
{ "type": "Feature", "properties": { "fid_1": 106.0, "contract_i": "BIP/NCB/P115/078/79", "contractor": "Jayadevi S. S. Niraman Sewa, Nepalgunj Banke", "project_na": "Babai IP", "chainage_s": null, "chainage_e": null, "contract_a": "52,100,145.58 \n", "start_date": "2078-10-26", "completion": "2083-02-31", "progress_p": "17.15", "status": "Stressed", "delay_reas": "Contractor reason", "supervisio": null, "remarks": null, "Photo": null, "Shape_Leng": 0.00123267361, "id": 0, "contact_id": null, "Contract_1": null, "project__1": null, "Progress__": 0, "X_co_ord": 0.0, "Y_co_ord": 0.0, "layer": null, "path": null }, "geometry": { "type": "MultiLineString", "coordinates": [ [ [ 81.373444324196271, 28.288116962128129 ], [ 81.372737890541259, 28.287106795941952 ] ] ] } },
{ "type": "Feature", "properties": { "fid_1": 0.0, "contract_i": "BIP/WORKS/NCB-01/080/081", "contractor": "Swachchhanda Nirman Sewa Pvt. Ltd, Kathmandu", "project_na": "Babai IP", "chainage_s": "0+000", "chainage_e": "0+630", "contract_a": "946,940,205.00", "start_date": "2081-04-17", "completion": "2083-10-09", "progress_p": "78.94", "status": "Normal", "delay_reas": null, "supervisio": null, "remarks": "River Training works", "Photo": null, "Shape_Leng": 0.00679799784, "id": 0, "contact_id": null, "Contract_1": null, "project__1": null, "Progress__": 0, "X_co_ord": 0.0, "Y_co_ord": 0.0, "layer": null, "path": null }, "geometry": { "type": "MultiLineString", "coordinates": [ [ [ 81.32816968338426, 28.224164606611339 ], [ 81.325043071580524, 28.224221713561292 ], [ 81.323429797547192, 28.224450142260309 ], [ 81.322416146488024, 28.224678570060007 ], [ 81.321431049803152, 28.224864168546617 ] ] ] } },
{ "type": "Feature", "properties": { "fid_1": 0.0, "contract_i": "BIP/WORKS/NCB-01/080/081", "contractor": "Swachchhanda Nirman Sewa Pvt. Ltd, Kathmandu", "project_na": "Babai IP", "chainage_s": "0+000", "chainage_e": "0+630", "contract_a": "946,940,205.00", "start_date": "2081-04-17", "completion": "2083-10-09", "progress_p": "78.94", "status": "Normal", "delay_reas": null, "supervisio": null, "remarks": "River Training Works", "Photo": null, "Shape_Leng": 0.00639282051, "id": 0, "contact_id": null, "Contract_1": null, "project__1": null, "Progress__": 0, "X_co_ord": 0.0, "Y_co_ord": 0.0, "layer": null, "path": null }, "geometry": { "type": "MultiLineString", "coordinates": [ [ [ 81.327912702109586, 28.224478695735286 ], [ 81.32457193834432, 28.224678570060007 ], [ 81.322901557361035, 28.224878445284048 ], [ 81.321559541339809, 28.225121149821234 ] ] ] } },
{ "type": "Feature", "properties": { "fid_1": 6.0, "contract_i": "BIP/NCB-1/082-083", "contractor": "M/S Shan Nirman Sewa Pvt. Ltd., Bagmati-5,Sarlahi", "project_na": "Bagmati Irrigation project, Karmaiya, Sarlahi", "chainage_s": "4+900", "chainage_e": "5+500", "contract_a": "10698733.56", "start_date": "2082/12/24", "completion": "2083/03/15", "progress_p": "Site is possessed by the contractor.", "status": "Normal", "delay_reas": null, "supervisio": null, "remarks": null, "Photo": null, "Shape_Leng": 0.0, "id": 0, "contact_id": null, "Contract_1": null, "project__1": null, "Progress__": 0, "X_co_ord": 0.0, "Y_co_ord": 0.0, "layer": null, "path": null }, "geometry": { "type": "MultiLineString", "coordinates": [ [ [ 85.480414483775903, 27.064100476894485 ], [ 85.478129617074316, 27.058978849872585 ], [ 85.478129617074316, 27.058978849872585 ], [ 85.478129617074316, 27.058978849872585 ] ] ] } },
{ "type": "Feature", "properties": { "fid_1": 7.0, "contract_i": "BIP/NCB-02/082-083", "contractor": "M/S Aakar Sindhu Construction and Suppliers, Kathmandu-32, Koteshwar", "project_na": "Bagmati Irrigation Project", "chainage_s": null, "chainage_e": null, "contract_a": "8384519.80", "start_date": "2082/12/24", "completion": "2083/03/15", "progress_p": "Site is possesseb by the contractor.", "status": "Normal", "delay_reas": null, "supervisio": null, "remarks": null, "Photo": null, "Shape_Leng": 0.0, "id": 0, "contact_id": null, "Contract_1": null, "project__1": null, "Progress__": 0, "X_co_ord": 0.0, "Y_co_ord": 0.0, "layer": null, "path": null }, "geometry": { "type": "MultiLineString", "coordinates": [ [ [ 85.501951894945833, 26.999302470839847 ], [ 85.501843414627658, 26.998336996008081 ], [ 85.502049527232188, 26.997881378671739 ], [ 85.50178917446857, 26.997187104635412 ] ] ] } },
{ "type": "Feature", "properties": { "fid_1": 8.0, "contract_i": "BIP/NCB-02/082-083", "contractor": "M/S Aakar Sindhu Construction and Suppliers, Kathmandu-32, Koteshwar", "project_na": "Bagmati Irrigation Project", "chainage_s": null, "chainage_e": null, "contract_a": "8384519.84", "start_date": "2082/12/24", "completion": "2083/03/15", "progress_p": "The site is possessed by the contractor.", "status": "Normal", "delay_reas": null, "supervisio": null, "remarks": null, "Photo": null, "Shape_Leng": 0.0, "id": 0, "contact_id": null, "Contract_1": null, "project__1": null, "Progress__": 0, "X_co_ord": 0.0, "Y_co_ord": 0.0, "layer": null, "path": null }, "geometry": { "type": "MultiLineString", "coordinates": [ [ [ 85.51112932986355, 26.994052023440112 ], [ 85.51155579311434, 26.990108085872397 ], [ 85.511460872835926, 26.989674164599691 ] ] ] } },
{ "type": "Feature", "properties": { "fid_1": 9.0, "contract_i": "BIP/NCB-04/082-083", "contractor": "M/S Chand Nirman Sewa and Suppliers Pvt. Ltd., Bhatoliya-3, Mahottari", "project_na": "Bagmati Irrigation Project", "chainage_s": null, "chainage_e": null, "contract_a": "10493536.82", "start_date": "2082/12/25", "completion": "2083/03/15", "progress_p": "The site is possessed by the contractor.", "status": "Normal", "delay_reas": null, "supervisio": null, "remarks": null, "Photo": null, "Shape_Leng": 0.0, "id": 0, "contact_id": null, "Contract_1": null, "project__1": null, "Progress__": 0, "X_co_ord": 0.0, "Y_co_ord": 0.0, "layer": null, "path": null }, "geometry": { "type": "MultiLineString", "coordinates": [ [ [ 85.343354347774039, 26.98074081039784 ], [ 85.342638377674078, 26.977714209520723 ] ] ] } },
{ "type": "Feature", "properties": { "fid_1": 10.0, "contract_i": "BIP/NCB-05/082-083", "contractor": "M/S Archana Construction, Birgunj-16, Parsa", "project_na": "Bagmati Irrigation Project, Karmaiya, Sarlahi", "chainage_s": "5+300", "chainage_e": "5+800", "contract_a": "10651067.45", "start_date": "2082/12/24", "completion": "2083/03/15", "progress_p": "The site is possessed by the contractor.", "status": "Normal", "delay_reas": null, "supervisio": null, "remarks": null, "Photo": null, "Shape_Leng": 0.0, "id": 0, "contact_id": null, "Contract_1": null, "project__1": null, "Progress__": 0, "X_co_ord": 0.0, "Y_co_ord": 0.0, "layer": null, "path": null }, "geometry": { "type": "MultiLineString", "coordinates": [ [ [ 85.251571862573059, 27.056205143737145 ], [ 85.251457958238959, 27.053292447194107 ] ] ] } },
{ "type": "Feature", "properties": { "fid_1": 11.0, "contract_i": "BIP/NCB-03/082-083", "contractor": "M/S Namo Nirman Sewa Pvt. Ltd.", "project_na": "Bagmati Irrigation Project, Karmaiya, Sarlahi", "chainage_s": "Bishnupur Sub-BC(0+000)", "chainage_e": "0+500", "contract_a": "11288451.88", "start_date": "2082/12/24", "completion": "2083/03/15", "progress_p": "The site is possessed by the contractor.", "status": "Normal", "delay_reas": null, "supervisio": null, "remarks": null, "Photo": null, "Shape_Leng": 0.0, "id": 0, "contact_id": null, "Contract_1": null, "project__1": null, "Progress__": 0, "X_co_ord": 0.0, "Y_co_ord": 0.0, "layer": null, "path": null }, "geometry": { "type": "MultiLineString", "coordinates": [ [ [ 85.541599417233073, 26.898707993792986 ], [ 85.540829206974024, 26.896240066554483 ] ] ] } },
{ "type": "Feature", "properties": { "fid_1": 12.0, "contract_i": "BIP/WORKS/BHALOHIYA/NCB-01/081/082", "contractor": "M/S Arun and Rustam Nirman Sewa Pvt. Ltd., Brindawan-1, Rautahat", "project_na": "Bagmati Irrigation Project", "chainage_s": null, "chainage_e": null, "contract_a": "6033999.33", "start_date": "2082/03/04", "completion": "2083/03/03", "progress_p": "25", "status": "Stressed", "delay_reas": "Social Issues , Land Dispute issues", "supervisio": null, "remarks": null, "Photo": null, "Shape_Leng": 0.0, "id": 0, "contact_id": null, "Contract_1": null, "project__1": null, "Progress__": 0, "X_co_ord": 0.0, "Y_co_ord": 0.0, "layer": null, "path": null }, "geometry": { "type": "MultiLineString", "coordinates": [ [ [ 85.361112575859451, 27.018049903826647 ], [ 85.361326824487847, 27.018090583945963 ] ] ] } },
{ "type": "Feature", "properties": { "fid_1": 0.0, "contract_i": "DOWRI/MRTP/TSLISP/WORKS/NCB 04/077-78\n", "contractor": "A.M. Constuction, Gwarko Lalitpur .\n", "project_na": "Construction of Tolyani Solar Lift Irrigation Sub Project .\n", "chainage_s": "0+000", "chainage_e": "1+340", "contract_a": "19500000", "start_date": "2078-7-20", "completion": "2083-3-30", "progress_p": "87", "status": "Delayed", "delay_reas": "Community issue, Covid Pandemic and Flood.", "supervisio": null, "remarks": null, "Photo": null, "Shape_Leng": 0.0, "id": 0, "contact_id": null, "Contract_1": null, "project__1": null, "Progress__": 0, "X_co_ord": 0.0, "Y_co_ord": 0.0, "layer": null, "path": null }, "geometry": { "type": "MultiLineString", "coordinates": [ [ [ 81.085034128508966, 29.633926629653416 ], [ 81.087871892617301, 29.636540947768964 ], [ 81.09225143407582, 29.638261481913382 ], [ 81.094351826407973, 29.636853772158858 ], [ 81.094955130588474, 29.634775724425985 ], [ 81.093391008639003, 29.633211602476514 ], [ 81.090508555332121, 29.632228440108275 ], [ 81.088251750805028, 29.633144568678681 ], [ 81.087603757425953, 29.635468407003611 ], [ 81.087894237216574, 29.636518603169684 ] ] ] } },
{ "type": "Feature", "properties": { "fid_1": 8.0, "contract_i": "DOWRI/IRMPBaitadi/Works/NCB-4/081-82\n", "contractor": "SSNS-PKC-Aakansha J.V.,Surma-02,Bajhnag\n", "project_na": "Protection of Marmati Village at Marma Rural Municipality Darchula.\n", "chainage_s": "0+000", "chainage_e": "2+250", "contract_a": "71600000", "start_date": "2082-3-5", "completion": "2083-3-30", "progress_p": "73", "status": "Normal", "delay_reas": null, "supervisio": null, "remarks": "Project Progress is good. Within the final intended completion date, contract will bew finalised successfully.", "Photo": null, "Shape_Leng": 0.0, "id": 0, "contact_id": null, "Contract_1": null, "project__1": null, "Progress__": 0, "X_co_ord": 0.0, "Y_co_ord": 0.0, "layer": null, "path": null }, "geometry": { "type": "MultiLineString", "coordinates": [ [ [ 80.751195282704529, 29.737721871548345 ], [ 80.751077500507108, 29.737676570703179 ], [ 80.750760394590941, 29.737903074929005 ], [ 80.750243964956056, 29.738048037633536 ], [ 80.749827197180537, 29.738084278309667 ], [ 80.749437609912121, 29.73818394016903 ] ] ] } },
{ "type": "Feature", "properties": { "fid_1": 9.0, "contract_i": "DOWRI/MRTP/WORKS/NCB 18/075-76\n", "contractor": "Rajendra Nirman Sewa Pvt. Ltd Dhangadhi Kailali .\n", "project_na": "Construction of RCC Retaining wall with Counterfort and Gravity wall .\n", "chainage_s": "0+000", "chainage_e": "0+560", "contract_a": "85190000", "start_date": "2076-5-30", "completion": "2083-3-30", "progress_p": "98", "status": "Delayed", "delay_reas": "Covid EoT, Issues raised from Government of India due to border river Mahakali at Darchula.", "supervisio": null, "remarks": "Now, almost final stage of completion.", "Photo": null, "Shape_Leng": 0.0, "id": 0, "contact_id": null, "Contract_1": null, "project__1": null, "Progress__": 0, "X_co_ord": 0.0, "Y_co_ord": 0.0, "layer": null, "path": null }, "geometry": { "type": "MultiLineString", "coordinates": [ [ [ 80.552106773511113, 29.856613093653351 ], [ 80.551753094435554, 29.854829320924441 ] ] ] } },
{ "type": "Feature", "properties": { "fid_1": 10.0, "contract_i": "DOWRI/MRTP/DSLISP/WORKS/NCB 01/077-78\n", "contractor": "Sunbridge Solar Nepal Pvt Ltd .\n", "project_na": "Construction of Dadiya Gokuleshwor Solar Lift Irrigation Project .\n", "chainage_s": "0+000", "chainage_e": "1+240", "contract_a": "88.79", "start_date": "2078-2-30", "completion": "2083-3-30", "progress_p": "40", "status": "Stressed", "delay_reas": "Arbitration Process takes time.", "supervisio": null, "remarks": "Final award of Arbitration decision was came in Chaitra 5, 2082. Now contractors is mobilizse.", "Photo": null, "Shape_Leng": 0.0, "id": 0, "contact_id": null, "Contract_1": null, "project__1": null, "Progress__": 0, "X_co_ord": 0.0, "Y_co_ord": 0.0, "layer": null, "path": null }, "geometry": { "type": "MultiLineString", "coordinates": [ [ [ 80.542191645447389, 29.664715375714877 ], [ 80.541880376816323, 29.665010261786417 ], [ 80.543330233334714, 29.663666891904963 ], [ 80.542748652471403, 29.662872337767762 ], [ 80.541315178512534, 29.662733086011755 ], [ 80.54219983672715, 29.661750132439959 ], [ 80.543567780447901, 29.662339904583039 ], [ 80.543510441489545, 29.663355623273894 ], [ 80.543428528691905, 29.663814334940731 ], [ 80.543428528691905, 29.663814334940731 ] ] ] } },
{ "type": "Feature", "properties": { "fid_1": 11.0, "contract_i": "DOWRI/MRTP/RSLISP/WORKS/NCB 02/077-78\n", "contractor": "Sunbridge Solar Nepal Pvt Ltd .\n", "project_na": "Construction of Raileshwor Solar Lift Irrigation Project .\n", "chainage_s": "0+000", "chainage_e": "0+890", "contract_a": "8259000", "start_date": "2078-2-25", "completion": "2083-3-30", "progress_p": "70", "status": "Delayed", "delay_reas": "Community debate, lack of ownership.", "supervisio": null, "remarks": null, "Photo": null, "Shape_Leng": 0.0, "id": 0, "contact_id": null, "Contract_1": null, "project__1": null, "Progress__": 0, "X_co_ord": 0.0, "Y_co_ord": 0.0, "layer": null, "path": null }, "geometry": { "type": "MultiLineString", "coordinates": [ [ [ 80.584872423030347, 29.518476086400646 ], [ 80.58463756894065, 29.519818109770355 ], [ 80.586097019355208, 29.5198516603546 ], [ 80.586097019355208, 29.5198516603546 ] ] ] } },
{ "type": "Feature", "properties": { "fid_1": 12.0, "contract_i": "DOWRI/MRTP/BSLISP/WORKS/NCB 03/077-78\n", "contractor": "Construction of  Bhat Gaun Chaur Solar Lift Irrigation Sub Project .\n", "project_na": "Cosmic Solution Pvt Ltd Banasthali Kathmandu .\n", "chainage_s": "0+000", "chainage_e": "0+690", "contract_a": "9799000", "start_date": "2078-4-15", "completion": "2082-7-30", "progress_p": "95", "status": "Stressed", "delay_reas": "Design discharge not achieved during the operation stage.", "supervisio": null, "remarks": null, "Photo": null, "Shape_Leng": 0.0, "id": 0, "contact_id": null, "Contract_1": null, "project__1": null, "Progress__": 0, "X_co_ord": 0.0, "Y_co_ord": 0.0, "layer": null, "path": null }, "geometry": { "type": "MultiLineString", "coordinates": [ [ [ 80.572734234828317, 29.500167529212142 ], [ 80.572734234828317, 29.500167529212142 ], [ 80.575250528646521, 29.502795658311161 ], [ 80.578214163587973, 29.505479705050586 ], [ 80.578325998868792, 29.505535622690992 ] ] ] } },
{ "type": "Feature", "properties": { "fid_1": 6.0, "contract_i": "BBDMP/NCB/LI-21/2077-78", "contractor": "K.B. Construction Company Pvt. Ltd.", "project_na": "Janajyoti Ma. Vi Lift Irrigation & Water Supply system Lekhbesi-4 and Janajyoti Ma. Vi. Fencing Work Lekhbesi-4 Surkhet", "chainage_s": null, "chainage_e": null, "contract_a": "67,84,789.65", "start_date": "2077/12/18", "completion": "2080/12/31", "progress_p": "89.10%", "status": "Stressed", "delay_reas": "Electricity Voltage Problem; Sump Well Washed Out in Flood", "supervisio": null, "remarks": null, "Photo": "D:\\2. MINOR PROJECT\\1. Social Projects- Anupa Miss\\kb construction 21\\EOT 2082\\jun-4.jpg", "Shape_Leng": 0.0, "id": 0, "contact_id": null, "Contract_1": null, "project__1": null, "Progress__": 0, "X_co_ord": 0.0, "Y_co_ord": 0.0, "layer": null, "path": null }, "geometry": { "type": "MultiLineString", "coordinates": [ [ [ 81.754517755262313, 28.481854310214139 ], [ 81.754049851878975, 28.482611311045069 ], [ 81.753309561883157, 28.483500327473447 ], [ 81.752213331099298, 28.484195498214433 ], [ 81.751760049696614, 28.48431957616522 ] ] ] } },
{ "type": "Feature", "properties": { "fid_1": 7.0, "contract_i": "BBDMP/NCB/SI-11/077-78", "contractor": "M/S San Tila Construction, Birendranagar-1, Surkhet", "project_na": "Construction of Canal and Canal Structures of Kolgadh Isp, Chaukune-8, Palgard ISP, Chaukune-9, Samaiche Bhyagute ISP, Panchapuri-5 & Khahare Khola ISP, Panchapuri-10, Surkhet \n", "chainage_s": null, "chainage_e": null, "contract_a": "85,34,522.22", "start_date": "2077/12/17", "completion": "2080/06/30", "progress_p": "91%", "status": "Stressed", "delay_reas": "Flood , Laandslide and Drought", "supervisio": null, "remarks": null, "Photo": null, "Shape_Leng": 0.0, "id": 0, "contact_id": null, "Contract_1": null, "project__1": null, "Progress__": 0, "X_co_ord": 0.0, "Y_co_ord": 0.0, "layer": null, "path": null }, "geometry": { "type": "MultiLineString", "coordinates": [ [ [ 81.322300263182498, 28.811999842533002 ], [ 81.337299999177176, 28.763399998378418 ] ] ] } },
{ "type": "Feature", "properties": { "fid_1": 8.0, "contract_i": "BBDMP/NCB/LIP-14/2077-78", "contractor": "K.B. Construction Bheriganga-11, Surkhet", "project_na": "Construction of Mohor Tol Lift ISP, Shreewani Goche Khola Lift IS & Bhalaya Damat Lift ISP Gurvakot-7 & Gurvakot-11", "chainage_s": null, "chainage_e": "1600", "contract_a": "11,128,480.85 \n", "start_date": "2077/12/17", "completion": "2080/04/30", "progress_p": "95%", "status": "Stressed", "delay_reas": "Electricity Voltage, Transformer Installation", "supervisio": null, "remarks": null, "Photo": null, "Shape_Leng": 0.0, "id": 0, "contact_id": null, "Contract_1": null, "project__1": null, "Progress__": 0, "X_co_ord": 0.0, "Y_co_ord": 0.0, "layer": null, "path": null }, "geometry": { "type": "MultiLineString", "coordinates": [ [ [ 81.841448406017292, 28.417172753844515 ], [ 81.841733283810981, 28.417408477110921 ], [ 81.844003879189785, 28.420801430099271 ] ] ] } },
{ "type": "Feature", "properties": { "fid_1": 9.0, "contract_i": "BBDMP/Social/NCB-41/SI/078/79", "contractor": "B. Seven Construction P. Ltd., Nepalgunj-2, Banke", "project_na": "Rehabilitation of Oila Khola Tallo Bharleni ISP, Bheriganga-5, Surkhet\n", "chainage_s": null, "chainage_e": null, "contract_a": "94,67,819.42\n", "start_date": "2079/01/28", "completion": "2081/03/31", "progress_p": "91%", "status": "Stressed", "delay_reas": "निर्माण व्यवसायी र स्थानीय उपभोक्ता विच समन्वय हुन नसक्दा कार्य सुचारु हुन नसकेको तथा ठेक्काको", "supervisio": null, "remarks": null, "Photo": null, "Shape_Leng": 0.0, "id": 0, "contact_id": null, "Contract_1": null, "project__1": null, "Progress__": 0, "X_co_ord": 0.0, "Y_co_ord": 0.0, "layer": null, "path": null }, "geometry": { "type": "MultiLineString", "coordinates": [ [ [ 81.752142583388064, 28.399514053374858 ], [ 81.752466774889484, 28.399708568275713 ], [ 81.752760708517442, 28.39989876062322 ], [ 81.752879578734635, 28.399967921476858 ], [ 81.753277253643063, 28.400045727437199 ], [ 81.753517155354118, 28.400058695097258 ], [ 81.753599283867814, 28.400037082330496 ] ] ] } },
{ "type": "Feature", "properties": { "fid_1": 10.0, "contract_i": "ICB-CIVIL-02/HWSSPH/BBDMP/2075-076", "contractor": "Guangdong Yuantian -Raman J/V, Siphal-7, Kathmandu", "project_na": "Construction of Civil Works\nfor Headworks, Surge Shaft, Penstock and Powerhouse", "chainage_s": null, "chainage_e": null, "contract_a": "6,16,52,15,775.89", "start_date": "2076/04/13", "completion": "2083/01/21", "progress_p": "46%", "status": "Delayed", "delay_reas": "Drawing, Contractor Financial Aspects, Low Manpower Mobilization", "supervisio": null, "remarks": null, "Photo": "E:\\Site Photo\\IMG-20250516-WA0011.jpg", "Shape_Leng": 0.0, "id": 0, "contact_id": null, "Contract_1": null, "project__1": null, "Progress__": 0, "X_co_ord": 0.0, "Y_co_ord": 0.0, "layer": null, "path": null }, "geometry": { "type": "MultiLineString", "coordinates": [ [ [ 81.777254121745131, 28.458968627015143 ], [ 81.720918013744082, 28.360664578356431 ] ] ] } },
{ "type": "Feature", "properties": { "fid_1": 11.0, "contract_i": "ICB-EM-01/TGS/BBDMP/2078-079", "contractor": "Zhejiang Orient Engineering Co.Ltd, HANGZHOU, China", "project_na": "Design, Manufacture, Supply, Transportation, Erection, Testing and Commissioning of Electromechanical Work", "chainage_s": null, "chainage_e": null, "contract_a": "3,28,80,22,460", "start_date": "2079/04/19", "completion": "2083/06/18", "progress_p": "58%", "status": "Delayed", "delay_reas": "Civil Contractor Low Work Progress", "supervisio": "NEAEC Co. Ltd.", "remarks": null, "Photo": null, "Shape_Leng": 0.0, "id": 0, "contact_id": null, "Contract_1": null, "project__1": null, "Progress__": 0, "X_co_ord": 0.0, "Y_co_ord": 0.0, "layer": null, "path": null }, "geometry": { "type": "MultiLineString", "coordinates": [ [ [ 81.720023877393189, 28.355331037382523 ], [ 81.720257284147962, 28.355530119614532 ], [ 81.720514718068657, 28.355210901552866 ], [ 81.720312203384367, 28.355004954416309 ], [ 81.720034174750026, 28.355337902287076 ] ] ] } },
{ "type": "Feature", "properties": { "fid_1": 6.0, "contract_i": "GWIPR/Works/NCB-01/082-83", "contractor": "Bhageshwar Builders, Dadeldhura.", "project_na": "Construction of Buried Pipeline Distribution System at shuddhan-03, Kapilvastu.", "chainage_s": null, "chainage_e": null, "contract_a": "2235686.59", "start_date": "2082/11/25", "completion": "2083/03/15", "progress_p": "15", "status": "Normal", "delay_reas": null, "supervisio": null, "remarks": "DTW", "Photo": null, "Shape_Leng": 0.0, "id": 0, "contact_id": null, "Contract_1": null, "project__1": null, "Progress__": 0, "X_co_ord": 0.0, "Y_co_ord": 0.0, "layer": null, "path": null }, "geometry": { "type": "MultiLineString", "coordinates": [ [ [ 83.21548936475665, 27.494048214834141 ], [ 83.215519196844156, 27.494053638850051 ], [ 83.215521908852111, 27.494054994854029 ] ] ] } },
{ "type": "Feature", "properties": { "fid_1": 7.0, "contract_i": "GWIPR/Works/NCB-02/082-83", "contractor": "Bhageshwar Builders.", "project_na": "Devdah-08, Bishalnagar, Rupandehi.", "chainage_s": null, "chainage_e": null, "contract_a": "2398059.27", "start_date": "2082/11/25", "completion": "2083/03/15", "progress_p": "10", "status": "Normal", "delay_reas": null, "supervisio": null, "remarks": null, "Photo": null, "Shape_Leng": 0.0, "id": 0, "contact_id": null, "Contract_1": null, "project__1": null, "Progress__": 0, "X_co_ord": 0.0, "Y_co_ord": 0.0, "layer": null, "path": null }, "geometry": { "type": "MultiLineString", "coordinates": [ [ [ 83.548813649860804, 27.63674531823068 ], [ 83.548804157832961, 27.63674531823068 ], [ 83.548775681749447, 27.636708706123294 ], [ 83.548815005864782, 27.636692434075567 ], [ 83.548840769940355, 27.636719554155114 ], [ 83.548815005864782, 27.636753454254546 ], [ 83.548802801828984, 27.63674531823068 ] ] ] } },
{ "type": "Feature", "properties": { "fid_1": 8.0, "contract_i": "GWIPR/Works/NCB-04/082-83", "contractor": "Gaurishankar Nirman Sewa, Dhangadhi, Kailali", "project_na": "Construction of Pump House and Buried Pipeline Distribution System at Bijaynagar-06,Juthpaniya ,Kapilvastu.", "chainage_s": null, "chainage_e": null, "contract_a": "2918629.04", "start_date": "2082/11/25", "completion": "2083/03/15", "progress_p": "10", "status": "Normal", "delay_reas": null, "supervisio": null, "remarks": null, "Photo": null, "Shape_Leng": 0.0, "id": 0, "contact_id": null, "Contract_1": null, "project__1": null, "Progress__": 0, "X_co_ord": 0.0, "Y_co_ord": 0.0, "layer": null, "path": null }, "geometry": { "type": "MultiLineString", "coordinates": [ [ [ 82.784164974995065, 27.608991419719295 ], [ 82.784163618991087, 27.608971079659639 ], [ 82.784192095074602, 27.608964299639755 ], [ 82.784182603046759, 27.60899413172725 ], [ 82.784171755014953, 27.60899413172725 ] ] ] } },
{ "type": "Feature", "properties": { "fid_1": 9.0, "contract_i": "GWIPR/Works/NCB-05/082-83", "contractor": "Bhageshwar Builders.", "project_na": "Construction of Pump House and Buried Pipeline Distribution System at Bijaynagar-06, Baddaur ,Kapilvastu.", "chainage_s": null, "chainage_e": null, "contract_a": "2931488.12", "start_date": "2082/11/25", "completion": "2083/03/15", "progress_p": "10", "status": null, "delay_reas": null, "supervisio": null, "remarks": null, "Photo": null, "Shape_Leng": 0.0, "id": 0, "contact_id": null, "Contract_1": null, "project__1": null, "Progress__": 0, "X_co_ord": 0.0, "Y_co_ord": 0.0, "layer": null, "path": null }, "geometry": { "type": "MultiLineString", "coordinates": [ [ [ 82.770623314035774, 27.619010188111368 ], [ 82.770578565904529, 27.619002052087502 ], [ 82.770579921908507, 27.618966795984097 ], [ 82.770625009040742, 27.618943065914497 ], [ 82.770630772057629, 27.618992221058665 ], [ 82.77062094102881, 27.619009510109379 ] ] ] } },
{ "type": "Feature", "properties": { "fid_1": 10.0, "contract_i": "GWIPR/Works/NCB-06/082-83", "contractor": "Gaurishankar Nirman Sewa, Dhangadhi, Kailali", "project_na": "Construction of Pump House with Overhead Tank and  Burried Pipeline Distribution System at Omsatiya-04, Madhuri, Rupandehi.", "chainage_s": null, "chainage_e": null, "contract_a": "3271874.82", "start_date": "2082/11/25", "completion": "2083/03/15", "progress_p": "10", "status": "Normal", "delay_reas": null, "supervisio": null, "remarks": null, "Photo": null, "Shape_Leng": 0.0, "id": 0, "contact_id": null, "Contract_1": null, "project__1": null, "Progress__": 0, "X_co_ord": 0.0, "Y_co_ord": 0.0, "layer": null, "path": null }, "geometry": { "type": "MultiLineString", "coordinates": [ [ [ 83.491856721068615, 27.516638875665926 ], [ 83.491845873036809, 27.516695827832965 ], [ 83.491855365064637, 27.516722947912509 ], [ 83.491890621168054, 27.516722947912509 ], [ 83.491920453255545, 27.516682267793193 ], [ 83.491897401187941, 27.516649723697743 ], [ 83.491863501088503, 27.51664565568581 ] ] ] } },
{ "type": "Feature", "properties": { "fid_1": 11.0, "contract_i": "GWIPR/Works/NCB-07/082-83", "contractor": "Gaurishankar Nirman Sewa, Dhangadhi, Kailali", "project_na": "Construction of Pump House with Overhead Tank and  Burried Pipeline Distribution System at Bardghat-02, Chisapani, West Nawalparasi.", "chainage_s": null, "chainage_e": null, "contract_a": "3394768.36", "start_date": "2082/11/25", "completion": "2083/03/15", "progress_p": "10", "status": "Normal", "delay_reas": null, "supervisio": null, "remarks": null, "Photo": null, "Shape_Leng": 0.0, "id": 0, "contact_id": null, "Contract_1": null, "project__1": null, "Progress__": 0, "X_co_ord": 0.0, "Y_co_ord": 0.0, "layer": null, "path": null }, "geometry": { "type": "MultiLineString", "coordinates": [ [ [ 83.782296764055687, 27.539218912316183 ], [ 83.782296086053691, 27.539132806063634 ], [ 83.782359818240622, 27.53910026196818 ], [ 83.782403888369871, 27.539138230079541 ], [ 83.782357784234648, 27.539186368220729 ], [ 83.782302188071597, 27.539213488300273 ] ] ] } },
{ "type": "Feature", "properties": { "fid_1": 12.0, "contract_i": "GWIPR/Works/NCB-08/082-83.", "contractor": "Gaurishankar Nirman Sewa, Dhangadhi, Kailali", "project_na": "NULLConstruction of Pump House with Overhead Tank and  Burried Pipeline Distribution System at pratapur-05, Khairetawa, West Nawalparasi.", "chainage_s": null, "chainage_e": null, "contract_a": "3419153.16", "start_date": "2082/11/25", "completion": "2083/03/15", "progress_p": "10", "status": "Normal", "delay_reas": null, "supervisio": null, "remarks": null, "Photo": null, "Shape_Leng": 0.0, "id": 0, "contact_id": null, "Contract_1": null, "project__1": null, "Progress__": 0, "X_co_ord": 0.0, "Y_co_ord": 0.0, "layer": null, "path": null }, "geometry": { "type": "MultiLineString", "coordinates": [ [ [ 83.766592868190955, 27.408033863936378 ], [ 83.766544052047777, 27.407963351729567 ], [ 83.766609140238685, 27.407913179582412 ], [ 83.766674228429594, 27.40794707968184 ], [ 83.766682364453459, 27.408002675844902 ], [ 83.766632192306304, 27.408036575944333 ], [ 83.766593207191931, 27.40803352493538 ] ] ] } },
{ "type": "Feature", "properties": { "fid_1": 13.0, "contract_i": "GWIPR/Works/NCB-03/082-83", "contractor": "Gaurishankar Nirman Sewa, Dhangadhi, Kailali", "project_na": "Construction of Pump House with Overhead Tank and Construction of Burried Pipeline Distribution System at Kotahimai-07, Parsahawa, Rupandehi", "chainage_s": null, "chainage_e": null, "contract_a": "3274201.47", "start_date": "2082/11/25", "completion": "2083/03/15", "progress_p": "15", "status": "Normal", "delay_reas": null, "supervisio": null, "remarks": null, "Photo": null, "Shape_Leng": 0.0, "id": 0, "contact_id": null, "Contract_1": null, "project__1": null, "Progress__": 0, "X_co_ord": 0.0, "Y_co_ord": 0.0, "layer": null, "path": null }, "geometry": { "type": "MultiLineString", "coordinates": [ [ [ 83.345498751433325, 27.414099967663631 ], [ 83.345413373405137, 27.414039700820204 ], [ 83.345491218077896, 27.414007056280013 ], [ 83.345569062750656, 27.414009567398487 ], [ 83.345496240314844, 27.414097456545157 ] ] ] } },
{ "type": "Feature", "properties": { "fid_1": 14.0, "contract_i": "GWIPR/E&M-works/NCB-09/082-83", "contractor": "Srawan Nirman Sewa. Dhangadhi-03", "project_na": "Electrification Work and Instillation of Pump at different Location of Kapilvastu District. (Jutpaniya, Baddour, Asuraina).", "chainage_s": null, "chainage_e": null, "contract_a": "4102666.9", "start_date": "2082/11/25", "completion": "2083/03/15", "progress_p": "5", "status": "Normal", "delay_reas": null, "supervisio": null, "remarks": null, "Photo": null, "Shape_Leng": 0.0, "id": 0, "contact_id": null, "Contract_1": null, "project__1": null, "Progress__": 0, "X_co_ord": 0.0, "Y_co_ord": 0.0, "layer": null, "path": null }, "geometry": { "type": "MultiLineString", "coordinates": [ [ [ 82.770690124917735, 27.619046521933097 ], [ 82.77075290287965, 27.619154500027573 ] ] ] } },
{ "type": "Feature", "properties": { "fid_1": 15.0, "contract_i": "GWIPR/E&M-works/NCB-10/082-83", "contractor": "Panthi Nirman Sewa, Gadhawa Balakhuti-06", "project_na": "Electrification work and Instillation of pump at different location of Rupandehi District.(Kotahimai-07, Parsahawa, Omsatiya-04, madhuri, Butwal-18, Pokharabari, devdah-08, Bishalnagar).", "chainage_s": null, "chainage_e": null, "contract_a": "4633567.89", "start_date": "2082/11/25", "completion": "2082/03/15", "progress_p": "5", "status": "Normal", "delay_reas": null, "supervisio": null, "remarks": null, "Photo": null, "Shape_Leng": 0.0, "id": 0, "contact_id": null, "Contract_1": null, "project__1": null, "Progress__": 0, "X_co_ord": 0.0, "Y_co_ord": 0.0, "layer": null, "path": null }, "geometry": { "type": "MultiLineString", "coordinates": [ [ [ 83.54889752121791, 27.636807322634667 ], [ 83.548847298848386, 27.63675710026514 ] ] ] } },
{ "type": "Feature", "properties": { "fid_1": 16.0, "contract_i": "GWIPR/E&M-works/NCB-11/082-83", "contractor": "Panthi Nirman Sewa, Gadhawa Balakhuti-06", "project_na": "Electrification and Instillation of pump at different location of West Nawalparasi.(Pratapur-05, khairetawa, Bardghat-02, Bisaiya, Srawal-01, Khokharpura, Srawal-02, Manari).", "chainage_s": null, "chainage_e": null, "contract_a": "4388539.46", "start_date": "2082/11/25", "completion": "2083/03/15", "progress_p": "5", "status": "Normal", "delay_reas": null, "supervisio": null, "remarks": null, "Photo": null, "Shape_Leng": 0.0, "id": 0, "contact_id": null, "Contract_1": null, "project__1": null, "Progress__": 0, "X_co_ord": 0.0, "Y_co_ord": 0.0, "layer": null, "path": null }, "geometry": { "type": "MultiLineString", "coordinates": [ [ [ 83.766724902800433, 27.407958881938669 ], [ 83.766697280497198, 27.408021659900577 ] ] ] } },
{ "type": "Feature", "properties": { "fid_1": 17.0, "contract_i": "GWIPR/DTW-work/NCB-12/082-83", "contractor": "Diyalo Drilling\nPvt.Ltd.", "project_na": "Construction of 150mm,200mm and 250/150mm diameter deep tube well and pump test work\nin Rupandehi and West Nawalparasi District.", "chainage_s": null, "chainage_e": null, "contract_a": "9918187", "start_date": "2082/12/23", "completion": "2083/03/15", "progress_p": "3", "status": "Normal", "delay_reas": null, "supervisio": null, "remarks": null, "Photo": null, "Shape_Leng": 0.0, "id": 0, "contact_id": null, "Contract_1": null, "project__1": null, "Progress__": 0, "X_co_ord": 0.0, "Y_co_ord": 0.0, "layer": null, "path": null }, "geometry": { "type": "MultiLineString", "coordinates": [ [ [ 83.254322240596792, 27.723702817654843 ], [ 83.254301523869373, 27.723688378723605 ], [ 83.254314707241363, 27.723669545335031 ], [ 83.254337307307651, 27.723679589808938 ], [ 83.254321612817179, 27.723703445434463 ] ] ] } },
{ "type": "Feature", "properties": { "fid_1": 18.0, "contract_i": "GWIPR/work/NCB-13/082-83", "contractor": "Chetana Builders and Architects, Bharatpur-11, Chitwan", "project_na": "Construction of Gabion retaining wall at suddhodhan-07, Rupandehi(well no 50)", "chainage_s": null, "chainage_e": null, "contract_a": "2274295.3", "start_date": "2082/12/17", "completion": "2083/03/15", "progress_p": "10", "status": "Normal", "delay_reas": null, "supervisio": null, "remarks": null, "Photo": null, "Shape_Leng": 0.0, "id": 0, "contact_id": null, "Contract_1": null, "project__1": null, "Progress__": 0, "X_co_ord": 0.0, "Y_co_ord": 0.0, "layer": null, "path": null }, "geometry": { "type": "MultiLineString", "coordinates": [ [ [ 83.356601141536927, 27.58893574062937 ], [ 83.356716652986833, 27.588913140563083 ], [ 83.356832164436739, 27.588905607207654 ], [ 83.356887409043225, 27.588905607207654 ] ] ] } },
{ "type": "Feature", "properties": { "fid_1": 19.0, "contract_i": "GWIPR/DTW-work/NCB-14/082-83", "contractor": "Life Legacy\nConstruction Pvt.\nLtd.", "project_na": "Construction of 250/150 mm dia deep Tubewell and pump\nTest work at Banganga-09, Kapilvastu.", "chainage_s": null, "chainage_e": null, "contract_a": "2145738.71", "start_date": "2082/11/23", "completion": "2083/03/15", "progress_p": "3", "status": "Normal", "delay_reas": null, "supervisio": null, "remarks": null, "Photo": null, "Shape_Leng": 0.0, "id": 0, "contact_id": null, "Contract_1": null, "project__1": null, "Progress__": 0, "X_co_ord": 0.0, "Y_co_ord": 0.0, "layer": null, "path": null }, "geometry": { "type": "MultiLineString", "coordinates": [ [ [ 83.616061837796209, 27.498767114739056 ], [ 83.616051793322313, 27.498711870132581 ], [ 83.615953859701733, 27.498767114739056 ], [ 83.61607188227012, 27.498739492435817 ] ] ] } },
{ "type": "Feature", "properties": { "fid_1": 20.0, "contract_i": "WIPR/E-work/NCB-15/082-83", "contractor": "Oli Nirman Sewa", "project_na": "DTW electrification work and Installation of Transformer\nand Accessories in Rupandehi and West Nawalparasi.", "chainage_s": null, "chainage_e": null, "contract_a": "1565654.86", "start_date": "2082/12/17", "completion": "2083/03/15", "progress_p": "5", "status": "Normal", "delay_reas": null, "supervisio": null, "remarks": null, "Photo": null, "Shape_Leng": 0.0, "id": 0, "contact_id": null, "Contract_1": null, "project__1": null, "Progress__": 0, "X_co_ord": 0.0, "Y_co_ord": 0.0, "layer": null, "path": null }, "geometry": { "type": "MultiLineString", "coordinates": [ [ [ 83.491948841449926, 27.516712602104381 ], [ 83.491873507895633, 27.516820580198857 ] ] ] } },
{ "type": "Feature", "properties": { "fid_1": 6.0, "contract_i": "PKIP-NCB-WORKS- 01/080/81", "contractor": "M/S Eco Engineering", "project_na": "Kundutar Irrigation Project", "chainage_s": "0+000", "chainage_e": "6+000", "contract_a": "32009059.8", "start_date": "2081/01/06", "completion": "2082/11/30", "progress_p": "55", "status": "Delayed", "delay_reas": "Immobility of Contractor", "supervisio": null, "remarks": "LD started", "Photo": null, "Shape_Leng": 0.0, "id": 0, "contact_id": null, "Contract_1": null, "project__1": null, "Progress__": 0, "X_co_ord": 0.0, "Y_co_ord": 0.0, "layer": null, "path": null }, "geometry": { "type": "MultiLineString", "coordinates": [ [ [ 84.591786814867447, 28.019273822323072 ], [ 84.590843351729788, 28.01876580371048 ] ] ] } },
{ "type": "Feature", "properties": { "fid_1": 0.0, "contract_i": "01/BCIRMP/NCB/W/2082/83", "contractor": "nATURAL- MPS joint venture", "project_na": "Construction of high tech tar irrigation project in karnali corridor, surkhet", "chainage_s": null, "chainage_e": null, "contract_a": "192 lakhs", "start_date": "2082/10/12", "completion": "2083/3/25", "progress_p": "10", "status": "Normal", "delay_reas": null, "supervisio": null, "remarks": null, "Photo": null, "Shape_Leng": 0.0, "id": 0, "contact_id": null, "Contract_1": null, "project__1": null, "Progress__": 0, "X_co_ord": 0.0, "Y_co_ord": 0.0, "layer": null, "path": null }, "geometry": { "type": "MultiLineString", "coordinates": [ [ [ 81.260395978989465, 28.762649696947289 ], [ 81.260104063474444, 28.762376819400632 ], [ 81.259869261864523, 28.76193894612809 ], [ 81.259951759727471, 28.761336077129659 ], [ 81.259755034054294, 28.761259925256173 ] ] ] } },
{ "type": "Feature", "properties": { "fid_1": 8.0, "contract_i": "19/BCIRMP/NCB/W/2081/82", "contractor": "M/S Janachahana/Oli J.V, Bheri-2,Jajarkot", "project_na": "Construction of Subbakuna Lift Irrigation System Birendranagar-12,Surkhet Chadani Chowk Lift Irrigation System Birendranagar-09,Surkhet, Bheri Ghatgaun-I Lift Irrigation System Chaukune-09,10 Surkhet & Bheri Ghatgaun-III Lift Irrigation System Chaukune-0", "chainage_s": null, "chainage_e": null, "contract_a": "394.57198 lakh", "start_date": "2/14/2082", "completion": "3/20/2083", "progress_p": "33", "status": "Normal", "delay_reas": null, "supervisio": null, "remarks": null, "Photo": null, "Shape_Leng": 0.0, "id": 0, "contact_id": null, "Contract_1": null, "project__1": null, "Progress__": 0, "X_co_ord": 0.0, "Y_co_ord": 0.0, "layer": null, "path": null }, "geometry": { "type": "MultiLineString", "coordinates": [ [ [ 81.277721694612467, 28.761049873364186 ], [ 81.279352289395106, 28.757812413868553 ] ] ] } },
{ "type": "Feature", "properties": { "fid_1": 10.0, "contract_i": "05/BCIRMP/NCB/RTW/2081/82\n", "contractor": "M/S Subha N.S/OBE/Himalayan JV, Simikot-6, Humla\n", "project_na": "Construction of River Training Work at Baggad Khola\n", "chainage_s": "0+000", "chainage_e": "0+800", "contract_a": "315.37 \nLakh", "start_date": "11/19/2081\n", "completion": "11/16/2083\n", "progress_p": "27", "status": "Normal", "delay_reas": null, "supervisio": null, "remarks": null, "Photo": null, "Shape_Leng": 0.0, "id": 0, "contact_id": null, "Contract_1": null, "project__1": null, "Progress__": 0, "X_co_ord": 0.0, "Y_co_ord": 0.0, "layer": null, "path": null }, "geometry": { "type": "MultiLineString", "coordinates": [ [ [ 81.32760235480194, 28.764006630395333 ], [ 81.32799866117243, 28.764372451660392 ], [ 81.329157095178445, 28.768183089838104 ], [ 81.329400976021816, 28.768808034499248 ] ] ] } },
{ "type": "Feature", "properties": { "fid_1": 11.0, "contract_i": "BBDMP/BCIDP/NCB-47/LI/078-79\n", "contractor": "M/S G.U.P Pvt.Ltd,Tripureshwor Na.Pa.-11,Kathmandu\n", "project_na": "Construction of Bheri Khaireni Sundarkhali Lift ISP, Gurbhakot-8, Mehelkuna, Surkhet\n", "chainage_s": "0", "chainage_e": "0", "contract_a": "76.59 \nLakh", "start_date": "11/16/2078\n", "completion": "11/16/2078\n", "progress_p": "74", "status": "Delayed", "delay_reas": "Delayed", "supervisio": null, "remarks": null, "Photo": null, "Shape_Leng": 0.0, "id": 0, "contact_id": null, "Contract_1": null, "project__1": null, "Progress__": 0, "X_co_ord": 0.0, "Y_co_ord": 0.0, "layer": null, "path": null }, "geometry": { "type": "MultiLineString", "coordinates": [ [ [ 81.850621894574559, 28.440635979158479 ], [ 81.850627784442125, 28.440642256836423 ], [ 81.850634072278822, 28.4406481358576 ], [ 81.850640731159146, 28.440653591047155 ], [ 81.850647732568774, 28.440658599045115 ], [ 81.850655046526583, 28.440663138406464 ], [ 81.850662641713072, 28.44066718969297 ], [ 81.85067048560451, 28.440670735556399 ], [ 81.850678544612137, 28.44067376081281 ], [ 81.850686784226042, 28.4406762525076 ], [ 81.850695169162947, 28.440678199970947 ], [ 81.850703663517251, 28.440679594863514 ], [ 81.850712230914809, 28.440680431212161 ], [ 81.850720834668763, 28.440680705435504 ], [ 81.850729437936465, 28.440680416359289 ], [ 81.850738003877439, 28.440679565221377 ], [ 81.850746495810967, 28.440678155666468 ], [ 81.850754877373333, 28.440676193730503 ], [ 81.850763112673363, 28.440673687814783 ], [ 81.850771166446265, 28.440670648650034 ], [ 81.850779004204526, 28.440667089250418 ], [ 81.850786592385688, 28.440663024857834 ], [ 81.850793898495951, 28.440658472876631 ], [ 81.850800891249477, 28.440653452799094 ], [ 81.850807540702206, 28.44064798612197 ], [ 81.850813818380132, 28.440642096254404 ], [ 81.85081969740132, 28.440635808417714 ], [ 81.850825152590872, 28.440629149537386 ], [ 81.850830160588828, 28.440622148127758 ], [ 81.850834699950184, 28.440614834169956 ], [ 81.85083875123668, 28.440607238983457 ], [ 81.850842297100115, 28.440599395092022 ], [ 81.85084532235652, 28.440591336084395 ], [ 81.85084781405132, 28.440583096470487 ], [ 81.850849761514681, 28.440574711533589 ], [ 81.850851156407245, 28.440566217179288 ], [ 81.850851992755878, 28.440557649781713 ], [ 81.850852266979231, 28.440549046027773 ], [ 81.850851977903005, 28.440540442760067 ], [ 81.850851126765093, 28.440531876819108 ], [ 81.850849717210181, 28.440523384885569 ], [ 81.850847755274216, 28.44051500332321 ], [ 81.8508452493585, 28.440506768023173 ], [ 81.850842210193747, 28.440498714250275 ], [ 81.850838650794145, 28.440490876492007 ], [ 81.850834586401547, 28.440483288310855 ], [ 81.850830034420355, 28.440475982200574 ], [ 81.850825014342817, 28.440468989447051 ], [ 81.850819547665694, 28.440462339994333 ], [ 81.850813657798128, 28.44045606231639 ], [ 81.85080736996143, 28.440450183295212 ], [ 81.850800711081106, 28.440444728105657 ], [ 81.850793709671478, 28.440439720107697 ], [ 81.850786395713669, 28.440435180746348 ], [ 81.850778800527181, 28.440431129459842 ], [ 81.850770956635742, 28.440427583596414 ], [ 81.850762897628115, 28.440424558340002 ], [ 81.85075465801421, 28.440422066645212 ], [ 81.850746273077306, 28.440420119181866 ], [ 81.850737778723001, 28.440418724289298 ], [ 81.850729211325444, 28.440417887940651 ], [ 81.850720607571489, 28.440417613717308 ], [ 81.850712004303787, 28.440417902793524 ], [ 81.850703438362814, 28.440418753931436 ], [ 81.850694946429286, 28.440420163486344 ], [ 81.850686564866919, 28.440422125422309 ], [ 81.85067832956689, 28.440424631338029 ], [ 81.850670275793988, 28.440427670502778 ], [ 81.850662438035727, 28.440431229902394 ], [ 81.850654849854564, 28.440435294294979 ], [ 81.850647543744302, 28.440439846276181 ], [ 81.850640550990775, 28.440444866353719 ], [ 81.850633901538046, 28.440450333030842 ], [ 81.85062762386012, 28.440456222898408 ], [ 81.850621744838932, 28.440462510735099 ], [ 81.850616289649381, 28.440469169615426 ], [ 81.850611281651425, 28.440476171025054 ], [ 81.850606742290068, 28.440483484982856 ], [ 81.850602691003573, 28.440491080169355 ], [ 81.850599145140137, 28.44049892406079 ], [ 81.850596119883733, 28.440506983068417 ], [ 81.850593628188932, 28.440515222682325 ], [ 81.850591680725572, 28.440523607619223 ], [ 81.850590285833007, 28.440532101973524 ], [ 81.850589449484374, 28.440540669371099 ], [ 81.850589175261021, 28.44054927312504 ], [ 81.850589464337247, 28.440557876392745 ], [ 81.850590315475159, 28.440566442333704 ], [ 81.850591725030071, 28.440574934267243 ], [ 81.850593686966036, 28.440583315829603 ], [ 81.850596192881753, 28.440591551129639 ], [ 81.850599232046505, 28.440599604902538 ], [ 81.850602791446107, 28.440607442660806 ], [ 81.850606855838706, 28.440615030841958 ], [ 81.850611407819898, 28.440622336952238 ], [ 81.850616427897435, 28.440629329705761 ], [ 81.850621894574559, 28.440635979158479 ] ] ] } },
{ "type": "Feature", "properties": { "fid_1": 12.0, "contract_i": "BBDMP/BCIDP/NCB/SI-18/078-79\n", "contractor": "\"Light Nirman Sewa\nBarekot-9, Jajarkot\n\"\n", "project_na": "Construction of Canal and Related Structures of Gum Khola Puranoghat Kholtepani  ISP,Lekhbesi Na.Pa.-6 & Baraha Goyalaghari Chunepani ISP,Lekhbesi Na.Pa.-2,Surkhet\n", "chainage_s": "0", "chainage_e": "0", "contract_a": "80.91 \nLakh", "start_date": "8/27/2078\n", "completion": "8/26/2079\n", "progress_p": "88", "status": "Normal", "delay_reas": null, "supervisio": null, "remarks": null, "Photo": null, "Shape_Leng": 0.0, "id": 0, "contact_id": null, "Contract_1": null, "project__1": null, "Progress__": 0, "X_co_ord": 0.0, "Y_co_ord": 0.0, "layer": null, "path": null }, "geometry": { "type": "MultiLineString", "coordinates": [ [ [ 81.812168277503048, 28.485113813423482 ], [ 81.812167928819505, 28.485107859048188 ], [ 81.812167191447742, 28.485101940226663 ], [ 81.812166068545309, 28.48509608230421 ], [ 81.812164564920636, 28.485090310365354 ], [ 81.812162687012474, 28.485084649126421 ], [ 81.812160442862307, 28.485079122829703 ], [ 81.812157842079955, 28.485073755139652 ], [ 81.812154895802337, 28.485068569041545 ], [ 81.812151616645906, 28.485063586743049 ], [ 81.812148018652465, 28.485058829579128 ], [ 81.812144117229195, 28.485054317920685 ], [ 81.812139929082605, 28.485050071087343 ], [ 81.812135472146963, 28.485046107264694 ], [ 81.812130765507547, 28.485042443426423 ], [ 81.812125829318944, 28.485039095261662 ], [ 81.812120684718622, 28.485036077107761 ], [ 81.812115353736587, 28.485033401888916 ], [ 81.812109859200902, 28.485031081060828 ], [ 81.812104224640038, 28.485029124561638 ], [ 81.812098474182022, 28.485027540769376 ], [ 81.812092632451197, 28.485026336466085 ], [ 81.812086724462773, 28.485025516808772 ], [ 81.812080775515653, 28.485025085307338 ], [ 81.812074811084145, 28.485025043809543 ], [ 81.812068856708834, 28.485025392493082 ], [ 81.812062937887333, 28.485026129864838 ], [ 81.812057079964859, 28.485027252767274 ], [ 81.812051308026014, 28.485028756391952 ], [ 81.81204564678707, 28.485030634300113 ], [ 81.812040120490352, 28.485032878450273 ], [ 81.812034752800301, 28.485035479232632 ], [ 81.812029566702194, 28.485038425510243 ], [ 81.812024584403702, 28.485041704666692 ], [ 81.81201982723978, 28.485045302660126 ], [ 81.812015315581334, 28.485049204083388 ], [ 81.812011068748006, 28.485053392229986 ], [ 81.812007104925357, 28.485057849165628 ], [ 81.812003441087086, 28.485062555805033 ], [ 81.812000092922318, 28.48506749199365 ], [ 81.811997074768414, 28.485072636593962 ], [ 81.811994399549576, 28.485077967575997 ], [ 81.811992078721488, 28.485083462111675 ], [ 81.811990122222298, 28.485089096672553 ], [ 81.811988538430029, 28.485094847130572 ], [ 81.811987334126741, 28.485100688861387 ], [ 81.811986514469424, 28.485106596849811 ], [ 81.811986082968005, 28.485112545796934 ], [ 81.811986041470192, 28.485118510228446 ], [ 81.811986390153734, 28.485124464603739 ], [ 81.811987127525498, 28.485130383425265 ], [ 81.81198825042793, 28.485136241347718 ], [ 81.811989754052604, 28.485142013286573 ], [ 81.811991631960765, 28.485147674525507 ], [ 81.811993876110932, 28.485153200822225 ], [ 81.811996476893285, 28.485158568512276 ], [ 81.811999423170903, 28.485163754610383 ], [ 81.812002702327334, 28.485168736908879 ], [ 81.812006300320775, 28.4851734940728 ], [ 81.812010201744044, 28.485178005731242 ], [ 81.812014389890635, 28.485182252564584 ], [ 81.812018846826277, 28.485186216387234 ], [ 81.812023553465693, 28.485189880225505 ], [ 81.812028489654296, 28.485193228390266 ], [ 81.812033634254618, 28.485196246544167 ], [ 81.812038965236653, 28.485198921763011 ], [ 81.812044459772338, 28.485201242591099 ], [ 81.812050094333202, 28.485203199090289 ], [ 81.812055844791217, 28.485204782882551 ], [ 81.812061686522043, 28.485205987185843 ], [ 81.812067594510467, 28.485206806843156 ], [ 81.812073543457586, 28.485207238344589 ], [ 81.812079507889095, 28.485207279842385 ], [ 81.812085462264406, 28.485206931158846 ], [ 81.812091381085907, 28.485206193787089 ], [ 81.812097239008381, 28.485205070884653 ], [ 81.812103010947226, 28.485203567259976 ], [ 81.81210867218617, 28.485201689351815 ], [ 81.812114198482888, 28.485199445201655 ], [ 81.812119566172939, 28.485196844419296 ], [ 81.812124752271046, 28.485193898141684 ], [ 81.812129734569538, 28.485190618985236 ], [ 81.81213449173346, 28.485187020991802 ], [ 81.812139003391906, 28.485183119568539 ], [ 81.812143250225233, 28.485178931421942 ], [ 81.812147214047883, 28.4851744744863 ], [ 81.812150877886154, 28.485169767846894 ], [ 81.812154226050922, 28.485164831658278 ], [ 81.812157244204826, 28.485159687057966 ], [ 81.812159919423664, 28.485154356075931 ], [ 81.812162240251752, 28.485148861540253 ], [ 81.812164196750942, 28.485143226979375 ], [ 81.812165780543211, 28.485137476521356 ], [ 81.812166984846499, 28.485131634790541 ], [ 81.812167804503815, 28.485125726802117 ], [ 81.812168236005235, 28.485119777854994 ], [ 81.812168277503048, 28.485113813423482 ] ] ] } },
{ "type": "Feature", "properties": { "fid_1": 13.0, "contract_i": "BBDMP/BCIDP/NCB-50/LI/078-79\n", "contractor": "M/S G.U.P Pvt.Ltd,Tripureshwor Na.Pa.-11,Kathmandu\n", "project_na": "Construction of Bheri Danfe Pulchowk Lift ISP, Gurbhakot-10 , Surkhet\n", "chainage_s": "0", "chainage_e": "0", "contract_a": "84.33 \nlakh", "start_date": "11/16/2078\n", "completion": "11/15/2079\n", "progress_p": "31", "status": "Delayed", "delay_reas": "Contractor Delayed", "supervisio": null, "remarks": null, "Photo": null, "Shape_Leng": 0.0, "id": 0, "contact_id": null, "Contract_1": null, "project__1": null, "Progress__": 0, "X_co_ord": 0.0, "Y_co_ord": 0.0, "layer": null, "path": null }, "geometry": { "type": "MultiLineString", "coordinates": [ [ [ 81.87092544937704, 28.433875773629065 ], [ 81.870370477680112, 28.434237711692273 ], [ 81.871564873288705, 28.434273905498593 ], [ 81.87127532283813, 28.433803386016422 ], [ 81.87084099716229, 28.433779256812208 ], [ 81.87098577238757, 28.434454874530196 ], [ 81.870310154669582, 28.433730998403782 ], [ 81.871106418408644, 28.433501770963748 ], [ 81.871371839654984, 28.434080871864882 ], [ 81.870575575915936, 28.434273905498593 ] ] ] } },
{ "type": "Feature", "properties": { "fid_1": 14.0, "contract_i": "09/BCIRMP/NCB/W/2081/82\n", "contractor": "M/S Mahaprabhudev Nirman Sewa Pvt.Ltd, Ghorahi-15, Dang\n", "project_na": "Construction of Intake, Canal and associated Structures of Sunpur ISP, Birendranagar-02, Surkhet, Gholghole ISP, Birendranagar-02, Surkhet, Kusumbas ISP, Barahatal-02, Surkhet\n", "chainage_s": "0+000", "chainage_e": "1+600", "contract_a": "220.59 \nLakh", "start_date": "12/19/2081\n", "completion": "12/18/2083\n", "progress_p": "38", "status": "Normal", "delay_reas": "Normal", "supervisio": null, "remarks": null, "Photo": null, "Shape_Leng": 0.0, "id": 0, "contact_id": null, "Contract_1": null, "project__1": null, "Progress__": 0, "X_co_ord": 0.0, "Y_co_ord": 0.0, "layer": null, "path": null }, "geometry": { "type": "MultiLineString", "coordinates": [ [ [ 81.580647682396588, 28.582108826977258 ], [ 81.580520438546245, 28.581998548973626 ], [ 81.580418643465961, 28.581833131968182 ], [ 81.580410160542613, 28.58171012957952 ], [ 81.580422884927643, 28.581498056495615 ], [ 81.580393194695901, 28.581319915105137 ], [ 81.58037622884919, 28.581137532252981 ], [ 81.580257467922195, 28.580878803090616 ], [ 81.580291399615618, 28.580603108081544 ], [ 81.580227777690453, 28.580382552074283 ], [ 81.580215053305423, 28.580157754605345 ] ] ] } },
{ "type": "Feature", "properties": { "fid_1": 15.0, "contract_i": "14/BCIRMP/NCB/W/2081/82\n", "contractor": "M/S Janachahana/Oli J.V, Bheri-2,Jajarkot\n", "project_na": "Construction of Bheri Jamne Lift Irrigation System Simta-06,Surkhet & Bheri Jamne Badepipal Lift Irrigation System Simta-06,Simta\n", "chainage_s": null, "chainage_e": null, "contract_a": "422.39 \nLakh", "start_date": "2/14/2082\n", "completion": "3/20/2083\n", "progress_p": "13", "status": "Normal", "delay_reas": null, "supervisio": null, "remarks": null, "Photo": null, "Shape_Leng": 0.0, "id": 0, "contact_id": null, "Contract_1": null, "project__1": null, "Progress__": 0, "X_co_ord": 0.0, "Y_co_ord": 0.0, "layer": null, "path": null }, "geometry": { "type": "MultiLineString", "coordinates": [ [ [ 82.017661972276244, 28.534150940735547 ], [ 82.017681041412445, 28.534168226676755 ], [ 82.0177012002748, 28.534184228426255 ], [ 82.017722362539971, 28.534198877462103 ], [ 82.017744437587908, 28.534212111054874 ], [ 82.017767330889839, 28.534223872536295 ], [ 82.01779094441315, 28.534234111541895 ], [ 82.017815177041086, 28.534242784226688 ], [ 82.017839925005845, 28.534249853452895 ], [ 82.017865082332804, 28.534255288949012 ], [ 82.017890541294477, 28.534259067439407 ], [ 82.017916192871652, 28.534261172744003 ], [ 82.017941927220321, 28.53426159584756 ], [ 82.017967634142096, 28.534260334938292 ], [ 82.017993203555946, 28.534257395415604 ], [ 82.018018525969751, 28.534252789866976 ], [ 82.018043492949019, 28.534246538014081 ], [ 82.018067997581326, 28.534238666628312 ], [ 82.018091934934077, 28.53422920941615 ], [ 82.018115202503864, 28.534218206874829 ], [ 82.018137700655345, 28.534205706118918 ], [ 82.018159333048004, 28.534191760678578 ], [ 82.018180007048628, 28.534176430270325 ], [ 82.018199634127939, 28.534159780541319 ], [ 82.018218130239802, 28.534141882788255 ], [ 82.018235416181, 28.534122813652058 ], [ 82.0182514179305, 28.534102654789702 ], [ 82.018266066966362, 28.534081492524525 ], [ 82.018279300559115, 28.534059417476598 ], [ 82.018291062040547, 28.534036524174663 ], [ 82.018301301046151, 28.534012910651359 ], [ 82.01830997373095, 28.533988678023412 ], [ 82.01831704295715, 28.533963930058661 ], [ 82.018322478453257, 28.53393877273168 ], [ 82.018326256943666, 28.533913313770018 ], [ 82.018328362248255, 28.53388766219285 ], [ 82.018328785351812, 28.533861927844171 ], [ 82.01832752444254, 28.53383622092241 ], [ 82.018324584919853, 28.533810651508553 ], [ 82.018319979371228, 28.533785329094755 ], [ 82.018313727518333, 28.533760362115483 ], [ 82.018305856132571, 28.533735857483169 ], [ 82.018296398920398, 28.533711920130418 ], [ 82.018285396379085, 28.533688652560649 ], [ 82.01827289562317, 28.533666154409158 ], [ 82.01825895018284, 28.533644522016495 ], [ 82.018243619774566, 28.533623848015878 ], [ 82.018226970045575, 28.53360422093656 ], [ 82.018209072292507, 28.5335857248247 ], [ 82.018190003156306, 28.533568438883492 ], [ 82.018169844293951, 28.533552437133991 ], [ 82.01814868202878, 28.533537788098144 ], [ 82.018126606980843, 28.533524554505373 ], [ 82.018103713678912, 28.533512793023952 ], [ 82.018080100155601, 28.533502554018352 ], [ 82.018055867527664, 28.533493881333559 ], [ 82.018031119562906, 28.533486812107352 ], [ 82.018005962235947, 28.533481376611235 ], [ 82.017980503274273, 28.53347759812084 ], [ 82.017954851697098, 28.533475492816244 ], [ 82.01792911734843, 28.533475069712686 ], [ 82.017903410426655, 28.533476330621955 ], [ 82.017877841012805, 28.533479270144642 ], [ 82.017852518599, 28.533483875693271 ], [ 82.017827551619732, 28.533490127546166 ], [ 82.017803046987424, 28.533497998931935 ], [ 82.017779109634674, 28.533507456144097 ], [ 82.017755842064886, 28.533518458685418 ], [ 82.017733343913406, 28.533530959441329 ], [ 82.017711711520747, 28.533544904881669 ], [ 82.017691037520123, 28.533560235289922 ], [ 82.017671410440812, 28.533576885018928 ], [ 82.017652914328949, 28.533594782771992 ], [ 82.017635628387751, 28.533613851908189 ], [ 82.01761962663825, 28.533634010770545 ], [ 82.017604977602389, 28.533655173035722 ], [ 82.017591744009636, 28.533677248083649 ], [ 82.017579982528204, 28.533700141385584 ], [ 82.0175697435226, 28.533723754908888 ], [ 82.0175610708378, 28.533747987536835 ], [ 82.0175540016116, 28.533772735501586 ], [ 82.017548566115494, 28.533797892828566 ], [ 82.017544787625084, 28.533823351790229 ], [ 82.017542682320496, 28.533849003367397 ], [ 82.017542259216938, 28.533874737716076 ], [ 82.01754352012621, 28.533900444637837 ], [ 82.017546459648898, 28.533926014051694 ], [ 82.017551065197523, 28.533951336465492 ], [ 82.017557317050418, 28.533976303444764 ], [ 82.01756518843618, 28.534000808077078 ], [ 82.017574645648352, 28.534024745429829 ], [ 82.017585648189666, 28.534048012999598 ], [ 82.017598148945581, 28.534070511151089 ], [ 82.01761209438591, 28.534092143543752 ], [ 82.017627424794185, 28.534112817544369 ], [ 82.017644074523176, 28.534132444623687 ], [ 82.017661972276244, 28.534150940735547 ] ] ] } },
{ "type": "Feature", "properties": { "fid_1": 16.0, "contract_i": "20/BCIRMP/NCB/RTW/2081/82\n", "contractor": "M/S Bishal - Trishakti - Hari J.V Birendranagar-06,Surkhet\n", "project_na": "Construction of River Training Works at Janashrijana Ma Vi-Panchapuri-11, Surkhet, Bheri Ranibas Barahatal-02, Surkhet & Bhattesera Thakalghari Gutukhola Chaukune-08,Surkhet \n", "chainage_s": "0+000", "chainage_e": "0+600", "contract_a": "220.86 \nLakh", "start_date": "2/12/2082\n", "completion": "3/20/2083\n", "progress_p": "55", "status": "Normal", "delay_reas": null, "supervisio": null, "remarks": null, "Photo": null, "Shape_Leng": 0.0, "id": 0, "contact_id": null, "Contract_1": null, "project__1": null, "Progress__": 0, "X_co_ord": 0.0, "Y_co_ord": 0.0, "layer": null, "path": null }, "geometry": { "type": "MultiLineString", "coordinates": [ [ [ 81.281791617121726, 28.737483741482304 ], [ 81.281734552053805, 28.737981022788478 ], [ 81.281506291782122, 28.738396782569048 ], [ 81.281212814289944, 28.738796238044497 ], [ 81.281049771238742, 28.738991889705943 ], [ 81.280837815272179, 28.739146780604585 ], [ 81.280479120559534, 28.739423953791633 ], [ 81.280030752168727, 28.739595148995399 ], [ 81.279688361761217, 28.739921235097807 ], [ 81.279443797184413, 28.74013319106437 ], [ 81.278922059420552, 28.740239169047655 ], [ 81.278750864216789, 28.740369603488617 ], [ 81.278530756097666, 28.740475581471902 ] ] ] } },
{ "type": "Feature", "properties": { "fid_1": 17.0, "contract_i": "BBDMP/BCIDP/NCB/SI/32/078-79\n", "contractor": "Rohit-Om JV Gulariya,Bardiya\n", "project_na": "Construction of Canal and Related Structures of Basante Raga Dubichaur  ISP,Panchapuri Na.Pa.-9,Surkhet\n", "chainage_s": "0+000", "chainage_e": "0+1400", "contract_a": "98.01 \n", "start_date": "8/26/2078\n", "completion": "8/25/2079\n", "progress_p": "95.79", "status": "Normal", "delay_reas": "Work Completion", "supervisio": null, "remarks": null, "Photo": null, "Shape_Leng": 0.0, "id": 0, "contact_id": null, "Contract_1": null, "project__1": null, "Progress__": 0, "X_co_ord": 0.0, "Y_co_ord": 0.0, "layer": null, "path": null }, "geometry": { "type": "MultiLineString", "coordinates": [ [ [ 81.331394120564411, 28.80273748545299 ], [ 81.331380388831491, 28.802731378334837 ], [ 81.33136628707463, 28.802726182390796 ], [ 81.331351875679701, 28.802721919870692 ], [ 81.331337216358534, 28.802718609027298 ], [ 81.331322371884568, 28.80271626403815 ], [ 81.331307405824148, 28.802714894944856 ], [ 81.331292382264223, 28.802714507610077 ], [ 81.331277365537986, 28.802715103692439 ], [ 81.331262419949368, 28.802716680639438 ], [ 81.331247609497652, 28.80271923169833 ], [ 81.331232997603507, 28.802722745945101 ], [ 81.331218646837272, 28.802727208331195 ], [ 81.331204618651128, 28.802732599748001 ], [ 81.331190973115966, 28.80273889710864 ], [ 81.33117776866402, 28.802746073446844 ], [ 81.331165061838803, 28.802754098032434 ], [ 81.331152907052882, 28.802762936502909 ], [ 81.331141356354905, 28.802772551010566 ], [ 81.331130459206747, 28.802782900384624 ], [ 81.331120262271682, 28.80279394030746 ], [ 81.331110809214522, 28.80280562350444 ], [ 81.33110214051473, 28.802817899946316 ], [ 81.33109429329302, 28.802830717063479 ], [ 81.331087301152365, 28.802844019971069 ], [ 81.331081194034212, 28.802857751703989 ], [ 81.331075998090171, 28.802871853460854 ], [ 81.331071735570077, 28.802886264855772 ], [ 81.331068424726666, 28.802900924176946 ], [ 81.331066079737525, 28.802915768650902 ], [ 81.331064710644242, 28.802930734711328 ], [ 81.331064323309448, 28.802945758271257 ], [ 81.331064919391821, 28.802960774997494 ], [ 81.331066496338821, 28.802975720586122 ], [ 81.331069047397719, 28.802990531037828 ], [ 81.331072561644476, 28.803005142931983 ], [ 81.331077024030577, 28.803019493698212 ], [ 81.331082415447383, 28.803033521884341 ], [ 81.331088712808011, 28.803047167419511 ], [ 81.331095889146226, 28.803060371871457 ], [ 81.331103913731809, 28.803073078696681 ], [ 81.331112752202273, 28.803085233482605 ], [ 81.331122366709948, 28.803096784180575 ], [ 81.331132716083999, 28.803107681328729 ], [ 81.331143756006853, 28.803117878263802 ], [ 81.331155439203826, 28.803127331320951 ], [ 81.331167715645691, 28.803136000020739 ], [ 81.331180532762858, 28.803143847242463 ], [ 81.331193835670447, 28.803150839383111 ], [ 81.331207567403368, 28.803156946501264 ], [ 81.331221669160229, 28.803162142445306 ], [ 81.331236080555158, 28.80316640496541 ], [ 81.331250739876324, 28.803169715808803 ], [ 81.331265584350291, 28.803172060797952 ], [ 81.33128055041071, 28.803173429891245 ], [ 81.331295573970635, 28.803173817226025 ], [ 81.331310590696873, 28.803173221143663 ], [ 81.33132553628549, 28.803171644196663 ], [ 81.331340346737207, 28.803169093137772 ], [ 81.331354958631351, 28.803165578891001 ], [ 81.331369309397587, 28.803161116504906 ], [ 81.331383337583731, 28.8031557250881 ], [ 81.331396983118893, 28.803149427727462 ], [ 81.331410187570839, 28.803142251389257 ], [ 81.331422894396056, 28.803134226803667 ], [ 81.331435049181977, 28.803125388333193 ], [ 81.331446599879953, 28.803115773825535 ], [ 81.331457497028111, 28.803105424451477 ], [ 81.331467693963177, 28.803094384528642 ], [ 81.331477147020337, 28.803082701331661 ], [ 81.331485815720129, 28.803070424889786 ], [ 81.331493662941838, 28.803057607772622 ], [ 81.331500655082493, 28.803044304865033 ], [ 81.331506762200647, 28.803030573132112 ], [ 81.331511958144688, 28.803016471375248 ], [ 81.331516220664781, 28.803002059980329 ], [ 81.331519531508192, 28.802987400659156 ], [ 81.331521876497334, 28.8029725561852 ], [ 81.331523245590617, 28.802957590124773 ], [ 81.331523632925411, 28.802942566564845 ], [ 81.331523036843038, 28.802927549838607 ], [ 81.331521459896038, 28.802912604249979 ], [ 81.33151890883714, 28.802897793798273 ], [ 81.331515394590383, 28.802883181904118 ], [ 81.331510932204282, 28.802868831137889 ], [ 81.331505540787475, 28.80285480295176 ], [ 81.331499243426848, 28.802841157416591 ], [ 81.331492067088632, 28.802827952964645 ], [ 81.33148404250305, 28.802815246139421 ], [ 81.331475204032586, 28.802803091353496 ], [ 81.33146558952491, 28.802791540655527 ], [ 81.331455240150859, 28.802780643507372 ], [ 81.331444200228006, 28.8027704465723 ], [ 81.331432517031033, 28.80276099351515 ], [ 81.331420240589168, 28.802752324815362 ], [ 81.331407423472001, 28.802744477593638 ], [ 81.331394120564411, 28.80273748545299 ] ] ] } },
{ "type": "Feature", "properties": { "fid_1": 18.0, "contract_i": "17/BCIRMP/NCB/W/2081/82\n", "contractor": "M/S M. K. Nirman Sewa, Birendranagar, Surkhet\n", "project_na": "Construction of Ghartimul Kalamate Lift Irrigation System Lekhbeshi-01, Surkhet   Bheri -Ratamate Lift Irrigation System Lekhbeshi-01, Surkhet\n", "chainage_s": "0+000", "chainage_e": "0+000", "contract_a": "223.59 \nLakh", "start_date": "2/5/2082\n", "completion": "3/20/2083\n", "progress_p": "13", "status": "Normal", "delay_reas": null, "supervisio": null, "remarks": null, "Photo": null, "Shape_Leng": 0.0, "id": 0, "contact_id": null, "Contract_1": null, "project__1": null, "Progress__": 0, "X_co_ord": 0.0, "Y_co_ord": 0.0, "layer": null, "path": null }, "geometry": { "type": "MultiLineString", "coordinates": [ [ [ 81.803116182447852, 28.45564802557238 ], [ 81.80310209694845, 28.455635373386794 ], [ 81.80308721411464, 28.455623669526247 ], [ 81.803071597677047, 28.455612964108465 ], [ 81.803055314507603, 28.455603302975696 ], [ 81.803038434333359, 28.455594727498383 ], [ 81.803021029437801, 28.455587274398049 ], [ 81.803003174351403, 28.455580975590003 ], [ 81.802984945532344, 28.455575858046714 ], [ 81.80296642103923, 28.455571943682287 ], [ 81.802947680196809, 28.455569249258627 ], [ 81.802928803256236, 28.455567786313676 ], [ 81.802909871051455, 28.455567561111987 ], [ 81.802890964653088, 28.455568574617907 ], [ 81.802872165021228, 28.455570822491453 ], [ 81.802853552658789, 28.455574295106878 ], [ 81.802835207266767, 28.455578977593909 ], [ 81.802817207402938, 28.455584849901427 ], [ 81.802799630145472, 28.455591886883305 ], [ 81.802782550762913, 28.455600058406102 ], [ 81.802766042391781, 28.455609329478104 ], [ 81.80275017572346, 28.455619660399165 ], [ 81.802735018701469, 28.455631006930687 ], [ 81.802720636230475, 28.455643320485084 ], [ 81.802707089898448, 28.455656548333824 ], [ 81.802694437712859, 28.455670633833225 ], [ 81.802682733852322, 28.455685516667025 ], [ 81.802672028434543, 28.45570113310464 ], [ 81.802662367301778, 28.45571741627408 ], [ 81.802653791824468, 28.455734296448323 ], [ 81.802646338724117, 28.455751701343864 ], [ 81.802640039916071, 28.455769556430276 ], [ 81.802634922372789, 28.455787785249331 ], [ 81.802631008008362, 28.455806309742435 ], [ 81.802628313584705, 28.455825050584856 ], [ 81.802626850639754, 28.455843927525436 ], [ 81.802626625438066, 28.455862859730214 ], [ 81.802627638943989, 28.455881766128581 ], [ 81.802629886817527, 28.455900565760441 ], [ 81.802633359432946, 28.455919178122883 ], [ 81.802638041919991, 28.455937523514912 ], [ 81.802643914227502, 28.455955523378748 ], [ 81.802650951209372, 28.4559731006362 ], [ 81.802659122732166, 28.455990180018762 ], [ 81.802668393804183, 28.456006688389891 ], [ 81.80267872472524, 28.456022555058215 ], [ 81.802690071256762, 28.456037712080217 ], [ 81.802702384811155, 28.4560520945512 ], [ 81.802715612659895, 28.456065640883224 ], [ 81.802729698159297, 28.45607829306881 ], [ 81.802744580993107, 28.456089996929357 ], [ 81.8027601974307, 28.45610070234714 ], [ 81.802776480600144, 28.456110363479908 ], [ 81.802793360774388, 28.456118938957221 ], [ 81.802810765669946, 28.456126392057556 ], [ 81.802828620756344, 28.456132690865601 ], [ 81.802846849575403, 28.45613780840889 ], [ 81.802865374068517, 28.456141722773317 ], [ 81.802884114910938, 28.456144417196978 ], [ 81.802902991851511, 28.456145880141928 ], [ 81.802921924056292, 28.456146105343617 ], [ 81.802940830454659, 28.456145091837698 ], [ 81.802959630086519, 28.456142843964152 ], [ 81.802978242448958, 28.456139371348726 ], [ 81.80299658784098, 28.456134688861695 ], [ 81.803014587704808, 28.456128816554177 ], [ 81.803032164962275, 28.4561217795723 ], [ 81.803049244344834, 28.456113608049503 ], [ 81.803065752715966, 28.4561043369775 ], [ 81.803081619384287, 28.456094006056439 ], [ 81.803096776406278, 28.456082659524917 ], [ 81.803111158877272, 28.45607034597052 ], [ 81.803124705209299, 28.45605711812178 ], [ 81.803137357394888, 28.456043032622379 ], [ 81.803149061255425, 28.45602814978858 ], [ 81.803159766673204, 28.456012533350965 ], [ 81.803169427805969, 28.455996250181524 ], [ 81.803178003283278, 28.455979370007281 ], [ 81.80318545638363, 28.45596196511174 ], [ 81.803191755191676, 28.455944110025328 ], [ 81.803196872734958, 28.455925881206273 ], [ 81.803200787099385, 28.455907356713169 ], [ 81.803203481523042, 28.455888615870748 ], [ 81.803204944467993, 28.455869738930168 ], [ 81.803205169669681, 28.45585080672539 ], [ 81.803204156163758, 28.455831900327023 ], [ 81.80320190829022, 28.455813100695163 ], [ 81.803198435674801, 28.455794488332721 ], [ 81.803193753187756, 28.455776142940692 ], [ 81.803187880880245, 28.455758143076856 ], [ 81.803180843898375, 28.455740565819404 ], [ 81.803172672375581, 28.455723486436842 ], [ 81.803163401303564, 28.455706978065713 ], [ 81.803153070382507, 28.455691111397389 ], [ 81.803141723850985, 28.455675954375387 ], [ 81.803129410296592, 28.455661571904404 ], [ 81.803116182447852, 28.45564802557238 ] ] ] } },
{ "type": "Feature", "properties": { "fid_1": 19.0, "contract_i": "BBDMP/BCIDP/NCB-60/LI/078/79\n", "contractor": "Beacon-ND JV, Lalitpur-12\n", "project_na": "Construction of Bhimpur Gotheri Lift ISP, Bheriganga-11, Surkhet\n", "chainage_s": "0+000", "chainage_e": "0+000", "contract_a": "147.44 \nLakh", "start_date": "5/2/2079\n", "completion": "5/2/2080\n", "progress_p": "69", "status": "Normal", "delay_reas": null, "supervisio": null, "remarks": null, "Photo": null, "Shape_Leng": 0.0, "id": 0, "contact_id": null, "Contract_1": null, "project__1": null, "Progress__": 0, "X_co_ord": 0.0, "Y_co_ord": 0.0, "layer": null, "path": null }, "geometry": { "type": "MultiLineString", "coordinates": [ [ [ 81.774735386833328, 28.462900895562786 ], [ 81.775178570428508, 28.464059991119417 ], [ 81.774530840558626, 28.464878176218214 ], [ 81.772860379315247, 28.466412273278458 ], [ 81.772349013628499, 28.467469095697741 ], [ 81.770814916568256, 28.468150916613403 ], [ 81.770814916568256, 28.464741812035079 ], [ 81.771462646438138, 28.463991809027849 ], [ 81.772724015132127, 28.464605447851948 ], [ 81.773883110688757, 28.463105441837484 ], [ 81.774496749512849, 28.462730440333868 ], [ 81.775042206245388, 28.462730440333868 ], [ 81.775178570428508, 28.463753171707367 ] ] ] } },
{ "type": "Feature", "properties": { "fid_1": 20.0, "contract_i": "10/BCIRMP/NCB/W/2081/82\n", "contractor": "M/S PPOT - BNS J.V., Bheriganga-10 Surkhet\n", "project_na": "Construction of Intake, Canal and associated Structures of Churifalne Bojhikhola ISP,Panchapuri-09,Surkhet, Jhakrithan ISP and Ghattekulo Chunpani ISP, Barahatal-05,Surkhet\n", "chainage_s": "0+000", "chainage_e": "1+650", "contract_a": "204.93 \n", "start_date": "12/21/2081\n", "completion": "12/20/2083\n", "progress_p": "32", "status": "Normal", "delay_reas": "Normal", "supervisio": "0", "remarks": "0", "Photo": "0", "Shape_Leng": 0.0, "id": 0, "contact_id": null, "Contract_1": null, "project__1": null, "Progress__": 0, "X_co_ord": 0.0, "Y_co_ord": 0.0, "layer": null, "path": null }, "geometry": { "type": "MultiLineString", "coordinates": [ [ [ 81.42466342432229, 28.71846728480725 ], [ 81.424643798595994, 28.71845567994545 ], [ 81.424623455895627, 28.718445383514457 ], [ 81.424602483331711, 28.718436439605178 ], [ 81.424580970712029, 28.718428886516804 ], [ 81.424559010156898, 28.718422756592815 ], [ 81.424536695704802, 28.718418076082486 ], [ 81.424514122909613, 28.718414865028489 ], [ 81.424491388431548, 28.718413137181042 ], [ 81.424468589623118, 28.718412899939057 ], [ 81.424445824112311, 28.718414154318442 ], [ 81.424423189384555, 28.718416894947744 ], [ 81.424400782365211, 28.718421110091178 ], [ 81.424378699004606, 28.718426781698845 ], [ 81.424357033867039, 28.718433885484057 ], [ 81.424335879725987, 28.718442391027306 ], [ 81.42431532716671, 28.71845226190656 ], [ 81.424295464198437, 28.71846345585319 ], [ 81.424276375877454, 28.718475924933003 ], [ 81.424258143942851, 28.718489615751484 ], [ 81.424240846466603, 28.718504469682447 ], [ 81.424224557519139, 28.718520423119074 ], [ 81.424209346852237, 28.718537407746311 ], [ 81.424195279600312, 28.718555350833366 ], [ 81.4241824160015, 28.718574175545193 ], [ 81.424170811139689, 28.718593801271478 ], [ 81.424160514708703, 28.718614143971855 ], [ 81.424151570799424, 28.718635116535758 ], [ 81.424144017711058, 28.718656629155443 ], [ 81.424137887787069, 28.718678589710574 ], [ 81.424133207276739, 28.718700904162681 ], [ 81.424129996222732, 28.718723476957855 ], [ 81.424128268375284, 28.718746211435924 ], [ 81.424128031133307, 28.718769010244355 ], [ 81.424129285512691, 28.718791775755161 ], [ 81.424132026142004, 28.718814410482921 ], [ 81.424136241285424, 28.718836817502257 ], [ 81.424141912893106, 28.718858900862877 ], [ 81.4241490166783, 28.71888056600044 ], [ 81.424157522221563, 28.718901720141492 ], [ 81.424167393100802, 28.718922272700762 ], [ 81.424178587047436, 28.718942135669035 ], [ 81.424191056127256, 28.718961223990028 ], [ 81.424204746945733, 28.718979455924625 ], [ 81.424219600876697, 28.71899675340088 ], [ 81.424235554313327, 28.719013042348344 ], [ 81.424252538940564, 28.719028253015239 ], [ 81.424270482027609, 28.719042320267164 ], [ 81.424289306739439, 28.719055183865979 ], [ 81.424308932465735, 28.71906678872778 ], [ 81.424329275166102, 28.719077085158773 ], [ 81.424350247730018, 28.719086029068052 ], [ 81.4243717603497, 28.719093582156425 ], [ 81.424393720904831, 28.719099712080414 ], [ 81.424416035356927, 28.719104392590744 ], [ 81.424438608152116, 28.719107603644741 ], [ 81.424461342630181, 28.719109331492188 ], [ 81.424484141438612, 28.719109568734172 ], [ 81.424506906949418, 28.719108314354788 ], [ 81.424529541677174, 28.719105573725486 ], [ 81.424551948696518, 28.719101358582051 ], [ 81.424574032057123, 28.719095686974384 ], [ 81.42459569719469, 28.719088583189173 ], [ 81.424616851335742, 28.719080077645923 ], [ 81.424637403895019, 28.71907020676667 ], [ 81.424657266863292, 28.71905901282004 ], [ 81.424676355184275, 28.719046543740227 ], [ 81.424694587118879, 28.719032852921746 ], [ 81.424711884595126, 28.719017998990783 ], [ 81.42472817354259, 28.719002045554156 ], [ 81.424743384209492, 28.718985060926919 ], [ 81.424757451461417, 28.718967117839863 ], [ 81.424770315060229, 28.718948293128037 ], [ 81.42478191992204, 28.718928667401752 ], [ 81.424792216353026, 28.718908324701374 ], [ 81.424801160262305, 28.718887352137472 ], [ 81.424808713350671, 28.718865839517786 ], [ 81.42481484327466, 28.718843878962655 ], [ 81.42481952378499, 28.718821564510549 ], [ 81.424822734838997, 28.718798991715374 ], [ 81.424824462686445, 28.718776257237305 ], [ 81.424824699928422, 28.718753458428875 ], [ 81.424823445549038, 28.718730692918069 ], [ 81.424820704919725, 28.718708058190309 ], [ 81.424816489776305, 28.718685651170972 ], [ 81.424810818168623, 28.718663567810353 ], [ 81.42480371438343, 28.71864190267279 ], [ 81.424795208840166, 28.718620748531738 ], [ 81.424785337960927, 28.718600195972467 ], [ 81.424774144014293, 28.718580333004194 ], [ 81.424761674934473, 28.718561244683201 ], [ 81.424747984115996, 28.718543012748604 ], [ 81.424733130185032, 28.718525715272349 ], [ 81.424717176748402, 28.718509426324886 ], [ 81.424700192121165, 28.718494215657991 ], [ 81.42468224903412, 28.718480148406066 ], [ 81.42466342432229, 28.71846728480725 ] ] ] } },
{ "type": "Feature", "properties": { "fid_1": 21.0, "contract_i": "BBDMP/BCIDP/NCB-43/SI/078-79\n", "contractor": "M/S Malika Nirman Sewa ,Latikoili-7,Surkhet\n", "project_na": "Construction of Canal and Canal Structures of Khaniyakharka Bagkhor ISP, Lekbesi -6 & Topre Kulo ISP, Lekbesi-1 and Neware ISP, Birendranagar-12, Surkhet\n", "chainage_s": "0", "chainage_e": "0", "contract_a": "97.00 \nlakh", "start_date": "11/16/2078\n", "completion": "11/15/2079\n", "progress_p": "68", "status": "Delayed", "delay_reas": "Contractor's Delayed", "supervisio": "0", "remarks": "0", "Photo": "0", "Shape_Leng": 0.0, "id": 0, "contact_id": null, "Contract_1": null, "project__1": null, "Progress__": 0, "X_co_ord": 0.0, "Y_co_ord": 0.0, "layer": null, "path": null }, "geometry": { "type": "MultiLineString", "coordinates": [ [ [ 81.734876821112124, 28.504022332484205 ], [ 81.735347752663984, 28.5039231889996 ], [ 81.735818684215857, 28.504418906422618 ], [ 81.736165686411965, 28.505013767330237 ], [ 81.736363973381174, 28.505435127139801 ], [ 81.736463116865778, 28.505633414109006 ], [ 81.736165686411965, 28.505955630433967 ], [ 81.734876821112124, 28.506401776114679 ], [ 81.73462896240062, 28.506600063083887 ] ] ] } },
{ "type": "Feature", "properties": { "fid_1": 22.0, "contract_i": "BBDMP/BCIDP/NCB-51/LI/078-79\n", "contractor": "M/S G.U.P Pvt.Ltd,Tripureshwor Na.Pa.-11,Kathmandu\n", "project_na": "Construction of Bheri Lamtale Lift ISP, Gurbhakot-10 , Surkhet\n", "chainage_s": "0", "chainage_e": "0", "contract_a": "58.95 \n", "start_date": "11/16/2078\n", "completion": "11/15/2079\n", "progress_p": "46", "status": "Delayed", "delay_reas": "Contractor's Delayed", "supervisio": "0", "remarks": "0", "Photo": "0", "Shape_Leng": 0.0, "id": 0, "contact_id": null, "Contract_1": null, "project__1": null, "Progress__": 0, "X_co_ord": 0.0, "Y_co_ord": 0.0, "layer": null, "path": null }, "geometry": { "type": "MultiLineString", "coordinates": [ [ [ 81.879189841835853, 28.427290611792166 ], [ 81.879149035462063, 28.427285625388951 ], [ 81.879107990331477, 28.427283318526545 ], [ 81.879066882205635, 28.427283701083287 ], [ 81.879025887115873, 28.427286771421013 ], [ 81.878985180609433, 28.427292516392068 ], [ 81.878944936997826, 28.427300911395598 ], [ 81.878905328610387, 28.427311920482907 ], [ 81.87886652505631, 28.427325496511404 ], [ 81.878828692498359, 28.42734158134644 ], [ 81.878791992941359, 28.427360106110289 ], [ 81.878756583538461, 28.427380991477065 ], [ 81.87872261591815, 28.427404148012421 ], [ 81.878690235534989, 28.427429476556515 ], [ 81.878659581046776, 28.42745686864864 ], [ 81.878630783720709, 28.427486206991645 ], [ 81.878603966871353, 28.427517365954248 ], [ 81.878579245332602, 28.427550212108979 ], [ 81.878556724965861, 28.427584604803567 ], [ 81.878536502206799, 28.42762039676321 ], [ 81.878518663652386, 28.427657434721247 ], [ 81.878503285690044, 28.427695560075453 ], [ 81.878490434170558, 28.427734609567207 ], [ 81.878480164126117, 28.42777441598059 ], [ 81.87847251953464, 28.427814808858429 ], [ 81.878467533131428, 28.427855615232222 ], [ 81.878465226269029, 28.427896660362808 ], [ 81.878465608825763, 28.427937768488643 ], [ 81.87846867916349, 28.427978763578416 ], [ 81.878474424134538, 28.428019470084855 ], [ 81.878482819138085, 28.428059713696459 ], [ 81.878493828225388, 28.428099322083899 ], [ 81.878507404253881, 28.428138125637982 ], [ 81.87852348908892, 28.428175958195929 ], [ 81.87854201385278, 28.428212657752923 ], [ 81.878562899219546, 28.428248067155824 ], [ 81.878586055754909, 28.428282034776132 ], [ 81.878611384299006, 28.428314415159285 ], [ 81.878638776391114, 28.428345069647509 ], [ 81.878668114734126, 28.42837386697358 ], [ 81.878699273696725, 28.428400683822925 ], [ 81.878732119851463, 28.428425405361679 ], [ 81.878766512546051, 28.42844792572842 ], [ 81.878802304505697, 28.428468148487479 ], [ 81.878839342463735, 28.428485987041892 ], [ 81.878877467817929, 28.428501365004241 ], [ 81.878916517309676, 28.42851421652372 ], [ 81.87895632372306, 28.428524486568154 ], [ 81.878996716600909, 28.428532131159635 ], [ 81.879037522974699, 28.428537117562851 ], [ 81.879078568105285, 28.428539424425256 ], [ 81.879119676231127, 28.428539041868515 ], [ 81.879160671320889, 28.428535971530788 ], [ 81.879201377827329, 28.428530226559733 ], [ 81.879241621438936, 28.428521831556203 ], [ 81.879281229826375, 28.428510822468894 ], [ 81.879320033380452, 28.428497246440397 ], [ 81.879357865938402, 28.428481161605362 ], [ 81.879394565495403, 28.428462636841513 ], [ 81.879429974898301, 28.428441751474736 ], [ 81.879463942518612, 28.42841859493938 ], [ 81.879496322901772, 28.428393266395286 ], [ 81.879526977389986, 28.428365874303161 ], [ 81.879555774716053, 28.428336535960156 ], [ 81.879582591565409, 28.428305376997553 ], [ 81.87960731310416, 28.428272530842822 ], [ 81.879629833470901, 28.428238138148235 ], [ 81.879650056229963, 28.428202346188591 ], [ 81.879667894784376, 28.428165308230554 ], [ 81.879683272746718, 28.428127182876349 ], [ 81.879696124266204, 28.428088133384595 ], [ 81.879706394310645, 28.428048326971211 ], [ 81.879714038902122, 28.428007934093372 ], [ 81.879719025305334, 28.42796712771958 ], [ 81.879721332167733, 28.427926082588993 ], [ 81.879720949610999, 28.427884974463158 ], [ 81.879717879273272, 28.427843979373385 ], [ 81.879712134302224, 28.427803272866946 ], [ 81.879703739298677, 28.427763029255342 ], [ 81.879692730211374, 28.427723420867903 ], [ 81.879679154182881, 28.427684617313819 ], [ 81.879663069347842, 28.427646784755872 ], [ 81.879644544583982, 28.427610085198879 ], [ 81.879623659217216, 28.427574675795977 ], [ 81.879600502681853, 28.42754070817567 ], [ 81.879575174137756, 28.427508327792516 ], [ 81.879547782045648, 28.427477673304292 ], [ 81.879518443702636, 28.427448875978222 ], [ 81.879487284740037, 28.427422059128876 ], [ 81.879454438585299, 28.427397337590122 ], [ 81.879420045890711, 28.427374817223381 ], [ 81.879384253931065, 28.427354594464322 ], [ 81.879347215973027, 28.427336755909909 ], [ 81.879309090618833, 28.42732137794756 ], [ 81.879270041127086, 28.427308526428082 ], [ 81.879230234713702, 28.427298256383647 ], [ 81.879189841835853, 28.427290611792166 ] ] ] } },
{ "type": "Feature", "properties": { "fid_1": 23.0, "contract_i": "03/BCIRMP/NCB/W/2081/82\n", "contractor": "M/S Himalayan Construction Service and Suppliers, Simkot rural municiplity,6, Humla\n", "project_na": "Ripayal Irrigation and River Training Works Chhatreshwori-06, Salyan\n", "chainage_s": "0+000", "chainage_e": null, "contract_a": "55.10 \nlakh", "start_date": "9/23/2081\n", "completion": "2/13/2082\n", "progress_p": "70", "status": "Delayed", "delay_reas": "Contractor's Delayed", "supervisio": "0", "remarks": "0", "Photo": "0", "Shape_Leng": 0.0, "id": 0, "contact_id": null, "Contract_1": null, "project__1": null, "Progress__": 0, "X_co_ord": 0.0, "Y_co_ord": 0.0, "layer": null, "path": null }, "geometry": { "type": "MultiLineString", "coordinates": [ [ [ 82.227289057549854, 28.335047406891562 ], [ 82.227696804100461, 28.334707618099394 ], [ 82.228127203237207, 28.334617007754815 ], [ 82.228466992029368, 28.334379155600296 ], [ 82.22918054849292, 28.334345176721079 ], [ 82.229871452370332, 28.334231913790354 ], [ 82.230347156679372, 28.333892124998187 ], [ 82.230596335126961, 28.333563662499092 ], [ 82.230947450212199, 28.33306530560391 ], [ 82.231457133400454, 28.332612253881017 ], [ 82.231864879951061, 28.332079918106622 ], [ 82.232148037277867, 28.331264425005415 ], [ 82.232351910553163, 28.330800046989452 ], [ 82.232329257967024, 28.330607500007222 ] ] ] } },
{ "type": "Feature", "properties": { "fid_1": 24.0, "contract_i": "06/BCIRMP/NCB/W/2081/82\n", "contractor": "M/S SNSPL/SCPL J.V., Kathmandu-35, Kathmandu\n", "project_na": "Construction of Intake, Canal and associated Structures of Bateni Khola-Seraghari (Shrijanshil) ISP, Gurbhakot-13, Surkhet, Dhadekhet ISP, Gurvakot-04,Surkhet\n", "chainage_s": "0+000", "chainage_e": null, "contract_a": "428.50 \nLakh", "start_date": "12/17/2081\n", "completion": "12/16/2083\n", "progress_p": "40", "status": "Normal", "delay_reas": "No", "supervisio": "0", "remarks": "0", "Photo": "0", "Shape_Leng": 0.0, "id": 0, "contact_id": null, "Contract_1": null, "project__1": null, "Progress__": 0, "X_co_ord": 0.0, "Y_co_ord": 0.0, "layer": null, "path": null }, "geometry": { "type": "MultiLineString", "coordinates": [ [ [ 81.84375912416597, 28.47009795000243 ], [ 81.843583574192877, 28.469341734733707 ], [ 81.843529558816542, 28.468707054061746 ], [ 81.843435031907944, 28.468247923362881 ], [ 81.843245978090764, 28.46751871578233 ], [ 81.843245978090764, 28.467194623524303 ], [ 81.842935389676825, 28.466667973605016 ], [ 81.842489762822041, 28.466276362126571 ], [ 81.842084647499519, 28.466276362126571 ], [ 81.841639020644735, 28.466478919787836 ], [ 81.840747766935166, 28.466776004357691 ], [ 81.840126590107289, 28.467032577395294 ], [ 81.839370374838566, 28.467397181185568 ], [ 81.838843724919286, 28.467640250379088 ] ] ] } },
{ "type": "Feature", "properties": { "fid_1": 25.0, "contract_i": "BBDMP/BCIDP/NCB-53/LI/078-79\n", "contractor": "M/S G.U.P Pvt.Ltd,Tripureshwor Na.Pa.-11,Kathmandu\n", "project_na": "Construction of Bheri Thulo Raike Lift ISP, Gurbhakot-12 , Surkhet\n", "chainage_s": "0+000", "chainage_e": "0+000", "contract_a": "65.92 \nLakh", "start_date": "11/16/2078\n", "completion": "11/15/2079\n", "progress_p": "72", "status": "Delayed", "delay_reas": "Contractor's Delayed", "supervisio": "0", "remarks": "0", "Photo": "0", "Shape_Leng": 0.0, "id": 0, "contact_id": null, "Contract_1": null, "project__1": null, "Progress__": 0, "X_co_ord": 0.0, "Y_co_ord": 0.0, "layer": null, "path": null }, "geometry": { "type": "MultiLineString", "coordinates": [ [ [ 81.839248840241837, 28.443778957882149 ], [ 81.839309706968166, 28.443801721236483 ], [ 81.839371932168774, 28.443820454978358 ], [ 81.839435249385787, 28.44383507888702 ], [ 81.839499387485162, 28.443845530340642 ], [ 81.839564071817733, 28.443851764584497 ], [ 81.839629025395226, 28.4438537549226 ], [ 81.839693970076453, 28.443851492832007 ], [ 81.839758627758343, 28.443844987999348 ], [ 81.839822721566762, 28.443834268279311 ], [ 81.839885977042172, 28.44381937957538 ], [ 81.83994812331494, 28.443800385643275 ], [ 81.840008894265168, 28.44377736781793 ], [ 81.840068029662305, 28.443750424665204 ], [ 81.840125276279537, 28.443719671559816 ], [ 81.840180388978041, 28.443685240191279 ], [ 81.840233131756762, 28.443647278 ], [ 81.840283278763067, 28.443605947545922 ], [ 81.840330615259731, 28.443561425812383 ], [ 81.840374938544642, 28.443513903448281 ], [ 81.84041605881869, 28.443463583951679 ], [ 81.840453799998514, 28.443410682798387 ], [ 81.840488000470614, 28.443355426519261 ], [ 81.840518513783309, 28.443298051730171 ], [ 81.840545209273927, 28.443238804118778 ], [ 81.840567972628264, 28.443177937392445 ], [ 81.840586706370132, 28.44311571219184 ], [ 81.840601330278801, 28.443052394974828 ], [ 81.84061178173242, 28.442988256875449 ], [ 81.840618015976276, 28.442923572542892 ], [ 81.840620006314381, 28.442858618965396 ], [ 81.840617744223792, 28.442793674284157 ], [ 81.840611239391123, 28.442729016602275 ], [ 81.840600519671085, 28.44266492279386 ], [ 81.840585630967155, 28.442601667318439 ], [ 81.840566637035053, 28.442539521045681 ], [ 81.840543619209711, 28.442478750095454 ], [ 81.840516676056978, 28.442419614698306 ], [ 81.840485922951586, 28.442362368081078 ], [ 81.840451491583067, 28.44230725538258 ], [ 81.840413529391796, 28.442254512603846 ], [ 81.840372198937715, 28.442204365597551 ], [ 81.840327677204158, 28.442157029100876 ], [ 81.840280154840059, 28.442112705815969 ], [ 81.840229835343465, 28.442071585541935 ], [ 81.840176934190168, 28.442033844362101 ], [ 81.840121677911043, 28.44199964389 ], [ 81.840064303121963, 28.441969130577299 ], [ 81.840005055510559, 28.441942435086684 ], [ 81.83994418878423, 28.44191967173235 ], [ 81.839881963583622, 28.441900937990475 ], [ 81.839818646366609, 28.441886314081813 ], [ 81.839754508267234, 28.441875862628191 ], [ 81.839689823934663, 28.441869628384335 ], [ 81.83962487035717, 28.441867638046233 ], [ 81.839559925675943, 28.441869900136826 ], [ 81.839495267994053, 28.441876404969484 ], [ 81.839431174185634, 28.441887124689522 ], [ 81.839367918710224, 28.441902013393452 ], [ 81.839305772437456, 28.441921007325558 ], [ 81.839245001487228, 28.441944025150903 ], [ 81.839185866090091, 28.441970968303629 ], [ 81.839128619472859, 28.442001721409017 ], [ 81.839073506774355, 28.442036152777554 ], [ 81.839020763995634, 28.442074114968825 ], [ 81.838970616989329, 28.44211544542291 ], [ 81.838923280492665, 28.442159967156449 ], [ 81.838878957207754, 28.442207489520552 ], [ 81.838837836933706, 28.442257809017153 ], [ 81.838800095753882, 28.442310710170446 ], [ 81.838765895281782, 28.442365966449572 ], [ 81.838735381969087, 28.442423341238662 ], [ 81.838708686478469, 28.442482588850055 ], [ 81.838685923124132, 28.442543455576388 ], [ 81.838667189382264, 28.442605680776992 ], [ 81.838652565473595, 28.442668997994005 ], [ 81.838642114019976, 28.442733136093384 ], [ 81.83863587977612, 28.442797820425941 ], [ 81.838633889438015, 28.442862774003437 ], [ 81.838636151528604, 28.442927718684675 ], [ 81.838642656361273, 28.442992376366558 ], [ 81.838653376081311, 28.443056470174973 ], [ 81.838668264785241, 28.443119725650394 ], [ 81.838687258717343, 28.443181871923152 ], [ 81.838710276542685, 28.443242642873379 ], [ 81.838737219695417, 28.443301778270527 ], [ 81.83876797280081, 28.443359024887755 ], [ 81.838802404169328, 28.443414137586252 ], [ 81.8388403663606, 28.443466880364987 ], [ 81.838881696814681, 28.443517027371282 ], [ 81.838926218548238, 28.443564363867957 ], [ 81.838973740912337, 28.443608687152864 ], [ 81.839024060408931, 28.443649807426898 ], [ 81.839076961562228, 28.443687548606732 ], [ 81.839132217841353, 28.443721749078833 ], [ 81.839189592630433, 28.443752262391534 ], [ 81.839248840241837, 28.443778957882149 ] ] ] } },
{ "type": "Feature", "properties": { "fid_1": 26.0, "contract_i": "BBDMP/BCIDP/NCB-55/LI/078-79\n", "contractor": "M/S G.U.P Pvt.Ltd,Tripureshwor Na.Pa.-11,Kathmandu\n", "project_na": "Construction of Bheri Vamka Pump Lift ISP, Gurbhakot-13 , Gumi, Surkhet\n", "chainage_s": null, "chainage_e": null, "contract_a": "70.75 \nLakh", "start_date": "11/16/2078\n", "completion": "11/15/2079\n", "progress_p": "83", "status": "Delayed", "delay_reas": "Contractor's Delayed", "supervisio": "0", "remarks": "0", "Photo": "0", "Shape_Leng": 0.0, "id": 0, "contact_id": null, "Contract_1": null, "project__1": null, "Progress__": 0, "X_co_ord": 0.0, "Y_co_ord": 0.0, "layer": null, "path": null }, "geometry": { "type": "MultiLineString", "coordinates": [ [ [ 81.828933079341923, 28.447480050714685 ], [ 81.831049232392175, 28.447821365722792 ], [ 81.833165385442427, 28.449459677761695 ], [ 81.834257593468351, 28.450074044776283 ], [ 81.835349801494289, 28.450893200795736 ], [ 81.836237220515372, 28.452941090844366 ], [ 81.837739006551033, 28.455603347907584 ], [ 81.838080321559133, 28.456763818935141 ] ] ] } },
{ "type": "Feature", "properties": { "fid_1": 27.0, "contract_i": "BBDMP/BCIDP/NCB/SI-9/078-79\n", "contractor": "\"San Tila Construction and Suppliers\n Birendranagar-1, Surkhet  \n\"\n", "project_na": "Construction of Canal and Related Structures of Bikashi Kulo ISP,Gurbhakot Na.Pa-13,Surkhet\n", "chainage_s": "0+000", "chainage_e": "0", "contract_a": "102.42 \nLakh", "start_date": "8/27/2078\n", "completion": "8/26/2079\n", "progress_p": "76", "status": "Delayed", "delay_reas": "Contractor's Delayed", "supervisio": "0", "remarks": "0", "Photo": "0", "Shape_Leng": 0.0, "id": 0, "contact_id": null, "Contract_1": null, "project__1": null, "Progress__": 0, "X_co_ord": 0.0, "Y_co_ord": 0.0, "layer": null, "path": null }, "geometry": { "type": "MultiLineString", "coordinates": [ [ [ 81.861084953105404, 28.486936065651626 ], [ 81.859446641066498, 28.486458224640277 ], [ 81.857740066025983, 28.486389961638658 ], [ 81.857091567510579, 28.486185172633792 ], [ 81.856955041507334, 28.485434279615962 ], [ 81.856408937494365, 28.48447859759327 ], [ 81.855111940463573, 28.483488784069763 ], [ 81.853473628424666, 28.482089392536533 ], [ 81.852108368392237, 28.480724132504115 ], [ 81.850162872846042, 28.479085820465212 ], [ 81.849104796320916, 28.478164269943328 ], [ 81.846920380269054, 28.477959480938456 ] ] ] } },
{ "type": "Feature", "properties": { "fid_1": 28.0, "contract_i": "15/BCIRMP/NCB/W/2081/82\n", "contractor": "M/S Cosmic Solution Pvt. Ltd., Banasthali, Kathmandu\n", "project_na": "Construction of Kaprekhola Lift Irrigation System Gurvakot-09,Surkhet & Electrification of Bhulke Lift Irrigation System Gurvakot-09,Surkhet\n", "chainage_s": null, "chainage_e": null, "contract_a": "279.46 \nlakhs", "start_date": "2/6/2082\n", "completion": "3/20/2083\n", "progress_p": "34", "status": "Normal", "delay_reas": null, "supervisio": null, "remarks": null, "Photo": null, "Shape_Leng": 0.0, "id": 0, "contact_id": null, "Contract_1": null, "project__1": null, "Progress__": 0, "X_co_ord": 0.0, "Y_co_ord": 0.0, "layer": null, "path": null }, "geometry": { "type": "MultiLineString", "coordinates": [ [ [ 81.897910158695169, 28.425927668004814 ], [ 81.898260723030106, 28.425431035196983 ], [ 81.898728142143355, 28.420581561896984 ], [ 81.899195561256604, 28.419763578448791 ], [ 81.898611287365043, 28.417952329384939 ] ] ] } },
{ "type": "Feature", "properties": { "fid_1": 0.0, "contract_i": "16/BCIRMP/NCB/W/2081/82\n", "contractor": "M/S Cosmic Solution Pvt. Ltd., Banasthali, Kathmandu\n", "project_na": "Construction of Katuwal Tole Lift Irrigation System Gurvakot-07 Surkhet & Subhaghat Nara Lift Irrigation System Gurvakot-12 Surkhet\n", "chainage_s": null, "chainage_e": null, "contract_a": "274.53 \nlakhs", "start_date": "2/6/2082\n", "completion": "3/20/2083\n", "progress_p": "51", "status": "Normal", "delay_reas": null, "supervisio": null, "remarks": null, "Photo": null, "Shape_Leng": 0.0, "id": 0, "contact_id": null, "Contract_1": null, "project__1": null, "Progress__": 0, "X_co_ord": 0.0, "Y_co_ord": 0.0, "layer": null, "path": null }, "geometry": { "type": "MultiLineString", "coordinates": [ [ [ 81.844238672483883, 28.439581220725817 ], [ 81.845463056483894, 28.43877154743549 ], [ 81.844199176225814, 28.435157639822577 ] ] ] } },
{ "type": "Feature", "properties": { "fid_1": 0.0, "contract_i": "17/BCIRMP/NCB/W/2081/82\n", "contractor": "M/S M. K. Nirman Sewa, Birendranagar, Surkhet\n", "project_na": "Construction of Ghartimul Kalamate Lift Irrigation System Lekhbeshi-01, Surkhet   Bheri -Ratamate Lift Irrigation System Lekhbeshi-01, Surkhet\n", "chainage_s": null, "chainage_e": null, "contract_a": "223.59 \nlakhs", "start_date": "2/5/2082\n", "completion": "3/20/2083\n", "progress_p": "23", "status": "Normal", "delay_reas": null, "supervisio": null, "remarks": null, "Photo": null, "Shape_Leng": 0.0, "id": 0, "contact_id": null, "Contract_1": null, "project__1": null, "Progress__": 0, "X_co_ord": 0.0, "Y_co_ord": 0.0, "layer": null, "path": null }, "geometry": { "type": "MultiLineString", "coordinates": [ [ [ 81.803917930032128, 28.468694899951707 ], [ 81.803542715580519, 28.467371775306543 ], [ 81.803937678161162, 28.466107895048474 ] ] ] } },
{ "type": "Feature", "properties": { "fid_1": 0.0, "contract_i": "21/BCIRMP/NCB/RTW/2081/82\n", "contractor": "M/S Shishir & Basanta - Bhumiraj - PPOT JV Chingad-2, Surkhet\n", "project_na": "Construction of River Training Works at Bheri-Simghat Gurvakot-09,Surkhet, Bangad Khola Bangad Kupinde, Salyan, Jahare Aayurved Hospital Bheriganga 09,Surkhet, Chinchu Khola RTW Bheriganga,Surkhet & Milmile Khola RTW Bheriganga-05, Surkhet\n", "chainage_s": "0+000", "chainage_e": "0+190", "contract_a": "222.55 \nlhs", "start_date": "2/21/2082\n", "completion": "3/20/2083\n", "progress_p": "36", "status": "Normal", "delay_reas": null, "supervisio": null, "remarks": null, "Photo": null, "Shape_Leng": 0.0, "id": 0, "contact_id": null, "Contract_1": null, "project__1": null, "Progress__": 0, "X_co_ord": 0.0, "Y_co_ord": 0.0, "layer": null, "path": null }, "geometry": { "type": "MultiLineString", "coordinates": [ [ [ 82.064105494838699, 28.512430372354842 ], [ 82.06391713251611, 28.512329463967749 ] ] ] } },
{ "type": "Feature", "properties": { "fid_1": 0.0, "contract_i": "BBDMP/BCIDP/NCB/SI-3/078-79\n", "contractor": "Light Nirman Sewa,Barekot-9, Jajarkot \n", "project_na": "Construction of Canal and Related Structures of Chingad Khola Sirikhet Khara Mulkhet ISP,Chingad Ga.Pa.-4,5 & Rahakul Khola Shera Badshal ISP,Chingad Ga.Pa.-2,Surkhet\n", "chainage_s": "0+000", "chainage_e": "1+000", "contract_a": "85.61 \n", "start_date": "8/27/2078\n", "completion": "8/26/2079\n", "progress_p": "49", "status": "Delayed", "delay_reas": "Local disputes", "supervisio": null, "remarks": null, "Photo": null, "Shape_Leng": 0.0, "id": 0, "contact_id": null, "Contract_1": null, "project__1": null, "Progress__": 0, "X_co_ord": 0.0, "Y_co_ord": 0.0, "layer": null, "path": null }, "geometry": { "type": "MultiLineString", "coordinates": [ [ [ 81.890790009018147, 28.613247852728627 ], [ 81.891325839841528, 28.613103590583869 ], [ 81.89184106178709, 28.613103590583869 ], [ 81.892397501488304, 28.612876892927822 ], [ 81.892953941189518, 28.612279235470968 ], [ 81.893448554257262, 28.612258626593142 ] ] ] } },
{ "type": "Feature", "properties": { "fid_1": 6.0, "contract_i": "GWIPC/ncb/works/elec/82/83-02", "contractor": "bISHWO NIRMAN sEWA", "project_na": "ht/lt ELECTRIFICATION WORK", "chainage_s": null, "chainage_e": null, "contract_a": "11956789", "start_date": "2083.01.03", "completion": "2083.03.20", "progress_p": "0", "status": "Normal", "delay_reas": null, "supervisio": null, "remarks": null, "Photo": null, "Shape_Leng": 0.0, "id": 0, "contact_id": null, "Contract_1": null, "project__1": null, "Progress__": 0, "X_co_ord": 0.0, "Y_co_ord": 0.0, "layer": null, "path": null }, "geometry": { "type": "MultiLineString", "coordinates": [ [ [ 84.686577496062711, 26.767144131582381 ], [ 84.686580971429493, 26.767144131582388 ] ] ] } },
{ "type": "Feature", "properties": { "fid_1": 7.0, "contract_i": "GWIPC/NCB/WORKS/ELEC/082/083-01\n", "contractor": "Sibu Engineering Consultancy and Construction Pvt. Ltd., Thimi, Bhaktapur \n", "project_na": "HT/LT Line Electrification Works and Transformer Installation Works for Irrigation at Different Places of Chitwan and Nawalparasi District\n", "chainage_s": null, "chainage_e": null, "contract_a": "9468383.53\n", "start_date": "2082.11.10\n", "completion": "2083.02.30", "progress_p": "0", "status": "Delayed", "delay_reas": "Contactor's Delay to mobilize on field", "supervisio": null, "remarks": "This package consist of 10 nos of electrification at Chitwan and Nawalparasi District", "Photo": null, "Shape_Leng": 0.0, "id": 0, "contact_id": null, "Contract_1": null, "project__1": null, "Progress__": 0, "X_co_ord": 0.0, "Y_co_ord": 0.0, "layer": null, "path": null }, "geometry": { "type": "MultiLineString", "coordinates": [ [ [ 84.323936225368072, 27.68028956724045 ], [ 84.325168109229125, 27.680546209711505 ] ] ] } },
{ "type": "Feature", "properties": { "fid_1": 8.0, "contract_i": "GWIPC/NCB/WORKS/ELEC/082/083-03", "contractor": "CP-Agama JV, Tokha Kathmandu \n", "project_na": "HT/LT Line Electrification Works and Transformer Installation Works for Irrigation at Different Places of Parsa District\n", "chainage_s": null, "chainage_e": null, "contract_a": "12696466.85\n", "start_date": "2083.01.02\t", "completion": "2083.3.20\n", "progress_p": "0", "status": "Normal", "delay_reas": null, "supervisio": null, "remarks": "10 nos of electrification works for DTW irrigation", "Photo": null, "Shape_Leng": 0.0, "id": 0, "contact_id": null, "Contract_1": null, "project__1": null, "Progress__": 0, "X_co_ord": 0.0, "Y_co_ord": 0.0, "layer": null, "path": null }, "geometry": { "type": "MultiLineString", "coordinates": [ [ [ 84.7573323218826, 27.057030749290988 ], [ 84.757713915537408, 27.057113704433338 ] ] ] } },
{ "type": "Feature", "properties": { "fid_1": 9.0, "contract_i": "GWIPC/NCB/WORKS/DTW/082/083-02", "contractor": "Churemai Construction and Deep Tubewell Pvt. Ltd, Manahari Makwanpur", "project_na": "Construction of 12\" by 8\" Dia. Deep Tubewell and Pumping Test work at Paterwa Sugauli Rural Municipality of Parsa District", "chainage_s": null, "chainage_e": null, "contract_a": "2163967.65", "start_date": "2083.01.02", "completion": "2083.3.20", "progress_p": "20", "status": "Normal", "delay_reas": null, "supervisio": null, "remarks": "Rig machine mobilized at site", "Photo": null, "Shape_Leng": 0.0, "id": 0, "contact_id": null, "Contract_1": null, "project__1": null, "Progress__": 0, "X_co_ord": 0.0, "Y_co_ord": 0.0, "layer": null, "path": null }, "geometry": { "type": "MultiLineString", "coordinates": [ [ [ 84.769443528774033, 27.182470168872776 ], [ 84.769567961487567, 27.182532385229539 ] ] ] } },
{ "type": "Feature", "properties": { "fid_1": 10.0, "contract_i": "GWIPC/NCB/WORKS/DTW/082/083-03\t\t", "contractor": "B and B Boring and Construction, Mechinagar-08, Jhapa", "project_na": "Construction of 8\" Dia. Deep Tubewell and Pumping Test work by Percussion Method at Khairhani Municipality-4 of Chitwan District\t", "chainage_s": null, "chainage_e": null, "contract_a": "2128851.5", "start_date": "\t2083.01.02\t", "completion": "2083.3.20\n", "progress_p": "0", "status": "Normal", "delay_reas": null, "supervisio": null, "remarks": null, "Photo": null, "Shape_Leng": 0.0, "id": 0, "contact_id": null, "Contract_1": null, "project__1": null, "Progress__": 0, "X_co_ord": 0.0, "Y_co_ord": 0.0, "layer": null, "path": null }, "geometry": { "type": "MultiLineString", "coordinates": [ [ [ 84.561766888048382, 27.653633270979068 ], [ 84.561806291740993, 27.653627049343392 ] ] ] } },
{ "type": "Feature", "properties": { "fid_1": 11.0, "contract_i": "GWIPC/SQ-03/2082-083", "contractor": "S.K.P. Construction and Suppliers Pvt. Ltd, Bagmati-7, Makwanpur", "project_na": "Construction of Pump House and Washout Chamber in various Places of Nijgadh Municipality, Bara District\t\t\t\t\n", "chainage_s": null, "chainage_e": null, "contract_a": "986700", "start_date": "2082.12.19", "completion": "2083.3.18", "progress_p": "30", "status": "Normal", "delay_reas": null, "supervisio": null, "remarks": null, "Photo": null, "Shape_Leng": 0.0, "id": 0, "contact_id": null, "Contract_1": null, "project__1": null, "Progress__": 0, "X_co_ord": 0.0, "Y_co_ord": 0.0, "layer": null, "path": null }, "geometry": { "type": "MultiLineString", "coordinates": [ [ [ 85.05301612669389, 27.114635303498154 ], [ 85.053347947263305, 27.114867577896739 ] ] ] } },
{ "type": "Feature", "properties": { "fid_1": 12.0, "contract_i": "GWIPC/SQ-04/2082-083", "contractor": "S.K.P. Construction and Suppliers Pvt. Ltd, Bagmati-7, Makwanpur", "project_na": "Construction of Pump House and Washout Chamber in various Places of Jitpur Simara Sub Metropolitan City of Bara District\t\t\t\t\t\n", "chainage_s": null, "chainage_e": null, "contract_a": "984359", "start_date": "2082.12.19\t", "completion": "2083.3.18", "progress_p": "30", "status": "Normal", "delay_reas": null, "supervisio": null, "remarks": null, "Photo": null, "Shape_Leng": 0.0, "id": 0, "contact_id": null, "Contract_1": null, "project__1": null, "Progress__": 0, "X_co_ord": 0.0, "Y_co_ord": 0.0, "layer": null, "path": null }, "geometry": { "type": "MultiLineString", "coordinates": [ [ [ 85.192405537819809, 27.208791508510497 ], [ 85.192471901933686, 27.208857872624378 ] ] ] } },
{ "type": "Feature", "properties": { "fid_1": 13.0, "contract_i": "GWIPC/NCB/WORKS/DTW/082/083-01", "contractor": "Churemai Construction and Deep Tubewell Pvt. Ltd, Manahari Makwanpur", "project_na": "Construction of 8\" dia. Tubewells and Pumping Test work at Thori Municipality of Parsa District\t\t\t", "chainage_s": null, "chainage_e": null, "contract_a": "2825801.18", "start_date": "2082.11.10\t", "completion": "2083.2.30\n", "progress_p": "90", "status": "Normal", "delay_reas": null, "supervisio": null, "remarks": "Near about completion", "Photo": null, "Shape_Leng": 0.0, "id": 0, "contact_id": null, "Contract_1": null, "project__1": null, "Progress__": 0, "X_co_ord": 0.0, "Y_co_ord": 0.0, "layer": null, "path": null }, "geometry": { "type": "MultiLineString", "coordinates": [ [ [ 84.688707198427053, 27.270021994721088 ], [ 84.688744528241102, 27.270026142478205 ] ] ] } },
{ "type": "Feature", "properties": { "fid_1": 14.0, "contract_i": "GWIPC/SQ-02/2082-083", "contractor": "Shankat Mochan Nirman Sewa, Birgunj-14, Parsa\t", "project_na": "Construction of Pump House and Washout Chamber at Bindabasini Rural-Municipality, Kalikamai  Rural-Municipality and Pokhariya Municipality of Parsa District\t\t\t", "chainage_s": null, "chainage_e": null, "contract_a": "11,57,693.37\t", "start_date": "2082.12.19\t", "completion": "2083.3.18\n", "progress_p": "30", "status": "Normal", "delay_reas": null, "supervisio": null, "remarks": null, "Photo": null, "Shape_Leng": 0.0, "id": 0, "contact_id": null, "Contract_1": null, "project__1": null, "Progress__": 0, "X_co_ord": 0.0, "Y_co_ord": 0.0, "layer": null, "path": null }, "geometry": { "type": "MultiLineString", "coordinates": [ [ [ 84.6972217407302, 27.077879150121252 ], [ 84.697951745982891, 27.078028469377482 ] ] ] } },
{ "type": "Feature", "properties": { "fid_1": 15.0, "contract_i": "GWIPC/SQ-01/2082-083\t\t", "contractor": "Shankat Mochan Nirman Sewa, Birgunj-14, Parsa\t\t", "project_na": "Construction of Pump House and Washout Chamber at Thori Ga. Pa-05, Jagarnathpur Ga. Pa. -01, Dhobini Ga. Pa-03, Chhipaharmai Ga. Pa-02 & 04 of Parsa District\t", "chainage_s": null, "chainage_e": null, "contract_a": "11, 89,499.22", "start_date": "2082.12.19\t", "completion": "2083.3.18\n", "progress_p": "30", "status": "Normal", "delay_reas": null, "supervisio": null, "remarks": null, "Photo": null, "Shape_Leng": 0.0, "id": 0, "contact_id": null, "Contract_1": null, "project__1": null, "Progress__": 0, "X_co_ord": 0.0, "Y_co_ord": 0.0, "layer": null, "path": null }, "geometry": { "type": "MultiLineString", "coordinates": [ [ [ 84.482599054515376, 26.969518281346591 ], [ 84.482333598059839, 26.97350012817946 ] ] ] } },
{ "type": "Feature", "properties": { "fid_1": 0.0, "contract_i": "NRTW/NCB-LB/29/078-79\n", "contractor": "Sharma Sagun JV", "project_na": "Narayani River Flood Protection Works at Sisahi,Bhagedi and Baluwa Section\n", "chainage_s": "0+000", "chainage_e": "5+000", "contract_a": "374,711,377.28 \n", "start_date": "2079/03/09", "completion": "2083/2/18", "progress_p": "70", "status": "Delayed", "delay_reas": "National Mark, Big Boulder source issue, Payment delay due to budget constraints", "supervisio": null, "remarks": null, "Photo": null, "Shape_Leng": 0.0, "id": 0, "contact_id": null, "Contract_1": null, "project__1": null, "Progress__": 0, "X_co_ord": 0.0, "Y_co_ord": 0.0, "layer": null, "path": null }, "geometry": { "type": "MultiLineString", "coordinates": [ [ [ 84.208081375971275, 27.604700955497272 ], [ 84.212095147743668, 27.607347875260682 ], [ 84.215284469097938, 27.609799530451379 ], [ 84.216575384884166, 27.610699917092212 ], [ 84.216955065997766, 27.610846365521745 ], [ 84.218115805402235, 27.611372495064881 ] ] ] } },
{ "type": "Feature", "properties": { "fid_1": 0.0, "contract_i": "NRMP-NCB-Works-RB-02-079/80\n", "contractor": "Raman-Tribeni J/V\n", "project_na": "Narayani River Management Works on Right Bank at Kushumghat to Thumsi Section \n", "chainage_s": "0+000", "chainage_e": "6+140", "contract_a": "1,097,688,196.25 \n", "start_date": "2079/08/15", "completion": "2083/2/18", "progress_p": "79", "status": "Delayed", "delay_reas": "Budget Deficit, Jungle issue", "supervisio": null, "remarks": null, "Photo": "C:\\Users\\Acer\\Downloads\\image jungle.jpeg", "Shape_Leng": 0.0, "id": 0, "contact_id": null, "Contract_1": null, "project__1": null, "Progress__": 0, "X_co_ord": 0.0, "Y_co_ord": 0.0, "layer": null, "path": null }, "geometry": { "type": "MultiLineString", "coordinates": [ [ [ 84.398952495795953, 27.693427007730627 ], [ 84.395481125614438, 27.692081851785289 ], [ 84.391619226287489, 27.689521716276417 ], [ 84.388538385251394, 27.686614443749392 ], [ 84.382897408706413, 27.685833385458551 ], [ 84.377777137688668, 27.685703209076742 ], [ 84.374609512398038, 27.688697265858305 ], [ 84.365410381416993, 27.69772282833026 ], [ 84.364520842808005, 27.701519639466312 ], [ 84.363804872708073, 27.703190236366165 ], [ 84.363962169169426, 27.703493981257047 ], [ 84.363826568771699, 27.703700093861574 ], [ 84.363078054576306, 27.703515677320688 ], [ 84.362101731712755, 27.703862814338837 ], [ 84.361266433262827, 27.704275039547895 ], [ 84.359606684394805, 27.704502848216048 ], [ 84.359433115885707, 27.704817441138754 ], [ 84.353835531468036, 27.704860833266022 ] ] ] } },
{ "type": "Feature", "properties": { "fid_1": 0.0, "contract_i": "NRMP/NCB/RTW/LB/03-2081/82\n", "contractor": "Naba Janukadevi Construction & Suppliers Pvt.Ltd \n", "project_na": "Narayani River Right Bank Flood Protection Works at Bharatpur-16 Setidevi & 17 Majhuwa Section of Chitwan \n", "chainage_s": "0+000", "chainage_e": "0+300", "contract_a": "65,774,740.41 \n", "start_date": "2082/03/08", "completion": "2083/09/08", "progress_p": "58", "status": "Normal", "delay_reas": "Payment", "supervisio": null, "remarks": null, "Photo": null, "Shape_Leng": 0.0, "id": 0, "contact_id": null, "Contract_1": null, "project__1": null, "Progress__": 0, "X_co_ord": 0.0, "Y_co_ord": 0.0, "layer": null, "path": null }, "geometry": { "type": "MultiLineString", "coordinates": [ [ [ 84.33083227999964, 27.690446510988867 ], [ 84.330639727434885, 27.689974621604819 ], [ 84.330308862464463, 27.689535276316217 ] ] ] } },
{ "type": "Feature", "properties": { "fid_1": 0.0, "contract_i": "NRMP/NCB/RTW/LB/01-081/82\n", "contractor": "Pashupati Nirman Sewa PVt.Ltd. Bharatpur-10 Chitwan \n", "project_na": "Narayani River Lift Bank Flood Protection Works at Majhuwa Section, Bharatpur Metropolitan City-17, Chitwan \n", "chainage_s": "0+000", "chainage_e": "0+560", "contract_a": "44,860,152.70 \n", "start_date": "2082/02/09", "completion": "2083/08/09", "progress_p": "96", "status": "Normal", "delay_reas": "Budget Constraint, Payment Delay", "supervisio": null, "remarks": null, "Photo": null, "Shape_Leng": 0.0, "id": 0, "contact_id": null, "Contract_1": null, "project__1": null, "Progress__": 0, "X_co_ord": 0.0, "Y_co_ord": 0.0, "layer": null, "path": null }, "geometry": { "type": "MultiLineString", "coordinates": [ [ [ 84.310861053424148, 27.670117299363362 ], [ 84.309439961256075, 27.668967407990735 ], [ 84.307899540738035, 27.668186349699891 ], [ 84.30617470367909, 27.667784972522654 ], [ 84.305328557197342, 27.667307659122695 ], [ 84.304775307574687, 27.666765257531836 ] ] ] } },
{ "type": "Feature", "properties": { "fid_1": 0.0, "contract_i": "NRMP/NCB/RTW/RB/01-081/82\n", "contractor": "Pashupati Nirman Sewa PVt.Ltd. Bharatpur-10 Chitwan \n", "project_na": "Narayani River Right Bank Flood Protection Works at Down Stream of Narayani Bridge, Gaindakot  municipality-02, Nawalparasi (Bardghat Susta East)\n", "chainage_s": "0+000", "chainage_e": "0+500", "contract_a": "51,999,132.10 \n", "start_date": "2082/02/09", "completion": "2083/08/09", "progress_p": "90", "status": "Normal", "delay_reas": null, "supervisio": null, "remarks": null, "Photo": null, "Shape_Leng": 0.0, "id": 0, "contact_id": null, "Contract_1": null, "project__1": null, "Progress__": 0, "X_co_ord": 0.0, "Y_co_ord": 0.0, "layer": null, "path": null }, "geometry": { "type": "MultiLineString", "coordinates": [ [ [ 84.41743211799708, 27.700756209227244 ], [ 84.415642192747242, 27.700360256065924 ] ] ] } },
{ "type": "Feature", "properties": { "fid_1": 0.0, "contract_i": "NRMP/NCB/RTW/RB/02-081/82\n", "contractor": "Pashupati Nirman Sewa", "project_na": "Narayani River Right Bank Flood Protection Works at Kusumghat Section, Gaindakot  municipality-02,05, Nawalparasi (Bardghat Susta East)\n", "chainage_s": "0+000", "chainage_e": "0+550", "contract_a": "51,166,689.46 \n", "start_date": "2082/02/09", "completion": "2083/08/09", "progress_p": "91", "status": null, "delay_reas": null, "supervisio": null, "remarks": null, "Photo": null, "Shape_Leng": 0.0, "id": 0, "contact_id": null, "Contract_1": null, "project__1": null, "Progress__": 0, "X_co_ord": 0.0, "Y_co_ord": 0.0, "layer": null, "path": null }, "geometry": { "type": "MultiLineString", "coordinates": [ [ [ 84.41289764069748, 27.699649709981895 ], [ 84.414692989963243, 27.700235503700025 ] ] ] } },
{ "type": "Feature", "properties": { "fid_1": 0.0, "contract_i": "NRMP/NCB/RTW/RB/03-2081/82\n", "contractor": "Naba Janukadevi Construction & Suppliers Pvt.Ltd \n", "project_na": "Narayani River Right Bank Flood Protection Works at Kujauli, Devchuli-17, Kawasoti-17, Madhyabindu-03, of Nawalparasi (Bardghat Susta East)\n", "chainage_s": "0+000", "chainage_e": "0+210", "contract_a": "62,084,512.07 \n", "start_date": "2082/03/08", "completion": "2083/09/08", "progress_p": "61", "status": "Stressed", "delay_reas": "Budget Constraint Payment issue by client", "supervisio": null, "remarks": null, "Photo": null, "Shape_Leng": 0.0, "id": 0, "contact_id": null, "Contract_1": null, "project__1": null, "Progress__": 0, "X_co_ord": 0.0, "Y_co_ord": 0.0, "layer": null, "path": null }, "geometry": { "type": "MultiLineString", "coordinates": [ [ [ 83.998939458559178, 27.568368184933469 ], [ 83.998505537286476, 27.567239989624476 ] ] ] } },
{ "type": "Feature", "properties": { "fid_1": 0.0, "contract_i": "IWRMP/NCB/RTW/Susta-Upper Part LB -06 082/83 \n", "contractor": "Shivam  Construct JV", "project_na": "Construction of Embankment, Sloping Revetment, Launching Apron, Spur, and RCC Porcupines at the Left Bank of the Narayani River at Susta Rural Municipality-05, (Upper Part) Nawalparasi (Bardaghat Susta West)\n", "chainage_s": "0+000", "chainage_e": "0+700", "contract_a": "71742000", "start_date": "2082/12/01", "completion": "2082/03/22", "progress_p": "20", "status": "Normal", "delay_reas": null, "supervisio": null, "remarks": null, "Photo": null, "Shape_Leng": 0.0, "id": 0, "contact_id": null, "Contract_1": null, "project__1": null, "Progress__": 0, "X_co_ord": 0.0, "Y_co_ord": 0.0, "layer": null, "path": null }, "geometry": { "type": "MultiLineString", "coordinates": [ [ [ 83.870411977588461, 27.364239414224379 ], [ 83.868947493293149, 27.363729556728966 ], [ 83.865085593966199, 27.363382419710813 ], [ 83.864684216788959, 27.363100370883565 ] ] ] } },
{ "type": "Feature", "properties": { "fid_1": 0.0, "contract_i": "IWRMP/NCB/RTW/Susta-Lower Part LB -07 082/83", "contractor": "83  K.D Constuction", "project_na": "Construction of Embankment, Sloping Revetment, Launching Apron, Spur, and RCC Porcupines at the Left Bank of the Narayani River at Susta Rural Municipality-05, (Lower Part) Nawalparasi (Bardaghat Susta West)\n", "chainage_s": "0+000", "chainage_e": "0+400", "contract_a": "47682000", "start_date": "2082/11/28", "completion": "2082/03/22", "progress_p": "25", "status": "Normal", "delay_reas": null, "supervisio": null, "remarks": null, "Photo": null, "Shape_Leng": 0.0, "id": 0, "contact_id": null, "Contract_1": null, "project__1": null, "Progress__": 0, "X_co_ord": 0.0, "Y_co_ord": 0.0, "layer": null, "path": null }, "geometry": { "type": "MultiLineString", "coordinates": [ [ [ 83.864326231738985, 27.362850866151767 ], [ 83.863501781320878, 27.362167440147282 ] ] ] } },
{ "type": "Feature", "properties": { "fid_1": 6.0, "contract_i": "NRTW/NCB-LB/29/078-79", "contractor": "Sharma Sagun JV\n", "project_na": "Narayani River Flood Protection Works at Sisahi,Bhagedi and Baluwa Section\n", "chainage_s": "5+000", "chainage_e": "5+600", "contract_a": "374,711,377.28 \n", "start_date": "2079/03/09", "completion": "2083/02/18", "progress_p": "70", "status": "Delayed", "delay_reas": "Material unavailability, National Park Issue, Budget Deficit and Payment Issue from Client", "supervisio": null, "remarks": null, "Photo": null, "Shape_Leng": 0.0, "id": 0, "contact_id": null, "Contract_1": null, "project__1": null, "Progress__": 0, "X_co_ord": 0.0, "Y_co_ord": 0.0, "layer": null, "path": null }, "geometry": { "type": "MultiLineString", "coordinates": [ [ [ 84.194442687968632, 27.59392377488766 ], [ 84.195245442323142, 27.594097343396744 ], [ 84.195896324232208, 27.594542112701269 ], [ 84.196948583318516, 27.594498720573998 ], [ 84.198293739263917, 27.594835009560349 ], [ 84.199291758191151, 27.595182146578516 ] ] ] } },
{ "type": "Feature", "properties": { "fid_1": 7.0, "contract_i": "IWRMP-DADELDHURA/SAKAYAL/NCB-09/082-083", "contractor": "Alok / M.B. J.V., Dadeldhura", "project_na": "Construction of Canal and Canal Structures for Sakayal Irrigation Project, Ganyapdhura 3, Dadeldhura", "chainage_s": "0+000", "chainage_e": "0+3200", "contract_a": "28528043.59", "start_date": "2082-12-05", "completion": "2083-03-15", "progress_p": "10", "status": "Delayed", "delay_reas": "Community Dispute", "supervisio": null, "remarks": null, "Photo": null, "Shape_Leng": 0.0, "id": 0, "contact_id": null, "Contract_1": null, "project__1": null, "Progress__": 0, "X_co_ord": 0.0, "Y_co_ord": 0.0, "layer": null, "path": null }, "geometry": { "type": "MultiLineString", "coordinates": [ [ [ 80.720613504796162, 29.312831329473006 ], [ 80.721122006287615, 29.312627928876424 ], [ 80.721332186904093, 29.312475378428989 ], [ 80.721630507779068, 29.312234687723034 ], [ 80.721735598087307, 29.311987216997192 ], [ 80.721742378107194, 29.311899076738673 ], [ 80.72170847800777, 29.311814326490097 ], [ 80.721691527958043, 29.311522785634995 ], [ 80.721701697987868, 29.311315995028494 ], [ 80.72182204334085, 29.31105835427282 ], [ 80.721877978504907, 29.310956653974529 ], [ 80.721886453529763, 29.310856648681206 ], [ 80.721955948733623, 29.310746473358055 ], [ 80.722077989091574, 29.310509172662041 ], [ 80.722181384394844, 29.310510867667009 ], [ 80.722283084693132, 29.310517647686897 ], [ 80.722371224951658, 29.310488832602381 ], [ 80.722371224951658, 29.310488832602381 ], [ 80.722466145230058, 29.31043459244329 ], [ 80.722644120752065, 29.310297297040595 ], [ 80.722735651020528, 29.310207461777104 ], [ 80.722901761507742, 29.310207461777104 ], [ 80.722968714204129, 29.310199834254735 ], [ 80.72355857593422, 29.310254074413823 ], [ 80.723667056252395, 29.310257464423767 ], [ 80.723721296411483, 29.310252379408851 ], [ 80.72376197653081, 29.310208309279592 ], [ 80.723872151853953, 29.31016254414536 ], [ 80.723958597107512, 29.310101523966384 ], [ 80.724073857445575, 29.309999823668093 ], [ 80.724168777723975, 29.30989642836483 ], [ 80.724967125065547, 29.310006603687974 ], [ 80.724977295095414, 29.310394759826462 ], [ 80.725092555433477, 29.310730370810827 ], [ 80.725451896487471, 29.312201635126133 ], [ 80.725933277899387, 29.312716916637481 ], [ 80.72637397919199, 29.312974557393154 ], [ 80.72686044561884, 29.313132192855509 ], [ 80.727379117140131, 29.313044052596986 ], [ 80.727928298750896, 29.31283726199046 ], [ 80.728650370868777, 29.312664371483361 ], [ 80.729430073155683, 29.312393170687916 ], [ 80.729992814806238, 29.311755848818613 ], [ 80.730643696715305, 29.311288027446469 ], [ 80.731450519081761, 29.310799866014666 ], [ 80.732074280911263, 29.310423574910978 ], [ 80.732504812174028, 29.310342214672346 ], [ 80.733098063914071, 29.310359164722062 ], [ 80.733409944828836, 29.310450694990525 ], [ 80.733613345425411, 29.310430354930865 ], [ 80.733738775793285, 29.310264244443655 ], [ 80.733901496270548, 29.310315094592799 ], [ 80.734101506857186, 29.310379504781718 ], [ 80.734203207155488, 29.310355774712118 ] ] ] } },
{ "type": "Feature", "properties": { "fid_1": 8.0, "contract_i": "IWRMP-DADELDHURA/BGRB/NCB-11/082-083", "contractor": "Ashok Construction and Order Suppliers, Bajura", "project_na": "Construction of Launching with Sloping on Right Bank of Budhiganga River, Achham", "chainage_s": "13+200", "chainage_e": "13+500", "contract_a": "10535980.88", "start_date": "2082-11-27", "completion": "2083-03-15", "progress_p": "30", "status": "Normal", "delay_reas": null, "supervisio": null, "remarks": null, "Photo": null, "Shape_Leng": 0.0, "id": 0, "contact_id": null, "Contract_1": null, "project__1": null, "Progress__": 0, "X_co_ord": 0.0, "Y_co_ord": 0.0, "layer": null, "path": null }, "geometry": { "type": "MultiLineString", "coordinates": [ [ [ 81.211098363221524, 29.228400444638954 ], [ 81.210827162426085, 29.227532602093525 ], [ 81.210420361232906, 29.226664759548097 ], [ 81.209877959642014, 29.225376555769728 ], [ 81.209430478329537, 29.225105354974282 ], [ 81.208481275545466, 29.224481593144759 ], [ 81.207260871965971, 29.224115472070906 ], [ 81.206460829619402, 29.223627310639102 ] ] ] } },
{ "type": "Feature", "properties": { "fid_1": 9.0, "contract_i": "IWRMP-DADELDHURA/GHATAL/NCB-03/082-083", "contractor": "Minu-Bhumiraj J.V., Dadeldhura", "project_na": "घाटलथान वृहत तटबन्ध योजना, डडेल्धुरा", "chainage_s": "0+000", "chainage_e": "0+350", "contract_a": "18837648.50", "start_date": "2082-09-21", "completion": "2083-03-20", "progress_p": "95", "status": "Normal", "delay_reas": null, "supervisio": null, "remarks": null, "Photo": null, "Shape_Leng": 0.0, "id": 0, "contact_id": null, "Contract_1": null, "project__1": null, "Progress__": 0, "X_co_ord": 0.0, "Y_co_ord": 0.0, "layer": null, "path": null }, "geometry": { "type": "MultiLineString", "coordinates": [ [ [ 80.561756025150515, 29.279959849212776 ], [ 80.561559404573813, 29.279654748317899 ], [ 80.561430584195975, 29.279376767502566 ], [ 80.561403464116438, 29.278929286190081 ], [ 80.56139668409655, 29.278793685792358 ], [ 80.56149160437495, 29.278305524360555 ], [ 80.561308543838024, 29.2781360238634 ], [ 80.560915302684634, 29.278034323565109 ], [ 80.560467821372143, 29.278081783704312 ], [ 80.559545738667623, 29.278258064221351 ] ] ] } },
{ "type": "Feature", "properties": { "fid_1": 10.0, "contract_i": "IWRMP-DADELDHURA/SANFEBAGAR/NCB-06/082-083", "contractor": "Royal C.B. Construction, Achham", "project_na": "साँफेबगर बजार अछाम संरक्षण कार्य", "chainage_s": "9+630", "chainage_e": "9+740", "contract_a": "2047932.96", "start_date": "2082-12-05", "completion": "2083-03-15", "progress_p": "5", "status": "Delayed", "delay_reas": "Fuel Price Escalation", "supervisio": null, "remarks": null, "Photo": null, "Shape_Leng": 0.0, "id": 0, "contact_id": null, "Contract_1": null, "project__1": null, "Progress__": 0, "X_co_ord": 0.0, "Y_co_ord": 0.0, "layer": null, "path": null }, "geometry": { "type": "MultiLineString", "coordinates": [ [ [ 81.224805527409387, 29.251945230794458 ], [ 81.223680044108292, 29.251790985342048 ] ] ] } },
{ "type": "Feature", "properties": { "fid_1": 11.0, "contract_i": "IWRMP-DADELDHURA/BHADEPATAL/NCB-10/082-083", "contractor": "Shaima Luwakhadi Nirman Sewa, Doti", "project_na": "भाड़ीपातल वृहत सिंचाई योजना, शिखर ४, डोटी", "chainage_s": "0+000", "chainage_e": "0+450", "contract_a": "3104361.66", "start_date": "2082-11-28", "completion": "2083-03-15", "progress_p": "5", "status": "Stressed", "delay_reas": "Community Dispute", "supervisio": null, "remarks": null, "Photo": null, "Shape_Leng": 0.0, "id": 0, "contact_id": null, "Contract_1": null, "project__1": null, "Progress__": 0, "X_co_ord": 0.0, "Y_co_ord": 0.0, "layer": null, "path": null }, "geometry": { "type": "MultiLineString", "coordinates": [ [ [ 80.846249419781245, 29.241365829970171 ], [ 80.846242639761371, 29.241799751242883 ], [ 80.846968101889189, 29.242196382406224 ], [ 80.847273202784095, 29.242226892495719 ] ] ] } },
{ "type": "Feature", "properties": { "fid_1": 12.0, "contract_i": "IWRMP-DADELDHURA/MATELA/NCB-08/082-083", "contractor": "New Kalika Nirman Sewa, Bajura", "project_na": "मटेला सिंचाई योजना, आलिताल २, डडेल्धुरा", "chainage_s": "0+000", "chainage_e": "0+750", "contract_a": "4002350.92", "start_date": "2082-12-03", "completion": "2083-03-15", "progress_p": "15", "status": "Normal", "delay_reas": null, "supervisio": null, "remarks": null, "Photo": null, "Shape_Leng": 0.0, "id": 0, "contact_id": null, "Contract_1": null, "project__1": null, "Progress__": 0, "X_co_ord": 0.0, "Y_co_ord": 0.0, "layer": null, "path": null }, "geometry": { "type": "MultiLineString", "coordinates": [ [ [ 80.537636, 29.207083 ], [ 80.537303779025564, 29.206472798210203 ], [ 80.536720697315317, 29.205469355266995 ], [ 80.536096935485759, 29.204533712522657 ], [ 80.536020660262039, 29.204098096244969 ], [ 80.536003710212313, 29.203799775369962 ], [ 80.535610469058895, 29.20333534400773 ], [ 80.535535888840144, 29.203057363192382 ], [ 80.535474868661169, 29.202738702257715 ], [ 80.535454528601505, 29.202453941422473 ] ] ] } },
{ "type": "Feature", "properties": { "fid_1": 13.0, "contract_i": "IWRMP-DADELDHURA/PARSHURAM/NCB-07/082-083", "contractor": "Sighas Nirman Sewa, Dadeldhura", "project_na": "परशुराम घाट संरक्षण कार्य", "chainage_s": "0+000", "chainage_e": "0+030", "contract_a": "2017884.50", "start_date": "2082-11-27", "completion": "2083-03-15", "progress_p": "50", "status": "Normal", "delay_reas": null, "supervisio": null, "remarks": null, "Photo": null, "Shape_Leng": 0.0, "id": 0, "contact_id": null, "Contract_1": null, "project__1": null, "Progress__": 0, "X_co_ord": 0.0, "Y_co_ord": 0.0, "layer": null, "path": null }, "geometry": { "type": "MultiLineString", "coordinates": [ [ [ 80.267559409981445, 29.152740414902837 ], [ 80.269965893290006, 29.150492202683537 ] ] ] } },
{ "type": "Feature", "properties": { "fid_1": 0.0, "contract_i": "ICB/BRBIP/PIIU-01-W \n", "contractor": "ICB/BRBIP/PIIU-01-W \n", "project_na": "Design and Build of Dhap Dam, Access Road and Environmental Protection Works\n", "chainage_s": "Dam Axis length= 175 m", "chainage_e": null, "contract_a": "510,752,347.92", "start_date": "October 09, 2015\n", "completion": "2023 Feb 28 TOC issued", "progress_p": "Outstanding works(Defect correction of instrumentation)", "status": "Delayed", "delay_reas": "Contractor irresponsibility", "supervisio": "PAURAKHI ENGINEERING AND MANAGEMENT SERVICES", "remarks": "DLP Over run", "Photo": "C:\\Users\\user\\Downloads\\dhap.jpg", "Shape_Leng": 0.0, "id": 0, "contact_id": null, "Contract_1": null, "project__1": null, "Progress__": 0, "X_co_ord": 0.0, "Y_co_ord": 0.0, "layer": null, "path": null }, "geometry": { "type": "MultiLineString", "coordinates": [ [ [ 85.455107040852141, 27.806653677279765 ], [ 85.456222128598824, 27.805517145537959 ] ] ] } },
{ "type": "Feature", "properties": { "fid_1": 6.0, "contract_i": "Under study", "contractor": "Under study", "project_na": "Nagmti Damn Project", "chainage_s": null, "chainage_e": null, "contract_a": null, "start_date": "Construction not started.", "completion": null, "progress_p": "0", "status": "Normal", "delay_reas": "Under EIA Study", "supervisio": null, "remarks": null, "Photo": null, "Shape_Leng": 0.0, "id": 0, "contact_id": null, "Contract_1": null, "project__1": null, "Progress__": 0, "X_co_ord": 0.0, "Y_co_ord": 0.0, "layer": null, "path": null }, "geometry": { "type": "MultiLineString", "coordinates": [ [ [ 85.442347961822762, 27.781839523634353 ], [ 85.443348483036942, 27.781233945004715 ] ] ] } },
{ "type": "Feature", "properties": { "fid_1": 6.0, "contract_i": "NGWCIMO/LGIRMTP/NCB-03", "contractor": "Sapana-Jay Bageshwori Mata JV, Nepalgunj", "project_na": "Earthwork for Reshaping, Gravel Works, Lining Works and Culverts in Branch canal of Nepal Gandak West Canal", "chainage_s": "At Two different Branch Canals", "chainage_e": "Piprawaha & Bhujwaha Branch", "contract_a": "88126087.18", "start_date": "2076/04/24", "completion": "2082/11/20", "progress_p": "72", "status": "Stressed", "delay_reas": "Increase in Materials Rate, Water Management in Irrigation Canal for Paddy and wheat, Contractor's lacking as per work schedule", "supervisio": null, "remarks": "If 80-85% Work Progress is acheived, Contract scope will fulfill", "Photo": "D:\\0. FY 2082-83-Sodari\\Sapana-Jay Bageshwori JV\\IPC-Bills\\IPC-13\\Site Photos\\WhatsApp Image 2026-02-27 at 13.50.30 (2).jpeg", "Shape_Leng": 0.0, "id": 0, "contact_id": null, "Contract_1": null, "project__1": null, "Progress__": 0, "X_co_ord": 0.0, "Y_co_ord": 0.0, "layer": null, "path": null }, "geometry": { "type": "MultiLineString", "coordinates": [ [ [ 83.690934679701229, 27.469691408805904 ], [ 83.701859767538494, 27.46553872390334 ] ] ] } },
{ "type": "Feature", "properties": { "fid_1": 1.0, "contract_i": "Works-Trishuli-DVLISP-NCB-2079/80-57", "contractor": "M/S GUP/ Shridaya Solar JV, Sanepa-02, Lalitpur", "project_na": "त्रिशुली कोरिडोर देबीघाट लि सि यो, आदमघाट, नुवाकोट", "chainage_s": null, "chainage_e": null, "contract_a": "54268293.65", "start_date": "23-02-2080", "completion": "6/2/2083", "progress_p": "61", "status": "Delayed", "delay_reas": "Social issue (solved)", "supervisio": "none", "remarks": null, "Photo": null, "Shape_Leng": 0.0, "id": 0, "contact_id": null, "Contract_1": null, "project__1": null, "Progress__": 0, "X_co_ord": 0.0, "Y_co_ord": 0.0, "layer": null, "path": null }, "geometry": { "type": "MultiLineString", "coordinates": [ [ [ 85.119698313897814, 27.865839475912402 ], [ 85.118842379956206, 27.865013056934302 ], [ 85.117484691635042, 27.864275182846711 ], [ 85.116141760795628, 27.86321264416058 ] ] ] } },
{ "type": "Feature", "properties": { "fid_1": 2.0, "contract_i": "Works-KKMPIP-NCB-2081/82-01", "contractor": "Hyolmo Innovation Pvt. Ltd., Kathmandu 06, Boudhanath, Kathmandu", "project_na": "खहरे खोला मुहान गरी पञ्चासे सिंचाई कुलो, पञ्चकन्या- नुवाकोट", "chainage_s": null, "chainage_e": null, "contract_a": "4628184.27", "start_date": "14-09-2081", "completion": "19-03-2083", "progress_p": "75", "status": "Normal", "delay_reas": null, "supervisio": "none", "remarks": null, "Photo": null, "Shape_Leng": 0.0, "id": 0, "contact_id": null, "Contract_1": null, "project__1": null, "Progress__": 0, "X_co_ord": 0.0, "Y_co_ord": 0.0, "layer": null, "path": null }, "geometry": { "type": "MultiLineString", "coordinates": [ [ [ 85.329547554096692, 27.868448763887482 ], [ 85.329855021968498, 27.867971379560217 ], [ 85.330138216060931, 27.867477812713386 ], [ 85.330348588815326, 27.866951880827415 ], [ 85.330356680075113, 27.866482587759936 ], [ 85.330591326608854, 27.866231758706629 ], [ 85.330720786765397, 27.865875743276124 ], [ 85.330898794480646, 27.865624914222817 ], [ 85.331133441014387, 27.865479271546704 ], [ 85.331190079832879, 27.865187986194474 ], [ 85.331327631249209, 27.864977613440086 ], [ 85.331724102978626, 27.865050434778144 ], [ 85.331845471875397, 27.865390267689079 ], [ 85.332031570850418, 27.865463089027134 ], [ 85.332161031006976, 27.865171803674905 ], [ 85.332395677540717, 27.86508279981728 ], [ 85.332468498878768, 27.865171803674905 ] ] ] } },
{ "type": "Feature", "properties": { "fid_1": 3.0, "contract_i": "Works-GLISP-NCB-2082/083-04", "contractor": "Bhairawi Engineering Pvt. Ltd, Teku-12, Kathmandu", "project_na": "गेर्खुटार लिफ्ट सिंचाइ योजना", "chainage_s": null, "chainage_e": null, "contract_a": "8459458.04", "start_date": "17-12-2082", "completion": "18-12-2083", "progress_p": "5", "status": "Normal", "delay_reas": null, "supervisio": "none", "remarks": null, "Photo": null, "Shape_Leng": 0.0, "id": 0, "contact_id": null, "Contract_1": null, "project__1": null, "Progress__": 0, "X_co_ord": 0.0, "Y_co_ord": 0.0, "layer": null, "path": null }, "geometry": { "type": "MultiLineString", "coordinates": [ [ [ 85.165394097991566, 27.947647963939694 ], [ 85.164847544780287, 27.946937444765041 ], [ 85.164683578816906, 27.946308908572082 ], [ 85.164492285192964, 27.945762355360813 ], [ 85.163945731981698, 27.944805887241092 ], [ 85.163945731981698, 27.943767436139677 ], [ 85.164000387302821, 27.942455708432629 ], [ 85.164683578816906, 27.941553895634033 ], [ 85.165175476707049, 27.940788721138258 ], [ 85.165503408633811, 27.940023546642479 ], [ 85.165366770330991, 27.939149061504448 ], [ 85.165230132028185, 27.938493197650924 ], [ 85.165230132028185, 27.937700695494584 ], [ 85.165612719276069, 27.936990176319934 ] ] ] } },
{ "type": "Feature", "properties": { "fid_1": 4.0, "contract_i": "Works-MKLISP-NCB-2082/83-03", "contractor": "Kumarimai Builders and Suppliers Pvt. Ltd., Tokha-08, Kathmandu.", "project_na": "माहादेवफाँट लि.सि.यो, बेल्कोटगढी-७, नुवाकोट", "chainage_s": null, "chainage_e": null, "contract_a": "9218751.92", "start_date": "17-12-2082", "completion": "18-12-2083", "progress_p": "5", "status": "Normal", "delay_reas": null, "supervisio": "none", "remarks": null, "Photo": null, "Shape_Leng": 0.0, "id": 0, "contact_id": null, "Contract_1": null, "project__1": null, "Progress__": 0, "X_co_ord": 0.0, "Y_co_ord": 0.0, "layer": null, "path": null }, "geometry": { "type": "MultiLineString", "coordinates": [ [ [ 85.062665778761243, 27.851882212389103 ], [ 85.062529592958469, 27.852684195449903 ], [ 85.062257221352908, 27.853788813627983 ], [ 85.062105903794262, 27.854711850735693 ], [ 85.061697346385941, 27.855922391204821 ], [ 85.061682214630068, 27.856996745871172 ], [ 85.061530897071435, 27.857753333664377 ] ] ] } },
{ "type": "Feature", "properties": { "fid_1": 5.0, "contract_i": "Works-KLISP-NCB-2082/83-05", "contractor": "Center for Resources Conservation Nepal Pvt. Ltd., Nepal.", "project_na": "कल्चेदीटार लि.सि.यो, बेल्कोटगढी-७, नुवाकोट", "chainage_s": null, "chainage_e": null, "contract_a": "4138961.52", "start_date": "17-12-2082", "completion": "18-12-2083", "progress_p": "5", "status": "Normal", "delay_reas": null, "supervisio": "none", "remarks": null, "Photo": null, "Shape_Leng": 0.0, "id": 0, "contact_id": null, "Contract_1": null, "project__1": null, "Progress__": 0, "X_co_ord": 0.0, "Y_co_ord": 0.0, "layer": null, "path": null }, "geometry": { "type": "MultiLineString", "coordinates": [ [ [ 85.023671647592096, 27.842959282547994 ], [ 85.023276295698182, 27.843054712315496 ], [ 85.022840045332458, 27.843068345139422 ], [ 85.022349263671046, 27.843177407730849 ], [ 85.022349263671046, 27.842618461949783 ], [ 85.022512857558183, 27.842004984873004 ], [ 85.02311270181103, 27.841391507796224 ], [ 85.023289928522104, 27.840682600951947 ], [ 85.02341262393746, 27.839428381150533 ], [ 85.023317194169962, 27.839101193376251 ] ] ] } },
{ "type": "Feature", "properties": { "fid_1": 6.0, "contract_i": "Works-KRLISP-NCB-2082/083-02", "contractor": "Bhairawi Engineering Pvt. Ltd, Teku-12, Kathmandu", "project_na": "कालिदेवि राहुलडाँडा लिफ्ट बनेपा १३, काभ्रेपलान्चोक", "chainage_s": null, "chainage_e": null, "contract_a": "6371658.26", "start_date": "17-12-2082", "completion": "18-12-2083", "progress_p": "5", "status": "Normal", "delay_reas": null, "supervisio": "none", "remarks": null, "Photo": null, "Shape_Leng": 0.0, "id": 0, "contact_id": null, "Contract_1": null, "project__1": null, "Progress__": 0, "X_co_ord": 0.0, "Y_co_ord": 0.0, "layer": null, "path": null }, "geometry": { "type": "MultiLineString", "coordinates": [ [ [ 85.496924451776508, 27.637560126665282 ], [ 85.496813654831584, 27.637255435066773 ], [ 85.496689008268561, 27.63675684881467 ], [ 85.496675158650447, 27.636355209889363 ], [ 85.49664745941422, 27.635676578601778 ], [ 85.49653666246931, 27.635219541204016 ], [ 85.496342767815719, 27.634624007625114 ], [ 85.496287369343264, 27.63412542137301 ], [ 85.496287369343264, 27.633793030538275 ], [ 85.496065775453431, 27.633668383975248 ] ] ] } },
{ "type": "Feature", "properties": { "fid_1": 7.0, "contract_i": "Works-LDSISP-NCB-2082/83-01", "contractor": "Sugam Construction, tadi-2, Nuwakot", "project_na": "लाब्दु ढिकुरे शेर सिंचाइ योजना, बिदुर-२, नुवाकोट", "chainage_s": null, "chainage_e": null, "contract_a": "4500030.2", "start_date": "12/10/2082", "completion": "20-03-2083", "progress_p": "60", "status": "Normal", "delay_reas": null, "supervisio": "none", "remarks": null, "Photo": null, "Shape_Leng": 0.0, "id": 0, "contact_id": null, "Contract_1": null, "project__1": null, "Progress__": 0, "X_co_ord": 0.0, "Y_co_ord": 0.0, "layer": null, "path": null }, "geometry": { "type": "MultiLineString", "coordinates": [ [ [ 85.21718207145986, 27.908052570010327 ], [ 85.214634436842843, 27.90872694387954 ], [ 85.212985967384768, 27.90872694387954 ], [ 85.210588193627572, 27.90880187430945 ], [ 85.208490141590019, 27.908652013449625 ], [ 85.207066463421697, 27.908502152589801 ] ] ] } },
{ "type": "Feature", "properties": { "fid_1": 8.0, "contract_i": "WIDMD/NCB/Works/81-82/02", "contractor": "M/S Ramechhap - Dolpa Hirachan JV", "project_na": "Protection Works at Thuli Bheri River", "chainage_s": "0+000", "chainage_e": "0+245", "contract_a": "29968000", "start_date": "07.10.2082\n", "completion": "20.03.2083", "progress_p": "70%", "status": "Normal", "delay_reas": null, "supervisio": null, "remarks": null, "Photo": null, "Shape_Leng": 0.0, "id": 0, "contact_id": null, "Contract_1": null, "project__1": null, "Progress__": 0, "X_co_ord": 0.0, "Y_co_ord": 0.0, "layer": null, "path": null }, "geometry": { "type": "MultiLineString", "coordinates": [ [ [ 82.89589235967577, 28.950979626114549 ], [ 82.895448627800903, 28.951238469708223 ] ] ] } },
{ "type": "Feature", "properties": { "fid_1": 9.0, "contract_i": "WIDMD/NCB/Works/81-82/05", "contractor": "M/S Ramechhap - KB Gurung - Siddhibinayak JV", "project_na": "Water Induced Disaster Protection Work at Tripurasundari Municipality", "chainage_s": "0+000", "chainage_e": "1+312", "contract_a": "26858000", "start_date": "20.03.2082", "completion": "20.03.2083", "progress_p": "65%", "status": "Normal", "delay_reas": null, "supervisio": null, "remarks": null, "Photo": null, "Shape_Leng": 0.0, "id": 0, "contact_id": null, "Contract_1": null, "project__1": null, "Progress__": 0, "X_co_ord": 0.0, "Y_co_ord": 0.0, "layer": null, "path": null }, "geometry": { "type": "MultiLineString", "coordinates": [ [ [ 82.791310742077812, 29.017345915026802 ], [ 82.790670139329592, 29.01798064068559 ] ] ] } },
{ "type": "Feature", "properties": { "fid_1": 10.0, "contract_i": "IWRMPJ/RT/NCB-03/082-83", "contractor": "M/S Swatali Nirman Sewa", "project_na": "Water Induced Disaster Protection Work at Dunai, Dolpa", "chainage_s": "0+000", "chainage_e": "2+100", "contract_a": "54747000", "start_date": "30.11.2082", "completion": "30.11.2083", "progress_p": "5%", "status": "Normal", "delay_reas": null, "supervisio": null, "remarks": null, "Photo": null, "Shape_Leng": 0.0, "id": 0, "contact_id": null, "Contract_1": null, "project__1": null, "Progress__": 0, "X_co_ord": 0.0, "Y_co_ord": 0.0, "layer": null, "path": null }, "geometry": { "type": "MultiLineString", "coordinates": [ [ [ 82.884937525171594, 28.964219341093003 ], [ 82.881667078071061, 28.966792092812096 ] ] ] } },
{ "type": "Feature", "properties": { "fid_1": 13.0, "contract_i": "IWRMPJ/RTWR/NCB-04/082-83", "contractor": "Subina Construction, \nBarekot-6, Jajarkot \n", "project_na": "Jahari River Training Works, Melsota, Chaurjahari-2, West Rukum", "chainage_s": "0+000", "chainage_e": "0+240", "contract_a": "५१,४६,५९८.७९", "start_date": "02.12.2082", "completion": "19.03.2083", "progress_p": "5%", "status": "Normal", "delay_reas": null, "supervisio": null, "remarks": null, "Photo": null, "Shape_Leng": 0.0, "id": 0, "contact_id": null, "Contract_1": null, "project__1": null, "Progress__": 0, "X_co_ord": 0.0, "Y_co_ord": 0.0, "layer": null, "path": null }, "geometry": { "type": "MultiLineString", "coordinates": [ [ [ 82.215807711507964, 28.651014095329604 ], [ 82.214780969469288, 28.652656882591469 ] ] ] } },
{ "type": "Feature", "properties": { "fid_1": 14.0, "contract_i": "IWRMPJ/RTJC/NCB-06/082-83", "contractor": "Sukekotdevi Construction and Suppliers Pvt. Ltd,\nKathmandu-31, Kathmandu \n", "project_na": "Jhapra Ghattekhet River Training Works, Chhedagad-11, Jajarkot", "chainage_s": "0+000", "chainage_e": "0+120", "contract_a": "१७,६४,१६६.१७", "start_date": "02.12.2082", "completion": "19.03.2083", "progress_p": "5%", "status": "Normal", "delay_reas": null, "supervisio": null, "remarks": null, "Photo": null, "Shape_Leng": 0.0, "id": 0, "contact_id": null, "Contract_1": null, "project__1": null, "Progress__": 0, "X_co_ord": 0.0, "Y_co_ord": 0.0, "layer": null, "path": null }, "geometry": { "type": "MultiLineString", "coordinates": [ [ [ 82.092234419039926, 28.759030112555745 ], [ 82.091281530960146, 28.759667017023581 ] ] ] } },
{ "type": "Feature", "properties": { "fid_1": 15.0, "contract_i": "IWRMPJ/RT BHE/NCB-07/082-83", "contractor": "Satkar Construction, \nNalgad-04, Jajarkot \n", "project_na": "ThuliBheri River Training Works, Nalgad-8, Jajarkot and Aathbiskot-9, West Rukum, Radi", "chainage_s": "0+000", "chainage_e": "0+340", "contract_a": "६९,०७,९२८।००", "start_date": "16.12.2082", "completion": "19.03.2083", "progress_p": "5%", "status": "Normal", "delay_reas": null, "supervisio": null, "remarks": null, "Photo": null, "Shape_Leng": 0.0, "id": 0, "contact_id": null, "Contract_1": null, "project__1": null, "Progress__": 0, "X_co_ord": 0.0, "Y_co_ord": 0.0, "layer": null, "path": null }, "geometry": { "type": "MultiLineString", "coordinates": [ [ [ 82.356965812328156, 28.79217101305905 ], [ 82.358486365930801, 28.794093696540074 ] ] ] } },
{ "type": "Feature", "properties": { "fid_1": 17.0, "contract_i": "IWRMPJ/Canal/NCB-02/082-83", "contractor": "S.B./RAJ/RAKESH-JV,\n Ghorahi-13, Dang\n", "project_na": "Chaurjahari Tar  Irrigation Project, Chaurjahari,West Rukum", "chainage_s": "0+000", "chainage_e": "2+400", "contract_a": "३,९१,०९,७७६।०२", "start_date": "04.12.2082", "completion": "04.12.2083", "progress_p": "5%", "status": "Normal", "delay_reas": null, "supervisio": null, "remarks": null, "Photo": null, "Shape_Leng": 0.0, "id": 0, "contact_id": null, "Contract_1": null, "project__1": null, "Progress__": 0, "X_co_ord": 0.0, "Y_co_ord": 0.0, "layer": null, "path": null }, "geometry": { "type": "MultiLineString", "coordinates": [ [ [ 82.267255773057485, 28.638612564463948 ], [ 82.26662717084757, 28.638699410821896 ], [ 82.266424529345684, 28.638811070424975 ], [ 82.266035788505349, 28.638918594487198 ] ] ] } },
{ "type": "Feature", "properties": { "fid_1": 18.0, "contract_i": "IWRMP/Lift/NCB-01/082-83", "contractor": "Bhumi/ Prithvi/Rakesh JV, Madi-o2, Rolpa", "project_na": "Construction of Lift Irrigation Project, Bheri Municipality-10, Jajarkot", "chainage_s": null, "chainage_e": null, "contract_a": "6,16,83,038.15", "start_date": "01.11.2082", "completion": "01.11.2083", "progress_p": "15%", "status": "Normal", "delay_reas": null, "supervisio": null, "remarks": null, "Photo": null, "Shape_Leng": 0.0, "id": 0, "contact_id": null, "Contract_1": null, "project__1": null, "Progress__": 0, "X_co_ord": 0.0, "Y_co_ord": 0.0, "layer": null, "path": null }, "geometry": { "type": "MultiLineString", "coordinates": [ [ [ 82.096832202206258, 28.625107955802978 ], [ 82.096369021630522, 28.62484328118828 ] ] ] } },
{ "type": "Feature", "properties": { "fid_1": 19.0, "contract_i": "WIDMD/NCB/Work/081/082/06", "contractor": "Kishan Builders, Jajarkot", "project_na": "Water Induced Disaster Management Division, Disaster Management Support Program (DMSP)", "chainage_s": null, "chainage_e": null, "contract_a": "9,685,755.11", "start_date": "10.03.2082", "completion": "10.03.2083", "progress_p": "50%", "status": "Normal", "delay_reas": null, "supervisio": null, "remarks": null, "Photo": null, "Shape_Leng": 0.0, "id": 0, "contact_id": null, "Contract_1": null, "project__1": null, "Progress__": 0, "X_co_ord": 0.0, "Y_co_ord": 0.0, "layer": null, "path": null }, "geometry": { "type": "MultiLineString", "coordinates": [ [ [ 82.203911693786281, 28.698000998907695 ], [ 82.203874473918589, 28.69788933930462 ] ] ] } },
{ "type": "Feature", "properties": { "fid_1": 0.0, "contract_i": "PEP/KAM-02/081/82\n", "contractor": "अनिको कन्स्ट्रक्सन प्रा.ली\n", "project_na": "Construction of River Training Structures at Sivasatakshi-3, Parabari, Jhapa ( Left Bank of Kamal River),Gaurijunj Ga.Pa. 1, Gaddhi Gau, Jhapa (Right Bank of Kamal River) and Sunara Basti, Jhapa.\n", "chainage_s": null, "chainage_e": null, "contract_a": "20762011.61\n", "start_date": "2082.01.07\n", "completion": "2083.01.07\n", "progress_p": "100%", "status": "Normal", "delay_reas": null, "supervisio": null, "remarks": null, "Photo": null, "Shape_Leng": 0.0, "id": 0, "contact_id": null, "Contract_1": null, "project__1": null, "Progress__": 0, "X_co_ord": 0.0, "Y_co_ord": 0.0, "layer": null, "path": null }, "geometry": { "type": "MultiLineString", "coordinates": [ [ [ 87.770862818424249, 26.577970628729968 ], [ 87.772190688355565, 26.576421447143417 ] ] ] } },
{ "type": "Feature", "properties": { "fid_1": 0.0, "contract_i": "PEP/KAN-02/081/82\n", "contractor": "भिमेश्वर/ अग्नी/ मिराक जे.भि.  \n", "project_na": "Construction of River Training Structures at Simalbadi Tappu, Jhapa Ga.Pa.-2, Jhapa(Left Bank).\n", "chainage_s": null, "chainage_e": null, "contract_a": "21226245.57\n", "start_date": "2082.01.07\n", "completion": "2083.01.07\n", "progress_p": "70%\n", "status": "Delayed", "delay_reas": "Due to the rising cost of fuel and other construction materials\n", "supervisio": null, "remarks": null, "Photo": null, "Shape_Leng": 0.0, "id": 0, "contact_id": null, "Contract_1": null, "project__1": null, "Progress__": 0, "X_co_ord": 0.0, "Y_co_ord": 0.0, "layer": null, "path": null }, "geometry": { "type": "MultiLineString", "coordinates": [ [ [ 87.837989276428289, 26.529905601632333 ], [ 87.835001569082792, 26.527415845511094 ] ] ] } },
{ "type": "Feature", "properties": { "fid_1": 0.0, "contract_i": "PEP/BIR-01/081/82\n", "contractor": "डि.जे.निर्माण तथा ढुवानी सेवा, मोरङ्ग\n", "project_na": "Construction of River Training Structures at Bahradashi Ga.Pa.-04, Jhapa(Left Bank).\n", "chainage_s": null, "chainage_e": null, "contract_a": "24710974.07\n", "start_date": "2082.01.07\n", "completion": "2083.01.07\n", "progress_p": "70%\n", "status": "Delayed", "delay_reas": "Due to the rising cost of fuel and other construction materials\n", "supervisio": null, "remarks": null, "Photo": null, "Shape_Leng": 0.0, "id": 0, "contact_id": null, "Contract_1": null, "project__1": null, "Progress__": 0, "X_co_ord": 0.0, "Y_co_ord": 0.0, "layer": null, "path": null }, "geometry": { "type": "MultiLineString", "coordinates": [ [ [ 87.902757660215485, 26.532111832517167 ], [ 87.90289598, 26.527408959843715 ] ] ] } },
{ "type": "Feature", "properties": { "fid_1": 0.0, "contract_i": "PEP/BIR-02/081/82\n", "contractor": "प्रगतिशिल-एलेक्स जे.भि.\n", "project_na": "Construction of River Training Structures at Luknekhaadi, Kankai Na.Pa.-06, Jhapa (Right Bank).\n", "chainage_s": null, "chainage_e": null, "contract_a": "18636160.87\n", "start_date": "2082.01.07\n", "completion": "2083.01.07\n", "progress_p": "100%\n", "status": "Normal", "delay_reas": null, "supervisio": null, "remarks": null, "Photo": null, "Shape_Leng": 0.0, "id": 0, "contact_id": null, "Contract_1": null, "project__1": null, "Progress__": 0, "X_co_ord": 0.0, "Y_co_ord": 0.0, "layer": null, "path": null }, "geometry": { "type": "MultiLineString", "coordinates": [ [ [ 87.924951321870708, 26.619352346258584 ], [ 87.923900091508401, 26.6164199668269 ] ] ] } },
{ "type": "Feature", "properties": { "fid_1": 0.0, "contract_i": "PEP/MEC-01/081/82\n", "contractor": "रिलायन्स विल्डर्स एण्ड सप्लायर्स इश्वरपुर\n", "project_na": "Construction of River Training Structures at Mechinagar-05, Nakalbanda & Bhadrapur-03, Suryanagar, Jhapa.\n", "chainage_s": null, "chainage_e": null, "contract_a": "17935281.56\n", "start_date": "2082.01.07\n", "completion": "2083.01.07\n", "progress_p": "100%\n", "status": "Normal", "delay_reas": null, "supervisio": null, "remarks": null, "Photo": null, "Shape_Leng": 0.0, "id": 0, "contact_id": null, "Contract_1": null, "project__1": null, "Progress__": 0, "X_co_ord": 0.0, "Y_co_ord": 0.0, "layer": null, "path": null }, "geometry": { "type": "MultiLineString", "coordinates": [ [ [ 88.073605897018183, 26.497679872630304 ], [ 88.074989094863326, 26.495964707302342 ] ] ] } },
{ "type": "Feature", "properties": { "fid_1": 0.0, "contract_i": "PEP/MEC-02/081/82\n", "contractor": "रिलायन्स विल्डर्स एण्ड सप्लायर्स इश्वरपुर\n", "project_na": "Construction of River Training Structures at  Deuniya Khola  Bhadrapur Na Pa-2  and  Jhilimiya Khola ,Bhadrapur Na Pa-06,Jhapa .\n", "chainage_s": null, "chainage_e": null, "contract_a": "17165454.41\n", "start_date": "2082.01.07\n", "completion": "2083.01.07\n", "progress_p": "100%\n", "status": "Normal", "delay_reas": null, "supervisio": null, "remarks": null, "Photo": null, "Shape_Leng": 0.0, "id": 0, "contact_id": null, "Contract_1": null, "project__1": null, "Progress__": 0, "X_co_ord": 0.0, "Y_co_ord": 0.0, "layer": null, "path": null }, "geometry": { "type": "MultiLineString", "coordinates": [ [ [ 88.164743010849833, 26.681357241201358 ], [ 88.163027845521867, 26.678535517597286 ] ] ] } },
{ "type": "Feature", "properties": { "fid_1": 0.0, "contract_i": "NULLPEP/KAN-01/081/82\n", "contractor": "डि.जे.भुवनेश्वरी जे.भि.\n", "project_na": "Construction of River Training Structures at Dhangada Purba Rajghat, Gaurigunj Ga.Pa.-1, Jhapa(Right Bank)\n", "chainage_s": null, "chainage_e": null, "contract_a": "32456696.74\n", "start_date": "2082.01.07\n", "completion": "NULL2083.01.07\n", "progress_p": "100%\n", "status": "Normal", "delay_reas": null, "supervisio": null, "remarks": null, "Photo": null, "Shape_Leng": 0.0, "id": 0, "contact_id": null, "Contract_1": null, "project__1": null, "Progress__": 0, "X_co_ord": 0.0, "Y_co_ord": 0.0, "layer": null, "path": null }, "geometry": { "type": "MultiLineString", "coordinates": [ [ [ 87.819552731701009, 26.492442306257267 ], [ 87.820465642278791, 26.48895664768753 ] ] ] } },
{ "type": "Feature", "properties": { "fid_1": 0.0, "contract_i": "PEP/KAN-03/081/82\n", "contractor": "भिमेश्वर/ अग्नी/ मिराक जे.भि.  \n", "project_na": "Construction of River Training Structures at Shivsatakshi Na Pa-7, Golground and Chandradangi Purba , Jhapa(Right Bank)\n", "chainage_s": null, "chainage_e": null, "contract_a": "29548789.75\n", "start_date": "2082.01.07\n", "completion": "2083.01.07\n", "progress_p": "100%\n", "status": "Normal", "delay_reas": null, "supervisio": null, "remarks": null, "Photo": null, "Shape_Leng": 0.0, "id": 0, "contact_id": null, "Contract_1": null, "project__1": null, "Progress__": 0, "X_co_ord": 0.0, "Y_co_ord": 0.0, "layer": null, "path": null }, "geometry": { "type": "MultiLineString", "coordinates": [ [ [ 87.849736612471375, 26.589197018989921 ], [ 87.84857472628147, 26.585268737109747 ] ] ] } },
{ "type": "Feature", "properties": { "fid_1": 0.0, "contract_i": "PEP-1 /RATMW-02-11 /081-82\n", "contractor": "के.टि.एम कन्स्ट्रक्सन\n", "project_na": "Construction of River Training Structures at  Rajabasa (near and east of Sijuwa bazar) at right bank of Ratua river, Ratuwamai Municipality-07, Morang.\n", "chainage_s": null, "chainage_e": null, "contract_a": "11734847.90\n", "start_date": "2082.02.23\n", "completion": "2083.02.23\n", "progress_p": "100%\n", "status": "Normal", "delay_reas": null, "supervisio": null, "remarks": null, "Photo": null, "Shape_Leng": 0.0, "id": 0, "contact_id": null, "Contract_1": null, "project__1": null, "Progress__": 0, "X_co_ord": 0.0, "Y_co_ord": 0.0, "layer": null, "path": null }, "geometry": { "type": "MultiLineString", "coordinates": [ [ [ 87.639858560975085, 26.510237523038388 ], [ 87.640605487811456, 26.508909653107061 ] ] ] } },
{ "type": "Feature", "properties": { "fid_1": 0.0, "contract_i": "PEP-1 /KAM-03-12 /081-82\n", "contractor": "NULLसागरमथा भगवती निर्माण सेवा, कमल\n", "project_na": "Construction of River Training Structures at Shivasakshi-3, Parabari, Jhapa (left bank of Kamal river).\n", "chainage_s": null, "chainage_e": null, "contract_a": "11169990.10\n", "start_date": "2082.02.14\n", "completion": "2083.02.14\n", "progress_p": "100%\n", "status": "Normal", "delay_reas": null, "supervisio": null, "remarks": null, "Photo": null, "Shape_Leng": 0.0, "id": 0, "contact_id": null, "Contract_1": null, "project__1": null, "Progress__": 0, "X_co_ord": 0.0, "Y_co_ord": 0.0, "layer": null, "path": null }, "geometry": { "type": "MultiLineString", "coordinates": [ [ [ 87.768854029807414, 26.580965983741415 ], [ 87.770237227652544, 26.579140162585841 ] ] ] } },
{ "type": "Feature", "properties": { "fid_1": 0.0, "contract_i": "PEP-1 /KAN-04-13 /081-82\n", "contractor": "एस.जे.फोटी विल्डर्स प्रा.ली., झापा\n", "project_na": "Construction of River Training Structures at Simalbadi tappu to Sugabathan, Jhapa Ga.Pa.-2, Jhapa (Kankai left bank).\n", "chainage_s": null, "chainage_e": null, "contract_a": "12224882.60\n", "start_date": "2082.02.14\n", "completion": "2083.02.14\n", "progress_p": "80%\n", "status": "Normal", "delay_reas": null, "supervisio": null, "remarks": null, "Photo": null, "Shape_Leng": 0.0, "id": 0, "contact_id": null, "Contract_1": null, "project__1": null, "Progress__": 0, "X_co_ord": 0.0, "Y_co_ord": 0.0, "layer": null, "path": null }, "geometry": { "type": "MultiLineString", "coordinates": [ [ [ 87.834780257427582, 26.527139205942067 ], [ 87.833673699151475, 26.526253959321181 ] ] ] } },
{ "type": "Feature", "properties": { "fid_1": 0.0, "contract_i": "PEP-1 /KAN-05-14 /081-82\n", "contractor": "दधिना कन्स्ट्रक्सन प्रा.ली.\n", "project_na": "Construction of River Training Structures at u/s of Sugabathan to Simalbadi Tappu, Jhapa Ga.Pa.-2, Jhapa (Kankai left bank).\n", "chainage_s": null, "chainage_e": null, "contract_a": "11888863.40\n", "start_date": "2082.02.23\n", "completion": "2083.02.23\n", "progress_p": "80%\n", "status": "Normal", "delay_reas": null, "supervisio": null, "remarks": null, "Photo": null, "Shape_Leng": 0.0, "id": 0, "contact_id": null, "Contract_1": null, "project__1": null, "Progress__": 0, "X_co_ord": 0.0, "Y_co_ord": 0.0, "layer": null, "path": null }, "geometry": { "type": "MultiLineString", "coordinates": [ [ [ 87.8347871734168, 26.527139205942067 ], [ 87.835005027077401, 26.527412387516481 ] ] ] } },
{ "type": "Feature", "properties": { "fid_1": 0.0, "contract_i": "PEP-1 /KAN-06-15 /081-82\n", "contractor": "जेनिथ विल्डर्स प्रा.ली.\n", "project_na": "Construction of River Training Structures at Rangyathan, Gauriganj Ga.Pa.-1, Jhapa and Bhelamuni Shivasatakshi-05, Jhapa (Kankai right bank).\n", "chainage_s": null, "chainage_e": null, "contract_a": "13074585.80\n", "start_date": "2082.02.14\n", "completion": "2083.02.14\n", "progress_p": "10%\n", "status": "Stressed", "delay_reas": "Careless of contractor", "supervisio": null, "remarks": null, "Photo": null, "Shape_Leng": 0.0, "id": 0, "contact_id": null, "Contract_1": null, "project__1": null, "Progress__": 0, "X_co_ord": 0.0, "Y_co_ord": 0.0, "layer": null, "path": null }, "geometry": { "type": "MultiLineString", "coordinates": [ [ [ 87.838680498645118, 26.556592783208092 ], [ 87.838666666666668, 26.554794626009418 ] ] ] } },
{ "type": "Feature", "properties": { "fid_1": 0.0, "contract_i": "PEP-1 /MEC-03-16 /081-82\n", "contractor": "खनाल निर्माण सेवा\n", "project_na": "Construction of River Training Structures at Bhadrapur-5, Naya Basti purba  and Bhadrapur-8, Mechi campus purba, Ghodamara Paini.\n", "chainage_s": null, "chainage_e": null, "contract_a": "11146417.50\n", "start_date": "2082.02.14\n", "completion": "2083.02.14\n", "progress_p": "80%\n", "status": "Normal", "delay_reas": null, "supervisio": null, "remarks": null, "Photo": null, "Shape_Leng": 0.0, "id": 0, "contact_id": null, "Contract_1": null, "project__1": null, "Progress__": 0, "X_co_ord": 0.0, "Y_co_ord": 0.0, "layer": null, "path": null }, "geometry": { "type": "MultiLineString", "coordinates": [ [ [ 88.090876308940054, 26.493434517618859 ], [ 88.091554075884176, 26.492106647687532 ] ] ] } },
{ "type": "Feature", "properties": { "fid_1": 0.0, "contract_i": "PEP-1 /MEC-04-17 /081-82\n", "contractor": "पासाङ्ग निर्माण सेवा\n", "project_na": "Construction of River Training Structures at Mechinagar-1, Sarugauda and Mechinagar-4, Pasadgauda, Jhapa\n", "chainage_s": null, "chainage_e": null, "contract_a": "10104639.90\n", "start_date": "2082.02.15\n", "completion": "2083.02.15\n", "progress_p": "10%\n", "status": "Stressed", "delay_reas": "Careless of contractor\n", "supervisio": null, "remarks": null, "Photo": null, "Shape_Leng": 0.0, "id": 0, "contact_id": null, "Contract_1": null, "project__1": null, "Progress__": 0, "X_co_ord": 0.0, "Y_co_ord": 0.0, "layer": null, "path": null }, "geometry": { "type": "MultiLineString", "coordinates": [ [ [ 88.184556636853856, 26.754357593497641 ], [ 88.184487476961593, 26.75309888345857 ] ] ] } },
{ "type": "Feature", "properties": { "fid_1": 0.0, "contract_i": "PEP-1 /BIR-03-18 /081-82\n", "contractor": "एक्तेन निर्माण सेवा, इलाम\n", "project_na": "Construction of River Training Structures at Bhotetaar, Buddhashanti Ga.Pa.-01(Left Bank of Biring River) and Maate, Arjundhara Na.Pa.-1, Jhapa (Right Bank of Biring River)\n", "chainage_s": null, "chainage_e": null, "contract_a": "8756605.76\n", "start_date": "2082.03.02\n", "completion": "2083.03.02\n", "progress_p": "60%\n", "status": "Normal", "delay_reas": null, "supervisio": null, "remarks": null, "Photo": null, "Shape_Leng": 0.0, "id": 0, "contact_id": null, "Contract_1": null, "project__1": null, "Progress__": 0, "X_co_ord": 0.0, "Y_co_ord": 0.0, "layer": null, "path": null }, "geometry": { "type": "MultiLineString", "coordinates": [ [ [ 88.029278179784512, 26.767698712448496 ], [ 88.029540987375086, 26.765734571508407 ] ] ] } },
{ "type": "Feature", "properties": { "fid_1": 0.0, "contract_i": "PEP-1 /BIR-04-19 /081-82\n", "contractor": "सगरमाथा भगवती निर्माण सेवा, कमल\n", "project_na": "Construction of River Training Structures at Puspalal Marga Uttar Arjundhara Na.Pa.-07(Left Bank of Biring River) and Kailash Ghat Paschim, Arjundhara Na.Pa.-07, Jhapa(Right Bank of Biring River)\n", "chainage_s": null, "chainage_e": null, "contract_a": "12552253.97\n", "start_date": "2082.03.03\n", "completion": "2083.03.03\n", "progress_p": "100%\n", "status": "Normal", "delay_reas": null, "supervisio": null, "remarks": null, "Photo": null, "Shape_Leng": 0.0, "id": 0, "contact_id": null, "Contract_1": null, "project__1": null, "Progress__": 0, "X_co_ord": 0.0, "Y_co_ord": 0.0, "layer": null, "path": null }, "geometry": { "type": "MultiLineString", "coordinates": [ [ [ 87.98310852, 26.688714946043095 ], [ 87.983606471224249, 26.689600192663978 ] ] ] } },
{ "type": "Feature", "properties": { "fid_1": 0.0, "contract_i": "PEP-1 /BIR-05-20 /081-82\n", "contractor": "इलिमेन्ट कन्स्ट्रक्सन एण्ड सप्लायर्स\n", "project_na": "Construction of River Training Structures at Baluwatar Purba , Arjundhara Na. Pa -07 (Right  Bank of Biring) \n", "chainage_s": null, "chainage_e": null, "contract_a": "10838075.38\n", "start_date": "2082.02.23\n", "completion": "2083.02.23\n", "progress_p": "92%\n", "status": "Normal", "delay_reas": null, "supervisio": null, "remarks": null, "Photo": null, "Shape_Leng": 0.0, "id": 0, "contact_id": null, "Contract_1": null, "project__1": null, "Progress__": 0, "X_co_ord": 0.0, "Y_co_ord": 0.0, "layer": null, "path": null }, "geometry": { "type": "MultiLineString", "coordinates": [ [ [ 87.984472657806066, 26.69832477100876 ], [ 87.984279010107741, 26.69728737262491 ] ] ] } },
{ "type": "Feature", "properties": { "fid_1": 0.0, "contract_i": "PEP-1 /BIR-06-21 /081-82\n", "contractor": "इलिमेन्ट कन्स्ट्रक्सन एण्ड सप्लायर्स\n", "project_na": "Construction of River Training Structures at Paanikal , Arjundhara Na. Pa -05 (Left Bank of Biring River) \n", "chainage_s": null, "chainage_e": null, "contract_a": "2971294.29\n", "start_date": "2082.02.23\n", "completion": "2083.02.23\n", "progress_p": "92%\n", "status": "Normal", "delay_reas": null, "supervisio": null, "remarks": null, "Photo": null, "Shape_Leng": 0.0, "id": 0, "contact_id": null, "Contract_1": null, "project__1": null, "Progress__": 0, "X_co_ord": 0.0, "Y_co_ord": 0.0, "layer": null, "path": null }, "geometry": { "type": "MultiLineString", "coordinates": [ [ [ 87.94785499728485, 26.661675864490224 ], [ 87.947606021672726, 26.661150249309074 ] ] ] } },
{ "type": "Feature", "properties": { "fid_1": 0.0, "contract_i": "PEP-1 /BIR-07-22 /081-82\n", "contractor": "सुलभ निर्माण सेवा, झापा\n", "project_na": "Construction of River Training Structures at Dada Gau, Barhadasi Ga.Pa.-07, Chapramari and Baluwabathan, Jhapa Ga Pa-06, Jhapa (Right Bank of Biring River)\n", "chainage_s": null, "chainage_e": null, "contract_a": "12165898.00\n", "start_date": "2082.02.23\n", "completion": "2082.02.23\n", "progress_p": "100%\n", "status": "Normal", "delay_reas": null, "supervisio": null, "remarks": null, "Photo": null, "Shape_Leng": 0.0, "id": 0, "contact_id": null, "Contract_1": null, "project__1": null, "Progress__": 0, "X_co_ord": 0.0, "Y_co_ord": 0.0, "layer": null, "path": null }, "geometry": { "type": "MultiLineString", "coordinates": [ [ [ 87.901015558237034, 26.561055456620881 ], [ 87.901679493202693, 26.559672258775752 ] ] ] } },
{ "type": "Feature", "properties": { "fid_1": 0.0, "contract_i": "IWRMP/KAN-03-11/082/83\nIWRMP/KAN-03-11/082/83\n", "contractor": "SC-BNS-KPPC JV \n", "project_na": "Construction of River Training Structure, Shantitol Paschim, Kankai Na Pa-02, Jhapa(Left bank of Kankai River)\n", "chainage_s": null, "chainage_e": null, "contract_a": "14,641,267.85 \n", "start_date": "२०८२/11/09\n", "completion": "२०८3/03/२0\n", "progress_p": "20%\n", "status": "Normal", "delay_reas": null, "supervisio": null, "remarks": null, "Photo": null, "Shape_Leng": 0.0, "id": 0, "contact_id": null, "Contract_1": null, "project__1": null, "Progress__": 0, "X_co_ord": 0.0, "Y_co_ord": 0.0, "layer": null, "path": null }, "geometry": { "type": "MultiLineString", "coordinates": [ [ [ 87.885061338752863, 26.673024682946824 ], [ 87.885503962063297, 26.670479598911783 ], [ 87.885061338752863, 26.668709105670011 ] ] ] } },
{ "type": "Feature", "properties": { "fid_1": 0.0, "contract_i": "IWRMP/KAN-01-09/082/83\n", "contractor": "phungfunge-Tista Jv\n", "project_na": "Construction of Embankment with revetment at Rudhila, Shivasatakshi Na Pa-07, Jhapa(Left bank of Kankai River)\n", "chainage_s": null, "chainage_e": null, "contract_a": "25,216,862.40 \n", "start_date": "2082.12.9 \n", "completion": "2083.03.20 \n", "progress_p": "15%\n", "status": "Normal", "delay_reas": null, "supervisio": null, "remarks": null, "Photo": null, "Shape_Leng": 0.0, "id": 0, "contact_id": null, "Contract_1": null, "project__1": null, "Progress__": 0, "X_co_ord": 0.0, "Y_co_ord": 0.0, "layer": null, "path": null }, "geometry": { "type": "MultiLineString", "coordinates": [ [ [ 87.861337750680136, 26.618561203264662 ], [ 87.860065208662618, 26.615684151746787 ] ] ] } },
{ "type": "Feature", "properties": { "fid_1": 0.0, "contract_i": "IWRMP/KAN-02-10/082/83\n", "contractor": "M/S CN-GNC-SBC JV, Kamal-01, Jhapa\n", "project_na": "Construction ofEmbankment with revetment at Sughabathan, Jhapa Ga Pa-02, Jhapa(Left bank of Kankai River)\n", "chainage_s": null, "chainage_e": null, "contract_a": "26,373,759.06 \n", "start_date": "2082.11.29 \n", "completion": "2083.03.20 \n", "progress_p": "25%\n", "status": "Normal", "delay_reas": null, "supervisio": null, "remarks": null, "Photo": null, "Shape_Leng": 0.0, "id": 0, "contact_id": null, "Contract_1": null, "project__1": null, "Progress__": 0, "X_co_ord": 0.0, "Y_co_ord": 0.0, "layer": null, "path": null }, "geometry": { "type": "MultiLineString", "coordinates": [ [ [ 87.833057775062628, 26.514487078588555 ], [ 87.833334414631665, 26.516478883485547 ] ] ] } },
{ "type": "Feature", "properties": { "fid_1": 0.0, "contract_i": "IWRMP/KANKAI -Special-01-04/082/83\n", "contractor": "Bhimeswor Construction pvt. lmt. Biratnagar-12, Morang\n", "project_na": "Construction of Embankment with revetment at Rangiyathan (Package-01-U/S), Gauriganj Ga Pa-01, Jhapa (Right bank of Kankai River).\n", "chainage_s": null, "chainage_e": null, "contract_a": "NULLConstruction of Embankment with revetment at Rangiyathan (Package-01-U/S), Gauriganj Ga Pa-01, Jhapa (Right bank of Kankai River).\t 26,892,349.35 \n", "start_date": "2082.10.18 \n", "completion": "2082.12.30 \n", "progress_p": "100%\n", "status": "Normal", "delay_reas": null, "supervisio": null, "remarks": null, "Photo": null, "Shape_Leng": 0.0, "id": 0, "contact_id": null, "Contract_1": null, "project__1": null, "Progress__": 0, "X_co_ord": 0.0, "Y_co_ord": 0.0, "layer": null, "path": null }, "geometry": { "type": "MultiLineString", "coordinates": [ [ [ 87.824432785896263, 26.519786848204678 ], [ 87.826369262879453, 26.524877016274765 ] ] ] } },
{ "type": "Feature", "properties": { "fid_1": 0.0, "contract_i": "IWRMP/KANKAI- Special-02-05/082/83\n", "contractor": "SBJ-GNS-PNS JV JHAPA\n", "project_na": "Construction of Embankment with revetment at Rangiyathan (Package-02-D/S), Gauriganj Ga Pa-01, Jhapa (Right bank of Kankai River).\n", "chainage_s": null, "chainage_e": null, "contract_a": "22,266,476.22 \n", "start_date": "2082.10.22 \n", "completion": "2082.12.30 \n", "progress_p": "100%\n", "status": "Normal", "delay_reas": null, "supervisio": null, "remarks": null, "Photo": null, "Shape_Leng": 0.0, "id": 0, "contact_id": null, "Contract_1": null, "project__1": null, "Progress__": 0, "X_co_ord": 0.0, "Y_co_ord": 0.0, "layer": null, "path": null }, "geometry": { "type": "MultiLineString", "coordinates": [ [ [ 87.824543260158919, 26.519774455305072 ], [ 87.824819899727942, 26.514960926804008 ] ] ] } },
{ "type": "Feature", "properties": { "fid_1": 0.0, "contract_i": "IWRMP/MAI-01-12/082/83\n", "contractor": "M/S Madhumalla Nirman Sewa,Mikalajung-08,Morang \n", "project_na": "Construction of Embankment & Slope Revetment With Launching Apron,Mai Na. Pa-07,  Laxmi khola Dobhaan\n", "chainage_s": null, "chainage_e": null, "contract_a": "7,369,915.78 \n", "start_date": "2082.11.26 \n", "completion": "2083.03.20 \n", "progress_p": "60%\n", "status": "Normal", "delay_reas": null, "supervisio": null, "remarks": null, "Photo": null, "Shape_Leng": 0.0, "id": 0, "contact_id": null, "Contract_1": null, "project__1": null, "Progress__": 0, "X_co_ord": 0.0, "Y_co_ord": 0.0, "layer": null, "path": null }, "geometry": { "type": "MultiLineString", "coordinates": [ [ [ 87.849557376689546, 26.767567848210071 ], [ 87.850442623310443, 26.769780964762283 ], [ 87.849225409206724, 26.771551458004051 ] ] ] } },
{ "type": "Feature", "properties": { "fid_1": 0.0, "contract_i": "IWRMP/MAI-02-13/082/83\n", "contractor": "M/S Acharya Construction, Ilam \n", "project_na": "Construction of Vertical and Slope Revetment With Launching Apron, Mai Na. Pa-06, Rikhuwabesi  Maaghuna Pul D/S  (Right Bank of Mai River)\n", "chainage_s": null, "chainage_e": null, "contract_a": "10,335,426.59 \n", "start_date": "2082.11.25 \n", "completion": "2083.03.20 \n", "progress_p": "35%\n", "status": "Normal", "delay_reas": null, "supervisio": null, "remarks": null, "Photo": null, "Shape_Leng": 0.0, "id": 0, "contact_id": null, "Contract_1": null, "project__1": null, "Progress__": 0, "X_co_ord": 0.0, "Y_co_ord": 0.0, "layer": null, "path": null }, "geometry": { "type": "MultiLineString", "coordinates": [ [ [ 87.79629899727945, 26.806490300816165 ], [ 87.800171951245815, 26.801732100228907 ] ] ] } },
{ "type": "Feature", "properties": { "fid_1": 0.0, "contract_i": "IWRMP/MAI-03-14/082/83\n`", "contractor": "M/S Numa Nirman Sewa Pvt.Ltd, Arjundhara-01, Jhapa \n", "project_na": "Construction of Spur with Launching Apron,Mai Na. Pa-06, Setikhahare (Right Bank of Mai River)\n", "chainage_s": null, "chainage_e": null, "contract_a": "9,873,377.83 \n", "start_date": "2082.11.25 \n", "completion": "2083.03.20 \n", "progress_p": "50%\n", "status": "Normal", "delay_reas": null, "supervisio": null, "remarks": null, "Photo": null, "Shape_Leng": 0.0, "id": 0, "contact_id": null, "Contract_1": null, "project__1": null, "Progress__": 0, "X_co_ord": 0.0, "Y_co_ord": 0.0, "layer": null, "path": null }, "geometry": { "type": "MultiLineString", "coordinates": [ [ [ 87.768367346849786, 26.817544127391265 ], [ 87.775006696506424, 26.813449861769673 ] ] ] } },
{ "type": "Feature", "properties": { "fid_1": 0.0, "contract_i": "IWRMP/MAI-04-15/082/83\n", "contractor": "M/S Pratibha Construction, Budhiganga-03, Morang \n", "project_na": "Construction of Embankment & Slope Revetment With Launching Apron, Mai Na. Pa-08, Kodobaari D/S (Right Bank of Mai River)\n", "chainage_s": null, "chainage_e": null, "contract_a": "8,421,030.67 \n", "start_date": "2082.11.25 \n", "completion": "2083.03.20 \n", "progress_p": "100%\n", "status": "Normal", "delay_reas": null, "supervisio": null, "remarks": null, "Photo": null, "Shape_Leng": 0.0, "id": 0, "contact_id": null, "Contract_1": null, "project__1": null, "Progress__": 0, "X_co_ord": 0.0, "Y_co_ord": 0.0, "layer": null, "path": null }, "geometry": { "type": "MultiLineString", "coordinates": [ [ [ 87.870476227620159, 26.74797131165522 ], [ 87.874238525758926, 26.745426227620175 ], [ 87.874127869931314, 26.743323766895575 ] ] ] } },
{ "type": "Feature", "properties": { "fid_1": 0.0, "contract_i": "IWRMP/PAHIRO-01-16/082/83\n", "contractor": "M/S Abhinav Nirman Sewa,Ilam \n", "project_na": "Construction of  RRM Retaining Wall and Gabion Revetment,Ilam Municipality -6, Balan Gaon , Ilam \n", "chainage_s": "\n", "chainage_e": null, "contract_a": "7,903,829.88", "start_date": "2082.11.26 \n", "completion": "2083.03.20 \n", "progress_p": "20%\n", "status": "Normal", "delay_reas": null, "supervisio": null, "remarks": null, "Photo": null, "Shape_Leng": 0.0, "id": 0, "contact_id": null, "Contract_1": null, "project__1": null, "Progress__": 0, "X_co_ord": 0.0, "Y_co_ord": 0.0, "layer": null, "path": null }, "geometry": { "type": "MultiLineString", "coordinates": [ [ [ 87.91803089701817, 26.921349089432997 ], [ 87.918445856371719, 26.920906466122556 ] ] ] } },
{ "type": "Feature", "properties": { "fid_1": 0.0, "contract_i": "IWRMP/PAHIRO-02-17/082/83\n", "contractor": "M/S Kanta Nirman Sewa, Phakphok, Ilam \n", "project_na": "Construction of  RRM Retaining Wall, R.CC. Drain and Gabion Revetment, Ilam Municipality -4, Wada Karyalay  Tole , Ilam\n", "chainage_s": null, "chainage_e": null, "contract_a": "11,802,139.87 \n", "start_date": "2082.11.25 \n", "completion": "2083.03.20 \n", "progress_p": "20%\n", "status": "Normal", "delay_reas": null, "supervisio": null, "remarks": null, "Photo": null, "Shape_Leng": 0.0, "id": 0, "contact_id": null, "Contract_1": null, "project__1": null, "Progress__": 0, "X_co_ord": 0.0, "Y_co_ord": 0.0, "layer": null, "path": null }, "geometry": { "type": "MultiLineString", "coordinates": [ [ [ 87.909711395663294, 26.970466723577101 ], [ 87.909884295393937, 26.970456349593263 ] ] ] } },
{ "type": "Feature", "properties": { "fid_1": 0.0, "contract_i": "IWRMP/PAHIRO-03-18/082/83\n", "contractor": "M/S Abhinav Nirman Sewa, Ilam \n", "project_na": "Construction of  RRM Retaining Wall and Gabion Revetment, Ilam Municipality -4, APF Camp, Ilam \n", "chainage_s": null, "chainage_e": "\n", "contract_a": "10,593,708.08 \n", "start_date": "2082.11.26", "completion": "2083.03.20 \n", "progress_p": "25%\n", "status": "Normal", "delay_reas": null, "supervisio": null, "remarks": null, "Photo": null, "Shape_Leng": 0.0, "id": 0, "contact_id": null, "Contract_1": null, "project__1": null, "Progress__": 0, "X_co_ord": 0.0, "Y_co_ord": 0.0, "layer": null, "path": null }, "geometry": { "type": "MultiLineString", "coordinates": [ [ [ 87.918658707317178, 26.961082197832997 ], [ 87.918693287263309, 26.960954252032323 ] ] ] } },
{ "type": "Feature", "properties": { "fid_1": 0.0, "contract_i": "IWRMP/PAHIRO-05-20/082/83\n", "contractor": "M/S Om Sai Nirman Sewa, Birtamode-07, Jhapa\n", "project_na": "Construction of Embankment with revetment at Mai Na Pa-02, Simale Tole, Ilam (Right bank of Kankai River)\n", "chainage_s": null, "chainage_e": null, "contract_a": "11,478,979.00 \n", "start_date": "2082.11.25 \n", "completion": "2083.03.20 \n", "progress_p": "25%\n", "status": "Normal", "delay_reas": null, "supervisio": null, "remarks": null, "Photo": null, "Shape_Leng": 0.0, "id": 0, "contact_id": null, "Contract_1": null, "project__1": null, "Progress__": 0, "X_co_ord": 0.0, "Y_co_ord": 0.0, "layer": null, "path": null }, "geometry": { "type": "MultiLineString", "coordinates": [ [ [ 87.875346547422211, 26.728256238480803 ], [ 87.87595515447407, 26.728432596206058 ] ] ] } },
{ "type": "Feature", "properties": { "fid_1": 0.0, "contract_i": "NULLIWRMP/PAHIRO-06-21/082/83\n", "contractor": "Nagi Construction, Panchathar\n", "project_na": "Construction oEmbankment with revetment at  Mai Na Pa-02, Chepti Tole, Ilam (Right bank of Kankai River)\n", "chainage_s": null, "chainage_e": null, "contract_a": "11,784,275.40 \n", "start_date": null, "completion": "2083.03.20 \n", "progress_p": "10%\n", "status": "Normal", "delay_reas": null, "supervisio": null, "remarks": null, "Photo": null, "Shape_Leng": 0.0, "id": 0, "contact_id": null, "Contract_1": null, "project__1": null, "Progress__": 0, "X_co_ord": 0.0, "Y_co_ord": 0.0, "layer": null, "path": null }, "geometry": { "type": "MultiLineString", "coordinates": [ [ [ 26.726229010882204, 87.878297222222216 ], [ 26.721802777777778, 87.816329958760264 ] ] ] } },
{ "type": "Feature", "properties": { "fid_1": 0.0, "contract_i": "IWRMP/PACH-01-04/2082/83 \n", "contractor": "जेनिथ विल्डर्स प्रा.ली.\n", "project_na": "Construction of RRM Retaining Wall at Phidim-02, Panchthar\n", "chainage_s": null, "chainage_e": null, "contract_a": "3273528.18\n", "start_date": null, "completion": "2083.03.20 \n", "progress_p": "80%\n", "status": "Normal", "delay_reas": null, "supervisio": null, "remarks": null, "Photo": null, "Shape_Leng": 0.0, "id": 0, "contact_id": null, "Contract_1": null, "project__1": null, "Progress__": 0, "X_co_ord": 0.0, "Y_co_ord": 0.0, "layer": null, "path": null }, "geometry": { "type": "MultiLineString", "coordinates": [ [ [ 87.764610505813749, 27.133137630410904 ], [ 87.764632936186189, 27.133086788233364 ] ] ] } },
{ "type": "Feature", "properties": { "fid_1": 0.0, "contract_i": "IWRMP/TAP-01-08/2082/83 \n", "contractor": "DM construction, phungling-05, Taplejung\n", "project_na": "Construction of Vertical Revetment at Phungling N.P. Taplejung\n", "chainage_s": null, "chainage_e": null, "contract_a": "6447831.08\n", "start_date": "2082.09.30 \n", "completion": "2083.03.20 \n", "progress_p": "50%\n", "status": "Normal", "delay_reas": null, "supervisio": null, "remarks": null, "Photo": null, "Shape_Leng": 0.0, "id": 0, "contact_id": null, "Contract_1": null, "project__1": null, "Progress__": 0, "X_co_ord": 0.0, "Y_co_ord": 0.0, "layer": null, "path": null }, "geometry": { "type": "MultiLineString", "coordinates": [ [ [ 87.668138685526984, 27.354247435160769 ], [ 87.668179060197389, 27.354196592983225 ] ] ] } },
{ "type": "Feature", "properties": { "fid_1": 0.0, "contract_i": "IWRMP/TAR-01-22/082/83\n", "contractor": "M/S Kamala Nirman Sewa, Bhadrapur-03, Jhapa \n", "project_na": "Construction of River Training Structure, Bhadrapur Na Pa-05, Nayabasti , Jhapa (Right bank of Mechi River)\n", "chainage_s": "\n", "chainage_e": null, "contract_a": "9,967,927.75", "start_date": "2082.11.25 \n", "completion": "2083.03.20 \n", "progress_p": "50%\n", "status": "Normal", "delay_reas": null, "supervisio": null, "remarks": null, "Photo": null, "Shape_Leng": 0.0, "id": 0, "contact_id": null, "Contract_1": null, "project__1": null, "Progress__": 0, "X_co_ord": 0.0, "Y_co_ord": 0.0, "layer": null, "path": null }, "geometry": { "type": "MultiLineString", "coordinates": [ [ [ 88.099209374084452, 26.55067475354317 ], [ 88.099155541190584, 26.550489329130961 ], [ 88.099130120101819, 26.550399607641182 ] ] ] } },
{ "type": "Feature", "properties": { "fid_1": 0.0, "contract_i": "IWRMP/PACH-02-07/082/83 \n\n\n", "contractor": "shree Ranakalimata -ishori Jv panchathar\n\n\n", "project_na": "Construction of Vertical Revetment with Launching Apron at Hewa Khola Both Banks Hilihang-7 and Phidim-4, Panchthar and Kabeli Khola: Left Bank Hilihang-2, Panchthar and Right Bank, Phungling N.P., Taplejung.\n\n\n", "chainage_s": null, "chainage_e": null, "contract_a": "\n22748975.99\n\n\n", "start_date": "2082.12.09\n\n\n\n", "completion": "2083.03.20\n\n", "progress_p": "35%\n\n\n", "status": "Normal", "delay_reas": null, "supervisio": null, "remarks": null, "Photo": null, "Shape_Leng": 0.0, "id": 0, "contact_id": null, "Contract_1": null, "project__1": null, "Progress__": 0, "X_co_ord": 0.0, "Y_co_ord": 0.0, "layer": null, "path": null }, "geometry": { "type": "MultiLineString", "coordinates": [ [ [ 87.723435709175646, 27.285722463890718 ], [ 87.723232340465472, 27.285716482458064 ] ] ] } },
{ "type": "Feature", "properties": { "fid_1": 0.0, "contract_i": "\"IWRMP/DBR-01-02/082/83\n\"\n\n\n\n\n", "contractor": "Bhimeswor Construction pvt. lmt. Biratnagar-12, Morang\n\n\n\n\n", "project_na": "Construction of RCC Retaining Wall With Scour Protection Works at Damak-4,East of CTEVT Building , Damak-5, Indreni Tole , Sajjan Tole and Damak-8, Pashupati Tole `& Cosmic Party Palace to Bikash Marg\n\n\n\n\n", "chainage_s": "\n\n\n\n", "chainage_e": null, "contract_a": "20513778.58\n", "start_date": "2082.10.02\n\n\n\n\n", "completion": "2083.03.20\n\n\n\n\n", "progress_p": "100%\n\n\n\n\n", "status": "Normal", "delay_reas": null, "supervisio": null, "remarks": null, "Photo": null, "Shape_Leng": 0.0, "id": 0, "contact_id": null, "Contract_1": null, "project__1": null, "Progress__": 0, "X_co_ord": 0.0, "Y_co_ord": 0.0, "layer": null, "path": null }, "geometry": { "type": "MultiLineString", "coordinates": [ [ [ 87.69092201886032, 26.650821147952829 ], [ 87.690957907456237, 26.650599834944707 ] ] ] } },
{ "type": "Feature", "properties": { "fid_1": 0.0, "contract_i": "IWRMP/KAMAL-01-01/082/83\n", "contractor": "Bhimeswor Construction pvt. lmt. Biratnagar-12, Morang\n", "project_na": "Construction of Embankment & Slope Revetment With Launching Apron at Kamal-1, Sunhara, Jhapa\n", "chainage_s": null, "chainage_e": null, "contract_a": "26805300.82\n", "start_date": "2082.10.02\n", "completion": "2083.03.20\n", "progress_p": "100%\n", "status": "Normal", "delay_reas": null, "supervisio": null, "remarks": null, "Photo": null, "Shape_Leng": 0.0, "id": 0, "contact_id": null, "Contract_1": null, "project__1": null, "Progress__": 0, "X_co_ord": 0.0, "Y_co_ord": 0.0, "layer": null, "path": null }, "geometry": { "type": "MultiLineString", "coordinates": [ [ [ 87.765172452061861, 26.58179676254295 ], [ 87.765818446788259, 26.580935436241074 ] ] ] } },
{ "type": "Feature", "properties": { "fid_1": 0.0, "contract_i": "IWRMP/BIR-02-06/082/83\n", "contractor": "रिलायन्स विल्डर्स एण्ड सप्लायर्स इश्वरपुर\n", "project_na": "Construction of River Training Works at Arjundhara Na.Pa.-5, Jhapa.\n", "chainage_s": null, "chainage_e": null, "contract_a": null, "start_date": null, "completion": null, "progress_p": "60%\n", "status": "Normal", "delay_reas": null, "supervisio": null, "remarks": null, "Photo": null, "Shape_Leng": 0.0, "id": 0, "contact_id": null, "Contract_1": null, "project__1": null, "Progress__": 0, "X_co_ord": 0.0, "Y_co_ord": 0.0, "layer": null, "path": null }, "geometry": { "type": "MultiLineString", "coordinates": [ [ [ 87.949998801801925, 26.66292685673481 ], [ 87.951147236871094, 26.662902931004201 ], [ 87.952199969017826, 26.663285742693926 ], [ 87.952989518127879, 26.663883885959116 ] ] ] } },
{ "type": "Feature", "properties": { "fid_1": 0.0, "contract_i": "PRBFRMP/WORKS/MR/CW-10\n\n\n\n\n\n\n", "contractor": "डिएनसि-एवान जे.भि.ललितपुर\n\n\n\n\n\n\n", "project_na": "Extension of Flood Control Works at Mawa-Ratwa River Basin\n\n\n\n\n\n\n", "chainage_s": null, "chainage_e": null, "contract_a": "260864999.585", "start_date": "26th December 2024\n\n\n\n\n\n\n", "completion": "4th july 2026\n\n\n\n\n\n\n", "progress_p": "86%\n\n\n\n\n\n\n", "status": "Normal", "delay_reas": null, "supervisio": null, "remarks": "ADB funded- workon 7 different location", "Photo": "C:\\Users\\ASUS\\Desktop\\mb.jpg", "Shape_Leng": 0.0, "id": 0, "contact_id": null, "Contract_1": null, "project__1": null, "Progress__": 0, "X_co_ord": 0.0, "Y_co_ord": 0.0, "layer": null, "path": null }, "geometry": { "type": "MultiLineString", "coordinates": [ [ [ 87.652207888302925, 26.493101519299788 ], [ 87.654600461363685, 26.486880829341803 ], [ 87.654935421592199, 26.484871067970762 ] ] ] } },
{ "type": "Feature", "properties": { "fid_1": 0.0, "contract_i": "\"PRBFRMP/Works/MR/CW-17\n\"\n\n\n\n\n\n", "contractor": "\"M/S DNC-Joya-Vishan JV, \nNeelkantha-5, Dhading\"\n\n\n\n\n\n", "project_na": "Extension of Flood Control Works at Mawa-Ratuwa River Basin\n\n\n\n\n\n", "chainage_s": null, "chainage_e": null, "contract_a": "11,11,47,863.80 \n\n\n\n\n\n", "start_date": "15th March 2026\n\n\n\n\n\n", "completion": "8th june 2027\n\n\n\n\n\n", "progress_p": "8%", "status": "Normal", "delay_reas": null, "supervisio": null, "remarks": "work on -6 different location", "Photo": null, "Shape_Leng": 0.0, "id": 0, "contact_id": null, "Contract_1": null, "project__1": null, "Progress__": 0, "X_co_ord": 0.0, "Y_co_ord": 0.0, "layer": null, "path": null }, "geometry": { "type": "MultiLineString", "coordinates": [ [ [ 87.641433359262237, 26.564206802394057 ], [ 87.64530932762068, 26.553966589693985 ] ] ] } },
{ "type": "Feature", "properties": { "fid_1": 0.0, "contract_i": "IWRMP/BIR-01-05/082/83", "contractor": "रिलायन्स विल्डर्स एण्ड सप्लायर्स इश्वरपुर\n", "project_na": "Construction of Irrigation Structure and Associated River training works at Arjundhara Na.Pa.-7, Jhapa (Right Bank of Biring River)", "chainage_s": null, "chainage_e": null, "contract_a": null, "start_date": null, "completion": null, "progress_p": null, "status": "Normal", "delay_reas": null, "supervisio": null, "remarks": null, "Photo": null, "Shape_Leng": 0.0, "id": 0, "contact_id": null, "Contract_1": null, "project__1": null, "Progress__": 0, "X_co_ord": 0.0, "Y_co_ord": 0.0, "layer": null, "path": null }, "geometry": { "type": "MultiLineString", "coordinates": [ [ [ 87.986272434571902, 26.706124618660144 ], [ 87.986511068863564, 26.70646853278636 ], [ 87.986784796433412, 26.706791390945668 ], [ 87.987219953082914, 26.707135305071887 ] ] ] } },
{ "type": "Feature", "properties": { "fid_1": 0.0, "contract_i": "PEP/RATMW-01/081/82", "contractor": "डि.जे.भुवनेश्वरी जे.भि.", "project_na": "River Training Works", "chainage_s": null, "chainage_e": null, "contract_a": "30750976.39", "start_date": "2082.01.07\n", "completion": "2083.01.07\n", "progress_p": "70%", "status": "Delayed", "delay_reas": "Due to the rising cost of fuel and other construction materials", "supervisio": null, "remarks": null, "Photo": null, "Shape_Leng": 0.0, "id": 0, "contact_id": null, "Contract_1": null, "project__1": null, "Progress__": 0, "X_co_ord": 0.0, "Y_co_ord": 0.0, "layer": null, "path": null }, "geometry": { "type": "MultiLineString", "coordinates": [ [ [ 87.648255146113513, 26.601363587957113 ], [ 87.648918294438374, 26.602180307473006 ] ] ] } },
{ "type": "Feature", "properties": { "fid_1": 0.0, "contract_i": "PEP/RATMW-01/081/82", "contractor": "डि.जे.भुवनेश्वरी जे.भि.", "project_na": "River Training Works", "chainage_s": null, "chainage_e": null, "contract_a": "30750976.39", "start_date": "2082.01.07\n", "completion": "2083.01.07\n", "progress_p": "70%", "status": "Delayed", "delay_reas": "Due to the rising cost of fuel and other construction materials", "supervisio": null, "remarks": null, "Photo": null, "Shape_Leng": 0.0, "id": 0, "contact_id": null, "Contract_1": null, "project__1": null, "Progress__": 0, "X_co_ord": 0.0, "Y_co_ord": 0.0, "layer": null, "path": null }, "geometry": { "type": "MultiLineString", "coordinates": [ [ [ 87.655191955267426, 26.622078276302897 ], [ 87.655598878957164, 26.619702641585526 ] ] ] } },
{ "type": "Feature", "properties": { "fid_1": 0.0, "contract_i": "PEP/RATMW-01/081/82", "contractor": "डि.जे.भुवनेश्वरी जे.भि.", "project_na": "River Training Works", "chainage_s": null, "chainage_e": null, "contract_a": "30750976.39", "start_date": "2082.01.07\n", "completion": "2083.01.07\n", "progress_p": "70%", "status": "Delayed", "delay_reas": "Due to the rising cost of fuel and other construction materials", "supervisio": null, "remarks": null, "Photo": null, "Shape_Leng": 0.0, "id": 0, "contact_id": null, "Contract_1": null, "project__1": null, "Progress__": 0, "X_co_ord": 0.0, "Y_co_ord": 0.0, "layer": null, "path": null }, "geometry": { "type": "MultiLineString", "coordinates": [ [ [ 87.687827372245195, 26.6398410807458 ], [ 87.686825011190535, 26.638771996445168 ] ] ] } },
{ "type": "Feature", "properties": { "fid_1": 0.0, "contract_i": "PEP/KAM-01/081/82\n", "contractor": "रुवि-विजि. जे.भि. भक्तपुर\n", "project_na": "Construction of River Training Structures at Kamal Ga.Pa.-3, Sano Kerkha, Jhapa (Right Bank) and Kamal Ga.Pa.-2, Naya Basti, Bhalugau Gau, Jhapa (Right Bank).\n", "chainage_s": null, "chainage_e": null, "contract_a": "17431169.57\n", "start_date": "2082.01.19\n", "completion": "2083.01.19\n", "progress_p": "95%", "status": "Normal", "delay_reas": null, "supervisio": null, "remarks": null, "Photo": null, "Shape_Leng": 0.0, "id": 0, "contact_id": null, "Contract_1": null, "project__1": null, "Progress__": 0, "X_co_ord": 0.0, "Y_co_ord": 0.0, "layer": null, "path": null }, "geometry": { "type": "MultiLineString", "coordinates": [ [ [ 87.781957511177723, 26.647336007649042 ], [ 87.781411972989261, 26.646464400658292 ] ] ] } },
{ "type": "Feature", "properties": { "fid_1": 0.0, "contract_i": "IWRMP/KAMAL-01-01/082/83\n", "contractor": "Bhimeswor Construction pvt. lmt. Biratnagar-12, Morang\n", "project_na": "Construction of Embankment & Slope Revetment With Launching Apron at Kamal-1, Sunhara, Jhapa\n", "chainage_s": null, "chainage_e": null, "contract_a": "26805300.82\n", "start_date": "2082.10.02\n", "completion": "2083.03.20\n", "progress_p": "98%", "status": "Normal", "delay_reas": null, "supervisio": null, "remarks": null, "Photo": null, "Shape_Leng": 0.0, "id": 0, "contact_id": null, "Contract_1": null, "project__1": null, "Progress__": 0, "X_co_ord": 0.0, "Y_co_ord": 0.0, "layer": null, "path": null }, "geometry": { "type": "MultiLineString", "coordinates": [ [ [ 87.76571826015892, 26.580594490521221 ], [ 87.768263344193969, 26.578270718141397 ] ] ] } },
{ "type": "Feature", "properties": { "fid_1": 45.0, "contract_i": "KIMO/NCB-06-082/083", "contractor": "Sweta Darshan Nirman Sewa Construction, G.C.-08, Dhanusha", "project_na": "Patch Repair and Maintenance of Service Road  between Mahindra Highway to Charnath River in WMC", "chainage_s": "Mahendra H/W", "chainage_e": "Charnath River", "contract_a": "1073237.71", "start_date": "2082/10/28", "completion": "Running", "progress_p": "95", "status": "Normal", "delay_reas": null, "supervisio": null, "remarks": null, "Photo": null, "Shape_Leng": 0.0, "id": 0, "contact_id": null, "Contract_1": null, "project__1": null, "Progress__": 0, "X_co_ord": 0.0, "Y_co_ord": 0.0, "layer": null, "path": null }, "geometry": { "type": "MultiLineString", "coordinates": [ [ [ 86.129691905385243, 26.858947486644574 ], [ 86.130027608968575, 26.860290300977887 ], [ 86.129221920368579, 26.862304522477853 ], [ 86.127778394960274, 26.865225143652804 ], [ 86.127274839585283, 26.866870091211112 ], [ 86.127543402451948, 26.86915287557774 ], [ 86.128651224276922, 26.870898534211044 ], [ 86.129960468251909, 26.872778474277681 ], [ 86.130631875418558, 26.873987007177657 ], [ 86.130766156851891, 26.876404072977618 ], [ 86.13061509023936, 26.878116161252592 ] ] ] } },
{ "type": "Feature", "properties": { "fid_1": 46.0, "contract_i": "KIMO/NCB-05-082/083", "contractor": "Prestige Builders Pvt. Ltd., Janakpur-07, Dhanusha", "project_na": "Maintenance of Canal, Canal Bank & RCC Canal Lining  Works at different Chainage of Raghunathpur Shakha.", "chainage_s": "Different Chainage", "chainage_e": null, "contract_a": "1985069.51", "start_date": "2082/11/10", "completion": "Running", "progress_p": "10", "status": "Normal", "delay_reas": null, "supervisio": null, "remarks": null, "Photo": null, "Shape_Leng": 0.0, "id": 0, "contact_id": null, "Contract_1": null, "project__1": null, "Progress__": 0, "X_co_ord": 0.0, "Y_co_ord": 0.0, "layer": null, "path": null }, "geometry": { "type": "MultiLineString", "coordinates": [ [ [ 86.12559061733073, 26.811345472547707 ], [ 86.129417638180996, 26.817790981348164 ], [ 86.13149900039781, 26.820610891448368 ], [ 86.132640392581223, 26.824505053015312 ], [ 86.13243897043121, 26.829406325332325 ], [ 86.132573251864557, 26.826116430215425 ], [ 86.135661724831451, 26.826317852365438 ] ] ] } },
{ "type": "Feature", "properties": { "fid_1": 47.0, "contract_i": "KIMO/NCB-01-082/083", "contractor": "Prestige Builders Pvt. Ltd.. Janakpur", "project_na": "Maintenance of Canal, Canal Bank, Culvert, outlet  & RCC Canal Lining Works at different Chainage of Western Main Canal", "chainage_s": "Different Chainage", "chainage_e": null, "contract_a": "2665958.27", "start_date": "2082/11/10", "completion": "Running", "progress_p": "10", "status": "Normal", "delay_reas": null, "supervisio": null, "remarks": null, "Photo": null, "Shape_Leng": 0.0, "id": 0, "contact_id": null, "Contract_1": null, "project__1": null, "Progress__": 0, "X_co_ord": 0.0, "Y_co_ord": 0.0, "layer": null, "path": null }, "geometry": { "type": "MultiLineString", "coordinates": [ [ [ 86.09798148477968, 26.770246342218371 ], [ 86.108472221758902, 26.838981650906245 ], [ 86.110268235929738, 26.843245086414601 ], [ 86.120708617371463, 26.842187620127095 ], [ 86.122756409229808, 26.841331575989592 ] ] ] } },
{ "type": "Feature", "properties": { "fid_1": 48.0, "contract_i": "KIMO/NCB-02-082/083", "contractor": "Satyam Construction, Kamala-01, Dhanusha", "project_na": "Maintenance of Canal, Core wall, Canal Bank, RCC Lining & Foot Bridge Construction Works at different Chainage of Khajuri Shakha", "chainage_s": "Different Chainage", "chainage_e": null, "contract_a": "2808973.09", "start_date": "2082/11/10", "completion": "Running", "progress_p": "10", "status": "Normal", "delay_reas": null, "supervisio": null, "remarks": null, "Photo": null, "Shape_Leng": 0.0, "id": 0, "contact_id": null, "Contract_1": null, "project__1": null, "Progress__": 0, "X_co_ord": 0.0, "Y_co_ord": 0.0, "layer": null, "path": null }, "geometry": { "type": "MultiLineString", "coordinates": [ [ [ 86.129881717786134, 26.655402146359439 ], [ 86.135252975119485, 26.676501116572052 ], [ 86.134715849386154, 26.716894650236849 ], [ 86.133490531306961, 26.719009582811868 ], [ 86.132483420556952, 26.720805596982711 ], [ 86.123486564523603, 26.751606400753701 ], [ 86.122210890906942, 26.755634843753722 ], [ 86.108111340406865, 26.769600112820463 ] ] ] } },
{ "type": "Feature", "properties": { "fid_1": 49.0, "contract_i": "KIMO/NCB-03-082/083", "contractor": "Prestige Builders Pvt. Ltd., Janakpur-07, Dhanusha", "project_na": "Maintenance of Canal ,Core wall, Canal Bank, RCC Lining & Foot Bridge Construction Works at different chainage of Mahinathpur Shakha.", "chainage_s": "Different Chainage", "chainage_e": null, "contract_a": "2269967.11", "start_date": "2082/11/10", "completion": "Running", "progress_p": "10", "status": "Normal", "delay_reas": null, "supervisio": null, "remarks": null, "Photo": null, "Shape_Leng": 0.0, "id": 0, "contact_id": null, "Contract_1": null, "project__1": null, "Progress__": 0, "X_co_ord": 0.0, "Y_co_ord": 0.0, "layer": null, "path": null }, "geometry": { "type": "MultiLineString", "coordinates": [ [ [ 86.070076124414982, 26.66459203195323 ], [ 86.084578519215057, 26.691448318620044 ], [ 86.088472680781749, 26.703399366186773 ], [ 86.087532710748405, 26.720050263920196 ], [ 86.088338399348416, 26.726495772720231 ], [ 86.095321033881788, 26.739923916053634 ] ] ] } },
{ "type": "Feature", "properties": { "fid_1": 50.0, "contract_i": "KIMO/NCB-04-082/083", "contractor": "Prestige Builders Pvt. Ltd., Janakpur-07, Dhanusha", "project_na": "Maintenance of Canal, Canal Bank & RCC Canal Lining  Works at different Chainage of Parbaha Shakha.", "chainage_s": "Different Chainage", "chainage_e": null, "contract_a": "2473232.93", "start_date": "2082/11/10", "completion": "Running", "progress_p": "10", "status": "Normal", "delay_reas": null, "supervisio": null, "remarks": null, "Photo": null, "Shape_Leng": 0.0, "id": 0, "contact_id": null, "Contract_1": null, "project__1": null, "Progress__": 0, "X_co_ord": 0.0, "Y_co_ord": 0.0, "layer": null, "path": null }, "geometry": { "type": "MultiLineString", "coordinates": [ [ [ 86.008440946514654, 26.697222420253411 ], [ 86.021331964114722, 26.706890683453462 ], [ 86.041742741981508, 26.727570024186907 ], [ 86.044294089214844, 26.730524215720255 ], [ 86.049262502248212, 26.732135592920265 ], [ 86.062690645581611, 26.74193813755365 ] ] ] } },
{ "type": "Feature", "properties": { "fid_1": 51.0, "contract_i": "KIMO/NCB-07-082/083", "contractor": "Nirasu Baba Nirman Sewa Pvt. Ltd., Parsa-04, Sarlahi", "project_na": "Construction of RCC Canal Lining and Box Culvert works  at Eastern Canal and  Western Canal of Hardinath IS.", "chainage_s": "Different Chainage", "chainage_e": null, "contract_a": "2295439.38", "start_date": "2082/10/28", "completion": "Running", "progress_p": "50", "status": "Normal", "delay_reas": null, "supervisio": null, "remarks": null, "Photo": null, "Shape_Leng": 0.0, "id": 0, "contact_id": null, "Contract_1": null, "project__1": null, "Progress__": 0, "X_co_ord": 0.0, "Y_co_ord": 0.0, "layer": null, "path": null }, "geometry": { "type": "MultiLineString", "coordinates": [ [ [ 85.98487455496462, 26.824487648695722 ], [ 85.990782938031316, 26.804345433695612 ] ] ] } },
{ "type": "Feature", "properties": { "fid_1": 52.0, "contract_i": "KIMO/NCB-14-082/083", "contractor": "Chandan Bandhan & Rakhi Nirman Sewa", "project_na": "Maintenance of Canal and its associated structures at WMC of KIS & Hardinath IS.", "chainage_s": "Different Chainage", "chainage_e": null, "contract_a": "7321763.87", "start_date": "2082/11/11", "completion": "Running", "progress_p": "20", "status": "Normal", "delay_reas": null, "supervisio": null, "remarks": null, "Photo": null, "Shape_Leng": 0.0, "id": 0, "contact_id": null, "Contract_1": null, "project__1": null, "Progress__": 0, "X_co_ord": 0.0, "Y_co_ord": 0.0, "layer": null, "path": null }, "geometry": { "type": "MultiLineString", "coordinates": [ [ [ 86.087482355210952, 26.720016693561824 ], [ 86.096881006470667, 26.752117299644549 ], [ 86.096971751345535, 26.752118348718248 ], [ 86.100867486522873, 26.760200412487222 ], [ 86.097925883873856, 26.77033603801992 ] ] ] } },
{ "type": "Feature", "properties": { "fid_1": 53.0, "contract_i": "KIMO/NCB-13-082/083", "contractor": "Nayak Infrastructure, Janakpur", "project_na": "Protection and Strengthening of Right side U/S Guide bund of Charnath Syphon in WMC of KIS.", "chainage_s": "U/S of Charnath Syphon (Right Bank)", "chainage_e": null, "contract_a": "6036183.87", "start_date": "2082/11/11", "completion": "Running", "progress_p": null, "status": "Normal", "delay_reas": null, "supervisio": null, "remarks": null, "Photo": null, "Shape_Leng": 0.0, "id": 0, "contact_id": null, "Contract_1": null, "project__1": null, "Progress__": 0, "X_co_ord": 0.0, "Y_co_ord": 0.0, "layer": null, "path": null }, "geometry": { "type": "MultiLineString", "coordinates": [ [ [ 86.126828913325994, 26.857087089324128 ], [ 86.125016113975946, 26.858127770432489 ] ] ] } },
{ "type": "Feature", "properties": { "fid_1": 54.0, "contract_i": "KIMO/DTW/NCB-17-082/083", "contractor": "Aarohi Deep Boring Udhyog, Janakpur-14", "project_na": "Construction of  DTW & Pump Test Works  in Command Area of Kamala Eastern Canal System.", "chainage_s": "Different Chainage", "chainage_e": null, "contract_a": "5703620", "start_date": "2082/12/03", "completion": "Running", "progress_p": "10", "status": "Normal", "delay_reas": null, "supervisio": null, "remarks": null, "Photo": null, "Shape_Leng": 0.0, "id": 0, "contact_id": null, "Contract_1": null, "project__1": null, "Progress__": 0, "X_co_ord": 0.0, "Y_co_ord": 0.0, "layer": null, "path": null }, "geometry": { "type": "MultiLineString", "coordinates": [ [ [ 86.127651387105118, 26.655765650393626 ], [ 86.0633305805367, 26.682219092761017 ], [ 86.096430953854309, 26.766816395763332 ], [ 86.123555803388385, 26.837179866831921 ] ] ] } },
{ "type": "Feature", "properties": { "fid_1": 55.0, "contract_i": "KIMO/DTW/NCB-16-082/083", "contractor": "Chaturrup Nirman Sewa Pvt. Ltd., Dolakha", "project_na": "Construction of  DTW & Pump Test Works  in Command Area of Kamala Eastern Canal System.", "chainage_s": "Different Chainage", "chainage_e": null, "contract_a": "5588533.12", "start_date": "2082/12/03", "completion": "Running", "progress_p": "5", "status": "Normal", "delay_reas": null, "supervisio": null, "remarks": null, "Photo": null, "Shape_Leng": 0.0, "id": 0, "contact_id": null, "Contract_1": null, "project__1": null, "Progress__": 0, "X_co_ord": 0.0, "Y_co_ord": 0.0, "layer": null, "path": null }, "geometry": { "type": "MultiLineString", "coordinates": [ [ [ 86.293556097992976, 26.658384138343695 ], [ 86.332497713660729, 26.67194656311073 ], [ 86.333773387277432, 26.681480544877658 ], [ 86.319069570327031, 26.681749107744331 ] ] ] } },
{ "type": "Feature", "properties": { "fid_1": 56.0, "contract_i": "KIMO/AMIS/NCB-03/081/82", "contractor": "Chandan Bandan and Rakhi Nirman Sewa", "project_na": "Repair and maintenance of syphon protection works at Ghurmi Khola, at Chainage 16+350 in Kamala Eastern Canal System", "chainage_s": "Ghurmi Khola", "chainage_e": null, "contract_a": "11558833.31", "start_date": "2082/02/25", "completion": "Running", "progress_p": "95", "status": "Normal", "delay_reas": null, "supervisio": null, "remarks": null, "Photo": null, "Shape_Leng": 0.0, "id": 0, "contact_id": null, "Contract_1": null, "project__1": null, "Progress__": 0, "X_co_ord": 0.0, "Y_co_ord": 0.0, "layer": null, "path": null }, "geometry": { "type": "MultiLineString", "coordinates": [ [ [ 86.232923834546511, 26.77741623640738 ], [ 86.232520990246499, 26.777709977042804 ] ] ] } },
{ "type": "Feature", "properties": { "fid_1": 57.0, "contract_i": "KIMO/AMIS/NCB-04/081/82", "contractor": "Janaki Nirman Sewa, G.C.-07, Dhanusha", "project_na": "Construction of slope revetment with launching at Bataha Syphon, at Chainage 12+240 of Kamala Eastern Canal System", "chainage_s": "Bathaha Khola", "chainage_e": null, "contract_a": "10040556.78", "start_date": "2082/02/25", "completion": "2082/10/19", "progress_p": "100", "status": "Normal", "delay_reas": null, "supervisio": null, "remarks": null, "Photo": null, "Shape_Leng": 0.0, "id": 0, "contact_id": null, "Contract_1": null, "project__1": null, "Progress__": 0, "X_co_ord": 0.0, "Y_co_ord": 0.0, "layer": null, "path": null }, "geometry": { "type": "MultiLineString", "coordinates": [ [ [ 86.213843282128309, 26.805118076475335 ], [ 86.214086667226226, 26.805189413486797 ], [ 86.215001459490836, 26.805168432012838 ], [ 86.215240648293971, 26.805206198665964 ], [ 86.216050533188778, 26.805256554203464 ], [ 86.216507929321082, 26.80505932834825 ], [ 86.216747118124218, 26.804748802533659 ], [ 86.216961129158591, 26.80479496177637 ] ] ] } },
{ "type": "Feature", "properties": { "fid_1": 58.0, "contract_i": "KHIMD/KECS/BR/2072/73-P4", "contractor": "Aashish-Roshan JV, Janakpur, Dhanusha", "project_na": "Construction of Sahja Headworks and Structures Work", "chainage_s": "Lagdigoth BC at Ch. 0+770", "chainage_e": null, "contract_a": "105522368.4", "start_date": "2073/02/20", "completion": "Running (Intended CD: 2083/03/30)", "progress_p": "80", "status": "Stressed", "delay_reas": "Due to Hydro-Mechanical Gate Design Approval", "supervisio": null, "remarks": "Contractor submitted Gate design, not approved yet.", "Photo": "E:\\KIMO_FY-2082-83\\Sahaja\\Photos\\6.jpeg", "Shape_Leng": 0.0, "id": 0, "contact_id": null, "Contract_1": null, "project__1": null, "Progress__": 0, "X_co_ord": 0.0, "Y_co_ord": 0.0, "layer": null, "path": null }, "geometry": { "type": "MultiLineString", "coordinates": [ [ [ 86.298052427862345, 26.701786415375146 ], [ 86.297867790891516, 26.701920696808482 ], [ 86.297949618639947, 26.702015113441298 ], [ 86.297681055773282, 26.702182965232971 ], [ 86.296329848850334, 26.701593385814721 ] ] ] } },
{ "type": "Feature", "properties": { "fid_1": 59.0, "contract_i": "KIMO/NCB-09-082/083", "contractor": "Nirasu Baba Nirman Sewa Pvt. Ltd., Parsa-04, Sarlahi", "project_na": "Construction of RCC Canal Lining, Slab Extension, Box Culvert and Bank Maintenance Works At Different Locations of Sukthor BC, Kalyanpur Minor and Kalyanpur BC", "chainage_s": "Different Chainage", "chainage_e": null, "contract_a": "2266524.905", "start_date": "2082/10/28", "completion": "Running", "progress_p": "12", "status": "Normal", "delay_reas": null, "supervisio": null, "remarks": null, "Photo": null, "Shape_Leng": 0.0, "id": 0, "contact_id": null, "Contract_1": null, "project__1": null, "Progress__": 0, "X_co_ord": 0.0, "Y_co_ord": 0.0, "layer": null, "path": null }, "geometry": { "type": "MultiLineString", "coordinates": [ [ [ 86.211682190310597, 26.761487101377828 ], [ 86.233570063944512, 26.733355141093739 ], [ 86.246058237244853, 26.738994961293891 ], [ 86.247736755161569, 26.74033777562726 ], [ 86.233167219644514, 26.77739945122828 ], [ 86.213931404319013, 26.788972832264015 ] ] ] } },
{ "type": "Feature", "properties": { "fid_1": 60.0, "contract_i": "KIMO/NCB-08-082/083", "contractor": "Nirasu Baba Nirman Sewa Pvt. Ltd., Parsa-04, Sarlahi", "project_na": "Construction of VRB, Outlet, Slope Lining, Canal Maintenance and bank strengthening works at different chainge of  Sikraun BC, Majhau BC,  Bhokraha BC and EMC", "chainage_s": "Different Chainage", "chainage_e": null, "contract_a": "5228461.54", "start_date": "2082/10/28", "completion": "Running", "progress_p": "10", "status": "Normal", "delay_reas": null, "supervisio": null, "remarks": null, "Photo": null, "Shape_Leng": 0.0, "id": 0, "contact_id": null, "Contract_1": null, "project__1": null, "Progress__": 0, "X_co_ord": 0.0, "Y_co_ord": 0.0, "layer": null, "path": null }, "geometry": { "type": "MultiLineString", "coordinates": [ [ [ 86.169719242392972, 26.874845808883073 ], [ 86.185161607226732, 26.852823653815804 ], [ 86.176567595493154, 26.835367067481993 ], [ 86.206512355127273, 26.812136379514687 ], [ 86.204766696493891, 26.810457861597975 ], [ 86.174016248259733, 26.808913625114602 ] ] ] } },
{ "type": "Feature", "properties": { "fid_1": 61.0, "contract_i": "KIMO/NCB-10/082/083", "contractor": "Nirasu Baba Nirman Sewa Pvt. Ltd., Parsa-04, Sarlahi", "project_na": "RCC canal lining, VRB with outlet Construction and Bank Maintenance Works At Different location of Siraha BC and EMC.", "chainage_s": "Different Chainage", "chainage_e": null, "contract_a": "2362318.84", "start_date": "2082/10/28", "completion": "Running", "progress_p": "10", "status": "Normal", "delay_reas": null, "supervisio": null, "remarks": null, "Photo": null, "Shape_Leng": 0.0, "id": 0, "contact_id": null, "Contract_1": null, "project__1": null, "Progress__": 0, "X_co_ord": 0.0, "Y_co_ord": 0.0, "layer": null, "path": null }, "geometry": { "type": "MultiLineString", "coordinates": [ [ [ 86.214388800451502, 26.674449652954163 ], [ 86.235739548352086, 26.70721432268839 ], [ 86.254203245435889, 26.733600624339111 ], [ 86.260581613519406, 26.722992391105489 ], [ 86.270719861736339, 26.723260953972165 ] ] ] } },
{ "type": "Feature", "properties": { "fid_1": 62.0, "contract_i": "KIMO/NCB-11-082/083", "contractor": "Nishu Construction, Kathmandu-32, Kathmandu", "project_na": "Construction of Box Culvert, Fall  Maintanance  Works At Kabilasha to Larkanha Road, Aurahi BC, Lagdigoth BC and Service Road Maintenance at EMC", "chainage_s": "Different Chainage", "chainage_e": null, "contract_a": "3135632.51", "start_date": "2082/10/28", "completion": "Running", "progress_p": "35", "status": "Normal", "delay_reas": null, "supervisio": null, "remarks": null, "Photo": null, "Shape_Leng": 0.0, "id": 0, "contact_id": null, "Contract_1": null, "project__1": null, "Progress__": 0, "X_co_ord": 0.0, "Y_co_ord": 0.0, "layer": null, "path": null }, "geometry": { "type": "MultiLineString", "coordinates": [ [ [ 86.275856126561479, 26.721381013905461 ], [ 86.285826522986781, 26.68700496697118 ], [ 86.319866866337705, 26.676799578037567 ], [ 86.302678842870563, 26.660148680303784 ] ] ] } },
{ "type": "Feature", "properties": { "fid_1": 63.0, "contract_i": "KIMO/NCB-15-082/083", "contractor": "Koshila Construction, Dhanusha", "project_na": "Canal Lining, VRB Construction and Canal Maintenance work At Different Locations of Bhokraha Branch and EMC", "chainage_s": "Different Chainage", "chainage_e": null, "contract_a": "2245571.12", "start_date": "2082/12/03", "completion": "Running", "progress_p": "10", "status": "Normal", "delay_reas": null, "supervisio": null, "remarks": null, "Photo": null, "Shape_Leng": 0.0, "id": 0, "contact_id": null, "Contract_1": null, "project__1": null, "Progress__": 0, "X_co_ord": 0.0, "Y_co_ord": 0.0, "layer": null, "path": null }, "geometry": { "type": "MultiLineString", "coordinates": [ [ [ 86.153089326133156, 26.875670380809666 ], [ 86.171150178916989, 26.857072402292495 ], [ 86.157520613433277, 26.848344109125588 ], [ 86.18692824733408, 26.820212148841492 ] ] ] } },
{ "type": "Feature", "properties": { "fid_1": 64.0, "contract_i": "KIMO/NCB-12-082/083", "contractor": "Janaki Nirman Sewa, Dhanusha", "project_na": "Protection and Strengthening of Right side U/S Guide bund of KIS headworks.", "chainage_s": "U/s of Kamala Western H/W", "chainage_e": "145 m From H/W", "contract_a": "11576288.8", "start_date": "2082/11/08", "completion": "Running", "progress_p": "50", "status": "Normal", "delay_reas": null, "supervisio": null, "remarks": null, "Photo": null, "Shape_Leng": 0.0, "id": 0, "contact_id": null, "Contract_1": null, "project__1": null, "Progress__": 0, "X_co_ord": 0.0, "Y_co_ord": 0.0, "layer": null, "path": null }, "geometry": { "type": "MultiLineString", "coordinates": [ [ [ 86.13386190339719, 26.885984873407875 ], [ 86.133358348022171, 26.887562680249584 ] ] ] } },
{ "type": "Feature", "properties": { "fid_1": 0.0, "contract_i": "PRBFRMP/Works/MK/CW-09", "contractor": "Lumbini/CM J. V", "project_na": "Extension of flood control works at Mohana khutiya riveer basin", "chainage_s": null, "chainage_e": null, "contract_a": "249346247.7", "start_date": "13 dec 2024", "completion": "21 jun 2026", "progress_p": "65", "status": "Normal", "delay_reas": null, "supervisio": null, "remarks": null, "Photo": null, "Shape_Leng": 0.0, "id": 0, "contact_id": null, "Contract_1": null, "project__1": null, "Progress__": 0, "X_co_ord": 0.0, "Y_co_ord": 0.0, "layer": null, "path": null }, "geometry": { "type": "MultiLineString", "coordinates": [ [ [ 80.654660353964871, 28.661268193436147 ], [ 80.656618423707954, 28.663459495863293 ] ] ] } },
{ "type": "Feature", "properties": { "fid_1": 0.0, "contract_i": "DWRI/MAHAKALI/NCB-01/081/082", "contractor": "KBC/KANCHAN/SHIVASANKAR J.V.", "project_na": "MAHAKALI NADI NIYANTRAN KARYA", "chainage_s": null, "chainage_e": null, "contract_a": "55848017.92", "start_date": "2081/12/06", "completion": "2082/11/05", "progress_p": "100", "status": "Normal", "delay_reas": null, "supervisio": null, "remarks": "COMPLECTED", "Photo": null, "Shape_Leng": 0.0, "id": 0, "contact_id": null, "Contract_1": null, "project__1": null, "Progress__": 0, "X_co_ord": 0.0, "Y_co_ord": 0.0, "layer": null, "path": null }, "geometry": { "type": "MultiLineString", "coordinates": [ [ [ 80.096608895280127, 28.932666155278458 ], [ 80.100747379250123, 28.922067598769868 ] ] ] } },
{ "type": "Feature", "properties": { "fid_1": 0.0, "contract_i": "DWRI/MAHAKALI/NCB-13/081/082", "contractor": "SHANKAR CONSTRUCTION", "project_na": "MAHAKALI NADI NIYANTRAN KARYA", "chainage_s": null, "chainage_e": null, "contract_a": "51667386.68", "start_date": "2081/12/25", "completion": "2082/12/25", "progress_p": "100", "status": "Normal", "delay_reas": null, "supervisio": null, "remarks": "COMPLECTED", "Photo": null, "Shape_Leng": 0.0, "id": 0, "contact_id": null, "Contract_1": null, "project__1": null, "Progress__": 0, "X_co_ord": 0.0, "Y_co_ord": 0.0, "layer": null, "path": null }, "geometry": { "type": "MultiLineString", "coordinates": [ [ [ 80.100803859132171, 28.830556740123015 ], [ 80.107196639248457, 28.825846270563641 ] ] ] } },
{ "type": "Feature", "properties": { "fid_1": 0.0, "contract_i": "DWRI/BHUJELA/NCB-11/081/082", "contractor": "SNS/KRISH J.V.", "project_na": "MAHAKALI NADI NIYANTRAN KARYA", "chainage_s": null, "chainage_e": null, "contract_a": "20414816", "start_date": "2081/12/29", "completion": "2083/02/25", "progress_p": "55", "status": "Delayed", "delay_reas": "DELAYED CLAIM BY THE CONTRACTOR CONSIDERING ELECTION AND ZENGY PROTESS", "supervisio": null, "remarks": null, "Photo": null, "Shape_Leng": 0.0, "id": 0, "contact_id": null, "Contract_1": null, "project__1": null, "Progress__": 0, "X_co_ord": 0.0, "Y_co_ord": 0.0, "layer": null, "path": null }, "geometry": { "type": "MultiLineString", "coordinates": [ [ [ 80.11755111552786, 28.981095299627597 ], [ 80.115330465592706, 28.97426511876651 ], [ 80.114724833792224, 28.966795659893801 ] ] ] } },
{ "type": "Feature", "properties": { "fid_1": 0.0, "contract_i": "DWRI/MOHANA/NCB-10/081/82", "contractor": "SHANKHAR/SIDDHANATH J. V.", "project_na": "MOHANA NADI NIYANTRAN KARYA KAILALI", "chainage_s": null, "chainage_e": null, "contract_a": "46236732.5", "start_date": "2081/12/28", "completion": "2082/02/20", "progress_p": "30", "status": "Delayed", "delay_reas": "CONTRACTOR CLAIM TIME EXTENSION WITH RESION OF ELECTION AND GENZ PROTEST", "supervisio": null, "remarks": null, "Photo": null, "Shape_Leng": 0.0, "id": 0, "contact_id": null, "Contract_1": null, "project__1": null, "Progress__": 0, "X_co_ord": 0.0, "Y_co_ord": 0.0, "layer": null, "path": null }, "geometry": { "type": "MultiLineString", "coordinates": [ [ [ 80.735104400744788, 28.570480487208673 ], [ 80.73527263180047, 28.572701137143806 ], [ 80.735710032545271, 28.573811462111372 ], [ 80.736584834034872, 28.574551678756414 ], [ 80.738670899125452, 28.575964819624225 ] ] ] } },
{ "type": "Feature", "properties": { "fid_1": 0.0, "contract_i": "DWRI/GAURIGANGA/NCB-19/081-82", "contractor": "BNS/SNS/TCC J.V.", "project_na": "SIHAURA MATKANA AND KATAINI NADI NIYANTRAN KARYA KAILALI", "chainage_s": null, "chainage_e": null, "contract_a": "32150860.45", "start_date": "2082/03/31", "completion": "2083/03/28", "progress_p": "75", "status": "Normal", "delay_reas": null, "supervisio": null, "remarks": null, "Photo": null, "Shape_Leng": 0.0, "id": 0, "contact_id": null, "Contract_1": null, "project__1": null, "Progress__": 0, "X_co_ord": 0.0, "Y_co_ord": 0.0, "layer": null, "path": null }, "geometry": { "type": "MultiLineString", "coordinates": [ [ [ 80.820560823105609, 28.759781368260175 ], [ 80.820829992794714, 28.759125267142977 ], [ 80.820712231055722, 28.75865422018704 ], [ 80.820880462111418, 28.758166350125531 ], [ 80.820880462111418, 28.757930826647563 ] ] ] } },
{ "type": "Feature", "properties": { "fid_1": 0.0, "contract_i": "DWRI/BHIMDATTA/NCB-14/081/82", "contractor": "BHUMIRAJ/OMSHUVA/BNS JV", "project_na": "KANKATTI, BHIMARIGAD AND BHUJELA RIVER PROTECTION WORK", "chainage_s": null, "chainage_e": null, "contract_a": "30632857.63", "start_date": "2082/03/24", "completion": "2083/03/25", "progress_p": "85", "status": "Normal", "delay_reas": null, "supervisio": null, "remarks": null, "Photo": null, "Shape_Leng": 0.0, "id": 0, "contact_id": null, "Contract_1": null, "project__1": null, "Progress__": 0, "X_co_ord": 0.0, "Y_co_ord": 0.0, "layer": null, "path": null }, "geometry": { "type": "MultiLineString", "coordinates": [ [ [ 80.146591151615127, 29.071346740062342 ], [ 80.147322956707384, 29.071498148012466 ], [ 80.147592126396503, 29.071657967515371 ], [ 80.14806317335244, 29.071678996397335 ] ] ] } },
{ "type": "Feature", "properties": { "fid_1": 0.0, "contract_i": "DWRI/SUKLAPHANTA/NCB-15/081/82", "contractor": "BHUMIRAJ/OMSHIVA/BNS JV", "project_na": "SHALI AND SUNARA RIVER PROTECTION WORK", "chainage_s": null, "chainage_e": null, "contract_a": "17718446.12", "start_date": "2082/03/29", "completion": "2083/3/25", "progress_p": "65", "status": "Normal", "delay_reas": null, "supervisio": null, "remarks": null, "Photo": null, "Shape_Leng": 0.0, "id": 0, "contact_id": null, "Contract_1": null, "project__1": null, "Progress__": 0, "X_co_ord": 0.0, "Y_co_ord": 0.0, "layer": null, "path": null }, "geometry": { "type": "MultiLineString", "coordinates": [ [ [ 80.339325902485456, 28.926788545093938 ], [ 80.340217527080625, 28.927360530683291 ], [ 80.340495108322528, 28.928378328570226 ], [ 80.341033447700738, 28.929387714904376 ] ] ] } },
{ "type": "Feature", "properties": { "fid_1": 0.0, "contract_i": "DWRI/MOHANADODA/NCB-16/081/82", "contractor": "SIDDHNATH/SALAN JV", "project_na": "MOHANA DODA RIVER PROTECTION WORKS", "chainage_s": null, "chainage_e": null, "contract_a": "22865007.01", "start_date": "2083/03/29", "completion": "2082/03/25", "progress_p": "55", "status": "Normal", "delay_reas": null, "supervisio": null, "remarks": null, "Photo": null, "Shape_Leng": 0.0, "id": 0, "contact_id": null, "Contract_1": null, "project__1": null, "Progress__": 0, "X_co_ord": 0.0, "Y_co_ord": 0.0, "layer": null, "path": null }, "geometry": { "type": "MultiLineString", "coordinates": [ [ [ 80.530431215674383, 28.90978776546298 ], [ 80.53103684747488, 28.907499823105571 ], [ 80.529892876296174, 28.90440437168084 ], [ 80.528614320272908, 28.901443505100666 ] ] ] } },
{ "type": "Feature", "properties": { "fid_1": 0.0, "contract_i": "IWRMP/KANKATTI/NCB-01/2082-83", "contractor": "RAKAL/ANAYA JV", "project_na": "KANKATTI KHOLA RIVER TRAINING WORKS", "chainage_s": null, "chainage_e": null, "contract_a": "15781232.96", "start_date": "2082/09/06", "completion": "2083/03/25", "progress_p": "85", "status": "Normal", "delay_reas": null, "supervisio": null, "remarks": null, "Photo": null, "Shape_Leng": 0.0, "id": 0, "contact_id": null, "Contract_1": null, "project__1": null, "Progress__": 0, "X_co_ord": 0.0, "Y_co_ord": 0.0, "layer": null, "path": null }, "geometry": { "type": "MultiLineString", "coordinates": [ [ [ 80.209154180497109, 28.962040173291768 ], [ 80.208952303230276, 28.961434541491279 ], [ 80.20913735739154, 28.96072797105737 ], [ 80.209187826708245, 28.960155985468017 ], [ 80.208716779752308, 28.959600822984235 ] ] ] } },
{ "type": "Feature", "properties": { "fid_1": 0.0, "contract_i": "IWRMP/KANDRA/NCB-03/082/83", "contractor": "RAKAL/ANAYA JV", "project_na": "KANDRA RIVER TRAINING WORKS", "chainage_s": null, "chainage_e": null, "contract_a": "14931587.61", "start_date": "2082/09/14", "completion": "2083/03/25", "progress_p": "65", "status": null, "delay_reas": null, "supervisio": null, "remarks": null, "Photo": null, "Shape_Leng": 0.0, "id": 0, "contact_id": null, "Contract_1": null, "project__1": null, "Progress__": 0, "X_co_ord": 0.0, "Y_co_ord": 0.0, "layer": null, "path": null }, "geometry": { "type": "MultiLineString", "coordinates": [ [ [ 80.899780859132193, 28.685679826708231 ], [ 80.901261292422291, 28.685747119130507 ], [ 80.902253855650869, 28.686201342980876 ], [ 80.903044541612616, 28.686739682359089 ], [ 80.903784758257657, 28.687530368320839 ], [ 80.903868873785513, 28.687765891798808 ] ] ] } },
{ "type": "Feature", "properties": { "fid_1": 0.0, "contract_i": "IWRMP/KANDRA/NCB-04/2082-83", "contractor": "CPS/DNS JV", "project_na": "KANDRA RIVER TRAINING WORKS", "chainage_s": null, "chainage_e": null, "contract_a": "14293539.00", "start_date": "2082/09/17", "completion": "2083/03/25", "progress_p": "70", "status": "Normal", "delay_reas": null, "supervisio": null, "remarks": null, "Photo": null, "Shape_Leng": 0.0, "id": 0, "contact_id": null, "Contract_1": null, "project__1": null, "Progress__": 0, "X_co_ord": 0.0, "Y_co_ord": 0.0, "layer": null, "path": null }, "geometry": { "type": "MultiLineString", "coordinates": [ [ [ 80.889037400744797, 28.683033425963433 ], [ 80.888583176894429, 28.683588588447215 ] ] ] } },
{ "type": "Feature", "properties": { "fid_1": 0.0, "contract_i": "IWRMP/KADA/NCB-05/082-83", "contractor": "RAKHAL/ANAYA JV", "project_na": "KADA RIVER RIVER TRAINING", "chainage_s": null, "chainage_e": null, "contract_a": "15595614", "start_date": "2082/09/14", "completion": "2083/03/25", "progress_p": "40", "status": "Normal", "delay_reas": null, "supervisio": null, "remarks": null, "Photo": null, "Shape_Leng": 0.0, "id": 0, "contact_id": null, "Contract_1": null, "project__1": null, "Progress__": 0, "X_co_ord": 0.0, "Y_co_ord": 0.0, "layer": null, "path": null }, "geometry": { "type": "MultiLineString", "coordinates": [ [ [ 80.98998364621113, 28.600009191365746 ], [ 80.989790180497081, 28.598671754472996 ] ] ] } },
{ "type": "Feature", "properties": { "fid_1": 0.0, "contract_i": "IWRMP/NCB WORKS-06/082-83", "contractor": "DADABAGH/DIMUK JV", "project_na": "MAHAKALI RIVER TRAINING WORKS", "chainage_s": null, "chainage_e": null, "contract_a": "8183925.95", "start_date": "2082/12/11", "completion": "2083/03/25", "progress_p": "10", "status": "Normal", "delay_reas": null, "supervisio": null, "remarks": null, "Photo": null, "Shape_Leng": 0.0, "id": 0, "contact_id": null, "Contract_1": null, "project__1": null, "Progress__": 0, "X_co_ord": 0.0, "Y_co_ord": 0.0, "layer": null, "path": null }, "geometry": { "type": "MultiLineString", "coordinates": [ [ [ 80.096093942236081, 28.934123205776391 ], [ 80.096539754533666, 28.933811978323362 ], [ 80.09672480869493, 28.933450281553625 ], [ 80.096733220247714, 28.933139054100593 ] ] ] } },
{ "type": "Feature", "properties": { "fid_1": 0.0, "contract_i": "IWRMP/NCB/WORKS/07/082-82", "contractor": "RR NIRMAN SEWA", "project_na": "MOHANA RIVER TRAINING WORKS", "chainage_s": null, "chainage_e": null, "contract_a": "2560215.81", "start_date": "2082/12/05", "completion": "2083/03/25", "progress_p": "20", "status": null, "delay_reas": null, "supervisio": null, "remarks": null, "Photo": null, "Shape_Leng": 0.0, "id": 0, "contact_id": null, "Contract_1": null, "project__1": null, "Progress__": 0, "X_co_ord": 0.0, "Y_co_ord": 0.0, "layer": null, "path": null }, "geometry": { "type": "MultiLineString", "coordinates": [ [ [ 80.517717292422262, 28.827613314098908 ], [ 80.517607942236069, 28.827201148012463 ], [ 80.517364007205316, 28.826965624534495 ] ] ] } },
{ "type": "Feature", "properties": { "fid_1": 0.0, "contract_i": "PRBFRMP/WORKS/MK/CW-13", "contractor": "KANKAI/SK/KIB JV", "project_na": "EXTENSION OF FLOOD CONTROL WORKS AT MOHANA KHUTIYA RIVER BASIN", "chainage_s": null, "chainage_e": null, "contract_a": "100414559.15", "start_date": "24 FEB 2026", "completion": "19 MAY 2027", "progress_p": "5", "status": "Normal", "delay_reas": null, "supervisio": null, "remarks": null, "Photo": null, "Shape_Leng": 0.0, "id": 0, "contact_id": null, "Contract_1": null, "project__1": null, "Progress__": 0, "X_co_ord": 0.0, "Y_co_ord": 0.0, "layer": null, "path": null }, "geometry": { "type": "MultiLineString", "coordinates": [ [ [ 80.656843407950134, 28.73932685919285 ], [ 80.658004202234409, 28.738367942175408 ], [ 80.658256548817945, 28.737695017952639 ], [ 80.658374310556923, 28.737476317580239 ] ] ] } },
{ "type": "Feature", "properties": { "fid_1": 1.0, "contract_i": "IWRMP-KASKI/SYANGJA- BATRAKULO/NCB/WORKS/05/082-83", "contractor": null, "project_na": null, "chainage_s": null, "chainage_e": null, "contract_a": null, "start_date": null, "completion": null, "progress_p": null, "status": "Normal", "delay_reas": null, "supervisio": null, "remarks": null, "Photo": null, "Shape_Leng": 0.0, "id": 0, "contact_id": null, "Contract_1": null, "project__1": null, "Progress__": 0, "X_co_ord": 0.0, "Y_co_ord": 0.0, "layer": null, "path": null }, "geometry": { "type": "MultiLineString", "coordinates": [ [ [ 83.808339, 27.891286 ], [ 83.80799507371286, 27.888985867613613 ], [ 83.807538142397007, 27.88527330067231 ], [ 83.80908028558801, 27.882131897875823 ], [ 83.814963276279613, 27.880132823368967 ], [ 83.822159944504293, 27.879904357711041 ], [ 83.827757353123488, 27.879390309980707 ], [ 83.830841639505493, 27.877676817546259 ] ] ] } },
{ "type": "Feature", "properties": { "fid_1": 2.0, "contract_i": "RCIDP/IEISP-Thulokulo/NCB/Works/2-077/078.", "contractor": null, "project_na": null, "chainage_s": null, "chainage_e": null, "contract_a": null, "start_date": null, "completion": null, "progress_p": null, "status": "Stressed", "delay_reas": "Terminated due to contrator's breach of contract conditions", "supervisio": null, "remarks": null, "Photo": null, "Shape_Leng": 0.0, "id": 0, "contact_id": null, "Contract_1": null, "project__1": null, "Progress__": 0, "X_co_ord": 0.0, "Y_co_ord": 0.0, "layer": null, "path": null }, "geometry": { "type": "MultiLineString", "coordinates": [ [ [ 83.786, 27.893 ], [ 83.787575955535686, 27.891327640607358 ], [ 83.79203103586525, 27.888300470639834 ], [ 83.796486116194814, 27.88961414817291 ], [ 83.799113471260966, 27.891898804752174 ] ] ] } },
{ "type": "Feature", "properties": { "fid_1": 3.0, "contract_i": "RCIDP/IEISP-Khanda/NCB/Works/3-077/078", "contractor": null, "project_na": null, "chainage_s": null, "chainage_e": null, "contract_a": null, "start_date": null, "completion": null, "progress_p": null, "status": "Stressed", "delay_reas": "Terminated due to contrator's breach of contract conditions", "supervisio": null, "remarks": null, "Photo": null, "Shape_Leng": 0.0, "id": 0, "contact_id": null, "Contract_1": null, "project__1": null, "Progress__": 0, "X_co_ord": 0.0, "Y_co_ord": 0.0, "layer": null, "path": null }, "geometry": { "type": "MultiLineString", "coordinates": [ [ [ 83.662022, 27.920261 ], [ 83.662226844404032, 27.919871568744533 ], [ 83.662498147372816, 27.919300404599717 ], [ 83.662441030958334, 27.918607868074126 ], [ 83.661798471295427, 27.917936750203964 ] ] ] } },
{ "type": "Feature", "properties": { "fid_1": 4.0, "contract_i": "IWRMP-KASKI/SYANGJA-BELTARIPHAT/NCB/WORKS/24/082-83", "contractor": null, "project_na": null, "chainage_s": null, "chainage_e": null, "contract_a": null, "start_date": null, "completion": null, "progress_p": null, "status": "Normal", "delay_reas": null, "supervisio": null, "remarks": null, "Photo": null, "Shape_Leng": 0.0, "id": 0, "contact_id": null, "Contract_1": null, "project__1": null, "Progress__": 0, "X_co_ord": 0.0, "Y_co_ord": 0.0, "layer": null, "path": null }, "geometry": { "type": "MultiLineString", "coordinates": [ [ [ 83.622494, 27.923536 ], [ 83.622320319560956, 27.923166471904928 ], [ 83.621895516228264, 27.922545330897442 ], [ 83.621217258806297, 27.921967027200814 ], [ 83.62111016552916, 27.921667166024783 ], [ 83.620424768555381, 27.921345886193322 ], [ 83.617654622453045, 27.920453442217042 ] ] ] } },
{ "type": "Feature", "properties": { "fid_1": 5.0, "contract_i": "IWRMP-KASKI/SYANGJA-AANDHIKHOLA/NCB/WORKS/22/081-082", "contractor": null, "project_na": null, "chainage_s": null, "chainage_e": null, "contract_a": null, "start_date": null, "completion": null, "progress_p": null, "status": "Normal", "delay_reas": null, "supervisio": null, "remarks": null, "Photo": null, "Shape_Leng": 0.0, "id": 0, "contact_id": null, "Contract_1": null, "project__1": null, "Progress__": 0, "X_co_ord": 0.0, "Y_co_ord": 0.0, "layer": null, "path": null }, "geometry": { "type": "MultiLineString", "coordinates": [ [ [ 83.779408, 28.032294 ], [ 83.779065609778002, 28.031616263901824 ], [ 83.778622957565773, 28.030559610233912 ], [ 83.777909002384774, 28.02763239399173 ], [ 83.777680536726848, 28.025861785142801 ], [ 83.776481092022735, 28.024205409122835 ], [ 83.774196435443471, 28.022263451030462 ], [ 83.773568154884174, 28.020435725767051 ], [ 83.773853736956582, 28.01895069899053 ] ] ] } },
{ "type": "Feature", "properties": { "fid_1": 6.0, "contract_i": "IWRMP-KASKI/BIPAD/KASKI-JHAURI/NCB/WORKS/11/082-83", "contractor": null, "project_na": null, "chainage_s": null, "chainage_e": null, "contract_a": null, "start_date": null, "completion": null, "progress_p": null, "status": "Normal", "delay_reas": null, "supervisio": null, "remarks": null, "Photo": null, "Shape_Leng": 0.0, "id": 0, "contact_id": null, "Contract_1": null, "project__1": null, "Progress__": 0, "X_co_ord": 0.0, "Y_co_ord": 0.0, "layer": null, "path": null }, "geometry": { "type": "MultiLineString", "coordinates": [ [ [ 84.107606, 28.132444 ], [ 84.107602795651999, 28.132637352240199 ], [ 84.107638493411045, 28.132756939733017 ], [ 84.107690255161671, 28.132828335251119 ], [ 84.107777714671343, 28.132899730769221 ], [ 84.107922290595496, 28.132880097001742 ], [ 84.108068651407606, 28.13289080632946 ], [ 84.108120413158233, 28.132947922743941 ], [ 84.108152541141379, 28.13300325427047 ] ] ] } },
{ "type": "Feature", "properties": { "fid_1": 7.0, "contract_i": "RCIDP/NCB-DB/WORKS/5-077/078", "contractor": null, "project_na": null, "chainage_s": null, "chainage_e": null, "contract_a": null, "start_date": null, "completion": null, "progress_p": null, "status": "Stressed", "delay_reas": "Land aquisition and contractor's low performance", "supervisio": null, "remarks": null, "Photo": null, "Shape_Leng": 0.0, "id": 0, "contact_id": null, "Contract_1": null, "project__1": null, "Progress__": 0, "X_co_ord": 0.0, "Y_co_ord": 0.0, "layer": null, "path": null }, "geometry": { "type": "MultiLineString", "coordinates": [ [ [ 84.110997652537762, 28.144574682866825 ], [ 84.108641600440407, 28.144474729141482 ], [ 84.106399781172016, 28.14438905451976 ] ] ] } },
{ "type": "Feature", "properties": { "fid_1": 8.0, "contract_i": "RCIDP/NCB/WORKS/KASKI-DM/01-079/80", "contractor": null, "project_na": null, "chainage_s": null, "chainage_e": null, "contract_a": null, "start_date": null, "completion": null, "progress_p": null, "status": "Normal", "delay_reas": null, "supervisio": null, "remarks": null, "Photo": null, "Shape_Leng": 0.0, "id": 0, "contact_id": null, "Contract_1": null, "project__1": null, "Progress__": 0, "X_co_ord": 0.0, "Y_co_ord": 0.0, "layer": null, "path": null }, "geometry": { "type": "MultiLineString", "coordinates": [ [ [ 84.122877866749889, 28.1614668624497 ], [ 84.121906887703702, 28.163637286199993 ], [ 84.122420935434036, 28.165293662219952 ], [ 84.127161597835993, 28.166550223338543 ], [ 84.130645699119356, 28.16837794860195 ], [ 84.134758080962015, 28.170776838010166 ], [ 84.136814271883338, 28.170091441036391 ], [ 84.136471573396463, 28.16837794860195 ], [ 84.134472498889608, 28.167235620312322 ], [ 84.132930355698605, 28.164950963733066 ], [ 84.129674720073169, 28.16266630715381 ], [ 84.127447179908401, 28.161523978864182 ], [ 84.124819824842248, 28.161523978864182 ], [ 84.124477126355359, 28.16061011623248 ], [ 84.122877866749889, 28.1614668624497 ] ] ] } },
{ "type": "Feature", "properties": { "fid_1": 9.0, "contract_i": "IWRMP-KASKI/BIPAD-KASKIACCESSROAD/NCB/WORKS/23/082-83", "contractor": null, "project_na": null, "chainage_s": null, "chainage_e": null, "contract_a": null, "start_date": null, "completion": null, "progress_p": null, "status": "Normal", "delay_reas": null, "supervisio": null, "remarks": null, "Photo": null, "Shape_Leng": 0.0, "id": 0, "contact_id": null, "Contract_1": null, "project__1": null, "Progress__": 0, "X_co_ord": 0.0, "Y_co_ord": 0.0, "layer": null, "path": null }, "geometry": { "type": "MultiLineString", "coordinates": [ [ [ 84.119358067707537, 28.156097919488481 ], [ 84.119743603505285, 28.156354943353648 ], [ 84.119657928883569, 28.156583409011574 ], [ 84.119400905018395, 28.156697641840537 ], [ 84.119343788603913, 28.157154573156387 ], [ 84.119129602049611, 28.157468713436035 ], [ 84.119117, 28.157794 ], [ 84.118829740873593, 28.157968482062746 ], [ 84.118515600593938, 28.158339738756876 ], [ 84.118858299080827, 28.158611041725663 ], [ 84.119772161712532, 28.158553925311182 ], [ 84.120300488546476, 28.158753832761867 ], [ 84.120571791515275, 28.159167926766855 ], [ 84.120100581095798, 28.159467787942884 ], [ 84.119943510955977, 28.159639137186328 ], [ 84.11990067364512, 28.159981835673214 ], [ 84.120114860199422, 28.160010393880455 ], [ 84.12090021089854, 28.159824765533394 ], [ 84.120928769105774, 28.160038952087696 ], [ 84.12065746613699, 28.160138905813039 ], [ 84.120443279582688, 28.160353092367345 ], [ 84.121071560141985, 28.160238859538381 ], [ 84.121514212354214, 28.159967556569594 ], [ 84.122013980980924, 28.160324534160104 ], [ 84.122299563053332, 28.160781465475957 ] ] ] } },
{ "type": "Feature", "properties": { "fid_1": 10.0, "contract_i": "RCIDP/IEISP-Churunga/NCB/Works/5-077/078", "contractor": null, "project_na": null, "chainage_s": null, "chainage_e": null, "contract_a": null, "start_date": null, "completion": null, "progress_p": null, "status": "Stressed", "delay_reas": "Terminated due to contrator's breach of contract conditions", "supervisio": null, "remarks": null, "Photo": null, "Shape_Leng": 0.0, "id": 0, "contact_id": null, "Contract_1": null, "project__1": null, "Progress__": 0, "X_co_ord": 0.0, "Y_co_ord": 0.0, "layer": null, "path": null }, "geometry": { "type": "MultiLineString", "coordinates": [ [ [ 83.95, 28.283333 ], [ 83.945866958720316, 28.285723622154013 ], [ 83.943239603654177, 28.287951162318787 ], [ 83.943296720068659, 28.291092565115264 ], [ 83.943639418555549, 28.297032672221331 ], [ 83.946666588523058, 28.298175000510955 ] ] ] } },
{ "type": "Feature", "properties": { "fid_1": 11.0, "contract_i": "IWRMP-KASKI/PARBAT-ARMADIANDJALJALA/NCB/WORKS/17/081-082", "contractor": null, "project_na": null, "chainage_s": null, "chainage_e": null, "contract_a": null, "start_date": null, "completion": null, "progress_p": null, "status": "Normal", "delay_reas": null, "supervisio": null, "remarks": null, "Photo": null, "Shape_Leng": 0.0, "id": 0, "contact_id": null, "Contract_1": null, "project__1": null, "Progress__": 0, "X_co_ord": 0.0, "Y_co_ord": 0.0, "layer": null, "path": null }, "geometry": { "type": "MultiLineString", "coordinates": [ [ [ 83.662606, 28.230681 ], [ 83.661655680260893, 28.230035118034642 ], [ 83.660427677349531, 28.230149350863606 ], [ 83.658999766987506, 28.231548703018401 ], [ 83.658828417744061, 28.232976613380437 ], [ 83.65877130132958, 28.23391903421938 ] ] ] } },
{ "type": "Feature", "properties": { "fid_1": 12.0, "contract_i": "IWRMP-KASKI/BAGLUNG-DAMKAKOPHANT/NCB/WORKS/22/082-83", "contractor": null, "project_na": null, "chainage_s": null, "chainage_e": null, "contract_a": null, "start_date": null, "completion": null, "progress_p": null, "status": "Normal", "delay_reas": null, "supervisio": null, "remarks": null, "Photo": null, "Shape_Leng": 0.0, "id": 0, "contact_id": null, "Contract_1": null, "project__1": null, "Progress__": 0, "X_co_ord": 0.0, "Y_co_ord": 0.0, "layer": null, "path": null }, "geometry": { "type": "MultiLineString", "coordinates": [ [ [ 83.652788356912723, 28.234761501332969 ], [ 83.654367, 28.233686 ], [ 83.654644640383367, 28.233476382007137 ], [ 83.656215341781603, 28.232191262681305 ], [ 83.65718632082779, 28.230563444868586 ], [ 83.65778604317984, 28.229792373273085 ] ] ] } },
{ "type": "Feature", "properties": { "fid_1": 13.0, "contract_i": "IWRMP-KASKI/BAGLUNG-DABLYANGPAHIRO/NCB/WORKS/14/082-83", "contractor": null, "project_na": null, "chainage_s": null, "chainage_e": null, "contract_a": null, "start_date": null, "completion": null, "progress_p": null, "status": "Normal", "delay_reas": "Initial budget was withheld, so delay in procurement, planned to complete in chedule.", "supervisio": null, "remarks": null, "Photo": null, "Shape_Leng": 0.0, "id": 0, "contact_id": null, "Contract_1": null, "project__1": null, "Progress__": 0, "X_co_ord": 0.0, "Y_co_ord": 0.0, "layer": null, "path": null }, "geometry": { "type": "MultiLineString", "coordinates": [ [ [ 83.619960697689507, 28.249983025792261 ], [ 83.619667976065287, 28.249540373580029 ], [ 83.619197, 28.249042 ], [ 83.618882625366169, 28.248483719912123 ], [ 83.618268623910495, 28.248026788596274 ] ] ] } },
{ "type": "Feature", "properties": { "fid_1": 14.0, "contract_i": "IWRMP-KASKI/PARBAT-LUNDGIKHOLA/NCB/WORKS/20/081-082", "contractor": null, "project_na": null, "chainage_s": null, "chainage_e": null, "contract_a": null, "start_date": null, "completion": null, "progress_p": null, "status": "Normal", "delay_reas": null, "supervisio": null, "remarks": null, "Photo": null, "Shape_Leng": 0.0, "id": 0, "contact_id": null, "Contract_1": null, "project__1": null, "Progress__": 0, "X_co_ord": 0.0, "Y_co_ord": 0.0, "layer": null, "path": null }, "geometry": { "type": "MultiLineString", "coordinates": [ [ [ 83.592994610502501, 28.329274888196061 ], [ 83.591936, 28.328833 ], [ 83.591031233754677, 28.32792640534792 ], [ 83.59068139571599, 28.327398078513966 ], [ 83.590088812915752, 28.326841193472777 ], [ 83.589731835325253, 28.326555611400369 ], [ 83.58899690771068, 28.325730546944268 ] ] ] } },
{ "type": "Feature", "properties": { "fid_1": 15.0, "contract_i": "IWRMP-KASKI/BIPAD/PARBATLUNGDIKHOLA/NCB/WORKS/07/082-83", "contractor": null, "project_na": null, "chainage_s": null, "chainage_e": null, "contract_a": null, "start_date": null, "completion": null, "progress_p": null, "status": "Normal", "delay_reas": null, "supervisio": null, "remarks": null, "Photo": null, "Shape_Leng": 0.0, "id": 0, "contact_id": null, "Contract_1": null, "project__1": null, "Progress__": 0, "X_co_ord": 0.0, "Y_co_ord": 0.0, "layer": null, "path": null }, "geometry": { "type": "MultiLineString", "coordinates": [ [ [ 83.563572963714364, 28.341998015743961 ], [ 83.564272, 28.341928 ], [ 83.565086548698147, 28.341626759049827 ], [ 83.566071806847958, 28.341198385941212 ], [ 83.566728645614504, 28.34067005910725 ] ] ] } },
{ "type": "Feature", "properties": { "fid_1": 16.0, "contract_i": "IWRMP-KASKI/PARBAT-WAYTOBAURA/NCB/WORKS/18/081-082", "contractor": null, "project_na": null, "chainage_s": null, "chainage_e": null, "contract_a": null, "start_date": null, "completion": null, "progress_p": null, "status": "Normal", "delay_reas": null, "supervisio": null, "remarks": null, "Photo": null, "Shape_Leng": 0.0, "id": 0, "contact_id": null, "Contract_1": null, "project__1": null, "Progress__": 0, "X_co_ord": 0.0, "Y_co_ord": 0.0, "layer": null, "path": null }, "geometry": { "type": "MultiLineString", "coordinates": [ [ [ 83.568749138776809, 28.349637336180955 ], [ 83.569084697711901, 28.348973357862601 ], [ 83.569084697711901, 28.348216565370713 ], [ 83.569027581297405, 28.348080913886317 ] ] ] } },
{ "type": "Feature", "properties": { "fid_1": 17.0, "contract_i": "IWRMP-KASKI/MYAGDI GAYATRIMANDIR/NCB/WORKS/19/081-082", "contractor": null, "project_na": null, "chainage_s": null, "chainage_e": null, "contract_a": null, "start_date": null, "completion": null, "progress_p": null, "status": "Normal", "delay_reas": null, "supervisio": null, "remarks": null, "Photo": null, "Shape_Leng": 0.0, "id": 0, "contact_id": null, "Contract_1": null, "project__1": null, "Progress__": 0, "X_co_ord": 0.0, "Y_co_ord": 0.0, "layer": null, "path": null }, "geometry": { "type": "MultiLineString", "coordinates": [ [ [ 83.569350646016929, 28.37580914822944 ], [ 83.569704053831543, 28.375669926969138 ], [ 83.569886112402699, 28.375552124364269 ], [ 83.570182403802832, 28.375337937809959 ], [ 83.57022524111369, 28.375113041927936 ], [ 83.570235950441401, 28.375066634841168 ] ] ] } },
{ "type": "Feature", "properties": { "fid_1": 18.0, "contract_i": "IWRMP-KASKI/MYAGDI-SINGA/NCB/WORKS/15/081-082", "contractor": null, "project_na": null, "chainage_s": null, "chainage_e": null, "contract_a": null, "start_date": null, "completion": null, "progress_p": null, "status": "Normal", "delay_reas": null, "supervisio": null, "remarks": null, "Photo": null, "Shape_Leng": 0.0, "id": 0, "contact_id": null, "Contract_1": null, "project__1": null, "Progress__": 0, "X_co_ord": 0.0, "Y_co_ord": 0.0, "layer": null, "path": null }, "geometry": { "type": "MultiLineString", "coordinates": [ [ [ 83.497021631515096, 28.371584318445709 ], [ 83.497111, 28.371497 ], [ 83.497237602957355, 28.371298736373298 ], [ 83.497351835786304, 28.371157730225054 ], [ 83.497462498839369, 28.371054206723802 ], [ 83.49751961525385, 28.370970316990032 ], [ 83.497576731668332, 28.370891781920118 ], [ 83.497621353867146, 28.370790043306823 ] ] ] } },
{ "type": "Feature", "properties": { "fid_1": 19.0, "contract_i": "IWRMP-KASKI/MYAGDI-DAGNAM/NCB/WORKS/06/082-83�", "contractor": null, "project_na": null, "chainage_s": null, "chainage_e": null, "contract_a": null, "start_date": null, "completion": null, "progress_p": null, "status": "Normal", "delay_reas": null, "supervisio": null, "remarks": null, "Photo": null, "Shape_Leng": 0.0, "id": 0, "contact_id": null, "Contract_1": null, "project__1": null, "Progress__": 0, "X_co_ord": 0.0, "Y_co_ord": 0.0, "layer": null, "path": null }, "geometry": { "type": "MultiLineString", "coordinates": [ [ [ 83.536994, 28.419431 ], [ 83.53748727250975, 28.419124809062357 ], [ 83.538022738895521, 28.419081971751492 ], [ 83.538793810491029, 28.418903482956235 ], [ 83.538822368698263, 28.419924438865106 ], [ 83.538051297102754, 28.420724068667855 ], [ 83.537087457608365, 28.420467044802685 ], [ 83.536994, 28.419431 ] ] ] } },
{ "type": "Feature", "properties": { "fid_1": 20.0, "contract_i": "IWRMP-KASKI/BIPAD/MYAGDIGHARAP/NCB/WORKS/09/082-83", "contractor": null, "project_na": null, "chainage_s": null, "chainage_e": null, "contract_a": null, "start_date": null, "completion": null, "progress_p": null, "status": "Normal", "delay_reas": null, "supervisio": null, "remarks": null, "Photo": null, "Shape_Leng": 0.0, "id": 0, "contact_id": null, "Contract_1": null, "project__1": null, "Progress__": 0, "X_co_ord": 0.0, "Y_co_ord": 0.0, "layer": null, "path": null }, "geometry": { "type": "MultiLineString", "coordinates": [ [ [ 83.658708, 28.525206 ], [ 83.658859653284352, 28.524326104986674 ], [ 83.659802074123306, 28.523783499049092 ], [ 83.660658820340529, 28.523269451318754 ], [ 83.66090156510208, 28.522412705101519 ], [ 83.661101472552772, 28.521670191713252 ], [ 83.660673099444153, 28.520842003703262 ], [ 83.660416075578979, 28.519842466449823 ] ] ] } },
{ "type": "Feature", "properties": { "fid_1": 21.0, "contract_i": "IWRMP-KASKI/BIPAD/MYAGDIGHATTEKHOLA/NCB/WORKS/10/082-83", "contractor": null, "project_na": null, "chainage_s": null, "chainage_e": null, "contract_a": null, "start_date": null, "completion": null, "progress_p": null, "status": "Normal", "delay_reas": null, "supervisio": null, "remarks": null, "Photo": null, "Shape_Leng": 0.0, "id": 0, "contact_id": null, "Contract_1": null, "project__1": null, "Progress__": 0, "X_co_ord": 0.0, "Y_co_ord": 0.0, "layer": null, "path": null }, "geometry": { "type": "MultiLineString", "coordinates": [ [ [ 83.643872, 28.537553 ], [ 83.644894689943499, 28.538062602669637 ], [ 83.645751436160737, 28.538233951913082 ], [ 83.646593903274336, 28.538448138467391 ], [ 83.647650556942253, 28.538519533985493 ], [ 83.649092746407931, 28.538876511576007 ], [ 83.65002088814326, 28.538790836954284 ] ] ] } },
{ "type": "Feature", "properties": { "fid_1": 22.0, "contract_i": "IWRMP-KASKI/BIPAD/MUSTANG/LANQUEKHOLA/NCB/WORKS/12/082-83", "contractor": null, "project_na": null, "chainage_s": null, "chainage_e": null, "contract_a": null, "start_date": null, "completion": null, "progress_p": null, "status": "Normal", "delay_reas": null, "supervisio": null, "remarks": null, "Photo": null, "Shape_Leng": 0.0, "id": 0, "contact_id": null, "Contract_1": null, "project__1": null, "Progress__": 0, "X_co_ord": 0.0, "Y_co_ord": 0.0, "layer": null, "path": null }, "geometry": { "type": "MultiLineString", "coordinates": [ [ [ 83.644080781037161, 28.717936470977559 ], [ 83.644109339244395, 28.715794605434478 ], [ 83.643680966135776, 28.713766972720364 ], [ 83.642652870675107, 28.712424736980033 ], [ 83.642178, 28.711231 ], [ 83.641996031908562, 28.710425662473156 ] ] ] } },
{ "type": "Feature", "properties": { "fid_1": 23.0, "contract_i": "IWRMP-KASKI/MUSTANG-KALIGANDAKI/NCB/WORKS/21/081-082", "contractor": null, "project_na": null, "chainage_s": null, "chainage_e": null, "contract_a": null, "start_date": null, "completion": null, "progress_p": null, "status": "Normal", "delay_reas": null, "supervisio": null, "remarks": null, "Photo": null, "Shape_Leng": 0.0, "id": 0, "contact_id": null, "Contract_1": null, "project__1": null, "Progress__": 0, "X_co_ord": 0.0, "Y_co_ord": 0.0, "layer": null, "path": null }, "geometry": { "type": "MultiLineString", "coordinates": [ [ [ 83.773278110595768, 28.828599524036736 ], [ 83.771564618161307, 28.827171613674683 ], [ 83.770650755529601, 28.825458121240217 ], [ 83.769165728753052, 28.82345904673334 ], [ 83.767131, 28.821361 ], [ 83.767395119904108, 28.819346664890627 ], [ 83.76910861233857, 28.81837568584443 ], [ 83.768594564608236, 28.816719309824446 ], [ 83.766481257272403, 28.815348515876874 ], [ 83.765281812568276, 28.812549811567251 ] ] ] } },
{ "type": "Feature", "properties": { "fid_1": 24.0, "contract_i": "IWRMP-KASKI/MUSTANG-KAGBENI/NCB/WORKS/15/082-83", "contractor": null, "project_na": null, "chainage_s": null, "chainage_e": null, "contract_a": null, "start_date": null, "completion": null, "progress_p": null, "status": "Normal", "delay_reas": null, "supervisio": null, "remarks": null, "Photo": null, "Shape_Leng": 0.0, "id": 0, "contact_id": null, "Contract_1": null, "project__1": null, "Progress__": 0, "X_co_ord": 0.0, "Y_co_ord": 0.0, "layer": null, "path": null }, "geometry": { "type": "MultiLineString", "coordinates": [ [ [ 83.783558, 28.83735 ], [ 83.784644277077703, 28.837309777245256 ], [ 83.786214978475968, 28.837166986209052 ], [ 83.787557214216292, 28.837309777245256 ], [ 83.787985587324911, 28.837395451866982 ] ] ] } },
{ "type": "Feature", "properties": { "fid_1": 25.0, "contract_i": "RCIDP/IEISP-Jogigade Chutreni/NCB/Works/1-077/078", "contractor": null, "project_na": null, "chainage_s": null, "chainage_e": null, "contract_a": null, "start_date": null, "completion": null, "progress_p": null, "status": "Stressed", "delay_reas": "Terminated due to contrator's breach of contract conditions", "supervisio": null, "remarks": null, "Photo": null, "Shape_Leng": 0.0, "id": 0, "contact_id": null, "Contract_1": null, "project__1": null, "Progress__": 0, "X_co_ord": 0.0, "Y_co_ord": 0.0, "layer": null, "path": null }, "geometry": { "type": "MultiLineString", "coordinates": [ [ [ 83.861777707977311, 27.758254426794359 ], [ 83.861003066605804, 27.759004079734517 ], [ 83.861088741227533, 27.759739453571051 ], [ 83.860924531535886, 27.760574781132942 ], [ 83.860360506942811, 27.760724711720972 ] ] ] } },
{ "type": "Feature", "properties": { "fid_1": 6.0, "contract_i": "MIP-III/TMC/NCB-04/079-80", "contractor": "Baraha Developers Pvt. Ltd.", "project_na": "Mahakali Irrigation Project (Construction of Canal and Associated Structures from Ch. 28+800 to Ch. 34+000 along Tanakpur Main Canal)", "chainage_s": "28+800", "chainage_e": "34+000", "contract_a": "5208.48 Lakhs", "start_date": "2080/04/32", "completion": "2083/12/30", "progress_p": "20", "status": "Stressed", "delay_reas": "Land Acquisition and Forest", "supervisio": null, "remarks": null, "Photo": null, "Shape_Leng": 0.0, "id": 0, "contact_id": null, "Contract_1": null, "project__1": null, "Progress__": 0, "X_co_ord": 0.0, "Y_co_ord": 0.0, "layer": null, "path": null }, "geometry": { "type": "MultiLineString", "coordinates": [ [ [ 80.377203119610911, 28.939047602407481 ], [ 80.39836779829335, 28.930761431036526 ], [ 80.418134809515621, 28.924072593905755 ], [ 80.418365674230003, 28.924000838656688 ], [ 80.423809713779065, 28.917695736118787 ] ] ] } },
{ "type": "Feature", "properties": { "fid_1": 7.0, "contract_i": "MIP-III/TMC/NCB-05/079-80", "contractor": "Baraha Developers Pvt. Ltd.", "project_na": "Construction of Canal and Associated Structures from Ch. 28+800 to Ch. 34+000 along Tanakpur Main Canal", "chainage_s": "34+000", "chainage_e": "39+500", "contract_a": "4553.68 lakhs", "start_date": "2080/04/30", "completion": "2083/12/30", "progress_p": "39", "status": "Stressed", "delay_reas": "Land Acquisition, Forest Clearence", "supervisio": null, "remarks": null, "Photo": null, "Shape_Leng": 0.0, "id": 0, "contact_id": null, "Contract_1": null, "project__1": null, "Progress__": 0, "X_co_ord": 0.0, "Y_co_ord": 0.0, "layer": null, "path": null }, "geometry": { "type": "MultiLineString", "coordinates": [ [ [ 80.423809689405729, 28.917695748305459 ], [ 80.427196968568339, 28.913963707594803 ], [ 80.435003812919973, 28.900769930541937 ], [ 80.444818683068377, 28.890973779154141 ], [ 80.460439488800432, 28.889613549216214 ], [ 80.462088104644067, 28.888520841565395 ] ] ] } },
{ "type": "Feature", "properties": { "fid_1": 8.0, "contract_i": "MIP-III/TMC/NCB-06/079-80", "contractor": "Shree Geeta-Sakura Power JV", "project_na": "Construction of Canal and associated structures from Ch.34+000 to Ch.39+400 along Tanakpur Main Canal", "chainage_s": "39+400", "chainage_e": "44+000", "contract_a": "5574.32 lakhs", "start_date": "2080/04/32", "completion": "2083/04/31", "progress_p": "70", "status": "Stressed", "delay_reas": "Land Acquisition (\"Ailani land\" and \" Bhog Different\")", "supervisio": null, "remarks": null, "Photo": null, "Shape_Leng": 0.0, "id": 0, "contact_id": null, "Contract_1": null, "project__1": null, "Progress__": 0, "X_co_ord": 0.0, "Y_co_ord": 0.0, "layer": null, "path": null }, "geometry": { "type": "MultiLineString", "coordinates": [ [ [ 80.462088103120763, 28.888520836995404 ], [ 80.468026174059773, 28.884400878233869 ], [ 80.469576483651622, 28.881312988812724 ], [ 80.471536908216493, 28.875055621583751 ], [ 80.471607981010379, 28.872378546347129 ], [ 80.470177641033274, 28.869577093721183 ], [ 80.470118413705038, 28.869384604904393 ], [ 80.470100645506562, 28.869150656957828 ], [ 80.470156911468393, 28.868961129507447 ], [ 80.470245752460755, 28.868765679324245 ], [ 80.470429357178318, 28.868573190507451 ], [ 80.470701802888243, 28.868407353988367 ], [ 80.487183287655313, 28.860037051824296 ], [ 80.488626953781264, 28.859806065244143 ] ] ] } },
{ "type": "Feature", "properties": { "fid_1": 9.0, "contract_i": "MIP-III/TMC/NCB-07/079-80", "contractor": "NULLAarogya-Thegim-Society JV", "project_na": "Tanakpur Main Canal", "chainage_s": "44+000", "chainage_e": "48+262", "contract_a": "4431.87 Lakhs", "start_date": "2080/05/06", "completion": "2083/05/04", "progress_p": "56", "status": "Stressed", "delay_reas": "Land Acquisition ( Mainly Ailani Land)", "supervisio": null, "remarks": null, "Photo": null, "Shape_Leng": 0.0, "id": 0, "contact_id": null, "Contract_1": null, "project__1": null, "Progress__": 0, "X_co_ord": 0.0, "Y_co_ord": 0.0, "layer": null, "path": null }, "geometry": { "type": "MultiLineString", "coordinates": [ [ [ 80.488626953781193, 28.859803844219375 ], [ 80.531452754151175, 28.852732101227051 ] ] ] } },
{ "type": "Feature", "properties": { "fid_1": 10.0, "contract_i": "MIP-III/TMC/NCB-08/079-80", "contractor": "Nepal Adarsha-Tej JV", "project_na": "Construction of Canal and associated structures from Ch.0+000 to Ch.2+900 along Gulariya Main Canal", "chainage_s": "0+000", "chainage_e": "2+900", "contract_a": "4060.73", "start_date": "2080/04/32", "completion": "2083/04/30", "progress_p": "60", "status": "Stressed", "delay_reas": "Contractual Problems ( Variation File is Submitted)", "supervisio": null, "remarks": null, "Photo": null, "Shape_Leng": 0.0, "id": 0, "contact_id": null, "Contract_1": null, "project__1": null, "Progress__": 0, "X_co_ord": 0.0, "Y_co_ord": 0.0, "layer": null, "path": null }, "geometry": { "type": "MultiLineString", "coordinates": [ [ [ 80.484212516377298, 28.861561383934983 ], [ 80.483662086502534, 28.86031879673271 ], [ 80.483530247011572, 28.859877134438001 ], [ 80.483606054718862, 28.858885042268543 ], [ 80.484298212046383, 28.852655626320793 ], [ 80.484720098417441, 28.84917506375951 ], [ 80.48556387115957, 28.844217898899508 ], [ 80.485458399566795, 28.841581109080355 ], [ 80.486671322883609, 28.836703047914927 ], [ 80.48703712812987, 28.836090712195364 ], [ 80.487066259131169, 28.835890031964219 ], [ 80.487007997128586, 28.835692588510994 ] ] ] } },
{ "type": "Feature", "properties": { "fid_1": 13.0, "contract_i": "MIP-III/BC/NCB-03/078-79", "contractor": "K.S. Construction Pvt. Ltd", "project_na": "Construction of Branch Canals(S15-S22) and Associated Structures from Ch.16+400 to Ch.28+800 along TMC", "chainage_s": "16+400", "chainage_e": "28+800", "contract_a": "6133.81 lakhs", "start_date": "2079/06/27", "completion": "2082/12/30", "progress_p": "86", "status": "Delayed", "delay_reas": "Land Acquisition", "supervisio": null, "remarks": null, "Photo": null, "Shape_Leng": 0.0, "id": 0, "contact_id": null, "Contract_1": null, "project__1": null, "Progress__": 0, "X_co_ord": 0.0, "Y_co_ord": 0.0, "layer": null, "path": null }, "geometry": { "type": "MultiLineString", "coordinates": [ [ [ 80.375587713699119, 28.939489791125531 ], [ 80.374674872502567, 28.938983397469045 ], [ 80.374261761888064, 28.93889011442706 ], [ 80.373502171403331, 28.938277111579737 ], [ 80.372422753346086, 28.936618006047301 ], [ 80.371836402796461, 28.935458631096928 ], [ 80.370776973962506, 28.934425854560676 ], [ 80.370237264933877, 28.933846167085488 ], [ 80.369117868430081, 28.932826716698088 ], [ 80.368877997750673, 28.932460247604588 ], [ 80.36872474703884, 28.931320861877495 ], [ 80.368338288722057, 28.928335804534001 ], [ 80.368045113447252, 28.927596203272554 ], [ 80.367691970502605, 28.926696688224851 ], [ 80.365939581928188, 28.924058110751584 ], [ 80.364047268790799, 28.922505614409989 ], [ 80.363674136622862, 28.922025873051215 ], [ 80.364273813321333, 28.921619425511139 ], [ 80.364240497949183, 28.921519479394732 ], [ 80.363654147399572, 28.920799867356568 ], [ 80.363314330603771, 28.920506692081759 ], [ 80.362921209212558, 28.920293473700081 ], [ 80.362294880216382, 28.919767090820311 ], [ 80.361688540443481, 28.919194066419561 ] ] ] } },
{ "type": "Feature", "properties": { "fid_1": 14.0, "contract_i": "MIP-III/BC/NCB-03/078-79", "contractor": "Ks Construction Pvt. Ltd.", "project_na": "Construction of Branch Canals(S15-S22) and Associated Structures from Ch.16+400 to Ch.28+800 along TMC", "chainage_s": "16+400", "chainage_e": "28+800", "contract_a": "6133.81", "start_date": "2079/06/27", "completion": "2082/12/30", "progress_p": "86", "status": "Delayed", "delay_reas": "Land Acquisition", "supervisio": null, "remarks": null, "Photo": null, "Shape_Leng": 0.0, "id": 0, "contact_id": null, "Contract_1": null, "project__1": null, "Progress__": 0, "X_co_ord": 0.0, "Y_co_ord": 0.0, "layer": null, "path": null }, "geometry": { "type": "MultiLineString", "coordinates": [ [ [ 80.362442547021459, 28.945655341240112 ], [ 80.36249585161687, 28.945188926030191 ], [ 80.362149371746654, 28.942510370110359 ], [ 80.362362590128328, 28.940551426228694 ], [ 80.362402568574893, 28.940164967911901 ], [ 80.362735722296264, 28.939352072831753 ], [ 80.36694678533442, 28.936886735293598 ], [ 80.367719701967999, 28.935061052900483 ], [ 80.369078969151204, 28.933182065911943 ], [ 80.369185578342041, 28.932875564488281 ] ] ] } },
{ "type": "Feature", "properties": { "fid_1": 6.0, "contract_i": "MIMO/AMIS/NCB-02/081/82", "contractor": "DL/GK/Bedkot J.V.", "project_na": "Construction of canal and canal structure in MC of MIS", "chainage_s": null, "chainage_e": null, "contract_a": "36584545", "start_date": "2082/03//09", "completion": "2082/12/06", "progress_p": "100", "status": "Normal", "delay_reas": null, "supervisio": null, "remarks": null, "Photo": "C:\\Users\\Dell\\Downloads\\WhatsApp Image 2026-04-15 at 1.47.00 PM.jpeg", "Shape_Leng": 0.0, "id": 0, "contact_id": null, "Contract_1": null, "project__1": null, "Progress__": 0, "X_co_ord": 0.0, "Y_co_ord": 0.0, "layer": null, "path": null }, "geometry": { "type": "MultiLineString", "coordinates": [ [ [ 80.257936517552437, 28.950201159922607 ], [ 80.269335086984853, 28.938294088998664 ] ] ] } },
{ "type": "Feature", "properties": { "fid_1": 7.0, "contract_i": "MIMO/LGIRMTP/Khairighat/NCB-02/082-83", "contractor": "Chandani Nirman Sewa", "project_na": "Construction Of lined Canal in Khairighat Branch", "chainage_s": null, "chainage_e": null, "contract_a": "12115462", "start_date": "2082/12/12", "completion": "2083/03/20", "progress_p": "10", "status": "Normal", "delay_reas": null, "supervisio": null, "remarks": null, "Photo": null, "Shape_Leng": 0.0, "id": 0, "contact_id": null, "Contract_1": null, "project__1": null, "Progress__": 0, "X_co_ord": 0.0, "Y_co_ord": 0.0, "layer": null, "path": null }, "geometry": { "type": "MultiLineString", "coordinates": [ [ [ 80.25588251225507, 28.795952519659103 ], [ 80.254907823576175, 28.794451057487048 ], [ 80.254851045594876, 28.794274414878576 ], [ 80.254876280253228, 28.793794956369855 ], [ 80.255229565470188, 28.791012835286377 ], [ 80.254598699011353, 28.786152009221027 ], [ 80.254308500440274, 28.78396921127344 ], [ 80.255973987891636, 28.781344806804668 ], [ 80.255519764041267, 28.777736250660109 ] ] ] } },
{ "type": "Feature", "properties": { "fid_1": 8.0, "contract_i": "MIMO/AMIS/NCB-01/082-83", "contractor": "Mahakali Nirman Sewa", "project_na": "Construction of Canal and Canal structure in ZZR Canal", "chainage_s": null, "chainage_e": null, "contract_a": "8824849.38", "start_date": "2082/08/15", "completion": "2083/3/15", "progress_p": "70", "status": "Normal", "delay_reas": null, "supervisio": null, "remarks": null, "Photo": null, "Shape_Leng": 0.0, "id": 0, "contact_id": null, "Contract_1": null, "project__1": null, "Progress__": 0, "X_co_ord": 0.0, "Y_co_ord": 0.0, "layer": null, "path": null }, "geometry": { "type": "MultiLineString", "coordinates": [ [ [ 80.315375561068677, 28.740737305039787 ], [ 80.313569363771023, 28.740143375297766 ], [ 80.312137423571087, 28.739525037484153 ], [ 80.308883014025767, 28.73966334988982 ], [ 80.308704021500773, 28.739728438080725 ] ] ] } },
{ "type": "Feature", "properties": { "fid_1": 10.0, "contract_i": "MIMO/AMIS/NCB-04/081-82", "contractor": "Pawon Construction", "project_na": "Construction of Canal and canal Structure in MIS Stage Second", "chainage_s": null, "chainage_e": null, "contract_a": "23582883", "start_date": "2082/03/05", "completion": "2083/03/15", "progress_p": "60", "status": "Normal", "delay_reas": null, "supervisio": null, "remarks": null, "Photo": null, "Shape_Leng": 0.0, "id": 0, "contact_id": null, "Contract_1": null, "project__1": null, "Progress__": 0, "X_co_ord": 0.0, "Y_co_ord": 0.0, "layer": null, "path": null }, "geometry": { "type": "MultiLineString", "coordinates": [ [ [ 80.302227746505537, 28.769636461802133 ], [ 80.302780996128234, 28.768969307845339 ] ] ] } },
{ "type": "Feature", "properties": { "fid_1": 11.0, "contract_i": "MIMO/AMIS/NCB-03/081-82", "contractor": "Pawon Construction", "project_na": "Construction of Canal and Canal structure in Stage I, MIS", "chainage_s": null, "chainage_e": null, "contract_a": "29815471", "start_date": "2082/03/05", "completion": "2083/03/15", "progress_p": "70", "status": "Normal", "delay_reas": null, "supervisio": null, "remarks": null, "Photo": null, "Shape_Leng": 0.0, "id": 0, "contact_id": null, "Contract_1": null, "project__1": null, "Progress__": 0, "X_co_ord": 0.0, "Y_co_ord": 0.0, "layer": null, "path": null }, "geometry": { "type": "MultiLineString", "coordinates": [ [ [ 80.14428263955655, 28.971853484564672 ], [ 80.143981606673606, 28.971557875697634 ] ] ] } },
{ "type": "Feature", "properties": { "fid_1": 1.0, "contract_i": null, "contractor": null, "project_na": "Manushmara I", "chainage_s": null, "chainage_e": null, "contract_a": null, "start_date": null, "completion": null, "progress_p": null, "status": "Normal", "delay_reas": null, "supervisio": null, "remarks": "समस्याग्रस्त ठेक्का कुनै रहरेको", "Photo": null, "Shape_Leng": 0.0, "id": 0, "contact_id": null, "Contract_1": null, "project__1": null, "Progress__": 0, "X_co_ord": 0.0, "Y_co_ord": 0.0, "layer": null, "path": null }, "geometry": { "type": "MultiLineString", "coordinates": [ [ [ 85.455975852731157, 26.951115407966942 ], [ 85.456383058290967, 26.950942863238211 ] ] ] } },
{ "type": "Feature", "properties": { "fid_1": 9.0, "contract_i": "01/Surface irrigation/MDVIP/077-78", "contractor": "Amar Construction/Keshav Shah JV.Baijnath-4,Banke\n", "project_na": "Construction of Headworks, Canal and Related Structures of Urahari Jaspur Gwar Khola Irigation Sub-Project, Tulsipur -11 & 12, Dang\n", "chainage_s": null, "chainage_e": null, "contract_a": "139696030.84", "start_date": "2078/04/19", "completion": "2083/01/27", "progress_p": "80", "status": "Delayed", "delay_reas": "Slow Progress", "supervisio": null, "remarks": null, "Photo": null, "Shape_Leng": 0.0, "id": 0, "contact_id": null, "Contract_1": null, "project__1": null, "Progress__": 0, "X_co_ord": 0.0, "Y_co_ord": 0.0, "layer": null, "path": null }, "geometry": { "type": "MultiLineString", "coordinates": [ [ [ 82.303299620078576, 28.104673317126139 ], [ 82.30451439443911, 28.103763091830647 ] ] ] } },
{ "type": "Feature", "properties": { "fid_1": 10.0, "contract_i": "03/Surface irrigation/MDVIP/077-78\n", "contractor": "Thegim-Juddha &Purna Singh JV., Tulsipur-6, Dang\n", "project_na": "Construction of Headworks,Canal and Related Structures of Duruwa Kulo Irrigation Suh-Project, Tulsipur -15, 16 & I8, Dang\n", "chainage_s": null, "chainage_e": null, "contract_a": "117546990.01", "start_date": "2078/11/16", "completion": "2082/09/01", "progress_p": "16", "status": "Stressed", "delay_reas": "slow progress", "supervisio": null, "remarks": null, "Photo": null, "Shape_Leng": 0.0, "id": 0, "contact_id": null, "Contract_1": null, "project__1": null, "Progress__": 0, "X_co_ord": 0.0, "Y_co_ord": 0.0, "layer": null, "path": null }, "geometry": { "type": "MultiLineString", "coordinates": [ [ [ 82.335835294734196, 28.123790344586642 ], [ 82.336458080462691, 28.12360556200786 ] ] ] } },
{ "type": "Feature", "properties": { "fid_1": 11.0, "contract_i": "MDVIP/BLISP/NCB-04/079-080\n", "contractor": "Premdhan Nirman Sewa, Tulsipur-06, Dang\n", "project_na": "Supply, Installation of Electric Pump, Transformer, its accessories annd Construction of Intake, Reservior tank, Pipe line etc.\n", "chainage_s": null, "chainage_e": null, "contract_a": "22437667.59", "start_date": "2080/02/22", "completion": "2082/11/22", "progress_p": "35", "status": "Stressed", "delay_reas": "slow progress", "supervisio": null, "remarks": null, "Photo": null, "Shape_Leng": 0.0, "id": 0, "contact_id": null, "Contract_1": null, "project__1": null, "Progress__": 0, "X_co_ord": 0.0, "Y_co_ord": 0.0, "layer": null, "path": null }, "geometry": { "type": "MultiLineString", "coordinates": [ [ [ 82.659689030610224, 27.975107436417286 ], [ 82.659689030610224, 27.975107436417286 ], [ 82.659726671505894, 27.975446204478391 ] ] ] } },
{ "type": "Feature", "properties": { "fid_1": 12.0, "contract_i": "MDVIP/NCB/WORKS/SI-04/082-083\n", "contractor": "Binayak Nirman Sewa, Mallarani-03, Pyuthan\n", "project_na": "Construction of Headworks, Canal and Canal Associated Structures of Dandagaule Kulo Irrigation Sub-project, Ghorahi-12, Dang\n", "chainage_s": null, "chainage_e": null, "contract_a": "84,75,041.29\n", "start_date": "18/11/2082\n", "completion": "21/03/2083\n", "progress_p": "20", "status": "Normal", "delay_reas": null, "supervisio": null, "remarks": null, "Photo": null, "Shape_Leng": 0.0, "id": 0, "contact_id": null, "Contract_1": null, "project__1": null, "Progress__": 0, "X_co_ord": 0.0, "Y_co_ord": 0.0, "layer": null, "path": null }, "geometry": { "type": "MultiLineString", "coordinates": [ [ [ 82.433980640172308, 28.085058018585837 ], [ 82.433980640172308, 28.085058018585837 ], [ 82.434051583345237, 28.084960471723051 ], [ 82.434013155793238, 28.084647139375914 ], [ 82.433962904379072, 28.084440221788181 ] ] ] } },
{ "type": "Feature", "properties": { "fid_1": 13.0, "contract_i": "MDVIP/NCB/WORKS/SI-02/082-083\n", "contractor": "Thurpa Engineering Consultant & Construction,Pvt.Ltd., Runtigadi-07,Rolpa\n", "project_na": "Construction of Headworks, Canal and Canal Associated Structures of Dhoreni Sewar Irrigation Sub-project, Ghorahi-14, Dang\n", "chainage_s": null, "chainage_e": null, "contract_a": "36,96,459.49\n", "start_date": "18/11/2082\n", "completion": "21/03/2083\n", "progress_p": "10", "status": "Normal", "delay_reas": null, "supervisio": null, "remarks": null, "Photo": null, "Shape_Leng": 0.0, "id": 0, "contact_id": null, "Contract_1": null, "project__1": null, "Progress__": 0, "X_co_ord": 0.0, "Y_co_ord": 0.0, "layer": null, "path": null }, "geometry": { "type": "MultiLineString", "coordinates": [ [ [ 82.488913842311419, 28.059730924723677 ], [ 82.488913842311419, 28.059730924723677 ], [ 82.488813339483087, 28.059869855104012 ] ] ] } },
{ "type": "Feature", "properties": { "fid_1": 14.0, "contract_i": "MDVIP/NCB/WORKS/SI-03/082-083\n", "contractor": "K.K. And C. Engineering Consultancy And Construction Pvt. Ltd,Tulsipur-18.Dang\n", "project_na": "Construction of Headworks, Canal and Canal Associated Structures of Sukadeva Kulo Irrigation Sub-project, Tulsipur-11, Dang\n", "chainage_s": null, "chainage_e": null, "contract_a": "62,42,203.88\n", "start_date": "18/11/2082\n", "completion": "21/03/2083\n", "progress_p": "10", "status": "Normal", "delay_reas": null, "supervisio": null, "remarks": null, "Photo": null, "Shape_Leng": 0.0, "id": 0, "contact_id": null, "Contract_1": null, "project__1": null, "Progress__": 0, "X_co_ord": 0.0, "Y_co_ord": 0.0, "layer": null, "path": null }, "geometry": { "type": "MultiLineString", "coordinates": [ [ [ 82.219481396310158, 28.083200446001264 ], [ 82.219481396310158, 28.083200446001264 ], [ 82.219277434687967, 28.083297992864054 ] ] ] } },
{ "type": "Feature", "properties": { "fid_1": 15.0, "contract_i": "MDVIP/NCB/WORKS/SI-01/082-083\n", "contractor": "Kashyap Nirman Sewa,Lalmatiya-03,Dang\n", "project_na": "Construction of Headworks, Canal and Canal Associated Structures of Birtakulo Irrigation Sub-project, Ghorahi-17, Dang\n", "chainage_s": null, "chainage_e": null, "contract_a": "51,21,250.30\n", "start_date": "18/11/2082\n", "completion": "21/03/2083\n", "progress_p": "10", "status": "Normal", "delay_reas": null, "supervisio": null, "remarks": null, "Photo": null, "Shape_Leng": 0.0, "id": 0, "contact_id": null, "Contract_1": null, "project__1": null, "Progress__": 0, "X_co_ord": 0.0, "Y_co_ord": 0.0, "layer": null, "path": null }, "geometry": { "type": "MultiLineString", "coordinates": [ [ [ 82.493043673902577, 28.027457919092011 ], [ 82.4930364879134, 28.027766916626536 ] ] ] } },
{ "type": "Feature", "properties": { "fid_1": 17.0, "contract_i": "MDVIP/NCB/WORKS/SI-05/082-083\n", "contractor": "Dambar Construction & Suppliers Pvt. Ltd., Tulsipur-12, Dang\n", "project_na": "Construction of Canal and Canal Associated Structures at Different location of Babai RMC, Dang.\n", "chainage_s": null, "chainage_e": null, "contract_a": "51,86,983.98\n", "start_date": "08/12/2082\n", "completion": "08/12/2083\n", "progress_p": "15", "status": "Normal", "delay_reas": null, "supervisio": null, "remarks": null, "Photo": null, "Shape_Leng": 0.0, "id": 0, "contact_id": null, "Contract_1": null, "project__1": null, "Progress__": 0, "X_co_ord": 0.0, "Y_co_ord": 0.0, "layer": null, "path": null }, "geometry": { "type": "MultiLineString", "coordinates": [ [ [ 82.130720872903538, 28.135968829212576 ], [ 82.130720872903538, 28.135968829212576 ], [ 82.130508715127888, 28.135989360610218 ], [ 82.130262338356175, 28.135890125521613 ], [ 82.129933835993896, 28.135701921043221 ] ] ] } },
{ "type": "Feature", "properties": { "fid_1": 18.0, "contract_i": "MDVIP/NCB/WORKS/SI-06/082-083\n", "contractor": "Namaste Yogi Builders and Developers Pvt. Ltd., Tulsipur-06, Dang\n", "project_na": "Construction of Headworks, Canal and Canal Associated Structures at Different location of Shantinagar RMC, Dang\n", "chainage_s": null, "chainage_e": null, "contract_a": "56,57,494.45\n", "start_date": "08/12/2082\n", "completion": "08/12/2083\n", "progress_p": "5", "status": "Normal", "delay_reas": null, "supervisio": null, "remarks": null, "Photo": null, "Shape_Leng": 0.0, "id": 0, "contact_id": null, "Contract_1": null, "project__1": null, "Progress__": 0, "X_co_ord": 0.0, "Y_co_ord": 0.0, "layer": null, "path": null }, "geometry": { "type": "MultiLineString", "coordinates": [ [ [ 82.237929983907478, 28.192130455590569 ], [ 82.237929983907478, 28.192130455590569 ], [ 82.237512512155405, 28.192055173799211 ], [ 82.237211384989976, 28.192185205984284 ], [ 82.236927367322593, 28.192243378277606 ] ] ] } },
{ "type": "Feature", "properties": { "fid_1": 19.0, "contract_i": "MDVIP/NCB/WORKS/SI-07/082-083\n", "contractor": "Hamal Bijeshwori Construction, Tulsipur-04, Dang\n", "project_na": "Construction of Canal and Canal Associated Structures at Different location of Dangisharan RMC, Dang\n", "chainage_s": null, "chainage_e": null, "contract_a": "50,47,325.40\n", "start_date": "08/12/2082\n", "completion": "08/12/2083\n", "progress_p": "5", "status": "Normal", "delay_reas": null, "supervisio": null, "remarks": null, "Photo": null, "Shape_Leng": 0.0, "id": 0, "contact_id": null, "Contract_1": null, "project__1": null, "Progress__": 0, "X_co_ord": 0.0, "Y_co_ord": 0.0, "layer": null, "path": null }, "geometry": { "type": "MultiLineString", "coordinates": [ [ [ 82.180402388070718, 28.118664763267574 ], [ 82.180402388070718, 28.118664763267574 ], [ 82.180744578031437, 28.118894030541252 ] ] ] } },
{ "type": "Feature", "properties": { "fid_1": 20.0, "contract_i": "MDVIP/NCB/WORKS/SI-08/082-083\n", "contractor": "Shubha Construction, Tulsipur-06, Dang\n", "project_na": "Construction of Canal and Canal Associated Structures at Different locations of Tulsipur SMC, Dang (Package 1)\n", "chainage_s": null, "chainage_e": null, "contract_a": "56,06,559.98\n", "start_date": "08/12/2082\n", "completion": "08/12/2083\n", "progress_p": "5", "status": "Normal", "delay_reas": null, "supervisio": null, "remarks": null, "Photo": null, "Shape_Leng": 0.0, "id": 0, "contact_id": null, "Contract_1": null, "project__1": null, "Progress__": 0, "X_co_ord": 0.0, "Y_co_ord": 0.0, "layer": null, "path": null }, "geometry": { "type": "MultiLineString", "coordinates": [ [ [ 82.268883980165469, 28.203904711094527 ], [ 82.268883980165469, 28.203904711094527 ], [ 82.269421158972889, 28.204179851459298 ] ] ] } },
{ "type": "Feature", "properties": { "fid_1": 21.0, "contract_i": "MDVIP/NCB/WORKS/SI-09/082-083\n", "contractor": "Dorna Nirman Sewa, Tulsipur-04, Dang\n", "project_na": "Construction of Canal and Canal Associated Structures at Different locations of Tulsipur SMC, Dang (Package 2)\n", "chainage_s": null, "chainage_e": null, "contract_a": "54,80,764.91\n", "start_date": "08/12/2082\n", "completion": "08/12/2083\n", "progress_p": "5", "status": "Normal", "delay_reas": null, "supervisio": null, "remarks": null, "Photo": null, "Shape_Leng": 0.0, "id": 0, "contact_id": null, "Contract_1": null, "project__1": null, "Progress__": 0, "X_co_ord": 0.0, "Y_co_ord": 0.0, "layer": null, "path": null }, "geometry": { "type": "MultiLineString", "coordinates": [ [ [ 82.338894833000012, 28.118822009311472 ], [ 82.338541081102449, 28.118341605499968 ], [ 82.338396959958999, 28.117834997844202 ] ] ] } },
{ "type": "Feature", "properties": { "fid_1": 22.0, "contract_i": "MDVIP/NCB/WORKS/SI-10/082-083\n\n", "contractor": "Dambar Construction & Suppliers Pvt. Ltd., Tulsipur-12, Dang \n\n", "project_na": "Construction of Canal and Canal Associated Structures at Different locations of Tulsipur SMC, Dang (Package 3)\n\n", "chainage_s": null, "chainage_e": null, "contract_a": "55,27,252.72\n\n", "start_date": "08/12/2082\n\n", "completion": "08/12/2083\n\n", "progress_p": "5", "status": "Normal", "delay_reas": null, "supervisio": null, "remarks": null, "Photo": null, "Shape_Leng": 0.0, "id": 0, "contact_id": null, "Contract_1": null, "project__1": null, "Progress__": 0, "X_co_ord": 0.0, "Y_co_ord": 0.0, "layer": null, "path": null }, "geometry": { "type": "MultiLineString", "coordinates": [ [ [ 82.338777109717128, 28.12581672152454 ], [ 82.338777109717128, 28.12581672152454 ], [ 82.339109025077803, 28.12638447148359 ], [ 82.338798946254016, 28.126746957995906 ] ] ] } },
{ "type": "Feature", "properties": { "fid_1": 23.0, "contract_i": "MDVIP/NCB/WORKS/SI-11/082-083\n", "contractor": "Kalki Krishna Construction Pvt. Ltd., Dhumbarahi-04, Kathmandu\n", "project_na": "Construction of Canal and Canal Associated Structures at Different location of Eastern part of Ghorahi SMC,Dang (Package 1).\n", "chainage_s": null, "chainage_e": null, "contract_a": "93,60,881.58\n", "start_date": "08/12/2082\n", "completion": "08/12/2083\n", "progress_p": "15", "status": "Normal", "delay_reas": null, "supervisio": null, "remarks": null, "Photo": null, "Shape_Leng": 0.0, "id": 0, "contact_id": null, "Contract_1": null, "project__1": null, "Progress__": 0, "X_co_ord": 0.0, "Y_co_ord": 0.0, "layer": null, "path": null }, "geometry": { "type": "MultiLineString", "coordinates": [ [ [ 82.543521218995835, 27.980763590065582 ], [ 82.54347317861469, 27.980676243918037 ], [ 82.543495015151578, 27.980453511241794 ], [ 82.543407669004026, 27.980270084331949 ], [ 82.543294119012216, 27.980069188192591 ], [ 82.543224242094183, 27.979968740122914 ], [ 82.543149997868767, 27.979986209352422 ], [ 82.54307575364335, 27.979863924745857 ] ] ] } },
{ "type": "Feature", "properties": { "fid_1": 24.0, "contract_i": "MDVIP/NCB/WORKS/SI-12/082-083\n", "contractor": "Kalki Krishna Construction Pvt. Ltd., Dhumbarahi-04, Kathmandu\n", "project_na": "Construction of Canal and Canal Associated Structures at Different location of Eastern part of Ghorahi SMC,Dang (Package 2).\n", "chainage_s": null, "chainage_e": null, "contract_a": "74,21,116.65\n", "start_date": "08/12/2082\n", "completion": "08/12/2083\n", "progress_p": "15", "status": "Normal", "delay_reas": null, "supervisio": null, "remarks": null, "Photo": null, "Shape_Leng": 0.0, "id": 0, "contact_id": null, "Contract_1": null, "project__1": null, "Progress__": 0, "X_co_ord": 0.0, "Y_co_ord": 0.0, "layer": null, "path": null }, "geometry": { "type": "MultiLineString", "coordinates": [ [ [ 82.530866011467268, 27.992359626877086 ], [ 82.530673849942659, 27.992088853819691 ], [ 82.53055593264348, 27.991953467290998 ], [ 82.530407444192647, 27.991857386528697 ], [ 82.530320098045095, 27.991704530770491 ], [ 82.530145405750005, 27.99154294039753 ] ] ] } },
{ "type": "Feature", "properties": { "fid_1": 25.0, "contract_i": "MDVIP/NCB/WORKS/SI-13/082-083\n", "contractor": "Roshan-Naghdev-SIP JV, Ghorahi-07, Dang\n", "project_na": "Construction of Canal and Canal Associated Structures at Different location of Wastern part of Ghorahi SMC,Dang (Package 1)\n", "chainage_s": null, "chainage_e": null, "contract_a": "1,08,05,654.57\n", "start_date": "08/12/2082\n", "completion": "08/12/2083\n", "progress_p": "5", "status": "Normal", "delay_reas": null, "supervisio": null, "remarks": null, "Photo": null, "Shape_Leng": 0.0, "id": 0, "contact_id": null, "Contract_1": null, "project__1": null, "Progress__": 0, "X_co_ord": 0.0, "Y_co_ord": 0.0, "layer": null, "path": null }, "geometry": { "type": "MultiLineString", "coordinates": [ [ [ 82.387372444590142, 28.082276840647577 ], [ 82.387372444590142, 28.082276840647577 ], [ 82.386957550389297, 28.082311779106593 ] ] ] } },
{ "type": "Feature", "properties": { "fid_1": 26.0, "contract_i": "MDVIP/NCB/WORKS/SI-14/082-083\n", "contractor": "Roshan-Naghdev-SIP JV, Ghorahi-07, Dang\n", "project_na": "Construction of Canal and Canal Associated Structures at Different location of Wastern part of Ghorahi SMC,Dang (Package 2)\n", "chainage_s": null, "chainage_e": null, "contract_a": "53,30,960.62\n", "start_date": "08/12/2082\n", "completion": "08/12/2083", "progress_p": "5", "status": "Normal", "delay_reas": null, "supervisio": null, "remarks": null, "Photo": null, "Shape_Leng": 0.0, "id": 0, "contact_id": null, "Contract_1": null, "project__1": null, "Progress__": 0, "X_co_ord": 0.0, "Y_co_ord": 0.0, "layer": null, "path": null }, "geometry": { "type": "MultiLineString", "coordinates": [ [ [ 82.366673611233608, 28.04232144777049 ], [ 82.366905078524596, 28.042653363131166 ], [ 82.367136545815598, 28.042823688118879 ] ] ] } },
{ "type": "Feature", "properties": { "fid_1": 0.0, "contract_i": "MIIP/Works/GWIS/NCB-11/2082-83", "contractor": null, "project_na": "Pump house with overhead tank, Distribution System, Pump Installation & Electrification work of Shree Malghatta DTWIP, Ramnagar -6,  Rautahat District", "chainage_s": null, "chainage_e": null, "contract_a": null, "start_date": null, "completion": null, "progress_p": "LoI Issued", "status": null, "delay_reas": null, "supervisio": null, "remarks": null, "Photo": null, "Shape_Leng": 0.0, "id": 0, "contact_id": null, "Contract_1": null, "project__1": null, "Progress__": 0, "X_co_ord": 0.0, "Y_co_ord": 0.0, "layer": null, "path": null }, "geometry": { "type": "MultiLineString", "coordinates": [ [ [ 85.531028086347078, 26.879844509139417 ], [ 85.55520840560898, 26.849300947966487 ] ] ] } },
{ "type": "Feature", "properties": { "fid_1": 0.0, "contract_i": "MIIP/Works/GWIS/NCB-10/2082-83", "contractor": null, "project_na": "Pump house with overhead tank, Distribution System, Pump Installation & Electrification work of Shree Malghatta DTWIP, Ramnagar -6,  Rautahat District", "chainage_s": null, "chainage_e": null, "contract_a": null, "start_date": null, "completion": null, "progress_p": "LOI Issued", "status": null, "delay_reas": null, "supervisio": null, "remarks": null, "Photo": null, "Shape_Leng": 0.0, "id": 0, "contact_id": null, "Contract_1": null, "project__1": null, "Progress__": 0, "X_co_ord": 0.0, "Y_co_ord": 0.0, "layer": null, "path": null }, "geometry": { "type": "MultiLineString", "coordinates": [ [ [ 85.409371186470821, 26.862398219595892 ], [ 85.409371186470821, 26.862398219595892 ], [ 85.434062601720782, 26.848153172336296 ] ] ] } },
{ "type": "Feature", "properties": { "fid_1": 6.0, "contract_i": "MIIP/Works/GWIS/NCB-0/2082-83", "contractor": "M/S Pashupati Nirman Sewa, Maulapur 5, Rautahat", "project_na": "Pump house with overhead tank, Distribution System, Pump Installation & Electrification work of Shree Jay Swaraj  DTWIP, Garuda 7, Rautahat District", "chainage_s": null, "chainage_e": null, "contract_a": null, "start_date": "2083/01/07", "completion": "2083/3/21", "progress_p": "0", "status": "Normal", "delay_reas": null, "supervisio": null, "remarks": null, "Photo": null, "Shape_Leng": 0.0, "id": 0, "contact_id": null, "Contract_1": null, "project__1": null, "Progress__": 0, "X_co_ord": 0.0, "Y_co_ord": 0.0, "layer": null, "path": null }, "geometry": { "type": "MultiLineString", "coordinates": [ [ [ 85.278151483868541, 26.969510088554546 ], [ 85.297341866295227, 26.958138010079473 ] ] ] } },
{ "type": "Feature", "properties": { "fid_1": 7.0, "contract_i": "MIIP/Works/GWIS/NCB-01/2082-83", "contractor": "M/S Anmol Nirman Sewa, Gaur-4, Rautahat", "project_na": "Pump house with overhead tank, Distribution System, Pump Installation & Electrification work of Shree Hari Hari DTWIP, Barahathawa 16, Sarlahi District", "chainage_s": null, "chainage_e": null, "contract_a": null, "start_date": "2083/01/07", "completion": "2083/3/21", "progress_p": null, "status": "Normal", "delay_reas": null, "supervisio": null, "remarks": null, "Photo": null, "Shape_Leng": 0.0, "id": 0, "contact_id": null, "Contract_1": null, "project__1": null, "Progress__": 0, "X_co_ord": 0.0, "Y_co_ord": 0.0, "layer": null, "path": null }, "geometry": { "type": "MultiLineString", "coordinates": [ [ [ 85.491377955276135, 26.989411225885924 ], [ 85.510568337702821, 26.970220843459241 ] ] ] } },
{ "type": "Feature", "properties": { "fid_1": 8.0, "contract_i": "MIIP/Works/GWIS/NCB-02/2082-83", "contractor": "M/S Shree Ram Nirman Sewa, Madhavnarayan-08,Rautahat", "project_na": "Pump house with overhead tank, Distribution System, Pump Installation & Electrification work of Shree Ram DTWIP, Dhankaul -3, Sarlahi District", "chainage_s": null, "chainage_e": null, "contract_a": null, "start_date": "2083/01/07", "completion": "2083/03/21", "progress_p": null, "status": "Normal", "delay_reas": null, "supervisio": null, "remarks": null, "Photo": null, "Shape_Leng": 0.0, "id": 0, "contact_id": null, "Contract_1": null, "project__1": null, "Progress__": 0, "X_co_ord": 0.0, "Y_co_ord": 0.0, "layer": null, "path": null }, "geometry": { "type": "MultiLineString", "coordinates": [ [ [ 85.394715288238032, 26.916203470702648 ], [ 85.413194915760016, 26.900566862799426 ] ] ] } },
{ "type": "Feature", "properties": { "fid_1": 9.0, "contract_i": "MIIP/Works/GWIS/NCB-03/2082-83", "contractor": "M/S Ma Nirman Sewa, Baudhimai-07,Rautahat", "project_na": "Pump house with overhead tank, Distribution System, Pump Installation & Electrification work of Shree Ram Janaki DTWIP,Bagmati-6, Sarlahi District", "chainage_s": null, "chainage_e": null, "contract_a": null, "start_date": "2083/01/07", "completion": "2083/03/21", "progress_p": null, "status": "Normal", "delay_reas": null, "supervisio": null, "remarks": null, "Photo": null, "Shape_Leng": 0.0, "id": 0, "contact_id": null, "Contract_1": null, "project__1": null, "Progress__": 0, "X_co_ord": 0.0, "Y_co_ord": 0.0, "layer": null, "path": null }, "geometry": { "type": "MultiLineString", "coordinates": [ [ [ 85.425988504044483, 27.03845331430967 ], [ 85.445178886471169, 27.027081235834601 ] ] ] } },
{ "type": "Feature", "properties": { "fid_1": 10.0, "contract_i": "MIIP/Works/GWIS/NCB-04/2082-83", "contractor": "M/S Anmol Nirman Sewa, Gaur-4, Rautahat", "project_na": "Pump house with overhead tank, Distribution System, Pump Installation & Electrification work of Shree Jagaruk kisan  DTWIP Chandrapur -9,Rautahat  District", "chainage_s": null, "chainage_e": null, "contract_a": null, "start_date": "2083/01/07", "completion": "2083/03/21", "progress_p": null, "status": "Normal", "delay_reas": null, "supervisio": null, "remarks": null, "Photo": null, "Shape_Leng": 0.0, "id": 0, "contact_id": null, "Contract_1": null, "project__1": null, "Progress__": 0, "X_co_ord": 0.0, "Y_co_ord": 0.0, "layer": null, "path": null }, "geometry": { "type": "MultiLineString", "coordinates": [ [ [ 85.347805464528363, 27.079677098781804 ], [ 85.36415282733627, 27.054800677117587 ] ] ] } },
{ "type": "Feature", "properties": { "fid_1": 11.0, "contract_i": "MIIP/Works/GWIS/NCB-05/2082-83", "contractor": "M/S Anmol Nirman Sewa, Gaur-4, Rautahat", "project_na": "Pump house with overhead tank, Distribution System, Pump Installation & Electrification work of Shree Hathiyayi  DTWIP Haripur-8, Sarlahi District", "chainage_s": null, "chainage_e": null, "contract_a": null, "start_date": "2083/01/07", "completion": "2083/03/21", "progress_p": null, "status": "Normal", "delay_reas": null, "supervisio": null, "remarks": null, "Photo": null, "Shape_Leng": 0.0, "id": 0, "contact_id": null, "Contract_1": null, "project__1": null, "Progress__": 0, "X_co_ord": 0.0, "Y_co_ord": 0.0, "layer": null, "path": null }, "geometry": { "type": "MultiLineString", "coordinates": [ [ [ 85.58164382817202, 27.049114637880052 ], [ 85.589462132123629, 27.033478029976827 ] ] ] } },
{ "type": "Feature", "properties": { "fid_1": 12.0, "contract_i": "MIIP/Works/GWIS/NCB-06/2082-83", "contractor": "M/S Manakamana Nirman Sewa, Gaur 4, Rautahat", "project_na": "Pump house with overhead tank, Distribution System, Pump Installation & Electrification work of Shree Bajrang DTWIP, Chakraghatta-2, Sarlahi District", "chainage_s": null, "chainage_e": null, "contract_a": null, "start_date": "2083/01/07", "completion": "2083/03/21", "progress_p": null, "status": "Normal", "delay_reas": null, "supervisio": null, "remarks": null, "Photo": null, "Shape_Leng": 0.0, "id": 0, "contact_id": null, "Contract_1": null, "project__1": null, "Progress__": 0, "X_co_ord": 0.0, "Y_co_ord": 0.0, "layer": null, "path": null }, "geometry": { "type": "MultiLineString", "coordinates": [ [ [ 85.640350035565646, 26.893393253699312 ], [ 85.71047567502049, 26.838429914667138 ], [ 85.71047567502049, 26.838429914667138 ] ] ] } },
{ "type": "Feature", "properties": { "fid_1": 13.0, "contract_i": "MIIP/Works/GWIS/NCB-07/2082-83", "contractor": "M/S Anmol Nirman Sewa, Gaur-4, Rautahat", "project_na": "Pump house with overhead tank, Distribution System, Pump Installation & Electrification work of Shree Jalkeni Baba  DTWIP, Lalbandi-12, Sarlahi District", "chainage_s": null, "chainage_e": null, "contract_a": null, "start_date": "2083/01/07", "completion": "2083/03/21", "progress_p": null, "status": "Normal", "delay_reas": null, "supervisio": null, "remarks": null, "Photo": null, "Shape_Leng": 0.0, "id": 0, "contact_id": null, "Contract_1": null, "project__1": null, "Progress__": 0, "X_co_ord": 0.0, "Y_co_ord": 0.0, "layer": null, "path": null }, "geometry": { "type": "MultiLineString", "coordinates": [ [ [ 85.614213786903846, 27.105804793728112 ], [ 85.648706525153941, 27.066384521442281 ] ] ] } },
{ "type": "Feature", "properties": { "fid_1": 14.0, "contract_i": "MIIP/Works/GWIS/NCB-08/2082-83", "contractor": "M/S Manakamana Nirman Sewa, Gaur 4, Rautahat", "project_na": "Pump house with overhead tank, Distribution System, Pump Installation & Electrification work of Shree Sahebgunj DTWIP,Lalbandi -17 , Sarlahi District", "chainage_s": null, "chainage_e": null, "contract_a": null, "start_date": "2083/01/07", "completion": "2083/03/21", "progress_p": null, "status": "Normal", "delay_reas": null, "supervisio": null, "remarks": null, "Photo": null, "Shape_Leng": 0.0, "id": 0, "contact_id": null, "Contract_1": null, "project__1": null, "Progress__": 0, "X_co_ord": 0.0, "Y_co_ord": 0.0, "layer": null, "path": null }, "geometry": { "type": "MultiLineString", "coordinates": [ [ [ 85.643826240256061, 27.040746534098012 ], [ 85.659909698154735, 27.021088974444083 ] ] ] } },
{ "type": "Feature", "properties": { "fid_1": 6.0, "contract_i": "IWRMPM/Works/Seuti/NCB-08/2082-83", "contractor": "Maa Chandra Pvt.Ltd", "project_na": "Construction of Vertical Revetment and Launching Apron in Seuti River (R/B and L/B) D/S of Collapsed Bridge\n at Ramdhuni-09, Sunsari\n", "chainage_s": "0+000", "chainage_e": "0+333", "contract_a": "65,15,096.40", "start_date": "2082/12/12", "completion": "2083/3/25", "progress_p": "20", "status": "Normal", "delay_reas": null, "supervisio": null, "remarks": null, "Photo": "C:\\Users\\admin\\Desktop\\pic.jpg", "Shape_Leng": 0.0, "id": 0, "contact_id": null, "Contract_1": null, "project__1": null, "Progress__": 0, "X_co_ord": 0.0, "Y_co_ord": 0.0, "layer": null, "path": null }, "geometry": { "type": "MultiLineString", "coordinates": [ [ [ 87.163137118222053, 26.640104243138669 ], [ 87.162124897906082, 26.640178762425737 ], [ 87.163137118222053, 26.640101138168376 ], [ 87.163130908281474, 26.639989359237777 ], [ 87.162069008440781, 26.640029723851605 ] ] ] } },
{ "type": "Feature", "properties": { "fid_1": 7.0, "contract_i": "IWRMPM/Works/Budhi/NCB-10/2082-83", "contractor": "M/S Madhumalla Nirman Sewa, Miklajung-8, Morang", "project_na": "Construction of Slope Revetment and Launching Apron in Budhi River (R/B) at Itahari-03, Nepal-China Bhawan Purwa", "chainage_s": "0+000", "chainage_e": "0+210", "contract_a": "70,50,448.48", "start_date": "2082/12/11", "completion": "2083/03/25", "progress_p": "60", "status": "Normal", "delay_reas": null, "supervisio": null, "remarks": null, "Photo": null, "Shape_Leng": 0.0, "id": 0, "contact_id": null, "Contract_1": null, "project__1": null, "Progress__": 0, "X_co_ord": 0.0, "Y_co_ord": 0.0, "layer": null, "path": null }, "geometry": { "type": "MultiLineString", "coordinates": [ [ [ 87.304354486277362, 26.681228385644058 ], [ 87.303708652456123, 26.680607391585173 ], [ 87.30350993435728, 26.679986397526289 ] ] ] } },
{ "type": "Feature", "properties": { "fid_1": 8.0, "contract_i": "IWRMPM/Works/Tengra/NCB-07/2082-83", "contractor": "D.NS Builders, Itahari-02, Sunsari", "project_na": "Construction of Vertical Revetment and Launching Apron in Tengra River at Itahari-08 , Subidhanagar Tole , Veteranary Chowk,", "chainage_s": "0+000", "chainage_e": "0+170", "contract_a": "60,17,599.41", "start_date": "2082/12/12", "completion": "2083/3/25", "progress_p": "60", "status": null, "delay_reas": null, "supervisio": null, "remarks": null, "Photo": "D:\\KBRMB-YADAV\\For Tender-82-83\\Notice-1\\Tengra\\WhatsApp Image 2026-04-15 at 6.09.39 PM.jpeg", "Shape_Leng": 0.0, "id": 0, "contact_id": null, "Contract_1": null, "project__1": null, "Progress__": 0, "X_co_ord": 0.0, "Y_co_ord": 0.0, "layer": null, "path": null }, "geometry": { "type": "MultiLineString", "coordinates": [ [ [ 87.278249986160461, 26.661722918645534 ], [ 87.278149847765249, 26.661520138395218 ], [ 87.27805221282992, 26.661259778567654 ], [ 87.278017164391585, 26.661087039835905 ], [ 87.278132323546089, 26.66106701215686 ], [ 87.278224951561668, 26.661412489620361 ], [ 87.278367648774847, 26.661702890966492 ] ] ] } },
{ "type": "Feature", "properties": { "fid_1": 9.0, "contract_i": "IWRMPM/Works/Bakraha/NCB-06/2082-83", "contractor": "M/S Madhumalla Nirman Sewa, Miklajung-8, Morang", "project_na": "Construction of Embankment with Slope Revetment and Launching Apron in Bakraha River at Sunwarshi-02 and Sunwarshi-03", "chainage_s": "0+000", "chainage_e": "0+280", "contract_a": "94,10,316.26", "start_date": "2082/12/15", "completion": "2083/03/25", "progress_p": "10", "status": "Normal", "delay_reas": null, "supervisio": null, "remarks": null, "Photo": "C:\\Users\\admin\\Desktop\\BAK.jpeg", "Shape_Leng": 0.0, "id": 0, "contact_id": null, "Contract_1": null, "project__1": null, "Progress__": 0, "X_co_ord": 0.0, "Y_co_ord": 0.0, "layer": null, "path": null }, "geometry": { "type": "MultiLineString", "coordinates": [ [ [ 87.586443544978465, 26.538598617352267 ], [ 87.585902797644295, 26.5360350744347 ] ] ] } },
{ "type": "Feature", "properties": { "fid_1": 10.0, "contract_i": "IWRMPM/Works/Chisang/NCB-09/2082-83", "contractor": "M/S Madhumalla Nirman Sewa, Miklajung-8, Morang", "project_na": "Construction of Embankment with Slope Revetment and Launching Apron in Chisang River (R/B) at Belbari-08, Bariyatijhar, Morang.", "chainage_s": "0", "chainage_e": "0+276", "contract_a": "93,86,986.84", "start_date": "2082/12/15", "completion": "2082/3/25", "progress_p": "10", "status": "Stressed", "delay_reas": null, "supervisio": null, "remarks": null, "Photo": null, "Shape_Leng": 0.0, "id": 0, "contact_id": null, "Contract_1": null, "project__1": null, "Progress__": 0, "X_co_ord": 0.0, "Y_co_ord": 0.0, "layer": null, "path": null }, "geometry": { "type": "MultiLineString", "coordinates": [ [ [ 87.473410221432346, 26.604509055358086 ], [ 87.472869474098161, 26.603968308023912 ], [ 87.472368782122075, 26.60310711782504 ], [ 87.472388809801117, 26.602386121379475 ] ] ] } },
{ "type": "Feature", "properties": { "fid_1": 11.0, "contract_i": "IWRMPM/Works/Lohandra/NCB-04/2082-83", "contractor": "Madhumalla Nirman Sewa, miklajung-8", "project_na": "Construction of Embankment with Slope Revetment and Launching Apron in Lohandra River at Dhanpalthan-06, Kadmaha and Balughat.", "chainage_s": "0", "chainage_e": "0+300", "contract_a": "99,34,972.02", "start_date": "2082/12/15", "completion": "2083/03/25", "progress_p": "50", "status": "Normal", "delay_reas": null, "supervisio": null, "remarks": null, "Photo": "C:\\Users\\admin\\Desktop\\pic for gis\\WhatsApp Image 2026-04-15 at 6.40.27 PM.jpeg", "Shape_Leng": 0.0, "id": 0, "contact_id": null, "Contract_1": null, "project__1": null, "Progress__": 0, "X_co_ord": 0.0, "Y_co_ord": 0.0, "layer": null, "path": null }, "geometry": { "type": "MultiLineString", "coordinates": [ [ [ 87.37817806227784, 26.485701878809625 ], [ 87.378057896203572, 26.484995903123341 ], [ 87.377907688610748, 26.484560301104146 ] ] ] } },
{ "type": "Feature", "properties": { "fid_1": 12.0, "contract_i": "IWRMPM/Works/Triyuga/NCB-05/2082-83", "contractor": "M/S Nishu Construction Pvt. Ltd, Baneshwor, Kathmandu", "project_na": "Construction of Embankment with Slope Revetment and Launching Apron in Triyuga River at Saptakoshi-06 Bochahi, Right Bank.", "chainage_s": "0", "chainage_e": "0+114", "contract_a": "61,82,772.21", "start_date": "2082/12/15", "completion": "2083/2/25", "progress_p": "0", "status": "Stressed", "delay_reas": null, "supervisio": null, "remarks": null, "Photo": null, "Shape_Leng": 0.0, "id": 0, "contact_id": null, "Contract_1": null, "project__1": null, "Progress__": 0, "X_co_ord": 0.0, "Y_co_ord": 0.0, "layer": null, "path": null }, "geometry": { "type": "MultiLineString", "coordinates": [ [ [ 86.985256093511325, 26.706493020570175 ], [ 86.985766799326939, 26.705601788852739 ], [ 86.986037172994017, 26.704780654011955 ], [ 86.98622743594494, 26.703839353096914 ], [ 86.986317560500638, 26.703158412009433 ] ] ] } },
{ "type": "Feature", "properties": { "fid_1": 13.0, "contract_i": "KBRMP/Works/Koshi/NCB-11/2081/82", "contractor": "Keyan Builders Pvt.Ltd", "project_na": "Construction of Bank Protection work with Big Boulders Stacking at Right Bank of Koshi River in Belaka Municipality-08, Dumribote, Udayapur", "chainage_s": "0", "chainage_e": "0+590", "contract_a": "11,648,905.58", "start_date": "2081/02/1", "completion": "2082/01/07", "progress_p": "95", "status": "Normal", "delay_reas": null, "supervisio": null, "remarks": null, "Photo": "C:\\Users\\admin\\Desktop\\pic for gis\\koshi.png", "Shape_Leng": 0.0, "id": 0, "contact_id": null, "Contract_1": null, "project__1": null, "Progress__": 0, "X_co_ord": 0.0, "Y_co_ord": 0.0, "layer": null, "path": null }, "geometry": { "type": "MultiLineString", "coordinates": [ [ [ 87.134862324555684, 26.820852907592826 ], [ 87.136704871027703, 26.82741197247957 ] ] ] } },
{ "type": "Feature", "properties": { "fid_1": 14.0, "contract_i": "KBRMP/WORKS/Koshi/NCB-12/2081-82", "contractor": "Dikhukpa Construction, Barahakshetra -5 ,Sunsari", "project_na": "Construction of  Bank Protection work with Big Boulders Stacking at Right Bank of Koshi River in Belaka Municipality-08, Dumribote (Near Khair Jungle), Udayapur", "chainage_s": "0", "chainage_e": "0+600", "contract_a": "11,649,784.72", "start_date": "2081/01/18", "completion": "2082/01/07", "progress_p": "95", "status": "Normal", "delay_reas": null, "supervisio": null, "remarks": null, "Photo": "C:\\Users\\admin\\Desktop\\pic for gis\\k2.png", "Shape_Leng": 0.0, "id": 0, "contact_id": null, "Contract_1": null, "project__1": null, "Progress__": 0, "X_co_ord": 0.0, "Y_co_ord": 0.0, "layer": null, "path": null }, "geometry": { "type": "MultiLineString", "coordinates": [ [ [ 87.139749078242318, 26.835022490516096 ], [ 87.136704871027703, 26.827572193911919 ] ] ] } },
{ "type": "Feature", "properties": { "fid_1": 15.0, "contract_i": "IWRMPM/Works/Keshaliya/NCB-11/2082-083", "contractor": "M/S  Shree Ganesh Nirmansewa. Aurabani, Gadhi-2", "project_na": "Construction of Embankment with Slope Revetment in Keshaliya River at Biratnagar-12, Sampanna Basti, Morang.", "chainage_s": null, "chainage_e": null, "contract_a": "5,704,369.98", "start_date": "2082/12/20", "completion": "2083/03/25", "progress_p": "60", "status": "Normal", "delay_reas": null, "supervisio": null, "remarks": null, "Photo": "C:\\Users\\admin\\Desktop\\pic for gis\\keshaliya.jpeg", "Shape_Leng": 0.0, "id": 0, "contact_id": null, "Contract_1": null, "project__1": null, "Progress__": 0, "X_co_ord": 0.0, "Y_co_ord": 0.0, "layer": null, "path": null }, "geometry": { "type": "MultiLineString", "coordinates": [ [ [ 87.244127986160478, 26.480603764728176 ], [ 87.243847598653943, 26.478871370491397 ] ] ] } },
{ "type": "Feature", "properties": { "fid_1": 16.0, "contract_i": "IWRMPM/Works/TT/NCB-03/2082-83", "contractor": "M/S Aniko /Manish/ Laxmi Mata J. V. Biratnagar-5, Morang", "project_na": "Taaltalaiya Development and Construction Works (M/S Fencing works) at Itahari-03, Taaltalaiya, Sunsari", "chainage_s": "0", "chainage_e": "1+267", "contract_a": "22,600,835.33", "start_date": "2082/12/20", "completion": "2083/03/25", "progress_p": "30", "status": "Normal", "delay_reas": null, "supervisio": null, "remarks": null, "Photo": "C:\\Users\\admin\\Desktop\\pic for gis\\taaltalaiyta.jpeg", "Shape_Leng": 0.0, "id": 0, "contact_id": null, "Contract_1": null, "project__1": null, "Progress__": 0, "X_co_ord": 0.0, "Y_co_ord": 0.0, "layer": null, "path": null }, "geometry": { "type": "MultiLineString", "coordinates": [ [ [ 87.30146388128874, 26.69998822680877 ], [ 87.301478902048018, 26.699802970777668 ], [ 87.301604075042007, 26.699702832382478 ], [ 87.301834393350944, 26.699547617869936 ], [ 87.301944545585656, 26.699282251122682 ], [ 87.301924517906613, 26.698901725220963 ], [ 87.302034670141325, 26.698801586825773 ], [ 87.302264988450261, 26.698345957127668 ], [ 87.30280573578429, 26.698466123201893 ], [ 87.303146206327938, 26.699247202684372 ], [ 87.303546759908684, 26.70050894646376 ], [ 87.304107534921755, 26.701850800959299 ], [ 87.30398736884753, 26.702972350985423 ], [ 87.303546759908684, 26.70347304296137 ] ] ] } },
{ "type": "Feature", "properties": { "fid_1": 17.0, "contract_i": "PRBFRMP/Works/Bakraha/CW-12", "contractor": "DNC-Aone JV", "project_na": "Extention of Flood Control Works at Bakraha River Basin", "chainage_s": "0", "chainage_e": "0+1000", "contract_a": "203199475.22", "start_date": "2025/01/10", "completion": "2026/07/4", "progress_p": "80", "status": "Normal", "delay_reas": null, "supervisio": null, "remarks": null, "Photo": "C:\\Users\\admin\\Desktop\\pic for gis\\PRTW-02.jpeg", "Shape_Leng": 0.0, "id": 0, "contact_id": null, "Contract_1": null, "project__1": null, "Progress__": 0, "X_co_ord": 0.0, "Y_co_ord": 0.0, "layer": null, "path": null }, "geometry": { "type": "MultiLineString", "coordinates": [ [ [ 87.623572859879701, 26.711428463591108 ], [ 87.623252417015095, 26.71006658141653 ], [ 87.623012084866644, 26.707823481364283 ], [ 87.621890534840517, 26.704498886643989 ], [ 87.621089427678996, 26.702215731233668 ] ] ] } },
{ "type": "Feature", "properties": { "fid_1": 18.0, "contract_i": "PRBFRMP/Works/Bakraha/CW-12", "contractor": "DNC-Aone", "project_na": "Extention of Flood Control Works at Bakraha River Basin", "chainage_s": "0", "chainage_e": "0+1477", "contract_a": "22,600,835.33", "start_date": "2025/1/10", "completion": "2026/7/4", "progress_p": null, "status": null, "delay_reas": null, "supervisio": null, "remarks": null, "Photo": "C:\\Users\\admin\\Desktop\\pic for gis\\prtw-05.jpeg", "Shape_Leng": 0.0, "id": 0, "contact_id": null, "Contract_1": null, "project__1": null, "Progress__": 0, "X_co_ord": 0.0, "Y_co_ord": 0.0, "layer": null, "path": null }, "geometry": { "type": "MultiLineString", "coordinates": [ [ [ 87.60823165773671, 26.646658949582509 ], [ 87.607911214872104, 26.643614742368747 ], [ 87.607991325588245, 26.641892361971486 ], [ 87.607831104155949, 26.639969704783844 ] ] ] } },
{ "type": "Feature", "properties": { "fid_1": 19.0, "contract_i": "PRBFRMP/Works/Bak/CW-16", "contractor": "DNC-JOYA-KBK Joint Venture, Gusinghal, Lalitpur, Nepal", "project_na": "Extension of Flood Control Works at Bakraha Basin", "chainage_s": "0", "chainage_e": "0+300", "contract_a": "112,688,636.82", "start_date": "19 day of February, 2026", "completion": null, "progress_p": "5", "status": "Normal", "delay_reas": null, "supervisio": null, "remarks": null, "Photo": null, "Shape_Leng": 0.0, "id": 0, "contact_id": null, "Contract_1": null, "project__1": null, "Progress__": 0, "X_co_ord": 0.0, "Y_co_ord": 0.0, "layer": null, "path": null }, "geometry": { "type": "MultiLineString", "coordinates": [ [ [ 87.607911214872104, 26.639889594067693 ], [ 87.607350439859033, 26.637966936880055 ] ] ] } },
{ "type": "Feature", "properties": { "fid_1": 20.0, "contract_i": "PRBFRMP/Works/Bak/CW-16", "contractor": "DNC-JOYA-KBK Joint Venture, Gusinghal, Lalitpur, Nepal", "project_na": "Extension of Flood Control Works at Bakraha Basin.  (Contract No: PRBFRMP/Works/Bak/CW-16)", "chainage_s": "0", "chainage_e": "0+450", "contract_a": "112,688,636.82", "start_date": "19 Feb 2026", "completion": "19 May 2027", "progress_p": "5", "status": "Normal", "delay_reas": null, "supervisio": null, "remarks": null, "Photo": null, "Shape_Leng": 0.0, "id": 0, "contact_id": null, "Contract_1": null, "project__1": null, "Progress__": 0, "X_co_ord": 0.0, "Y_co_ord": 0.0, "layer": null, "path": null }, "geometry": { "type": "MultiLineString", "coordinates": [ [ [ 87.621129483037137, 26.702135620517527 ], [ 87.620468569628883, 26.700793766021988 ] ] ] } },
{ "type": "Feature", "properties": { "fid_1": 21.0, "contract_i": "PRBFRMP/Works/Bak/CW-16", "contractor": "DNC-JOYA-KBK", "project_na": "Extension of Flood Control Works at Bakraha Basin.", "chainage_s": "0", "chainage_e": "1+100", "contract_a": "112,688,636.82", "start_date": "19 feb 2026", "completion": "19 May 2027", "progress_p": "5", "status": "Normal", "delay_reas": null, "supervisio": null, "remarks": null, "Photo": null, "Shape_Leng": 0.0, "id": 0, "contact_id": null, "Contract_1": null, "project__1": null, "Progress__": 0, "X_co_ord": 0.0, "Y_co_ord": 0.0, "layer": null, "path": null }, "geometry": { "type": "MultiLineString", "coordinates": [ [ [ 87.623052140224772, 26.686794418374486 ], [ 87.624654354547815, 26.684270930815707 ], [ 87.625175074202801, 26.682067886121537 ], [ 87.625175074202801, 26.681026446811565 ] ] ] } },
{ "type": "Feature", "properties": { "fid_1": 22.0, "contract_i": "PRBFRMP/Works/Bak/CW-16", "contractor": "DNC-JOYA-KBK JV", "project_na": "Extension of Flood Control Works at Bakraha Basin", "chainage_s": "0", "chainage_e": "0+550", "contract_a": "112,688,636.82", "start_date": "19 Feb 2026", "completion": "19 May 2026", "progress_p": null, "status": "Normal", "delay_reas": null, "supervisio": null, "remarks": null, "Photo": null, "Shape_Leng": 0.0, "id": 0, "contact_id": null, "Contract_1": null, "project__1": null, "Progress__": 0, "X_co_ord": 0.0, "Y_co_ord": 0.0, "layer": null, "path": null }, "geometry": { "type": "MultiLineString", "coordinates": [ [ [ 87.595974718165493, 26.607044200445515 ], [ 87.596215050313944, 26.605281764690179 ], [ 87.595854552091268, 26.603359107502541 ] ] ] } },
{ "type": "Feature", "properties": { "fid_1": 6.0, "contract_i": "IWRMP-NCB-WORKS-NJIP-10-2082/83", "contractor": "Prabidhi Nirman Sewa", "project_na": "Naula Jiula Irrigation Project", "chainage_s": "420", "chainage_e": "690", "contract_a": "2045251.11", "start_date": "2082-12-7", "completion": "2083-3-10", "progress_p": "100", "status": "Normal", "delay_reas": null, "supervisio": null, "remarks": null, "Photo": null, "Shape_Leng": 0.0, "id": 0, "contact_id": null, "Contract_1": null, "project__1": null, "Progress__": 0, "X_co_ord": 0.0, "Y_co_ord": 0.0, "layer": null, "path": null }, "geometry": { "type": "MultiLineString", "coordinates": [ [ [ 82.021037108574944, 29.207662569574421 ], [ 82.020688074815027, 29.20783195360497 ], [ 82.020368127201763, 29.20815532311784 ], [ 82.019950655449691, 29.208526599225213 ], [ 82.019180728038108, 29.208790085494957 ], [ 82.01814902530657, 29.209455644968529 ], [ 82.017866718588991, 29.209313636134841 ], [ 82.017527950527892, 29.209399183625017 ] ] ] } },
{ "type": "Feature", "properties": { "fid_1": 7.0, "contract_i": "IWRMP-NCB-WORKS-BRIP-2-2082/83", "contractor": "Vision Nirman Sewa Bhandari Kirana Pasal Suppliers, Jumla, Nepal", "project_na": "Bandiraj Irrigation Project, Jumla", "chainage_s": "0", "chainage_e": "4500", "contract_a": "19513031.95", "start_date": "2082-12-27", "completion": "2083-03-15", "progress_p": "5", "status": "Normal", "delay_reas": null, "supervisio": null, "remarks": null, "Photo": null, "Shape_Leng": 0.0, "id": 0, "contact_id": null, "Contract_1": null, "project__1": null, "Progress__": 0, "X_co_ord": 0.0, "Y_co_ord": 0.0, "layer": null, "path": null }, "geometry": { "type": "MultiLineString", "coordinates": [ [ [ 82.04535615455336, 29.393048453215275 ], [ 82.044759033071927, 29.393089516010562 ], [ 82.044244037181059, 29.39322981389445 ] ] ] } },
{ "type": "Feature", "properties": { "fid_1": 8.0, "contract_i": "IWRMP-NCB-WORKS-KBSY-4-2082/83", "contractor": "DEUTIBAJAI/HARI/D&D J/V, Kathmandu, Nepal", "project_na": "Khatyad Brihat Irrigation Project, Khatyad Mugu( at Khatyad-2, Seribagar)", "chainage_s": "0", "chainage_e": "1600", "contract_a": "20939618.79", "start_date": "2083-01-05", "completion": "2083-03-15", "progress_p": null, "status": "Normal", "delay_reas": null, "supervisio": null, "remarks": null, "Photo": null, "Shape_Leng": 0.0, "id": 0, "contact_id": null, "Contract_1": null, "project__1": null, "Progress__": 0, "X_co_ord": 0.0, "Y_co_ord": 0.0, "layer": null, "path": null }, "geometry": { "type": "MultiLineString", "coordinates": [ [ [ 81.954169498553412, 29.527997583558239 ], [ 81.952971833690967, 29.527282406540383 ], [ 81.94906744623944, 29.526861512888726 ], [ 81.948164064743196, 29.525520128242793 ], [ 81.946165675372725, 29.524589371549691 ], [ 81.944126223206965, 29.524589371549691 ] ] ] } },
{ "type": "Feature", "properties": { "fid_1": 9.0, "contract_i": "IWRMP-NCB-WORKS-KBSY-4-2082/83", "contractor": "DEUTIBAJAI/HARI/D&D J/V, Kathmandu, Nepal", "project_na": "Khatyad Brihat Irrigation Project, Khatyad Mugu( at Khatyad-4, Tallibagar)", "chainage_s": "0", "chainage_e": "350", "contract_a": "20939618.79", "start_date": "2083-01-05", "completion": "2083-03-15", "progress_p": null, "status": "Normal", "delay_reas": null, "supervisio": null, "remarks": null, "Photo": null, "Shape_Leng": 0.0, "id": 0, "contact_id": null, "Contract_1": null, "project__1": null, "Progress__": 0, "X_co_ord": 0.0, "Y_co_ord": 0.0, "layer": null, "path": null }, "geometry": { "type": "MultiLineString", "coordinates": [ [ [ 81.903077709518044, 29.507727771505895 ], [ 81.902181171821027, 29.50790228838585 ], [ 81.901096429645619, 29.508466901821009 ], [ 81.899915874281206, 29.508768028986424 ] ] ] } },
{ "type": "Feature", "properties": { "fid_1": 10.0, "contract_i": "IWRMP-NCB-WORKS-KBSY-4-2082/83", "contractor": "DEUTIBAJAI/HARI/D&D J/V, Kathmandu, Nepal", "project_na": "Khatyad Brihat Irrigation Project, Khatyad Mugu( at Khatyad-11, Talliaula Lui)", "chainage_s": "0", "chainage_e": "850", "contract_a": "20939618.79", "start_date": "2083-01-05", "completion": "2083-03-15", "progress_p": null, "status": "Normal", "delay_reas": null, "supervisio": null, "remarks": null, "Photo": null, "Shape_Leng": 0.0, "id": 0, "contact_id": null, "Contract_1": null, "project__1": null, "Progress__": 0, "X_co_ord": 0.0, "Y_co_ord": 0.0, "layer": null, "path": null }, "geometry": { "type": "MultiLineString", "coordinates": [ [ [ 81.836880566388317, 29.515956490722953 ], [ 81.836750534203247, 29.51716784318382 ], [ 81.836668408612681, 29.518132818872989 ] ] ] } },
{ "type": "Feature", "properties": { "fid_1": 11.0, "contract_i": "IWRMP-NCB-WORKS-RBST-8-2082/83", "contractor": "BBCSPL/SKD JV, Naraharinath-3, Kalikot", "project_na": "Rugagada Dekhi Baluwa Pata Hudai Foi Samma Sinchai Nirman, Sinja-5, Jumla", "chainage_s": "0", "chainage_e": "5000", "contract_a": "21276441.53", "start_date": "2083-01-02", "completion": "2083-03-15", "progress_p": "5", "status": "Normal", "delay_reas": null, "supervisio": null, "remarks": null, "Photo": null, "Shape_Leng": 0.0, "id": 0, "contact_id": null, "Contract_1": null, "project__1": null, "Progress__": 0, "X_co_ord": 0.0, "Y_co_ord": 0.0, "layer": null, "path": null }, "geometry": { "type": "MultiLineString", "coordinates": [ [ [ 82.040368701791849, 29.320881020826192 ], [ 82.039896479646089, 29.320490924270995 ], [ 82.039311334813291, 29.31994427580878 ] ] ] } },
{ "type": "Feature", "properties": { "fid_1": 12.0, "contract_i": "IWRMP-NCB-WORKS-BKIP-9-2082/83", "contractor": "Prabidhi Nirman Sewa, Jumla", "project_na": "Bhigmeli Kulo Irrigation Project, Tilagupha-1, Kalikot", "chainage_s": "0", "chainage_e": "450", "contract_a": "2152395.39", "start_date": "2082-12-7", "completion": "2083-03-10", "progress_p": "20", "status": "Normal", "delay_reas": null, "supervisio": null, "remarks": null, "Photo": null, "Shape_Leng": 0.0, "id": 0, "contact_id": null, "Contract_1": null, "project__1": null, "Progress__": 0, "X_co_ord": 0.0, "Y_co_ord": 0.0, "layer": null, "path": null }, "geometry": { "type": "MultiLineString", "coordinates": [ [ [ 81.900388352754632, 29.204592351604894 ], [ 81.900234367272319, 29.20389941693448 ], [ 81.899561963999545, 29.203416929089897 ], [ 81.900085514639414, 29.202549477539527 ] ] ] } },
{ "type": "Feature", "properties": { "fid_1": 1.0, "contract_i": "NIMO/NCB-02/2082-83", "contractor": "M/s Bandevi Nirmaan Sewa", "project_na": "Narayani Irrigation Managment Office", "chainage_s": "0+000", "chainage_e": "0+046", "contract_a": "2087817.94", "start_date": "5th day of Feb, 2026 (2082/10/22 B.S.)", "completion": "24th May, 2026 (2083/02/10 B.S.)", "progress_p": "70", "status": "Normal", "delay_reas": null, "supervisio": null, "remarks": "Construction of Different Canal Structures  at different locations within Block-01", "Photo": null, "Shape_Leng": 0.0, "id": 0, "contact_id": null, "Contract_1": null, "project__1": null, "Progress__": 0, "X_co_ord": 0.0, "Y_co_ord": 0.0, "layer": null, "path": null }, "geometry": { "type": "MultiLineString", "coordinates": [ [ [ 84.702974482455744, 27.087435232412901 ], [ 84.702695655437722, 27.087426909218333 ] ] ] } },
{ "type": "Feature", "properties": { "fid_1": 2.0, "contract_i": "NIMO/NCB-03/2082-83", "contractor": "M/s Chandan Construction", "project_na": "Narayani Irrigation Mangement Office", "chainage_s": "0+000", "chainage_e": "15+000", "contract_a": "856731.92", "start_date": "5th day of Feb, 2026 (2082/10/22 B.S.)", "completion": "24th May, 2026 (2083/02/10 B.S.)", "progress_p": "5", "status": "Delayed", "delay_reas": "Contractor not mobilized at site", "supervisio": null, "remarks": "Canal Desilting, Clearing and Maintenance Work at Different Canal of Block 1 and 2", "Photo": null, "Shape_Leng": 0.0, "id": 0, "contact_id": null, "Contract_1": null, "project__1": null, "Progress__": 0, "X_co_ord": 0.0, "Y_co_ord": 0.0, "layer": null, "path": null }, "geometry": { "type": "MultiLineString", "coordinates": [ [ [ 84.723022323194556, 27.115741777570122 ], [ 84.723163817502211, 27.114722186235571 ] ] ] } },
{ "type": "Feature", "properties": { "fid_1": 3.0, "contract_i": "NIMO/NCB-04/2082-83", "contractor": "M/s Bandevi Nirmaan Sewa", "project_na": "Construction of Canal Structures at Different Locations of Block-03,04 and NEC", "chainage_s": "0+000", "chainage_e": "0+225", "contract_a": "1966933.27", "start_date": "5th day of Feb, 2026 (2082/10/22 B.S.)", "completion": "24th May, 2026 (2083/02/10 B.S.)", "progress_p": "60", "status": "Normal", "delay_reas": null, "supervisio": null, "remarks": "Construction of Canal Structures at Different Locations of Block-03,04 and NEC", "Photo": null, "Shape_Leng": 0.0, "id": 0, "contact_id": null, "Contract_1": null, "project__1": null, "Progress__": 0, "X_co_ord": 0.0, "Y_co_ord": 0.0, "layer": null, "path": null }, "geometry": { "type": "MultiLineString", "coordinates": [ [ [ 84.772403192013584, 27.041040050382346 ], [ 84.772584221495435, 27.040742496176549 ] ] ] } },
{ "type": "Feature", "properties": { "fid_1": 4.0, "contract_i": "NIMO/NCB-05/2082-83", "contractor": "M/s Chandan Construction", "project_na": "Narayani Irrigation Management Office", "chainage_s": "0+000", "chainage_e": "17+000", "contract_a": "706058.88", "start_date": "5th day of Feb, 2026 (2082/10/22 B.S.)", "completion": "24th May, 2026 (2083/02/10 B.S.)", "progress_p": "5", "status": "Delayed", "delay_reas": "Contractor not mobilized at site", "supervisio": null, "remarks": null, "Photo": null, "Shape_Leng": 0.0, "id": 0, "contact_id": null, "Contract_1": null, "project__1": null, "Progress__": 0, "X_co_ord": 0.0, "Y_co_ord": 0.0, "layer": null, "path": null }, "geometry": { "type": "MultiLineString", "coordinates": [ [ [ 84.796637809512703, 27.111687408665453 ], [ 84.797432674593921, 27.110459737466719 ] ] ] } },
{ "type": "Feature", "properties": { "fid_1": 5.0, "contract_i": "NIMO/NCB-07/2082-83", "contractor": "M/s Chandan Construction", "project_na": "Narayani Irrigation Management Office", "chainage_s": "0+000", "chainage_e": "20+000", "contract_a": "959609.61", "start_date": "5th day of Feb, 2026 (2082/10/22 B.S.)", "completion": "24th May, 2026 (2083/02/10 B.S.)", "progress_p": "50", "status": "Normal", "delay_reas": null, "supervisio": null, "remarks": "Canal Desilting, Clearing and Maintenance Work at Different Canal of Block 5 and 6", "Photo": null, "Shape_Leng": 0.0, "id": 0, "contact_id": null, "Contract_1": null, "project__1": null, "Progress__": 0, "X_co_ord": 0.0, "Y_co_ord": 0.0, "layer": null, "path": null }, "geometry": { "type": "MultiLineString", "coordinates": [ [ [ 84.873461747443457, 27.079767657484201 ], [ 84.873401404282845, 27.079262023414213 ] ] ] } },
{ "type": "Feature", "properties": { "fid_1": 6.0, "contract_i": "NIMO/NCB-08/2082-83", "contractor": "M/s Dabang Construction", "project_na": "Narayani Irrigation Managment Office", "chainage_s": "0+000", "chainage_e": "0+030", "contract_a": "1574487.0748", "start_date": "17th Feb, 2026 (2082/11/05 B.S.)", "completion": "24th May, 2026 (2083/02/10 B.S.)", "progress_p": "30", "status": "Normal", "delay_reas": null, "supervisio": null, "remarks": "Construction of Canal Lining Work at NEC Near Ch. 33+919, Block-08", "Photo": null, "Shape_Leng": 0.0, "id": 0, "contact_id": null, "Contract_1": null, "project__1": null, "Progress__": 0, "X_co_ord": 0.0, "Y_co_ord": 0.0, "layer": null, "path": null }, "geometry": { "type": "MultiLineString", "coordinates": [ [ [ 84.948354857808837, 27.005205070610867 ], [ 84.948537968089326, 27.005001152343958 ] ] ] } },
{ "type": "Feature", "properties": { "fid_1": 7.0, "contract_i": "NIMO/NCB-13/Bipad-01/2082-83", "contractor": "M/s Anjali And Simran Construction", "project_na": "Narayani Irrigation Management Office", "chainage_s": "0+000", "chainage_e": "0+100", "contract_a": "2130125.25", "start_date": "20th March 2026 (2082/12/06 B.S.)", "completion": "14th June, 2026 (2083/02/31 B.S.)", "progress_p": "60", "status": "Normal", "delay_reas": null, "supervisio": null, "remarks": "Canal Bank Strengthening cum RCC Lining Work in different locations of NEC (ch. in between 16+450 to 22+500)", "Photo": null, "Shape_Leng": 0.0, "id": 0, "contact_id": null, "Contract_1": null, "project__1": null, "Progress__": 0, "X_co_ord": 0.0, "Y_co_ord": 0.0, "layer": null, "path": null }, "geometry": { "type": "MultiLineString", "coordinates": [ [ [ 84.874114334112036, 27.085114414443456 ], [ 84.874536736236351, 27.084810617841736 ] ] ] } },
{ "type": "Feature", "properties": { "fid_1": 8.0, "contract_i": "NIMO/NCB-14/Bipad-02/2082-83", "contractor": "M/s Aakriti construction", "project_na": "Narayani Irrigation Management Office", "chainage_s": "0+000", "chainage_e": "0+225", "contract_a": "4328396.65", "start_date": "19th March 2026 (2082/12/05 B.S.)", "completion": "14th June, 2026 (2083/02/31 B.S.)", "progress_p": "5", "status": "Delayed", "delay_reas": "Contractor not mobilized to site", "supervisio": null, "remarks": "Bank Strengthening Cum Canal Lining work at Different locations between Feta & Matewarwa, NEC, Bara", "Photo": null, "Shape_Leng": 0.0, "id": 0, "contact_id": null, "Contract_1": null, "project__1": null, "Progress__": 0, "X_co_ord": 0.0, "Y_co_ord": 0.0, "layer": null, "path": null }, "geometry": { "type": "MultiLineString", "coordinates": [ [ [ 84.832908588962667, 27.106844938785063 ], [ 84.833201981571165, 27.106676394095068 ] ] ] } },
{ "type": "Feature", "properties": { "fid_1": 9.0, "contract_i": "NIMO/NCB-15/Sukha-01/2082-83", "contractor": "M/s Shankat Mochan Nirman Sewa/ Bhupendra Suppliers", "project_na": "Narayani Irrigation Management Office", "chainage_s": "0+000", "chainage_e": "0+000", "contract_a": "2007606.59", "start_date": "18th March 2026 (2082/12/04 B.S.)", "completion": "14th June, 2026 (2083/02/31 B.S.)", "progress_p": "70", "status": "Normal", "delay_reas": null, "supervisio": null, "remarks": "Construction of 8\"/6\" dia. 1 Nos. of Deep Tubewell, Installation of Submersible Pump, Electrification Work and MS Box Installation in Block 4 of Parsa District", "Photo": null, "Shape_Leng": 0.0, "id": 0, "contact_id": null, "Contract_1": null, "project__1": null, "Progress__": 0, "X_co_ord": 0.0, "Y_co_ord": 0.0, "layer": null, "path": null }, "geometry": { "type": "MultiLineString", "coordinates": [ [ [ 84.78497318109612, 27.054626729056672 ], [ 84.784941969116488, 27.054377033219641 ] ] ] } },
{ "type": "Feature", "properties": { "fid_1": 10.0, "contract_i": "NIMO/NCB-16/Sukha-02/2082-83", "contractor": "M/s Shankat Mochan Nirman Sewa/ Bhupendra Suppliers", "project_na": "Narayani Irrigation Management Office", "chainage_s": "0+000", "chainage_e": "0+000", "contract_a": "4084090.81", "start_date": "18th March 2026 (2082/12/04 B.S.)", "completion": "14th June, 2026 (2083/02/31 B.S.)", "progress_p": "80", "status": "Normal", "delay_reas": null, "supervisio": null, "remarks": "Construction of 8\"/6\" dia. 2 Nos. of Deep Tubewells, Installation of Submersible Pump, Electrification Works and MS Box Installation in Block 9 and 10 of Bara District", "Photo": null, "Shape_Leng": 0.0, "id": 0, "contact_id": null, "Contract_1": null, "project__1": null, "Progress__": 0, "X_co_ord": 0.0, "Y_co_ord": 0.0, "layer": null, "path": null }, "geometry": { "type": "MultiLineString", "coordinates": [ [ [ 85.022074998598328, 26.94129124333038 ], [ 85.021962635471652, 26.940991608325941 ] ] ] } },
{ "type": "Feature", "properties": { "fid_1": 11.0, "contract_i": "NIMO/NCB-DB-01/2081-82", "contractor": "M/s Ishan Construction Pvt.Ltd.", "project_na": "Jamuni Irrigation Project", "chainage_s": "0+000", "chainage_e": "0+065", "contract_a": "12,12,03,817", "start_date": "4th July 2025  (2082/03/20 B.S.)", "completion": "5th Aug. 2027 (2084/04/20 B.S.)", "progress_p": "25", "status": "Normal", "delay_reas": null, "supervisio": null, "remarks": "Design, Fabrication, Supply, Transportation, Erection, Testing and Commissioning of Hydromechanical Works at Jamuni Headworks, Laxmipur, Kotwali-07, Bara", "Photo": null, "Shape_Leng": 0.0, "id": 0, "contact_id": null, "Contract_1": null, "project__1": null, "Progress__": 0, "X_co_ord": 0.0, "Y_co_ord": 0.0, "layer": null, "path": null }, "geometry": { "type": "MultiLineString", "coordinates": [ [ [ 85.106649005982774, 26.929818315180032 ], [ 85.106511673272408, 26.92939383225708 ] ] ] } },
{ "type": "Feature", "properties": { "fid_1": 12.0, "contract_i": "NIMO/NCB-Bailey-01/2082-83", "contractor": "M/s Mamta Enterprises and Construction Pvt. Limited", "project_na": "Narayani Irrigation Management Office", "chainage_s": "0+000", "chainage_e": "0+048", "contract_a": "24660812.17", "start_date": "15th Dec 2025  (2082/08/29 B.S.)", "completion": "15th May 2026 (2083/02/01 BS)", "progress_p": "60", "status": "Normal", "delay_reas": null, "supervisio": null, "remarks": "Installation of a Bailey Bridge (Departmental supply) Including Construction of Abutments, Embankments, and River Training Works near Tilawe Diversion in NEC", "Photo": null, "Shape_Leng": 0.0, "id": 0, "contact_id": null, "Contract_1": null, "project__1": null, "Progress__": 0, "X_co_ord": 0.0, "Y_co_ord": 0.0, "layer": null, "path": null }, "geometry": { "type": "MultiLineString", "coordinates": [ [ [ 84.851591423499087, 27.096629305451113 ], [ 84.851922270483158, 27.096641790242966 ] ] ] } },
{ "type": "Feature", "properties": { "fid_1": 6.0, "contract_i": "IWRMP-Okhaldhunga/SpecialWorks-01/Diplighat-Solu/NCB/04/2082/83", "contractor": "Moonlight Engineering and Cosntruction Company Pvt. Ltd., Siddhicharan-2, Okhaldhunga", "project_na": "Protection of Diplighat Bridge Across Dudhkoshi River of Solukhumbu District", "chainage_s": "0", "chainage_e": "0+055", "contract_a": "12211825.27", "start_date": "2082/11/19", "completion": "2083/02/09 ( intended complection)", "progress_p": "1", "status": "Delayed", "delay_reas": "Rainfall / snow melt and water level rise in construction sites and difficult site condition", "supervisio": "None", "remarks": null, "Photo": "C:\\Users\\DELL\\Downloads\\site photo_dhiplighat.jpeg", "Shape_Leng": 0.0, "id": 0, "contact_id": null, "Contract_1": null, "project__1": null, "Progress__": 0, "X_co_ord": 0.0, "Y_co_ord": 0.0, "layer": null, "path": null }, "geometry": { "type": "MultiLineString", "coordinates": [ [ [ 86.722998109809382, 27.471050681513027 ], [ 86.722997171829974, 27.470873209133725 ], [ 86.72296567890352, 27.470758530107588 ] ] ] } },
{ "type": "Feature", "properties": { "fid_1": 7.0, "contract_i": "IWRMP-Okhaldhunga/Works/NCB/01/2082/83", "contractor": "Star Builders and Suppliers Pvt. Ltd., Mahalaxmi-4, Lalitpur", "project_na": "Construction of Gabion Spur and Revetment in Dudhkoshi river at Downstream  of Jayram Ghat", "chainage_s": "differnt location", "chainage_e": null, "contract_a": "7504307.16", "start_date": "'2082/11/15", "completion": "'2083/02/30 (due date)", "progress_p": "18", "status": "Normal", "delay_reas": null, "supervisio": null, "remarks": null, "Photo": "C:\\Users\\DELL\\Downloads\\NCB-01 _JAyaramghat.jpeg", "Shape_Leng": 0.0, "id": 0, "contact_id": null, "Contract_1": null, "project__1": null, "Progress__": 0, "X_co_ord": 0.0, "Y_co_ord": 0.0, "layer": null, "path": null }, "geometry": { "type": "MultiLineString", "coordinates": [ [ [ 86.472607791813203, 27.176525018614253 ], [ 86.472294968283094, 27.176232980592324 ] ] ] } },
{ "type": "Feature", "properties": { "fid_1": 8.0, "contract_i": "IWRMP-Okhaldhunga/Works/NCB/01/2082/83", "contractor": "Star Builders and Suppliers Pvt. Ltd., Mahalaxmi-4, Lalitpur", "project_na": "Construction of Gabion Spur and Revetment in Dudhkoshi river at Downstream  of Jayram Ghat", "chainage_s": null, "chainage_e": null, "contract_a": "7504307.16", "start_date": "2082/11/15", "completion": "'2083/02/30", "progress_p": "18", "status": "Normal", "delay_reas": null, "supervisio": null, "remarks": null, "Photo": null, "Shape_Leng": 0.0, "id": 0, "contact_id": null, "Contract_1": null, "project__1": null, "Progress__": 0, "X_co_ord": 0.0, "Y_co_ord": 0.0, "layer": null, "path": null }, "geometry": { "type": "MultiLineString", "coordinates": [ [ [ 86.452697205347818, 27.165593520446883 ], [ 86.453486129283959, 27.16543884045981 ], [ 86.454626689469222, 27.165512296610959 ] ] ] } },
{ "type": "Feature", "properties": { "fid_1": 9.0, "contract_i": "IWRMP-Okhaldhunga/Works/NCB/02/2082/83", "contractor": "Aqua-KS JV, Siddhicharan-12, Okhaldhunga", "project_na": "Construction of Gabion Revetment Works at Sunkoshi River-Manebhanjyang RM-6 and Sunkoshi RM-01,02 of Okhaldhunga district", "chainage_s": "different location", "chainage_e": null, "contract_a": "7753447.45", "start_date": "'2082/11/27", "completion": "'2083/02/31", "progress_p": "8", "status": "Normal", "delay_reas": null, "supervisio": null, "remarks": null, "Photo": "C:\\Users\\DELL\\Downloads\\NCB-02 balakhubeshi.jpeg", "Shape_Leng": 0.0, "id": 0, "contact_id": null, "Contract_1": null, "project__1": null, "Progress__": 0, "X_co_ord": 0.0, "Y_co_ord": 0.0, "layer": null, "path": null }, "geometry": { "type": "MultiLineString", "coordinates": [ [ [ 86.32311011938971, 27.231554048261764 ], [ 86.322534801400266, 27.231847051024396 ], [ 86.322553697329283, 27.232369694514045 ], [ 86.322738215013032, 27.232863560493946 ] ] ] } },
{ "type": "Feature", "properties": { "fid_1": 10.0, "contract_i": "IWRMP-Okhaldhunga/Works/NCB/02/2082-83", "contractor": "Aqua-KS JV, Siddhicharan-12, Okhaldhunga", "project_na": "Construction of Gabion Revetment Works at Sunkoshi River-Manebhanjyang RM-6 and Sunkoshi RM-01,02 of Okhaldhunga district", "chainage_s": "different location", "chainage_e": null, "contract_a": "7753447.45", "start_date": "'2082/11/27", "completion": "'2083/02/31", "progress_p": "8", "status": "Normal", "delay_reas": null, "supervisio": null, "remarks": null, "Photo": null, "Shape_Leng": 0.0, "id": 0, "contact_id": null, "Contract_1": null, "project__1": null, "Progress__": 0, "X_co_ord": 0.0, "Y_co_ord": 0.0, "layer": null, "path": null }, "geometry": { "type": "MultiLineString", "coordinates": [ [ [ 86.414910914549807, 27.16763850322133 ], [ 86.41580523780496, 27.167366159471303 ], [ 86.416180541577575, 27.167269125094396 ] ] ] } },
{ "type": "Feature", "properties": { "fid_1": 11.0, "contract_i": "IWRMP-Okhaldhunga/Works/NCB/03/2082/83", "contractor": "Builders Ability Construction and Consultancy Pvt. Ltd., Siddhicharan-7, Okhaldhunga", "project_na": "Construction of Gabion Revetment Works at Likhu River-Likhu RM-6 and Champadevi RM-02 of Okhaldhunga district", "chainage_s": null, "chainage_e": null, "contract_a": "7404855.87", "start_date": "'2082/11/25", "completion": "'2083/02/31", "progress_p": "20", "status": "Normal", "delay_reas": null, "supervisio": null, "remarks": null, "Photo": "C:\\Users\\DELL\\Downloads\\NCB-03 likhu dovan.jpeg", "Shape_Leng": 0.0, "id": 0, "contact_id": null, "Contract_1": null, "project__1": null, "Progress__": 0, "X_co_ord": 0.0, "Y_co_ord": 0.0, "layer": null, "path": null }, "geometry": { "type": "MultiLineString", "coordinates": [ [ [ 86.205504012812042, 27.250975379034898 ], [ 86.205805420739253, 27.25047426508565 ], [ 86.206084029215944, 27.250076543750794 ], [ 86.206155835136968, 27.250062161981923 ] ] ] } },
{ "type": "Feature", "properties": { "fid_1": 12.0, "contract_i": "IWRMP-Okhaldhunga/Works/NCB/03/2082/83", "contractor": "Builders Ability Construction and Consultancy Pvt. Ltd., Siddhicharan-7, Okhaldhunga", "project_na": "Construction of Gabion Revetment Works at Likhu River-Likhu RM-6 and Champadevi RM-02 of Okhaldhunga district", "chainage_s": null, "chainage_e": null, "contract_a": "7404855.87", "start_date": "'2082/11/25", "completion": "'2083/02/31", "progress_p": "20", "status": "Normal", "delay_reas": null, "supervisio": null, "remarks": null, "Photo": null, "Shape_Leng": 0.0, "id": 0, "contact_id": null, "Contract_1": null, "project__1": null, "Progress__": 0, "X_co_ord": 0.0, "Y_co_ord": 0.0, "layer": null, "path": null }, "geometry": { "type": "MultiLineString", "coordinates": [ [ [ 86.232715704612858, 27.402546422209593 ], [ 86.231973143832576, 27.402101139526472 ] ] ] } },
{ "type": "Feature", "properties": { "fid_1": 13.0, "contract_i": "IWRMP-Okhaldhunga/Works/LapseCanal-Khotang/NCB/05/2082/83", "contractor": "D.R. Infrastructure Pvt. Ltd., Kathmandu", "project_na": "Rehabilitation of Lapse Panchami Irrigation Canal System-Diktel Rupakot Majuwagadi Municipality 7 & 8, Chiuridada, Dorpa, Khotang", "chainage_s": "0", "chainage_e": "5+200", "contract_a": "7011792.87", "start_date": null, "completion": "'2083/02/31", "progress_p": "5", "status": "Normal", "delay_reas": null, "supervisio": null, "remarks": null, "Photo": "C:\\Users\\DELL\\Downloads\\NCB-05 lapse canal.jpeg", "Shape_Leng": 0.0, "id": 0, "contact_id": null, "Contract_1": null, "project__1": null, "Progress__": 0, "X_co_ord": 0.0, "Y_co_ord": 0.0, "layer": null, "path": null }, "geometry": { "type": "MultiLineString", "coordinates": [ [ [ 86.860021853402685, 27.216932520252083 ], [ 86.860006039738508, 27.216587578073415 ], [ 86.860018318603053, 27.216511343453714 ], [ 86.8600468580658, 27.216422417258826 ], [ 86.860016523982864, 27.216322539843276 ], [ 86.85997595076779, 27.216291637469709 ], [ 86.859961809277195, 27.216233530469736 ], [ 86.859939556803084, 27.21616633835027 ], [ 86.859921295142186, 27.216155427683219 ], [ 86.859868522596472, 27.21613722089759 ], [ 86.859763041202029, 27.216049976069666 ], [ 86.859681854193227, 27.216020848361147 ], [ 86.859753024669303, 27.215941041913588 ], [ 86.859757133570966, 27.215902922579527 ], [ 86.859718616172216, 27.215852052763243 ], [ 86.859751232774116, 27.21575042288616 ], [ 86.859765503655197, 27.215705052112021 ], [ 86.859710757614891, 27.215641458234604 ], [ 86.859657509547191, 27.215597835260869 ], [ 86.859669206971517, 27.215580600653819 ], [ 86.859655140794629, 27.215462585416702 ], [ 86.859586171819615, 27.215406238852836 ], [ 86.859529368133437, 27.215364427668884 ], [ 86.859543618565581, 27.215335395515638 ], [ 86.859456360918628, 27.215289922969006 ], [ 86.859407798114958, 27.21515371907655 ], [ 86.859454580923213, 27.215090226921408 ], [ 86.859444523766129, 27.215013969932514 ], [ 86.859416198375186, 27.21493224840879 ], [ 86.85929161740232, 27.214694305646397 ], [ 86.859247996854975, 27.214665215399709 ], [ 86.859207422169263, 27.214636128199636 ], [ 86.859218608499177, 27.214621616218029 ], [ 86.859267364725227, 27.214603511166136 ], [ 86.859277581380269, 27.214552690155141 ], [ 86.859246372361255, 27.214342072113531 ], [ 86.859213945105836, 27.214293023668915 ], [ 86.859205918733338, 27.214216768695099 ], [ 86.859224321467678, 27.21411512463543 ], [ 86.859218321085379, 27.214042502500998 ], [ 86.859273243969369, 27.213964495351185 ], [ 86.859309823459938, 27.213940931845219 ], [ 86.859262194569851, 27.213870083313974 ], [ 86.859179220647135, 27.213648520824236 ], [ 86.85910962593006, 27.213283554906333 ], [ 86.859203108112027, 27.213221925161751 ], [ 86.859329078711937, 27.213160327969703 ], [ 86.859442811314338, 27.21314228805954 ], [ 86.859593170822251, 27.213062561059058 ], [ 86.859711278098814, 27.212793999701432 ], [ 86.859711605490006, 27.212532581989802 ], [ 86.85956565831232, 27.212332741470821 ], [ 86.859663286904762, 27.212202130242932 ], [ 86.859842063099109, 27.212129693026881 ], [ 86.860004608574656, 27.212046346949222 ], [ 86.86026132725712, 27.21134585748035 ], [ 86.86053804474551, 27.210888651444424 ], [ 86.860724962809485, 27.210798067147184 ], [ 86.860899945592834, 27.210507776352873 ], [ 86.860904313106076, 27.210260885785122 ], [ 86.861148146225219, 27.210119526082057 ], [ 86.861205188521353, 27.209967088665984 ], [ 86.860961666724862, 27.209857923056678 ], [ 86.860973966708201, 27.20976353425857 ], [ 86.861323441446359, 27.20957507848971 ], [ 86.861445413200229, 27.209459013273189 ], [ 86.861380874057332, 27.209106761077887 ], [ 86.861316348798184, 27.208743616425206 ], [ 86.861405904303339, 27.208569426213067 ], [ 86.861365573859203, 27.208344276203004 ], [ 86.86116281726629, 27.208111703753243 ], [ 86.86117116397584, 27.207930171589247 ], [ 86.861277106380953, 27.207639811786581 ], [ 86.861431544993991, 27.207538301910777 ], [ 86.861642799471795, 27.207465894431781 ], [ 86.862016407453055, 27.207459001123905 ], [ 86.862097597818433, 27.207480865885273 ], [ 86.862349442490796, 27.207423020506379 ], [ 86.862503737259416, 27.207437695192109 ], [ 86.862731269870011, 27.207336255564023 ], [ 86.862683304965628, 27.206711709381803 ], [ 86.862359223390996, 27.206072369013373 ], [ 86.86214891896185, 27.205375046831236 ], [ 86.861970477061931, 27.205186069095017 ], [ 86.86206023427934, 27.204844861289622 ], [ 86.861914494186806, 27.204481636745097 ], [ 86.861825560593928, 27.204154776149384 ], [ 86.861736555839357, 27.203886008386785 ], [ 86.861452430477755, 27.203784065135462 ], [ 86.861468924731227, 27.203580756026646 ], [ 86.861217358048592, 27.203420751494843 ], [ 86.860949567279732, 27.203246207172292 ], [ 86.860803607356232, 27.203064521748566 ], [ 86.860698182621888, 27.202940969438227 ], [ 86.860462806984501, 27.202824549369364 ], [ 86.860219183660561, 27.202809783396209 ], [ 86.860162478977145, 27.2026935408783 ], [ 86.860028641866506, 27.202560882685539 ], [ 86.859856178703978, 27.202468124676809 ], [ 86.859791278270734, 27.202411782199167 ], [ 86.8596757535975, 27.202248280084213 ], [ 86.859499205507078, 27.202175487008379 ], [ 86.859415948170138, 27.202186295968115 ], [ 86.859381491722232, 27.202139060857562 ], [ 86.859403886875924, 27.202090067365788 ], [ 86.859444589141987, 27.202013861140902 ], [ 86.859408106959791, 27.201962993193007 ], [ 86.859331000007145, 27.20192660772047 ], [ 86.859160402182908, 27.201966375347908 ], [ 86.85908935205731, 27.201957226914978 ], [ 86.859065017781987, 27.201933602175881 ], [ 86.859018375022842, 27.201889985533906 ], [ 86.858900835402906, 27.201715588311242 ], [ 86.858815662376074, 27.201635624694926 ], [ 86.858702092425801, 27.201533847534865 ], [ 86.858576217056338, 27.201530089786075 ], [ 86.858560011140426, 27.201501026941109 ], [ 86.858515394494603, 27.201461042986267 ], [ 86.858430130208134, 27.201453695278211 ], [ 86.85833464548935, 27.20150079936645 ], [ 86.858283872538891, 27.201512548184013 ], [ 86.858244249124851, 27.201537923802555 ], [ 86.858205668416346, 27.201541515594172 ], [ 86.85817123105619, 27.201479756956086 ], [ 86.858119478560766, 27.201463365931971 ], [ 86.858075831268579, 27.201459690936268 ], [ 86.858036271065288, 27.201435142898557 ], [ 86.858001802779157, 27.201397892166497 ], [ 86.857971398604036, 27.201357922434795 ], [ 86.857942009609502, 27.201317953725123 ], [ 86.857953202818152, 27.201297087899913 ], [ 86.857941043924669, 27.201278921519354 ], [ 86.857901476909447, 27.201259819654094 ], [ 86.85783751272028, 27.20126701642333 ], [ 86.857708578378691, 27.201274147229402 ], [ 86.857661867253725, 27.201284992242169 ], [ 86.857653710245444, 27.201313122750754 ], [ 86.857638475944569, 27.201318553497803 ], [ 86.857603005354477, 27.201271316917182 ], [ 86.857578676155924, 27.201244061112398 ], [ 86.857513723339864, 27.20123037956148 ], [ 86.857446718287221, 27.201233942249644 ], [ 86.857386847058663, 27.201215727292769 ], [ 86.857324977889334, 27.201172094594018 ], [ 86.857308776972602, 27.201139400797224 ], [ 86.857195111743792, 27.201113869366683 ], [ 86.857175856149183, 27.201088434066204 ], [ 86.857063150591742, 27.20110647324876 ], [ 86.856966711839561, 27.201105467177285 ], [ 86.856808277773567, 27.201159767605986 ], [ 86.856737202830118, 27.201170587421281 ], [ 86.856714795093509, 27.201228657507158 ], [ 86.856678158862508, 27.201299420883167 ], [ 86.856629401054818, 27.201322971299881 ], [ 86.856572505690778, 27.201359221214467 ], [ 86.856540139110166, 27.201266602396043 ], [ 86.856517882323274, 27.201206671223169 ], [ 86.856467133731286, 27.201199357646345 ], [ 86.856410410494775, 27.201101267637249 ], [ 86.856235975837023, 27.200966748814558 ], [ 86.85606555791837, 27.200866726610698 ], [ 86.85587727006002, 27.200848379095358 ], [ 86.855853430855689, 27.200835192890764 ], [ 86.855651460716274, 27.200799584645907 ], [ 86.855607838325213, 27.200776847145665 ], [ 86.855552025918357, 27.200760450992117 ], [ 86.855485057372121, 27.200735873989011 ], [ 86.855453636781164, 27.200697718068646 ], [ 86.855345098571291, 27.200633159197345 ], [ 86.855251719772994, 27.200621262668967 ], [ 86.855213156877596, 27.200611238111748 ], [ 86.855149236298203, 27.200584848690262 ], [ 86.855093462783131, 27.200538498195783 ], [ 86.854973657261795, 27.200551989846055 ], [ 86.854811218857535, 27.200562714135774 ], [ 86.854701695418044, 27.200475461171447 ], [ 86.854565643965017, 27.200491658742347 ], [ 86.854464088762583, 27.200522415246652 ], [ 86.854372597745538, 27.200620352152033 ], [ 86.854230419737689, 27.200663774120532 ], [ 86.853955836428582, 27.201041092737903 ], [ 86.853801390593858, 27.201149856092648 ], [ 86.85372408226506, 27.201269592222484 ], [ 86.853723973271286, 27.201353100771531 ], [ 86.853622481078304, 27.201334840771359 ], [ 86.853508788031021, 27.201331091193651 ], [ 86.853378733699699, 27.201418094695544 ], [ 86.853275139885156, 27.201454294415683 ], [ 86.853175566213395, 27.201521360165476 ], [ 86.853138946687153, 27.201577599379341 ], [ 86.85302517722684, 27.201631942308122 ], [ 86.852895167447073, 27.201684452696359 ], [ 86.852769213425972, 27.201740598034252 ], [ 86.85276104442444, 27.201776897565011 ], [ 86.852748755132879, 27.201858577905202 ], [ 86.85267763163543, 27.201905703717912 ], [ 86.85255374580133, 27.201932804545091 ], [ 86.852431933264441, 27.201927230146367 ], [ 86.852202326599695, 27.202063143655252 ], [ 86.852092401223103, 27.202280876359893 ], [ 86.851909599129769, 27.202335145516823 ], [ 86.851856834399271, 27.202316935709327 ], [ 86.851938119768107, 27.202262559430043 ], [ 86.851816314107467, 27.20225153828676 ], [ 86.851718781202621, 27.202309528119979 ], [ 86.851653695128093, 27.202396598711829 ], [ 86.851596836081896, 27.202403800148275 ], [ 86.851470979253591, 27.202385512794457 ], [ 86.851276129582089, 27.202338105659287 ], [ 86.851134049490327, 27.202305277547005 ], [ 86.851044922257827, 27.202149058006174 ], [ 86.851053115970203, 27.202094604551537 ], [ 86.850874702879054, 27.201901981890042 ], [ 86.85068810621874, 27.201756550823333 ], [ 86.850501689245263, 27.201476779691458 ], [ 86.850347559461682, 27.201345906032042 ], [ 86.85016898859088, 27.201273099057961 ], [ 86.849868501780293, 27.201272777560071 ], [ 86.849649295816349, 27.201221711265184 ], [ 86.849462594591444, 27.201156156293614 ], [ 86.849145943785672, 27.201097722911257 ], [ 86.848861582451079, 27.201184556073844 ], [ 86.84878037966611, 27.201177206877396 ], [ 86.848626379814974, 27.200951930378888 ], [ 86.848066673720297, 27.200464796164674 ], [ 86.848083172045321, 27.200276011853951 ], [ 86.848010307807471, 27.20010891554492 ], [ 86.847726135568749, 27.200057775791009 ], [ 86.847596285617342, 27.19999228007498 ], [ 86.847458502429845, 27.199788804766502 ], [ 86.846906858908682, 27.199352506011842 ], [ 86.846606715184592, 27.199105282709155 ] ] ] } },
{ "type": "Feature", "properties": { "fid_1": 14.0, "contract_i": "KRMP/Lift/Damkhu Dikhwa/NCB-04/078-79", "contractor": "C.A.B.-A.M. J/V, Gwarko, Lalitpur", "project_na": "Construction of Damkhu Dikwa  Solar Lift ISP-Rupakot Majhuwagadhi -14, Khotang", "chainage_s": "0+000", "chainage_e": "1+518", "contract_a": "20749013.50", "start_date": "2078-08-13", "completion": "2082-09-28", "progress_p": "96", "status": "Normal", "delay_reas": null, "supervisio": null, "remarks": "Remaining works: Distribution system", "Photo": "C:\\Users\\DELL\\Downloads\\damkhu.jpeg", "Shape_Leng": 0.0, "id": 0, "contact_id": null, "Contract_1": null, "project__1": null, "Progress__": 0, "X_co_ord": 0.0, "Y_co_ord": 0.0, "layer": null, "path": null }, "geometry": { "type": "MultiLineString", "coordinates": [ [ [ 86.749026845878973, 27.219821643862726 ], [ 86.748494940554181, 27.219766228277422 ], [ 86.74838982048577, 27.21955545382361 ], [ 86.747121996295078, 27.218068178877676 ], [ 86.743443057186525, 27.216060926451625 ], [ 86.738240214827414, 27.21801192958203 ] ] ] } },
{ "type": "Feature", "properties": { "fid_1": 15.0, "contract_i": "KRMP/Lift/Dubekol/NCB-03/078-79", "contractor": "Rautaha-Bhimeshwor-N.R.K. J/V, Kathmandu", "project_na": "Construction of Dubekol Solar Lift ISP- Rawabesi-05, Khotang", "chainage_s": "0+000", "chainage_e": "1+055", "contract_a": "26769666.01", "start_date": "2078-08-13", "completion": "2081-08-20", "progress_p": "95", "status": "Normal", "delay_reas": null, "supervisio": null, "remarks": "Remaining works: Distribution system", "Photo": "C:\\Users\\DELL\\Downloads\\dubekol.jpeg", "Shape_Leng": 0.0, "id": 0, "contact_id": null, "Contract_1": null, "project__1": null, "Progress__": 0, "X_co_ord": 0.0, "Y_co_ord": 0.0, "layer": null, "path": null }, "geometry": { "type": "MultiLineString", "coordinates": [ [ [ 86.728709214042695, 27.301430579098305 ], [ 86.728656008140035, 27.301582967051925 ], [ 86.728171284030381, 27.302024976165178 ], [ 86.727698589430474, 27.302532360331416 ], [ 86.726549918151463, 27.303568510730287 ], [ 86.727009839153652, 27.304963613940892 ], [ 86.726453026884997, 27.309933007590505 ], [ 86.726453026884997, 27.309933007590505 ] ] ] } },
{ "type": "Feature", "properties": { "fid_1": 16.0, "contract_i": "KRMP/Lift/Sapsu/NCB-05/078-79", "contractor": "C.A.B.-A.M. J/V, Gwarko, Lalitpur", "project_na": "Construction ofSapsu Khola  Solar Lift ISP-Rupakot Majhuwagadhi -09, Khotang", "chainage_s": "0+000", "chainage_e": "0+728", "contract_a": "17817480.22", "start_date": "2078-08-10", "completion": "2081-08-24", "progress_p": "95", "status": "Normal", "delay_reas": null, "supervisio": null, "remarks": "Remaining works: Distribution system", "Photo": "C:\\Users\\DELL\\Downloads\\sapsu.jpeg", "Shape_Leng": 0.0, "id": 0, "contact_id": null, "Contract_1": null, "project__1": null, "Progress__": 0, "X_co_ord": 0.0, "Y_co_ord": 0.0, "layer": null, "path": null }, "geometry": { "type": "MultiLineString", "coordinates": [ [ [ 86.876382213064474, 27.201486560791658 ], [ 86.875907455394056, 27.203014713542789 ], [ 86.875087024687048, 27.204987331105638 ], [ 86.873283404196798, 27.207794144101435 ], [ 86.873283404196798, 27.207794144101435 ] ] ] } },
{ "type": "Feature", "properties": { "fid_1": 17.0, "contract_i": "KRMP/Lift/Makpabesi/NCB-02/077-78", "contractor": "G.B. Metal Crafts and Suppliers, Birgunj", "project_na": "Construction of Makpabesi chaintar  Solar Lift ISP- Aiselukharka-07, Khotang", "chainage_s": "0+000", "chainage_e": "0+930", "contract_a": "7091700.24", "start_date": "2078-03-07", "completion": "2079-03-06", "progress_p": "17.16", "status": "Stressed", "delay_reas": "निर्माण ब्यवसयीले कार्यतालिका बमोजिम निर्माण नगरेको र म्याद थपकै प्रक्रियामा रहेको बेला इन्जit", "supervisio": null, "remarks": null, "Photo": null, "Shape_Leng": 0.0, "id": 0, "contact_id": null, "Contract_1": null, "project__1": null, "Progress__": 0, "X_co_ord": 0.0, "Y_co_ord": 0.0, "layer": null, "path": null }, "geometry": { "type": "MultiLineString", "coordinates": [ [ [ 86.750292677513428, 27.314729353358462 ], [ 86.747181043775853, 27.315656860048822 ], [ 86.745115281133494, 27.316030705258751 ] ] ] } },
{ "type": "Feature", "properties": { "fid_1": 18.0, "contract_i": "KRMP/Lift/Demlitar/NCB-01/077-78", "contractor": "G.B. Metal Crafts and Suppliers, Birgunj", "project_na": "Construction of Demlitar Solar Lift ISP- Aiselukharka-04, Khotang", "chainage_s": "0+000", "chainage_e": "0+366", "contract_a": "5835893.85", "start_date": "2078-03-07", "completion": "2079-03-06", "progress_p": "13.9", "status": "Stressed", "delay_reas": "निर्माण ब्यवसयीले कार्यतालिका बमोजिम निर्माण नगरेको र म्याद थपकै प्रक्रियामा रहेको बेला इन्जit", "supervisio": null, "remarks": null, "Photo": null, "Shape_Leng": 0.0, "id": 0, "contact_id": null, "Contract_1": null, "project__1": null, "Progress__": 0, "X_co_ord": 0.0, "Y_co_ord": 0.0, "layer": null, "path": null }, "geometry": { "type": "MultiLineString", "coordinates": [ [ [ 86.682918377785541, 27.390361996971873 ], [ 86.688204913208622, 27.392726596962316 ] ] ] } },
{ "type": "Feature", "properties": { "fid_1": 6.0, "contract_i": "KRMP/KLB/NCB/33/2081/82", "contractor": "Malla-Masta-Nagrik J.v.; Barbardiya-1, Bardiya", "project_na": "Construction of Embankment with Launching Apron\n& Slope Revetment with Spurs at Left Bank of Karnati River.", "chainage_s": "5+412", "chainage_e": "6+000", "contract_a": "8,73,50,722.71", "start_date": "2082/02/06", "completion": "2083/03/25", "progress_p": "5%", "status": "Delayed", "delay_reas": "राष्ट्र निकुन्ज बाट अनुमति प्राप्त गर्न ढिलो भएको", "supervisio": null, "remarks": null, "Photo": "D:\\000Er.Sachin Mandal\\2082-83\\pkg-33\\Photo.jpg", "Shape_Leng": 0.0, "id": 0, "contact_id": null, "Contract_1": null, "project__1": null, "Progress__": 0, "X_co_ord": 0.0, "Y_co_ord": 0.0, "layer": null, "path": null }, "geometry": { "type": "MultiLineString", "coordinates": [ [ [ 81.22119978174247, 28.567131179631847 ], [ 81.219161160453211, 28.56446529025358 ] ] ] } },
{ "type": "Feature", "properties": { "fid_1": 7.0, "contract_i": "KRMP/KLB/NCB/33/2081/80", "contractor": "Malla-Masta-Nagrik J.v.; Barbardiya-1, Baraiya", "project_na": "River, Geruwa-l, Sarkhol, Bartliya.", "chainage_s": "5+412", "chainage_e": "6+000", "contract_a": "8,73,50,722.71", "start_date": "2082/02/06", "completion": "2083/03/25", "progress_p": "5 %", "status": "Delayed", "delay_reas": "बर्दिया राष्ट्र निकुन्ज बाट अनुमति प्रप्त्र हुन ढिलाई भएको", "supervisio": null, "remarks": null, "Photo": null, "Shape_Leng": 0.0, "id": 0, "contact_id": null, "Contract_1": null, "project__1": null, "Progress__": 0, "X_co_ord": 0.0, "Y_co_ord": 0.0, "layer": null, "path": null }, "geometry": { "type": "MultiLineString", "coordinates": [ [ [ 81.221157013463724, 28.567145435724782 ], [ 81.219403514033104, 28.564992765692065 ] ] ] } },
{ "type": "Feature", "properties": { "fid_1": 8.0, "contract_i": "KRMP/KLB/NCB/28/079/080", "contractor": "Naba Janukadevi-New Tech-Sundaradevi JV, Rasuwa", "project_na": "Construction of Embankment, Spur and Anti-Flood Sluice at Geruwa-02, Banghusra, Bardiya.", "chainage_s": "10+550", "chainage_e": "11+090", "contract_a": "15,76,74,267.39", "start_date": "2079/12/02", "completion": "2082/09/30", "progress_p": "75%", "status": "Stressed", "delay_reas": "राष्ट्र निकुन्जबाट अनुमति प्राप्त गर्न ढिलाई भएको", "supervisio": null, "remarks": null, "Photo": "D:\\000Er.Sachin Mandal\\2082-83\\PKG-28\\WhatsApp Image 2026-04-16 at 5.31.15 PM.jpeg", "Shape_Leng": 0.0, "id": 0, "contact_id": null, "Contract_1": null, "project__1": null, "Progress__": 0, "X_co_ord": 0.0, "Y_co_ord": 0.0, "layer": null, "path": null }, "geometry": { "type": "MultiLineString", "coordinates": [ [ [ 81.178837801595321, 28.530877935306016 ], [ 81.177070046071762, 28.527969692347906 ] ] ] } },
{ "type": "Feature", "properties": { "fid_1": 9.0, "contract_i": "KRMP/KLB/NCB/34/2081/82", "contractor": "Dynamic Construction Pvt.Ltd., Bharatpur-04, Chitwan", "project_na": "Construction of Embankment with Launching Apron and Slope Revetment with Spurs at Left Bank of Karnali River, Geruwa-02, Banghusra, Bardiya", "chainage_s": "11+160", "chainage_e": "11+575", "contract_a": "7,61,52,762.51", "start_date": "2082/02/07", "completion": "2083/03/25", "progress_p": "20%", "status": "Normal", "delay_reas": null, "supervisio": null, "remarks": null, "Photo": "D:\\000Er.Sachin Mandal\\2082-83\\PKG-34\\WhatsApp Image 2026-04-16 at 5.47.20 PM.jpeg", "Shape_Leng": 0.0, "id": 0, "contact_id": null, "Contract_1": null, "project__1": null, "Progress__": 0, "X_co_ord": 0.0, "Y_co_ord": 0.0, "layer": null, "path": null }, "geometry": { "type": "MultiLineString", "coordinates": [ [ [ 81.177064943530382, 28.527954188125371 ], [ 81.175283242142655, 28.524617732104627 ] ] ] } },
{ "type": "Feature", "properties": { "fid_1": 10.0, "contract_i": "KRMP/KLB/NCB/25/079/080", "contractor": "Shanidev-KDN-Singh JV, Tikapur", "project_na": "Construction of Embankment Anti-flood Structure, Spur and Sloping Revetment with Launching Apron at Geruwa Ga. Pa-02, Rajipur, Bardiya", "chainage_s": "8+200", "chainage_e": "8+800", "contract_a": "7,56,12,726.13", "start_date": "2079/09/01", "completion": "2082/03/30", "progress_p": "45%", "status": "Stressed", "delay_reas": "निर्माण व्यवसायीले कार्यतालिका बमोजिम काम नगरेको", "supervisio": null, "remarks": null, "Photo": "C:\\Users\\user\\Pictures\\Screenshots\\Screenshot 2026-04-16 182812.png", "Shape_Leng": 0.0, "id": 0, "contact_id": null, "Contract_1": null, "project__1": null, "Progress__": 0, "X_co_ord": 0.0, "Y_co_ord": 0.0, "layer": null, "path": null }, "geometry": { "type": "MultiLineString", "coordinates": [ [ [ 81.198860832679131, 28.551420452880276 ], [ 81.201787429635402, 28.551677885019949 ] ] ] } },
{ "type": "Feature", "properties": { "fid_1": 11.0, "contract_i": "KRMP/KLB/NCB/35/2081/082", "contractor": "M/S Malla-sunrise-Masta Joint venture ,Dhangadhi-03,\nKailali.", "project_na": "Construction Of Embankment with Launching Apron and Slope Revetment with Spurs at Left Bank of Karnali River, Rajapur-03, Tediya, Bardiya.", "chainage_s": "23+990", "chainage_e": "24+415", "contract_a": "KRMP/KLB/NCB/35/2081/082", "start_date": "2082/02/11", "completion": "2083/03/25", "progress_p": "37.65%", "status": "Normal", "delay_reas": null, "supervisio": null, "remarks": null, "Photo": "D:\\000Er.Sachin Mandal\\2082-83\\NCB-35\\WhatsApp 22026-04-16 at 6.49.46 PM.jpeg", "Shape_Leng": 0.0, "id": 0, "contact_id": null, "Contract_1": null, "project__1": null, "Progress__": 0, "X_co_ord": 0.0, "Y_co_ord": 0.0, "layer": null, "path": null }, "geometry": { "type": "MultiLineString", "coordinates": [ [ [ 81.090713111444018, 28.44422134839138 ], [ 81.090074135265553, 28.443679607718327 ], [ 81.089657411670885, 28.442762815810077 ], [ 81.089504613019514, 28.44234609221542 ], [ 81.089379595941125, 28.441984931766719 ] ] ] } },
{ "type": "Feature", "properties": { "fid_1": 12.0, "contract_i": "KRMP/KLB/NCB/37/2082/083", "contractor": "IWS Nawayuga-Noori J.V., Lamkichuha-l, Kailali.", "project_na": "'Construction of Embankment, Spur and AFS at Left Bank ol\nKarnali River Raiapur-4,Tediya, Bardiya.", "chainage_s": "24+415", "chainage_e": "24+948", "contract_a": "1,72,22,222.22", "start_date": "2082/03/10", "completion": "2083/03/25", "progress_p": "10%", "status": "Normal", "delay_reas": null, "supervisio": null, "remarks": null, "Photo": "D:\\000Er.Sachin Mandal\\2082-83\\PKG-37\\IMG20260402121505.jpg", "Shape_Leng": 0.0, "id": 0, "contact_id": null, "Contract_1": null, "project__1": null, "Progress__": 0, "X_co_ord": 0.0, "Y_co_ord": 0.0, "layer": null, "path": null }, "geometry": { "type": "MultiLineString", "coordinates": [ [ [ 81.089379595941111, 28.441936314014015 ], [ 81.088851746054544, 28.440186074916454 ] ] ] } },
{ "type": "Feature", "properties": { "fid_1": 13.0, "contract_i": "KRMP/KLB/NCB/MT/38/2081/082", "contractor": "Bhageshwor-Mangalasaini JV., Lamkichuha-06, Kailali.", "project_na": "Embankment Protection and Maintenance works at Left bank of Karnali River, Rajapur--04, Dalaighat, Bardiya.", "chainage_s": "24+788", "chainage_e": "25+138", "contract_a": "5,31,39,472.12", "start_date": "2082/03/02", "completion": "2083/03/25", "progress_p": "75.06%", "status": "Normal", "delay_reas": null, "supervisio": null, "remarks": null, "Photo": "D:\\000Er.Sachin Mandal\\2082-83\\PKG-38\\WhatsApp Image 2026-04-16 at 7.17.08 PM.jpeg", "Shape_Leng": 0.0, "id": 0, "contact_id": null, "Contract_1": null, "project__1": null, "Progress__": 0, "X_co_ord": 0.0, "Y_co_ord": 0.0, "layer": null, "path": null }, "geometry": { "type": "MultiLineString", "coordinates": [ [ [ 81.08608140232424, 28.436817559192974 ], [ 81.085122938056529, 28.435824367959039 ] ] ] } },
{ "type": "Feature", "properties": { "fid_1": 14.0, "contract_i": "KRMP/GRB/NCB/32/079/80", "contractor": "NS-BAYAN-B SEVEN JV, Nepalgunj, Banke", "project_na": "Construction of Embankment, Spur and Anti-flood sluice\nat Rajapur-1o, Bardiya.", "chainage_s": "27+800", "chainage_e": "28+800", "contract_a": "8,26,15,506.58", "start_date": "2080/04/19", "completion": "2082/12/30", "progress_p": "56.98%", "status": "Delayed", "delay_reas": "बजेट व्यवस्थापन र नदि जन्य निर्माण सामग्रीको अभाव", "supervisio": null, "remarks": null, "Photo": "D:\\000Er.Sachin Mandal\\2082-83\\NCB-32\\measrurement\\IMG_0578.JPG", "Shape_Leng": 0.0, "id": 0, "contact_id": null, "Contract_1": null, "project__1": null, "Progress__": 0, "X_co_ord": 0.0, "Y_co_ord": 0.0, "layer": null, "path": null }, "geometry": { "type": "MultiLineString", "coordinates": [ [ [ 81.194792219311978, 28.373290732793919 ], [ 81.195531841308721, 28.373715330606863 ], [ 81.197572650151599, 28.375153484489427 ], [ 81.197778100706245, 28.375482205376869 ], [ 81.197901371039038, 28.375893106486171 ], [ 81.19809312489005, 28.376440974631908 ], [ 81.198134215000977, 28.376851875741213 ], [ 81.19825748533377, 28.377331260368734 ], [ 81.198312272148343, 28.377728464774393 ], [ 81.198391028194308, 28.378146214235521 ], [ 81.198373907314746, 28.378307150503328 ], [ 81.198298575444738, 28.378618750511222 ], [ 81.19799724796458, 28.379228253823349 ], [ 81.197038478709544, 28.381364939591723 ] ] ] } },
{ "type": "Feature", "properties": { "fid_1": 15.0, "contract_i": "KRMP/GRB/NCB/31/2080/81", "contractor": "NS-BAYAN-KHUMCHANDRA JV., Thakurbaba-04, Bardiya.", "project_na": "Construction of Embankment, Spur and Antiflood sluice at Rajapur-10, Bardiya.", "chainage_s": "26+150", "chainage_e": "27+450", "contract_a": "13,40,52,932.02", "start_date": "2080/04/19", "completion": "2082/12/30", "progress_p": "33.34%", "status": "Delayed", "delay_reas": "बजेट व्यवस्थापन र नदि जन्य निर्माण सामग्रीको अभाव", "supervisio": null, "remarks": null, "Photo": "C:\\Users\\user\\Downloads\\123.jpg", "Shape_Leng": 0.0, "id": 0, "contact_id": null, "Contract_1": null, "project__1": null, "Progress__": 0, "X_co_ord": 0.0, "Y_co_ord": 0.0, "layer": null, "path": null }, "geometry": { "type": "MultiLineString", "coordinates": [ [ [ 81.197677253202841, 28.397731340644118 ], [ 81.195703491933443, 28.394650797354508 ], [ 81.195223886391346, 28.393820710839343 ], [ 81.195113208189326, 28.393359551664251 ], [ 81.195131654556334, 28.392898392489158 ], [ 81.195242332758355, 28.392271216011036 ], [ 81.195260779125363, 28.391238219458828 ], [ 81.195371457327383, 28.390611042980705 ], [ 81.195666599199427, 28.38882174538135 ], [ 81.195763442626188, 28.388088502292959 ], [ 81.195795723768441, 28.387599673567362 ], [ 81.1958556744612, 28.387207688268536 ], [ 81.196123146782782, 28.385957946904028 ], [ 81.196326056819828, 28.385220092223882 ] ] ] } },
{ "type": "Feature", "properties": { "fid_1": 16.0, "contract_i": "BBARMP/BRB/NCB/05/081-082", "contractor": "AMAN-MEDANTA JV. TALCHIKHEL, LALITPUR, NEPAL", "project_na": "Construction of Launching Apron, Vertical/Slope Revetment and Stud on Right Bank of Babai RIver, Gulariya-05, Balapur, Bardiya (Upstream of Suspension Bridge)", "chainage_s": "0+000", "chainage_e": "0+501", "contract_a": "6,59,07,407.14", "start_date": "2082/01/22", "completion": "2083/03/15", "progress_p": "49.50%", "status": "Normal", "delay_reas": null, "supervisio": null, "remarks": null, "Photo": "D:\\000Er.Sachin Mandal\\2082-83\\NCB-05_Balapur\\WhatsApp Image 2026-04-16 at 8.00.37 PM.jpeg", "Shape_Leng": 0.0, "id": 0, "contact_id": null, "Contract_1": null, "project__1": null, "Progress__": 0, "X_co_ord": 0.0, "Y_co_ord": 0.0, "layer": null, "path": null }, "geometry": { "type": "MultiLineString", "coordinates": [ [ [ 81.3742077277211, 28.235752953513742 ], [ 81.374177542756911, 28.23539073394349 ], [ 81.374368714196777, 28.235068760992153 ], [ 81.374539762327174, 28.234857466242836 ], [ 81.374932166861612, 28.234565678255688 ], [ 81.375334633050784, 28.23438456847056 ], [ 81.375787407513599, 28.234294013577998 ], [ 81.376320675214245, 28.234183335375977 ], [ 81.376682894784508, 28.234042472209765 ], [ 81.3770954226284, 28.233609821056408 ], [ 81.377226224139889, 28.233358279688176 ] ] ] } },
{ "type": "Feature", "properties": { "fid_1": 17.0, "contract_i": "BBARMP/BRB/NCB/03/077-078", "contractor": "K.S./Mitra J.V., Nimbukheda-18, Mahendranagar, Kanchanpur.", "project_na": "Construction of Embankment with slope Revetment, stud and Antiflood structure at Babai River, Gulariya-04 and 05, Rampurtapu to Balapur, Bardiya.", "chainage_s": null, "chainage_e": null, "contract_a": null, "start_date": "2078/05/21", "completion": "2082/11/21", "progress_p": "78.08%", "status": "Delayed", "delay_reas": "बजेट व्यवस्थापन र नदि जन्य निर्माण सामग्रीको अभाव", "supervisio": null, "remarks": null, "Photo": "C:\\Users\\user\\Downloads\\1234.jpeg", "Shape_Leng": 0.0, "id": 0, "contact_id": null, "Contract_1": null, "project__1": null, "Progress__": 0, "X_co_ord": 0.0, "Y_co_ord": 0.0, "layer": null, "path": null }, "geometry": { "type": "MultiLineString", "coordinates": [ [ [ 81.369855067472528, 28.242756608724914 ], [ 81.36973652920625, 28.242111233719648 ], [ 81.369855067472528, 28.241834644431677 ], [ 81.370105314923549, 28.241492200551335 ], [ 81.370447758803891, 28.241004876567764 ], [ 81.370882399113555, 28.240385843399451 ], [ 81.372304858308851, 28.238449718383659 ], [ 81.372950233314114, 28.237567266845851 ], [ 81.37397756495514, 28.235947243873451 ], [ 81.374175128732261, 28.23574968009633 ] ] ] } },
{ "type": "Feature", "properties": { "fid_1": 18.0, "contract_i": "BBARMP/BRB/NCB/02/077-078", "contractor": "K.S/Mitra J.V., Nimbukheda-18, Mahendranagar, Kanchanpur", "project_na": "Construction of Embankment with slope/vertical Revetment, spur/stud and Anti-flood Structure at Babai River, Gulariya-8, Thapuwa, Bardiya.", "chainage_s": null, "chainage_e": null, "contract_a": "11,97,09,838.86", "start_date": "2078/05/21", "completion": "2083/01/31", "progress_p": "73.90%", "status": "Normal", "delay_reas": null, "supervisio": null, "remarks": null, "Photo": null, "Shape_Leng": 0.0, "id": 0, "contact_id": null, "Contract_1": null, "project__1": null, "Progress__": 0, "X_co_ord": 0.0, "Y_co_ord": 0.0, "layer": null, "path": null }, "geometry": { "type": "MultiLineString", "coordinates": [ [ [ 81.362731262948159, 28.18223994958884 ], [ 81.362870170813054, 28.18136483004006 ], [ 81.363064641823897, 28.180670290715629 ], [ 81.363231331261758, 28.180072986896619 ], [ 81.363509146991532, 28.17929510285326 ], [ 81.363939761372677, 28.178475546450432 ], [ 81.364231467888928, 28.17789213341791 ] ] ] } },
{ "type": "Feature", "properties": { "fid_1": 19.0, "contract_i": "BBARMP/BhB/NCB/06/081-082", "contractor": "Ma Nirman Sewa,Kohalpur-3, Banke.", "project_na": "Construction of Launching and Vertical Revetment on Left/Right Bank of Bhada River, Barbardiya-10, Baidi.", "chainage_s": null, "chainage_e": null, "contract_a": "1,26,10,899.55", "start_date": "2082/01/07", "completion": "2082/12/30", "progress_p": "100%", "status": "Delayed", "delay_reas": "Lack of Budget for Final Bill", "supervisio": null, "remarks": null, "Photo": "D:\\000Er.Sachin Mandal\\2082-83\\babai,bhada,aurahi\\NCB-06\\Work Pics\\09.12 PM.jpeg", "Shape_Leng": 0.0, "id": 0, "contact_id": null, "Contract_1": null, "project__1": null, "Progress__": 0, "X_co_ord": 0.0, "Y_co_ord": 0.0, "layer": null, "path": null }, "geometry": { "type": "MultiLineString", "coordinates": [ [ [ 81.406508166046237, 28.292589624850031 ], [ 81.405983039374917, 28.292583724550351 ], [ 81.405806030384582, 28.292560123351642 ], [ 81.405611320495211, 28.29250702065454 ], [ 81.40551691570036, 28.292418516159373 ], [ 81.405446112104229, 28.292347712563238 ], [ 81.405280903713233, 28.292191354621782 ], [ 81.405180598618713, 28.292055647729189 ], [ 81.405115695322266, 28.291967143234022 ], [ 81.40497408812999, 28.291754732445618 ], [ 81.404897384234175, 28.291636726452062 ] ] ] } },
{ "type": "Feature", "properties": { "fid_1": 20.0, "contract_i": "IWRMP/KLB/NCB/MT/01/2082/083", "contractor": "Parbati-Bhandari Bros-Bir and sons Construction J.V., Lamkichuha-2, Kailali.", "project_na": "Embankment Protection and Maintenance Works using Big Boulders at Karnali River Left Bank, Rajapur Na.Pa.-4, Annantapur, Bardiya.", "chainage_s": "25+700", "chainage_e": "25+750", "contract_a": "1,20,04,025.00", "start_date": "2082/12/02", "completion": "2083/02/31", "progress_p": "100%", "status": "Delayed", "delay_reas": "निर्माण सम्पन्न   भएको तर budget अवाभले गर्दा भुक्तानी हुन् बाकी", "supervisio": null, "remarks": null, "Photo": "E:\\MT-01 ANANTAPUR\\WORK\\IMG_20260326_133424.jpg", "Shape_Leng": 0.0, "id": 0, "contact_id": null, "Contract_1": null, "project__1": null, "Progress__": 0, "X_co_ord": 0.0, "Y_co_ord": 0.0, "layer": null, "path": null }, "geometry": { "type": "MultiLineString", "coordinates": [ [ [ 81.087414376515028, 28.438876476601962 ], [ 81.087343572918897, 28.438646364914526 ], [ 81.087308171120824, 28.438537209370484 ], [ 81.087210816176139, 28.438431003976284 ], [ 81.087160663628879, 28.438383801578858 ] ] ] } },
{ "type": "Feature", "properties": { "fid_1": 21.0, "contract_i": "IWRMP/KLB/NCB/MT/02/2082/083", "contractor": "Parbati-Bir and Sons Construction J.V., Lamkichuha-2, Kailali\n", "project_na": "Embankment Protection and Maintenance Works using Big Boulders at Karnali River Left Bank, Rajapur Na.Pa.-1, Tihuni, Bardiya.", "chainage_s": "16+900", "chainage_e": "17+000", "contract_a": "64,67,575.00", "start_date": "2082/12/02", "completion": "2083/02/31", "progress_p": "100%", "status": "Delayed", "delay_reas": "काम सम्पन्न भएको तर budget अभावले गर्दा भुक्तानी हुन नसकेको", "supervisio": null, "remarks": null, "Photo": "E:\\MT-01 ANANTAPUR\\WORK\\IMG_20260327_071148.jpg", "Shape_Leng": 0.0, "id": 0, "contact_id": null, "Contract_1": null, "project__1": null, "Progress__": 0, "X_co_ord": 0.0, "Y_co_ord": 0.0, "layer": null, "path": null }, "geometry": { "type": "MultiLineString", "coordinates": [ [ [ 81.147874747314134, 28.49171071006743 ], [ 81.148529680578378, 28.491870018158735 ] ] ] } },
{ "type": "Feature", "properties": { "fid_1": 22.0, "contract_i": "IWRMP/KLB/NCB/MT/03/2082/083", "contractor": "Parbati-Bir and Sons Construction J.V., Lamkichuha-2, Kailali\n", "project_na": "Embankment Protection and Maintenance Works using Big Boulders at Karnali River Left Bank, Geruwa Ga.Pa.-2, Banghusra, Bardiya.", "chainage_s": "10+150", "chainage_e": "10+200", "contract_a": "52,56,600.00", "start_date": "2082/12/02", "completion": "2083/02/31", "progress_p": "20%", "status": "Normal", "delay_reas": null, "supervisio": null, "remarks": null, "Photo": null, "Shape_Leng": 0.0, "id": 0, "contact_id": null, "Contract_1": null, "project__1": null, "Progress__": 0, "X_co_ord": 0.0, "Y_co_ord": 0.0, "layer": null, "path": null }, "geometry": { "type": "MultiLineString", "coordinates": [ [ [ 81.166900263625422, 28.507791976839485 ], [ 81.167010894244385, 28.508008812852648 ], [ 81.167063996941494, 28.508119443471607 ] ] ] } },
{ "type": "Feature", "properties": { "fid_1": 117.0, "contract_i": "CW-117", "contractor": "DNC-VISHAN-KCDC J.V.", "project_na": "Rajapur Irrigation system", "chainage_s": "0+000", "chainage_e": "2+200", "contract_a": "42000000", "start_date": "24-06-2025", "completion": "24-12-2027", "progress_p": "10", "status": "Delayed", "delay_reas": "IEE", "supervisio": "C2TECH-PES-DEVTECH J/V (PIMS)", "remarks": "NUL", "Photo": null, "Shape_Leng": 0.0, "id": 0, "contact_id": null, "Contract_1": null, "project__1": null, "Progress__": 0, "X_co_ord": 0.0, "Y_co_ord": 0.0, "layer": null, "path": null }, "geometry": { "type": "MultiLineString", "coordinates": [ [ [ 81.248063910120635, 28.589267758271824 ], [ 81.246725986196452, 28.588457771896099 ], [ 81.245554398760135, 28.58761885743553 ], [ 81.24414415462391, 28.586794407017386 ], [ 81.243283544099697, 28.585673443729554 ], [ 81.243066583463346, 28.585109346075033 ], [ 81.242827926763354, 28.584212575444766 ], [ 81.242726678466383, 28.582491354396353 ], [ 81.242654358254271, 28.580220499735844 ], [ 81.242061332514893, 28.578383566348045 ], [ 81.241265810181602, 28.576633417214786 ], [ 81.240152078914974, 28.575664326372404 ], [ 81.238749066799883, 28.575013444463341 ], [ 81.237100165963597, 28.574521667020939 ], [ 81.235689921827245, 28.573831008995217 ], [ 81.235342784809077, 28.573621280380074 ], [ 81.234445110176225, 28.573207247165694 ], [ 81.234445110176225, 28.573207247165694 ], [ 81.234408498068845, 28.573190071115317 ] ] ] } },
{ "type": "Feature", "properties": { "fid_1": 6.0, "contract_i": "KPCCIMO/CCS/LGIRMTP/NCB-01/2082-083", "contractor": "RCC Canal Lining and Outlets Construction Works in Chandra Canal System, Barmajhiya Branch", "project_na": "LGIRMTP", "chainage_s": null, "chainage_e": null, "contract_a": "45,42,336.12\n", "start_date": "2082/11/13\n", "completion": "2083/03/21\n", "progress_p": "25", "status": "Normal", "delay_reas": null, "supervisio": null, "remarks": null, "Photo": null, "Shape_Leng": 0.0, "id": 0, "contact_id": null, "Contract_1": null, "project__1": null, "Progress__": 0, "X_co_ord": 0.0, "Y_co_ord": 0.0, "layer": null, "path": null }, "geometry": { "type": "MultiLineString", "coordinates": [ ] } },
{ "type": "Feature", "properties": { "fid_1": 7.0, "contract_i": "KPCCIMO/CCS/AMIS/NCB-02/2082-083\n", "contractor": "Everest Infra Projects Pvt. Ltd, Gokarneshwor Na. Pa. -04, Kathmandu\n", "project_na": "Aqueduct and VRB Maintenance Works at Chandra Main Canal Tail Portion and Sonara Branch", "chainage_s": null, "chainage_e": null, "contract_a": "31,85,736.80\n", "start_date": "2082/11/13\n", "completion": "2083/03/21\n", "progress_p": "30", "status": "Normal", "delay_reas": null, "supervisio": null, "remarks": null, "Photo": null, "Shape_Leng": 0.0, "id": 0, "contact_id": null, "Contract_1": null, "project__1": null, "Progress__": 0, "X_co_ord": 0.0, "Y_co_ord": 0.0, "layer": null, "path": null }, "geometry": { "type": "MultiLineString", "coordinates": [ [ [ 86.798136, 26.575803 ], [ 86.801412942595988, 26.577095592595978 ] ] ] } },
{ "type": "Feature", "properties": { "fid_1": 8.0, "contract_i": "KPCCIMO/CCS/LGIRMTP/NCB-01/2082-083\n", "contractor": "J.M.D Nirman Sewa, Dakneswori Na. Pa. -09, Saptari\n", "project_na": "RCC Canal Lining and Outlets Construction Works in Chandra Canal System, Barmajhiya Branch \n", "chainage_s": null, "chainage_e": null, "contract_a": "45,42,336.12\n", "start_date": "2082/11/13\n", "completion": "2083/03/21\n", "progress_p": "25", "status": "Normal", "delay_reas": null, "supervisio": null, "remarks": null, "Photo": null, "Shape_Leng": 0.0, "id": 0, "contact_id": null, "Contract_1": null, "project__1": null, "Progress__": 0, "X_co_ord": 0.0, "Y_co_ord": 0.0, "layer": null, "path": null }, "geometry": { "type": "MultiLineString", "coordinates": [ [ [ 86.901748, 26.62105 ], [ 86.900957177148072, 26.618166290767817 ] ] ] } },
{ "type": "Feature", "properties": { "fid_1": 9.0, "contract_i": "KPCCIMO/NCB/CCS/W-01/081-82\n", "contractor": "Bhim Nirman Sewa, Saptari\n", "project_na": "\"VRB Construction Work At Chandra Canal Irrigation System near Chainage 17+100\nAnd 22+640 , Saptari\"\n", "chainage_s": null, "chainage_e": null, "contract_a": "83,47,280.70\n", "start_date": "2082/03/22\n", "completion": "2083/02/12\n", "progress_p": "35", "status": "Normal", "delay_reas": null, "supervisio": null, "remarks": null, "Photo": null, "Shape_Leng": 0.0, "id": 0, "contact_id": null, "Contract_1": null, "project__1": null, "Progress__": 0, "X_co_ord": 0.0, "Y_co_ord": 0.0, "layer": null, "path": null }, "geometry": { "type": "MultiLineString", "coordinates": [ [ [ 86.880052, 26.616155 ], [ 86.877885985923214, 26.61528239186471 ], [ 86.853379, 26.592376 ], [ 86.839391, 26.586815 ], [ 86.835621950274216, 26.586343958043873 ] ] ] } },
{ "type": "Feature", "properties": { "fid_1": 10.0, "contract_i": "KPCCIMO/CCS/AMIS/NCB-01/2082-083\n", "contractor": "Pushpkamal Nirman Sewa, Tirhut Ga.Pa.-01, Saptari\n", "project_na": "RCC Canal Lining and VRB Construction Works at Chandra Canal System, New Hanumannagar Branch\n", "chainage_s": null, "chainage_e": null, "contract_a": "39,53,455.12\n", "start_date": "2082/11/14\n", "completion": "2083/03/21\n", "progress_p": "28", "status": "Normal", "delay_reas": null, "supervisio": null, "remarks": null, "Photo": null, "Shape_Leng": 0.0, "id": 0, "contact_id": null, "Contract_1": null, "project__1": null, "Progress__": 0, "X_co_ord": 0.0, "Y_co_ord": 0.0, "layer": null, "path": null }, "geometry": { "type": "MultiLineString", "coordinates": [ [ [ 86.864169, 26.601686 ], [ 86.869333734003646, 26.596387881809868 ], [ 86.871720408957955, 26.585150620566726 ], [ 86.871720408957955, 26.585150620566726 ], [ 86.87042762669104, 26.580178381078611 ], [ 86.869930402742227, 26.570134457312616 ], [ 86.869930402742227, 26.570134457312616 ] ] ] } },
{ "type": "Feature", "properties": { "fid_1": 11.0, "contract_i": "KPCCIMO/CCS/AMIS/NCB-08/2082-083\n", "contractor": "Green Spa Engineering Construction Pvt. Ltd., Khadak Na. Pa. -05, Saptari\n", "project_na": "Construction of VRB, outlets, Canal Lining,  & Structure Maintenance Works in  Chandra Main  Canal & Diman Branch Canal.\n", "chainage_s": null, "chainage_e": null, "contract_a": "39,00,719.67\nL", "start_date": "2082/12/12\n", "completion": "2083/03/25\n", "progress_p": "38", "status": "Normal", "delay_reas": null, "supervisio": null, "remarks": null, "Photo": null, "Shape_Leng": 0.0, "id": 0, "contact_id": null, "Contract_1": null, "project__1": null, "Progress__": 0, "X_co_ord": 0.0, "Y_co_ord": 0.0, "layer": null, "path": null }, "geometry": { "type": "MultiLineString", "coordinates": [ [ [ 86.840693634552096, 26.583957283089578 ], [ 86.840693634552096, 26.583957283089578 ] ] ] } },
{ "type": "Feature", "properties": { "fid_1": 12.0, "contract_i": "KPCCIMO/CCS/LGIRMTP/NCB-14/2082-083\n", "contractor": "Nishu Construction Pvt. Ltd., Kathmandu -32, Kathmandu\n", "project_na": "RCC Canal Lining and VRB Construction Works in Chandra Canal System, Goithi Branch\n", "chainage_s": null, "chainage_e": null, "contract_a": "66,19,389.99\n", "start_date": "2082/12/12\n", "completion": "2083/03/30\n", "progress_p": "45", "status": "Normal", "delay_reas": null, "supervisio": null, "remarks": null, "Photo": null, "Shape_Leng": 0.0, "id": 0, "contact_id": null, "Contract_1": null, "project__1": null, "Progress__": 0, "X_co_ord": 0.0, "Y_co_ord": 0.0, "layer": null, "path": null }, "geometry": { "type": "MultiLineString", "coordinates": [ [ [ 86.853379, 26.592376 ], [ 86.852328674954293, 26.590719528793418 ], [ 86.854317570749544, 26.586343958043873 ], [ 86.854615905118834, 26.579183933180985 ], [ 86.854615905118834, 26.579183933180985 ], [ 86.854615905118834, 26.571029460420476 ] ] ] } },
{ "type": "Feature", "properties": { "fid_1": 13.0, "contract_i": "KPCCIMO/LGIRMTP/NCB-15/2082-083\n", "contractor": "Shailendra Construction, Kalaiya-06, Bara\n", "project_na": "Supply , fabrication and installation of  steel gate in  Chandra canal and Pump Canal system.\n", "chainage_s": null, "chainage_e": null, "contract_a": "12,76,868.59\n", "start_date": "2082/12/12\n", "completion": "2083/03/31\n", "progress_p": "40", "status": "Normal", "delay_reas": null, "supervisio": null, "remarks": null, "Photo": null, "Shape_Leng": 0.0, "id": 0, "contact_id": null, "Contract_1": null, "project__1": null, "Progress__": 0, "X_co_ord": 0.0, "Y_co_ord": 0.0, "layer": null, "path": null }, "geometry": { "type": "MultiLineString", "coordinates": [ [ [ 86.891111, 26.619722 ], [ 86.885539842870202, 26.618666896297984 ] ] ] } },
{ "type": "Feature", "properties": { "fid_1": 14.0, "contract_i": "KPCCIMO/NCB/CCS/W-02/081-82\n", "contractor": "Bhim Nirman Sewa, Saptari\n", "project_na": "\"Construction Of Double Barrel VRB Works At Pump Canal Syatem, Rajbiraj 11\nJhalhi Tole Farsaith Near Community Building saptary\"\n", "chainage_s": null, "chainage_e": null, "contract_a": "37,31,869.84\n", "start_date": "2082/03/22\n", "completion": "2083/02/12\n", "progress_p": "95", "status": "Normal", "delay_reas": null, "supervisio": null, "remarks": null, "Photo": null, "Shape_Leng": 0.0, "id": 0, "contact_id": null, "Contract_1": null, "project__1": null, "Progress__": 0, "X_co_ord": 0.0, "Y_co_ord": 0.0, "layer": null, "path": null }, "geometry": { "type": "MultiLineString", "coordinates": [ [ [ 86.765751, 26.528194 ], [ 86.764511256947003, 26.534257215859235 ] ] ] } },
{ "type": "Feature", "properties": { "fid_1": 15.0, "contract_i": "KPCCIMO/PCS/LGIRMTP/NCB-08/2082-083\n", "contractor": "Janaki Construction, Koshi Ga.Pa-3, Sunsari\n", "project_na": "Canal Lining, Maintenance of Canal Bank & Construction of  Aqueduct at D-0 branch of Pump Canal System\n", "chainage_s": null, "chainage_e": null, "contract_a": "26,35,222.17\n", "start_date": "2082/11/13\n", "completion": "2083/03/21\n", "progress_p": "40", "status": "Normal", "delay_reas": null, "supervisio": null, "remarks": null, "Photo": null, "Shape_Leng": 0.0, "id": 0, "contact_id": null, "Contract_1": null, "project__1": null, "Progress__": 0, "X_co_ord": 0.0, "Y_co_ord": 0.0, "layer": null, "path": null }, "geometry": { "type": "MultiLineString", "coordinates": [ [ [ 86.778753, 26.514272 ], [ 86.7778554343693, 26.508499850137117 ] ] ] } },
{ "type": "Feature", "properties": { "fid_1": 16.0, "contract_i": "KPCCIMO/PCS/LGIRMTP/NCB-07/2082-083\n", "contractor": "J.D.M. Nirman Sewa,Dakneswori Na. Pa. -09, Saptari\n", "project_na": "Service Road Maintenance Work in Pump Canl System at U/S and D/S of Pachi Shyphon\n", "chainage_s": null, "chainage_e": null, "contract_a": "10,85,628.63\n", "start_date": "2082/11/13\n", "completion": "2083/03/21\n", "progress_p": "80", "status": "Normal", "delay_reas": null, "supervisio": null, "remarks": null, "Photo": null, "Shape_Leng": 0.0, "id": 0, "contact_id": null, "Contract_1": null, "project__1": null, "Progress__": 0, "X_co_ord": 0.0, "Y_co_ord": 0.0, "layer": null, "path": null }, "geometry": { "type": "MultiLineString", "coordinates": [ [ [ 86.632658, 26.55982 ], [ 86.622069921206602, 26.559083592458869 ] ] ] } },
{ "type": "Feature", "properties": { "fid_1": 17.0, "contract_i": "KPCCIMO/PCS/LGIRMTP/NCB-04/2082-083\n", "contractor": "Nishu Construction Pvt. Ltd., Kathmandu-32, Kathmandu\n", "project_na": "Canal Lining Works in Pump Canal System and Augmentation Work at Khadak River \n", "chainage_s": null, "chainage_e": null, "contract_a": "46,59,500.64\n", "start_date": "2082/11/13\n", "completion": "2083/03/21\n", "progress_p": "10", "status": "Normal", "delay_reas": null, "supervisio": null, "remarks": null, "Photo": null, "Shape_Leng": 0.0, "id": 0, "contact_id": null, "Contract_1": null, "project__1": null, "Progress__": 0, "X_co_ord": 0.0, "Y_co_ord": 0.0, "layer": null, "path": null }, "geometry": { "type": "MultiLineString", "coordinates": [ [ [ 86.594028, 26.51535 ], [ 86.586382004844637, 26.516878752239492 ] ] ] } },
{ "type": "Feature", "properties": { "fid_1": 18.0, "contract_i": "KPCCIMO/DTW/AMIS/NCB-10/2082-83\n", "contractor": "Prince Nirman Sewa, Budiganga Ga. Pa.-2, Morang\n", "project_na": "Constructon of DTW and Pump Testing Works in Command Area of Koshi Pump Canal System  Branch D-10 and D-11\n", "chainage_s": null, "chainage_e": null, "contract_a": "48,70,444.16\n", "start_date": "2082/12/09\n", "completion": "2083/03/25\n", "progress_p": "10", "status": "Normal", "delay_reas": null, "supervisio": null, "remarks": null, "Photo": null, "Shape_Leng": 0.0, "id": 0, "contact_id": null, "Contract_1": null, "project__1": null, "Progress__": 0, "X_co_ord": 0.0, "Y_co_ord": 0.0, "layer": null, "path": null }, "geometry": { "type": "MultiLineString", "coordinates": [ [ [ 86.56833, 26.529722 ], [ 86.568382881809896, 26.523706005804392 ] ] ] } },
{ "type": "Feature", "properties": { "fid_1": 19.0, "contract_i": "KPCCIMO/DTW/AMIS/NCB-09/2082-83\n", "contractor": "New Reshma Construction & Drilling Sewa, Biratnagar-04, Morang\n", "project_na": "Constructon of DTW and Pump Test Works in Command Area of Koshi Pump Canal System  Branch D-08 and D-09 \n", "chainage_s": null, "chainage_e": null, "contract_a": "50,94,502.82\n", "start_date": "2082/12/09\n", "completion": "2083/03/25\n", "progress_p": "10", "status": "Normal", "delay_reas": null, "supervisio": null, "remarks": null, "Photo": null, "Shape_Leng": 0.0, "id": 0, "contact_id": null, "Contract_1": null, "project__1": null, "Progress__": 0, "X_co_ord": 0.0, "Y_co_ord": 0.0, "layer": null, "path": null }, "geometry": { "type": "MultiLineString", "coordinates": [ [ [ 86.567777, 26.516666 ], [ 86.566520903564921, 26.510361828382088 ] ] ] } },
{ "type": "Feature", "properties": { "fid_1": 20.0, "contract_i": "KPCCIMO/PHB/LGIRMTP/NCB-05/2082-083\n", "contractor": "Ridhima Construction Budiganga Ga. Pa-07, Morang\n", "project_na": "Maintenance of Pump House At Pump House B\n", "chainage_s": null, "chainage_e": null, "contract_a": "12,36,011.33\n", "start_date": "2082/11/13\n", "completion": "2083/03/21\n", "progress_p": "30", "status": "Normal", "delay_reas": null, "supervisio": null, "remarks": null, "Photo": null, "Shape_Leng": 0.0, "id": 0, "contact_id": null, "Contract_1": null, "project__1": null, "Progress__": 0, "X_co_ord": 0.0, "Y_co_ord": 0.0, "layer": null, "path": null }, "geometry": { "type": "MultiLineString", "coordinates": [ [ [ 86.760274, 26.551738 ], [ 86.755822025137121, 26.555980295383915 ] ] ] } },
{ "type": "Feature", "properties": { "fid_1": 21.0, "contract_i": "KPCCIMO/PHB/LGIRMTP/NCB-09/2082-083\n", "contractor": "Expert Electromech, Kageshowari Manohara Na.Pa.-09, Kathmandu\n", "project_na": "Repair and Maintenance of HT Pump no. 5 (205 KW/1.5 cumecs, 3.3KV) , 375 KW 3.3KV motor & electrical ittems in Pump House B\n", "chainage_s": null, "chainage_e": null, "contract_a": "30,91,481.54\n", "start_date": "2082/11/13\n", "completion": "2083/02/31\n", "progress_p": "40", "status": "Normal", "delay_reas": null, "supervisio": null, "remarks": null, "Photo": null, "Shape_Leng": 0.0, "id": 0, "contact_id": null, "Contract_1": null, "project__1": null, "Progress__": 0, "X_co_ord": 0.0, "Y_co_ord": 0.0, "layer": null, "path": null }, "geometry": { "type": "MultiLineString", "coordinates": [ [ [ 86.760556, 26.551667 ], [ 86.761407959872045, 26.55753194392139 ] ] ] } },
{ "type": "Feature", "properties": { "fid_1": 22.0, "contract_i": "KPCCIMO/PHA/AMIS/NCB-07/2082-83\n", "contractor": "Nepal Transformer & Allied Engineering Pvt. Ltd., Bhaktapur -02, Bhaktapur\n", "project_na": "Supply, delivery, Testing and commissioning of 2000kVA(33/3.3kV) Transformer at Pump House A.\n", "chainage_s": null, "chainage_e": null, "contract_a": "68,98,065.96\n", "start_date": "2082/12/12\n", "completion": "2083/02/31\n", "progress_p": "5", "status": "Normal", "delay_reas": null, "supervisio": null, "remarks": null, "Photo": null, "Shape_Leng": 0.0, "id": 0, "contact_id": null, "Contract_1": null, "project__1": null, "Progress__": 0, "X_co_ord": 0.0, "Y_co_ord": 0.0, "layer": null, "path": null }, "geometry": { "type": "MultiLineString", "coordinates": [ [ [ 86.766667, 26.522778 ], [ 86.768545543144441, 26.517189081946988 ] ] ] } },
{ "type": "Feature", "properties": { "fid_1": 23.0, "contract_i": "KPCCIMO/PHA/AMIS/NCB-05/2082-o83\n", "contractor": "Gamhariya Prawaha Nirman Sewa Pvt. Ltd, Tokha Na.Pa -06, Kathmandu\n", "project_na": "Supply, Repair and maintenance of HT Pump no.1 of  280KW(2.75cumecs,3.3KV)  at pump house A.\n", "chainage_s": null, "chainage_e": null, "contract_a": "26,66,229.00\n", "start_date": "2082/12/12\n", "completion": "2083/02/31\n", "progress_p": "5", "status": "Normal", "delay_reas": null, "supervisio": null, "remarks": null, "Photo": null, "Shape_Leng": 0.0, "id": 0, "contact_id": null, "Contract_1": null, "project__1": null, "Progress__": 0, "X_co_ord": 0.0, "Y_co_ord": 0.0, "layer": null, "path": null }, "geometry": { "type": "MultiLineString", "coordinates": [ [ [ 86.766667, 26.522778 ], [ 86.772269499634376, 26.520913038436934 ] ] ] } },
{ "type": "Feature", "properties": { "fid_1": 24.0, "contract_i": "KPCCIMO/PHA/AMIS/NCB-04/2082-083\n", "contractor": "Bishnu Nirman Sewa, Koshi Ga. Pa. -01, Sunsari\n", "project_na": "Repair and Maintenance of HT Pump no. 2 (280 KW/2.75 cumecs, 3.3KV)  & electrical ittems in Pump House A\n", "chainage_s": null, "chainage_e": null, "contract_a": "29,60,708.36\n", "start_date": "2082/11/13\n", "completion": "2083/02/31\n", "progress_p": "40", "status": "Normal", "delay_reas": null, "supervisio": null, "remarks": null, "Photo": null, "Shape_Leng": 0.0, "id": 0, "contact_id": null, "Contract_1": null, "project__1": null, "Progress__": 0, "X_co_ord": 0.0, "Y_co_ord": 0.0, "layer": null, "path": null }, "geometry": { "type": "MultiLineString", "coordinates": [ [ [ 86.766667, 26.522778 ], [ 86.763580267824508, 26.514396114579529 ] ] ] } },
{ "type": "Feature", "properties": { "fid_1": 25.0, "contract_i": "KPCCIMO/PHB/AMIS/NCB-06/2082-083\n", "contractor": "Gamhariya Prawaha Nirman Sewa Pvt. Ltd., Tokha Na.Pa -06, Kathmandu\n", "project_na": "Supply, Repair and maintenance of  pump no.2,3 and HT motor no.1( 375KW,2.75cumecs,3.3KV)  at pump house B.\n", "chainage_s": null, "chainage_e": null, "contract_a": "44,66,358.00\n", "start_date": "2082/12/12\n", "completion": "2083/02/31\n", "progress_p": "8", "status": "Normal", "delay_reas": null, "supervisio": null, "remarks": null, "Photo": null, "Shape_Leng": 0.0, "id": 0, "contact_id": null, "Contract_1": null, "project__1": null, "Progress__": 0, "X_co_ord": 0.0, "Y_co_ord": 0.0, "layer": null, "path": null }, "geometry": { "type": "MultiLineString", "coordinates": [ [ [ 86.760274, 26.551738 ], [ 86.762117523052822, 26.546177127170999 ] ] ] } },
{ "type": "Feature", "properties": { "fid_1": 26.0, "contract_i": "KPCCIMO/DCS/LGIRMTP/NCB-03/2082-083\n", "contractor": "Nityalaxmi Construction and Suppliers, Mahadeva Ga. Pa. -5, Saptari\n", "project_na": "Canal Maintenance, Constuction of Canal Lining and Gabion with boulder filling Works at M2L and M3L Branch\n", "chainage_s": null, "chainage_e": null, "contract_a": "43,38,813.72\n", "start_date": "2082/11/13\n", "completion": "2083/03/21\n", "progress_p": "60", "status": "Normal", "delay_reas": null, "supervisio": null, "remarks": null, "Photo": null, "Shape_Leng": 0.0, "id": 0, "contact_id": null, "Contract_1": null, "project__1": null, "Progress__": 0, "X_co_ord": 0.0, "Y_co_ord": 0.0, "layer": null, "path": null }, "geometry": { "type": "MultiLineString", "coordinates": [ [ [ 86.843889, 26.524045 ], [ 86.839423550358106, 26.510084603178161 ] ] ] } },
{ "type": "Feature", "properties": { "fid_1": 27.0, "contract_i": "KPCCIMO/DCS/LGIRMTP/NCB-02/2082-083\n", "contractor": "Everest Infra Projects Pvt. Ltd, Gokarneshwor Na. Pa. -04, Kathmandu\n", "project_na": "Canal Maintenance and Construction of Lining Works at M4L, M5L  Branch Canal\n", "chainage_s": null, "chainage_e": null, "contract_a": "31,66,484.88\n", "start_date": "2082/11/13\n", "completion": "2083/03/21\n", "progress_p": "10", "status": "Normal", "delay_reas": null, "supervisio": null, "remarks": null, "Photo": null, "Shape_Leng": 0.0, "id": 0, "contact_id": null, "Contract_1": null, "project__1": null, "Progress__": 0, "X_co_ord": 0.0, "Y_co_ord": 0.0, "layer": null, "path": null }, "geometry": { "type": "MultiLineString", "coordinates": [ [ [ 86.791939, 26.511586 ], [ 86.792784994404656, 26.502127314010746 ] ] ] } },
{ "type": "Feature", "properties": { "fid_1": 28.0, "contract_i": "KPCCIMO/DCS/LGIRMTP/NCB-10/2082-083\n", "contractor": "Green Spa Engineering Construction Pvt. Ltd, Khadak Na. Pa. -05, Saptari\n", "project_na": "Construction of RCC canal lining and canal maintenance works in Distribution canal system DL ( straight ) Branch canal\n", "chainage_s": null, "chainage_e": null, "contract_a": "51,34,677.19\n", "start_date": "2082/12/12\n", "completion": "2083/03/25\n", "progress_p": "10", "status": "Normal", "delay_reas": null, "supervisio": null, "remarks": null, "Photo": null, "Shape_Leng": 0.0, "id": 0, "contact_id": null, "Contract_1": null, "project__1": null, "Progress__": 0, "X_co_ord": 0.0, "Y_co_ord": 0.0, "layer": null, "path": null }, "geometry": { "type": "MultiLineString", "coordinates": [ [ [ 86.726667, 26.479167 ], [ 86.72625321553268, 26.47637664212176 ] ] ] } },
{ "type": "Feature", "properties": { "fid_1": 29.0, "contract_i": "KPCCIMO/DCS/AMIS/NCB-03/2082-083\n", "contractor": "Sambodhi Builders and Developers Pvt. Ltd., Koteshwor-32, Kathnamdu\n", "project_na": "Canal Maintenance and Construction of Lining Works at M6L, M7L and M8L Branch Canal\n", "chainage_s": null, "chainage_e": null, "contract_a": "31,20,709.83\n", "start_date": "2082/11/13\n", "completion": "2083/03/21\n", "progress_p": "70", "status": "Normal", "delay_reas": null, "supervisio": null, "remarks": null, "Photo": null, "Shape_Leng": 0.0, "id": 0, "contact_id": null, "Contract_1": null, "project__1": null, "Progress__": 0, "X_co_ord": 0.0, "Y_co_ord": 0.0, "layer": null, "path": null }, "geometry": { "type": "MultiLineString", "coordinates": [ [ [ 86.747069, 26.493028 ], [ 86.747472653312443, 26.479802697179952 ] ] ] } },
{ "type": "Feature", "properties": { "fid_1": 30.0, "contract_i": "KPCCIMO/DCS/LGIRMTP/NCB-11/2082-083\n", "contractor": "Gamhariya Prawaha Nirman Sewa Pvt. Ltd, Tokha Na.Pa -06, Kathmandu\n \n", "project_na": "Construction of Construction of VRB , Canal lining and Canal maintenance works in Distribution canal system DL ( straight ) and DL ( Left ) \n", "chainage_s": null, "chainage_e": null, "contract_a": "52,17,551.21\n", "start_date": "2082/12/12\n", "completion": "2083/03/25\n", "progress_p": "35", "status": "Normal", "delay_reas": null, "supervisio": null, "remarks": null, "Photo": null, "Shape_Leng": 0.0, "id": 0, "contact_id": null, "Contract_1": null, "project__1": null, "Progress__": 0, "X_co_ord": 0.0, "Y_co_ord": 0.0, "layer": null, "path": null }, "geometry": { "type": "MultiLineString", "coordinates": [ [ [ 86.726319, 26.473247 ], [ 86.731005485452116, 26.472397997538053 ], [ 86.731005485452116, 26.472397997538053 ] ] ] } },
{ "type": "Feature", "properties": { "fid_1": 31.0, "contract_i": "KPCCIMO/PCS/LGIRMTP/NCB-12/2082-083\n", "contractor": "Ma Santoshi Construction, Tilathi Koiladi Ga. Pa. -01, Saptari\n", "project_na": "Canal Lining  & Maintenance Works in Pump Canal System near D-4 & As Required Chainage ,D-0 , Bihapur Sub Minor & Rajbiraj Sub Minor.\n", "chainage_s": null, "chainage_e": null, "contract_a": "55,94,885.04\n", "start_date": "2082/12/12\n", "completion": "2083/03/30\n", "progress_p": "40", "status": "Normal", "delay_reas": null, "supervisio": null, "remarks": null, "Photo": null, "Shape_Leng": 0.0, "id": 0, "contact_id": null, "Contract_1": null, "project__1": null, "Progress__": 0, "X_co_ord": 0.0, "Y_co_ord": 0.0, "layer": null, "path": null }, "geometry": { "type": "MultiLineString", "coordinates": [ [ [ 86.756139, 26.559661 ], [ 86.752570249664288, 26.556085139995528 ] ] ] } },
{ "type": "Feature", "properties": { "fid_1": 32.0, "contract_i": "KPCCIMO/PCS/LGIRMTP/NCB-13/2082-083\n", "contractor": "Ma Santoshi Construction, Tilathi Koiladi Ga. Pa. -01, Saptari\n", "project_na": "Construction of VRB, Drop and Canal Lining Works in Pump Canal System D-0 and D-3 Branch Canal\n", "chainage_s": null, "chainage_e": null, "contract_a": "51,93,910.55\n", "start_date": "2082/12/12\n", "completion": "2083/03/30\n", "progress_p": "40", "status": "Normal", "delay_reas": null, "supervisio": null, "remarks": null, "Photo": null, "Shape_Leng": 0.0, "id": 0, "contact_id": null, "Contract_1": null, "project__1": null, "Progress__": 0, "X_co_ord": 0.0, "Y_co_ord": 0.0, "layer": null, "path": null }, "geometry": { "type": "MultiLineString", "coordinates": [ [ [ 86.695379, 26.561475 ], [ 86.695379, 26.561475 ], [ 86.694242538160253, 26.558928003245303 ], [ 86.698457818151297, 26.550889562332141 ] ] ] } },
{ "type": "Feature", "properties": { "fid_1": 33.0, "contract_i": "KPCCIMO/PCS/LGIRMTP/NCB-06/2082-083\n", "contractor": "Nishu Construction Pvt. Ltd.,  Kathmandu-32, Kathmandu\n", "project_na": "Construction of VRB, Outlet, Inlet, Canal Lining and Maintenance Works in Pump Canal System at Fulkahi, D-0, D-2, D-3 and D-5 Branch\n", "chainage_s": null, "chainage_e": null, "contract_a": "76,08,955.12\n", "start_date": "2082/11/13\n", "completion": "2083/03/21\n", "progress_p": "10", "status": "Normal", "delay_reas": null, "supervisio": null, "remarks": null, "Photo": null, "Shape_Leng": 0.0, "id": 0, "contact_id": null, "Contract_1": null, "project__1": null, "Progress__": 0, "X_co_ord": 0.0, "Y_co_ord": 0.0, "layer": null, "path": null }, "geometry": { "type": "MultiLineString", "coordinates": [ [ [ 86.651854, 26.54648 ], [ 86.653952303827225, 26.547164431177265 ], [ 86.653952303827225, 26.547164431177265 ], [ 86.655324720568487, 26.551085621866608 ] ] ] } },
{ "type": "Feature", "properties": { "fid_1": 6.0, "contract_i": "RJKIP/RTW-Karnali/NCB-11/077/78", "contractor": "Rajendra Nirman", "project_na": "RJKIP", "chainage_s": "0+000", "chainage_e": "0+500", "contract_a": "107092352", "start_date": "2071-03-30", "completion": "2026-06-03", "progress_p": "45", "status": "Delayed", "delay_reas": "Fuel shortage, price hike and shortage of big boulders", "supervisio": null, "remarks": null, "Photo": null, "Shape_Leng": 0.0, "id": 0, "contact_id": null, "Contract_1": null, "project__1": null, "Progress__": 0, "X_co_ord": 0.0, "Y_co_ord": 0.0, "layer": null, "path": null }, "geometry": { "type": "MultiLineString", "coordinates": [ [ [ 81.215847911129742, 28.601770425692564 ], [ 81.215060750820953, 28.600806306864762 ], [ 81.215060750820953, 28.600806306864762 ], [ 81.214969220552476, 28.600788000811065 ], [ 81.214544367556641, 28.600128220126084 ] ] ] } },
{ "type": "Feature", "properties": { "fid_1": 7.0, "contract_i": "RJKIP/RTW-KARNALI/NCB-12/078-79", "contractor": "Baraha Nirman Sewa", "project_na": "RJKIP", "chainage_s": "0+000", "chainage_e": "2+030", "contract_a": "114534509", "start_date": "2078-12-18", "completion": "2026-04-05", "progress_p": "75", "status": "Delayed", "delay_reas": "Lack of resources with contractor", "supervisio": null, "remarks": "Liquideted Damage", "Photo": null, "Shape_Leng": 0.0, "id": 0, "contact_id": null, "Contract_1": null, "project__1": null, "Progress__": 0, "X_co_ord": 0.0, "Y_co_ord": 0.0, "layer": null, "path": null }, "geometry": { "type": "MultiLineString", "coordinates": [ [ [ 81.106579076637914, 28.46552151906662 ], [ 81.105077980235123, 28.462922059442253 ], [ 81.104296921944226, 28.461335534788883 ], [ 81.103320599080618, 28.460224967531524 ], [ 81.101624238105089, 28.458589626734977 ], [ 81.098597637227897, 28.456344084148668 ], [ 81.094985242632546, 28.453952093132827 ], [ 81.094936426489369, 28.453952093132827 ], [ 81.09391128748257, 28.452926954126035 ], [ 81.09391128748257, 28.452926954126035 ] ] ] } },
{ "type": "Feature", "properties": { "fid_1": 8.0, "contract_i": "RJKIP/RTW/NCB-01/2081/82", "contractor": "Seti -Ramechhap JV", "project_na": "RJKIP", "chainage_s": "0+000", "chainage_e": "2+000", "contract_a": "29735179", "start_date": "2025-05-09", "completion": "2026-05-08", "progress_p": "60", "status": "Normal", "delay_reas": null, "supervisio": null, "remarks": "Price hike", "Photo": null, "Shape_Leng": 0.0, "id": 0, "contact_id": null, "Contract_1": null, "project__1": null, "Progress__": 0, "X_co_ord": 0.0, "Y_co_ord": 0.0, "layer": null, "path": null }, "geometry": { "type": "MultiLineString", "coordinates": [ [ [ 81.086222744931746, 28.64358297783134 ], [ 81.086747518470943, 28.642875143755219 ], [ 81.086887864882584, 28.642338166180235 ], [ 81.086784130578323, 28.641673046229396 ], [ 81.086210540895948, 28.641313027173442 ], [ 81.085423380587173, 28.64136184331662 ], [ 81.084752158618429, 28.64136184331662 ], [ 81.084282303240315, 28.64108725251123 ], [ 81.083940590238058, 28.640403826506702 ], [ 81.083800243826417, 28.639763114627456 ], [ 81.083641591361072, 28.638823403871232 ], [ 81.083421918716766, 28.638536609030044 ], [ 81.082158801011971, 28.638695261495368 ], [ 81.081707251687547, 28.638640343334291 ], [ 81.081139764023078, 28.638115569795097 ], [ 81.080496001134875, 28.637456551862169 ], [ 81.079965125577786, 28.636925676305079 ], [ 81.079843085219835, 28.636535147159634 ], [ 81.079891901363013, 28.635906639316186 ], [ 81.079537984324972, 28.635192703222184 ], [ 81.078366396888626, 28.634765561969353 ], [ 81.078366396888626, 28.634765561969353 ] ] ] } },
{ "type": "Feature", "properties": { "fid_1": 9.0, "contract_i": "RJKIP/LIFT/NCB-02/2081/82", "contractor": "U.M. Construction", "project_na": "RJKIP", "chainage_s": "0+000", "chainage_e": "0+300", "contract_a": "5000000", "start_date": "2025-07-24", "completion": "2026-07-23", "progress_p": "75", "status": "Normal", "delay_reas": null, "supervisio": null, "remarks": "Coordination with NEA office for 11kv LT line", "Photo": null, "Shape_Leng": 0.0, "id": 0, "contact_id": null, "Contract_1": null, "project__1": null, "Progress__": 0, "X_co_ord": 0.0, "Y_co_ord": 0.0, "layer": null, "path": null }, "geometry": { "type": "MultiLineString", "coordinates": [ [ [ 81.197737122010011, 28.585883822096395 ], [ 81.197566265508868, 28.585877720078496 ], [ 81.197520500374637, 28.585746526693697 ], [ 81.197773734117391, 28.58576483274739 ], [ 81.197734071001051, 28.585883822096395 ], [ 81.197734071001051, 28.585883822096395 ] ] ] } },
{ "type": "Feature", "properties": { "fid_1": 10.0, "contract_i": "NP-DOI-MRJKIP-384899-CW-RFB", "contractor": "Rayamjhi-N.S.-Nissan JV", "project_na": "RJKIP", "chainage_s": "0+000", "chainage_e": "5+000", "contract_a": "117090760", "start_date": "2024-05-20", "completion": "2026-05-19", "progress_p": "75", "status": "Delayed", "delay_reas": "Election, canal operation, shortage of materials, price hike", "supervisio": null, "remarks": null, "Photo": null, "Shape_Leng": 0.0, "id": 0, "contact_id": null, "Contract_1": null, "project__1": null, "Progress__": 0, "X_co_ord": 0.0, "Y_co_ord": 0.0, "layer": null, "path": null }, "geometry": { "type": "MultiLineString", "coordinates": [ [ [ 81.152536240014001, 28.600204429803703 ], [ 81.151480590922944, 28.600729203340297 ], [ 81.149875760223821, 28.601479751537983 ], [ 81.148643152614625, 28.601967912967371 ], [ 81.146336589860823, 28.602663543004248 ], [ 81.145567735609532, 28.601601791895327 ], [ 81.14471345310811, 28.599868818820998 ], [ 81.144017823071223, 28.599417269498812 ], [ 81.142565542818801, 28.59984441074953 ], [ 81.141198690816509, 28.600466816571998 ], [ 81.140106429618257, 28.601284486966225 ], [ 81.13975251258195, 28.601537720707721 ], [ 81.139230790054299, 28.60174518931521 ], [ 81.138821954857193, 28.601995372047778 ], [ 81.136637432460645, 28.599188443828798 ], [ 81.133781688098722, 28.59789481604092 ], [ 81.132512468382316, 28.596503555967164 ], [ 81.13229279573909, 28.596039802609244 ], [ 81.131462921309122, 28.596405923681285 ], [ 81.130144885449823, 28.595478416965452 ], [ 81.129266194876919, 28.595624865394271 ], [ 81.128436320446966, 28.595283152393698 ], [ 81.12804579130345, 28.594965847464596 ], [ 81.125190046941569, 28.596918493182152 ], [ 81.122407526794078, 28.595112295893404 ], [ 81.119039212931284, 28.59230536767442 ], [ 81.118404603073088, 28.592634876639259 ], [ 81.118038482001026, 28.593110834032913 ], [ 81.11723301564254, 28.593769851962588 ], [ 81.116500773498458, 28.594294625499181 ], [ 81.116329916998168, 28.594959745446722 ], [ 81.116268896819506, 28.595252642304356 ], [ 81.115402410282385, 28.595560794206669 ] ] ] } },
{ "type": "Feature", "properties": { "fid_1": 11.0, "contract_i": "NP-DOI-MRJKIP-150738-CW-RFB", "contractor": "GVV- Gauriparbati Nirman Sewa JV", "project_na": "RJKIP", "chainage_s": "0+000", "chainage_e": "15+000", "contract_a": "569615156", "start_date": "2020-12-16", "completion": "2026-05-30", "progress_p": "74", "status": "Delayed", "delay_reas": "canal operation, poor resources management by conreactor", "supervisio": "previously opointed under phase 2 of WB", "remarks": "Suprevision by project since last 10 months", "Photo": null, "Shape_Leng": 0.0, "id": 0, "contact_id": null, "Contract_1": null, "project__1": null, "Progress__": 0, "X_co_ord": 0.0, "Y_co_ord": 0.0, "layer": null, "path": null }, "geometry": { "type": "MultiLineString", "coordinates": [ [ [ 81.056115586059519, 28.458543796756473 ], [ 81.055316221718897, 28.45790918689827 ], [ 81.053894451555806, 28.456664375253329 ], [ 81.053217127572523, 28.456127397681001 ], [ 81.049568120887869, 28.45308249076519 ], [ 81.047871759920753, 28.451532578226882 ], [ 81.046797804776091, 28.450385398867819 ], [ 81.042013822768084, 28.445515988609678 ], [ 81.03996354476466, 28.443612159035062 ], [ 81.037742410260933, 28.441293392245466 ], [ 81.036277925972769, 28.439828907957303 ], [ 81.036107069472493, 28.441000495387833 ], [ 81.036741679330689, 28.442367347390121 ], [ 81.037644777975061, 28.44414913660739 ], [ 81.037718002189465, 28.446297046896699 ], [ 81.037620369903593, 28.447541858541641 ], [ 81.036839311616575, 28.448200876471315 ], [ 81.035985029115139, 28.449079567044212 ], [ 81.035594499971623, 28.450470827117972 ], [ 81.035374827328411, 28.451862087191728 ], [ 81.034679197291524, 28.453082490765205 ], [ 81.034117811647732, 28.453814732909287 ], [ 81.033995771290378, 28.455181584911575 ], [ 81.0341422197192, 28.45620672391329 ], [ 81.033483201789522, 28.456816925700025 ], [ 81.033409977575118, 28.458086145416434 ], [ 81.033654058289812, 28.458671939131701 ], [ 81.034581565005652, 28.459257732846968 ], [ 81.035631112078832, 28.460136423419868 ], [ 81.03670506722348, 28.461185970493052 ], [ 81.038511264512223, 28.4625040063524 ], [ 81.039804892300097, 28.46348032921118 ], [ 81.041367008874147, 28.464359019784077 ], [ 81.042636228590553, 28.465042445785222 ], [ 81.043783407949618, 28.465237710356977 ], [ 81.044784138879862, 28.465847912143712 ], [ 81.046199807025076, 28.467654109432448 ], [ 81.047029681455044, 28.469411490578249 ], [ 81.048982327172595, 28.470070508507924 ], [ 81.052716762107423, 28.470119324650859 ], [ 81.052789986321827, 28.47053426186584 ], [ 81.052814394393295, 28.47141295243874 ], [ 81.053595452680312, 28.472218418797233 ], [ 81.05454736746762, 28.472608947940742 ], [ 81.055426058040524, 28.474000208014498 ], [ 81.05576777104109, 28.474878898587399 ], [ 81.05674409389988, 28.475464692302666 ], [ 81.059136084903855, 28.476318974804101 ], [ 81.061064322549939, 28.476880360447897 ], [ 81.062113869623118, 28.477368521877285 ], [ 81.063627170054232, 28.478466885093411 ], [ 81.06440822834125, 28.479833737095696 ], [ 81.06626324177293, 28.480590387311249 ], [ 81.066751403202318, 28.48100532452623 ], [ 81.067166340417302, 28.480565979239781 ], [ 81.067800950275497, 28.47885741423692 ], [ 81.069582739492773, 28.476880360447897 ], [ 81.071633017496197, 28.475220611587975 ], [ 81.072584932283505, 28.474244288729199 ], [ 81.070192941279544, 28.471290912081407 ], [ 81.073268358284693, 28.469972876222059 ], [ 81.075123371716373, 28.467141539931603 ], [ 81.076002062289277, 28.462162293351842 ], [ 81.077173649719796, 28.460551360634859 ], [ 81.076734304433359, 28.457134230629141 ], [ 81.076050878432213, 28.455572114055098 ], [ 81.073902968142903, 28.454888688053952 ], [ 81.072926645284127, 28.453326571479909 ], [ 81.075074555573465, 28.446882840611988 ], [ 81.072877829141206, 28.443758607463899 ], [ 81.070290573565458, 28.440927271173447 ], [ 81.070241757422508, 28.437070795881276 ], [ 81.070729918851896, 28.435069334020785 ], [ 81.072682564569462, 28.434093011162009 ] ] ] } },
{ "type": "Feature", "properties": { "fid_1": 12.0, "contract_i": "NP-DOI-MRJKIP-223196-CW-RFB (Rani Pilot)", "contractor": "Thegim-Sunlight JV", "project_na": "RJKIP", "chainage_s": "0+000", "chainage_e": "2+800", "contract_a": "97346476", "start_date": "2023-04-24", "completion": "2026-04-30", "progress_p": "88", "status": "Delayed", "delay_reas": "canal operation", "supervisio": null, "remarks": null, "Photo": null, "Shape_Leng": 0.0, "id": 0, "contact_id": null, "Contract_1": null, "project__1": null, "Progress__": 0, "X_co_ord": 0.0, "Y_co_ord": 0.0, "layer": null, "path": null }, "geometry": { "type": "MultiLineString", "coordinates": [ [ [ 81.096860969539733, 28.469972235590266 ], [ 81.096149483865872, 28.470100698281378 ], [ 81.095536815646724, 28.469833891153684 ], [ 81.094993319645852, 28.469695546717098 ], [ 81.094301597462945, 28.469527557044106 ], [ 81.093797628443951, 28.469616492753339 ], [ 81.093333186406852, 28.469626374498809 ], [ 81.093412240370611, 28.469201459443589 ], [ 81.093367772516004, 28.469013706279654 ], [ 81.093051556660953, 28.468727135661016 ], [ 81.092814394769661, 28.468504796387936 ], [ 81.092784749533251, 28.467995886496219 ], [ 81.092735340805902, 28.467669788895702 ], [ 81.092750163424114, 28.467294282567835 ], [ 81.093427062988823, 28.466444452457385 ], [ 81.093624697898221, 28.465915779074727 ], [ 81.093916209389604, 28.465322874346512 ], [ 81.094010085971561, 28.465046185473348 ], [ 81.094805566481895, 28.464156828381022 ], [ 81.094924147427534, 28.463771440307685 ], [ 81.094934029173004, 28.463465106198107 ], [ 81.094578286336059, 28.463168653834003 ], [ 81.094341124444767, 28.462990782415542 ] ] ] } },
{ "type": "Feature", "properties": { "fid_1": 6.0, "contract_i": "BLBRT/NCB-01/Bagmati / 2081-82", "contractor": "Shreeji Builders Pvt. Ltd, Gaur Paroha", "project_na": "IWRMP,Rautahat", "chainage_s": null, "chainage_e": null, "contract_a": "8374100.87", "start_date": "2081-12-20", "completion": "2083-03-15", "progress_p": "47", "status": "Normal", "delay_reas": null, "supervisio": null, "remarks": null, "Photo": null, "Shape_Leng": 0.0, "id": 0, "contact_id": null, "Contract_1": null, "project__1": null, "Progress__": 0, "X_co_ord": 0.0, "Y_co_ord": 0.0, "layer": null, "path": null }, "geometry": { "type": "MultiLineString", "coordinates": [ [ [ 85.326097993394569, 26.757502796367028 ], [ 85.326121983486445, 26.757525187119441 ] ] ] } },
{ "type": "Feature", "properties": { "fid_1": 7.0, "contract_i": "I/BLBRT/Work/NCB/ 2081-82", "contractor": "Mani Construction , Prasauni-7, Auraha", "project_na": "Construction of New Spur,Tikuliya, Gaur na. pa.", "chainage_s": null, "chainage_e": null, "contract_a": "10629258.39", "start_date": "2081-12-20", "completion": "2083-02-20", "progress_p": "80", "status": "Normal", "delay_reas": null, "supervisio": null, "remarks": null, "Photo": null, "Shape_Leng": 0.0, "id": 0, "contact_id": null, "Contract_1": null, "project__1": null, "Progress__": 0, "X_co_ord": 0.0, "Y_co_ord": 0.0, "layer": null, "path": null }, "geometry": { "type": "MultiLineString", "coordinates": [ [ [ 85.262314593824073, 26.774855060628855 ], [ 85.262186646667445, 26.7749446236385 ], [ 85.262122673089124, 26.775034186648146 ] ] ] } },
{ "type": "Feature", "properties": { "fid_1": 8.0, "contract_i": "BLBRT/NCB-06/Lalbakeya / 2081-82", "contractor": "Kushal/Nitu J.V., VDC  Bhikhampur-1,Parsa ,Dhobani", "project_na": "IWRMP,Rautahat", "chainage_s": null, "chainage_e": null, "contract_a": "11206824", "start_date": "2081-12-20", "completion": "2083-02-20", "progress_p": "80", "status": "Normal", "delay_reas": null, "supervisio": null, "remarks": null, "Photo": null, "Shape_Leng": 0.0, "id": 0, "contact_id": null, "Contract_1": null, "project__1": null, "Progress__": 0, "X_co_ord": 0.0, "Y_co_ord": 0.0, "layer": null, "path": null }, "geometry": { "type": "MultiLineString", "coordinates": [ [ [ 85.230914461715656, 26.995236127715661 ], [ 85.230799309274687, 26.995069796412036 ] ] ] } },
{ "type": "Feature", "properties": { "fid_1": 9.0, "contract_i": "BLBRT/NCB-07/Lalbakeya / 2081-82", "contractor": "itu/ Bipin J.V., VDC  Bhikhampur-1,Parsa ,Dhobani", "project_na": "IWRMP,Rautahat", "chainage_s": null, "chainage_e": null, "contract_a": "7645439.88", "start_date": "2082-12-26", "completion": "2083-02-19", "progress_p": "60", "status": "Normal", "delay_reas": null, "supervisio": null, "remarks": null, "Photo": null, "Shape_Leng": 0.0, "id": 0, "contact_id": null, "Contract_1": null, "project__1": null, "Progress__": 0, "X_co_ord": 0.0, "Y_co_ord": 0.0, "layer": null, "path": null }, "geometry": { "type": "MultiLineString", "coordinates": [ [ [ 85.256097506347274, 26.881452945550297 ], [ 85.256131092475883, 26.881454544889756 ], [ 85.256169476622873, 26.881460942247589 ], [ 85.256313417174098, 26.881484932339458 ] ] ] } },
{ "type": "Feature", "properties": { "fid_1": 10.0, "contract_i": "BLBRT/NCB-08/Lalbakeya / 2081-82", "contractor": "Nitu/ Bipin J.V., VDC  Bhikhampur-1,Parsa ,Dhobani", "project_na": "Construction of New Spur at Baudimai Na.Pa. Inerwa", "chainage_s": null, "chainage_e": null, "contract_a": "10504043.36", "start_date": "2082-12-26", "completion": "2083-02-19", "progress_p": "40", "status": "Normal", "delay_reas": null, "supervisio": null, "remarks": null, "Photo": null, "Shape_Leng": 0.0, "id": 0, "contact_id": null, "Contract_1": null, "project__1": null, "Progress__": 0, "X_co_ord": 0.0, "Y_co_ord": 0.0, "layer": null, "path": null }, "geometry": { "type": "MultiLineString", "coordinates": [ [ [ 85.262923536587962, 26.775488139230131 ], [ 85.262821178862652, 26.775596894313271 ] ] ] } },
{ "type": "Feature", "properties": { "fid_1": 11.0, "contract_i": null, "contractor": null, "project_na": "IWRMP, Rautahat", "chainage_s": null, "chainage_e": null, "contract_a": null, "start_date": null, "completion": null, "progress_p": null, "status": "Normal", "delay_reas": null, "supervisio": null, "remarks": null, "Photo": null, "Shape_Leng": 0.0, "id": 0, "contact_id": null, "Contract_1": null, "project__1": null, "Progress__": 0, "X_co_ord": 0.0, "Y_co_ord": 0.0, "layer": null, "path": null }, "geometry": { "type": "MultiLineString", "coordinates": [ [ [ 85.351753740175937, 26.877519206980715 ], [ 85.352316707665125, 26.877519206980715 ] ] ] } },
{ "type": "Feature", "properties": { "fid_1": 12.0, "contract_i": "BLBRT/NCB-12/Lalbakeya / 2081-82", "contractor": "Nova Infratech Pvt Ltd.", "project_na": "Irrigation and Water Resources Management Project, Rautahat", "chainage_s": null, "chainage_e": null, "contract_a": null, "start_date": null, "completion": null, "progress_p": null, "status": "Normal", "delay_reas": null, "supervisio": null, "remarks": "Construction of Revertment work", "Photo": null, "Shape_Leng": 0.0, "id": 0, "contact_id": null, "Contract_1": null, "project__1": null, "Progress__": 0, "X_co_ord": 0.0, "Y_co_ord": 0.0, "layer": null, "path": null }, "geometry": { "type": "MultiLineString", "coordinates": [ [ [ 85.265183218495167, 26.877864755083142 ], [ 85.264697019299959, 26.877519297760223 ] ] ] } },
{ "type": "Feature", "properties": { "fid_1": 13.0, "contract_i": "PRBFRMP/WORKS/Lakhandehi/CW-11", "contractor": "TUNDI-BIDARI JV Kathmandu", "project_na": "IWRMP,Rautahat", "chainage_s": "0+000", "chainage_e": "2+827", "contract_a": "143940228.09", "start_date": "18-Dec-24\n", "completion": "26-Jun-26\n", "progress_p": "51", "status": "Normal", "delay_reas": null, "supervisio": null, "remarks": "Extension of Flood Control Works at Lakhandehi River Basin", "Photo": null, "Shape_Leng": 0.0, "id": 0, "contact_id": null, "Contract_1": null, "project__1": null, "Progress__": 0, "X_co_ord": 0.0, "Y_co_ord": 0.0, "layer": null, "path": null }, "geometry": { "type": "MultiLineString", "coordinates": [ [ [ 85.556969, 27.01875279471566 ], [ 85.556764284549374, 27.018637642274687 ], [ 85.55633566157465, 27.018464913613226 ], [ 85.556022191040881, 27.018170635152963 ], [ 85.554629166373019, 27.016784007842922 ], [ 85.554259718958221, 27.016424156464883 ], [ 85.554227732169068, 27.016315401381743 ], [ 85.550498072553154, 27.012894414281192 ], [ 85.547798387548141, 27.01061695489307 ], [ 85.546518915981778, 27.009439841052018 ], [ 85.544727655788876, 27.007443865408494 ], [ 85.539968021562004, 27.003016893788896 ], [ 85.537178773547325, 27.001865369379171 ] ] ] } },
{ "type": "Feature", "properties": { "fid_1": 14.0, "contract_i": "PRBFRMP/WORKS/Lakhandehi/CW-11", "contractor": "TUNDI-BIDARI JV Kathmandu", "project_na": "Irrigation and Water Resources Management Project, Rautahat", "chainage_s": "0+000", "chainage_e": "0+400", "contract_a": "143940228.09", "start_date": "18-Dec-24\n", "completion": "26-Jun-26\n", "progress_p": "0", "status": "Delayed", "delay_reas": null, "supervisio": null, "remarks": "Scope changed, variation submitted", "Photo": null, "Shape_Leng": 0.0, "id": 0, "contact_id": null, "Contract_1": null, "project__1": null, "Progress__": 0, "X_co_ord": 0.0, "Y_co_ord": 0.0, "layer": null, "path": null }, "geometry": { "type": "MultiLineString", "coordinates": [ [ [ 85.537807313954332, 26.997675099999338 ], [ 85.53734190617206, 26.997297655887259 ], [ 85.535737768695739, 26.996006988944693 ], [ 85.534790959736625, 26.994989809049436 ] ] ] } },
{ "type": "Feature", "properties": { "fid_1": 15.0, "contract_i": "PRBFRMP/Works/Lak/CW-15", "contractor": "BANDAN BHAGWATI-PRITHVI JV Kathmandu", "project_na": "Irrigation and Water Resources Management Project, Rautahat", "chainage_s": "0+000", "chainage_e": "3+675", "contract_a": "114934376.70", "start_date": "11th March 2026", "completion": "3rd June, 2027", "progress_p": "5", "status": "Normal", "delay_reas": null, "supervisio": null, "remarks": null, "Photo": null, "Shape_Leng": 0.0, "id": 0, "contact_id": null, "Contract_1": null, "project__1": null, "Progress__": 0, "X_co_ord": 0.0, "Y_co_ord": 0.0, "layer": null, "path": null }, "geometry": { "type": "MultiLineString", "coordinates": [ [ [ 85.584210794715631, 27.073883635669265 ], [ 85.584050860769835, 27.073947609247583 ], [ 85.583862138713798, 27.073960403963245 ], [ 85.583695807410166, 27.073928417174088 ], [ 85.583529476106534, 27.07383245680661 ], [ 85.583231998967364, 27.073566966456589 ], [ 85.582940919186001, 27.073224707812582 ], [ 85.582836962121235, 27.073064773866786 ], [ 85.582688223551656, 27.072886447517224 ], [ 85.582557077716103, 27.072729712250347 ], [ 85.582500301165354, 27.07268013272715 ], [ 85.582333969861722, 27.072563380946711 ], [ 85.582174835585661, 27.072459423881941 ], [ 85.581359972131835, 27.072029201567762 ], [ 85.581168051396887, 27.071942037567304 ], [ 85.581010516460282, 27.07186686861278 ], [ 85.580837787798828, 27.071776106098547 ], [ 85.580769815871861, 27.071740120960744 ], [ 85.58062667499037, 27.071671349364049 ], [ 85.58049073113645, 27.071606576116 ], [ 85.580405166475444, 27.071567392299283 ], [ 85.580242033850737, 27.07150661739988 ], [ 85.580022124675267, 27.071413056041585 ], [ 85.579799016820886, 27.071295504591426 ], [ 85.579143287643134, 27.070958043965792 ], [ 85.57898655237625, 27.070877277323163 ], [ 85.578777838576997, 27.070764523891377 ], [ 85.578274846317484, 27.070483439981651 ], [ 85.577928589324841, 27.070295517595333 ], [ 85.577730271232056, 27.070197158218669 ], [ 85.577575135304627, 27.070116391576043 ], [ 85.574965413144113, 27.068683383421721 ], [ 85.57451519908669, 27.068457476723278 ], [ 85.574403245324632, 27.068385506447669 ], [ 85.57429768892041, 27.068319933529892 ], [ 85.574195331195099, 27.068262357309408 ], [ 85.574094572809244, 27.068219175144041 ], [ 85.573817887083038, 27.068057641858807 ], [ 85.573611572292961, 27.0679552841335 ], [ 85.573472429760116, 27.067894509234097 ], [ 85.573202941061453, 27.067747769838835 ], [ 85.572316107332014, 27.067305952313585 ], [ 85.572119388578685, 27.067203594588278 ], [ 85.571127798114759, 27.066718994732543 ], [ 85.570724764571352, 27.066507881924093 ], [ 85.570219373302635, 27.066271179684318 ], [ 85.569790750327911, 27.066034477444539 ], [ 85.56950926658331, 27.065855351425249 ], [ 85.569093438324245, 27.065388344303528 ] ] ] } },
{ "type": "Feature", "properties": { "fid_1": 16.0, "contract_i": "PRBFRMP/Works/Lak/CW-15", "contractor": "BANDAN BHAGWATI-PRITHVI JV Kathmandu", "project_na": "Irrigation and Water Resources Management Project, Rautahat", "chainage_s": "0+000", "chainage_e": "0+537", "contract_a": "114934376.7", "start_date": "11th March 2026", "completion": "3rd June, 2027", "progress_p": "0", "status": "Normal", "delay_reas": null, "supervisio": null, "remarks": null, "Photo": null, "Shape_Leng": 0.0, "id": 0, "contact_id": null, "Contract_1": null, "project__1": null, "Progress__": 0, "X_co_ord": 0.0, "Y_co_ord": 0.0, "layer": null, "path": null }, "geometry": { "type": "MultiLineString", "coordinates": [ [ [ 85.55043278150481, 27.009342586128607 ], [ 85.550221668696366, 27.00913147332016 ], [ 85.550119310971056, 27.008945949943037 ], [ 85.549965774383097, 27.008491737536978 ], [ 85.54978025100597, 27.008043922488753 ], [ 85.549549946124017, 27.007538531220039 ], [ 85.54930684652642, 27.007109908245308 ], [ 85.549159707296283, 27.00687320600553 ], [ 85.547957004023885, 27.005497774071706 ] ] ] } },
{ "type": "Feature", "properties": { "fid_1": 17.0, "contract_i": "PEP-3/LKRFCW/NCB-03/081-82", "contractor": "Janki Nirman Sewa Labtoli Dhanusa", "project_na": "Irrigation and Water Resources Management Project, Rautahat", "chainage_s": null, "chainage_e": null, "contract_a": "2265889.46 \n", "start_date": null, "completion": null, "progress_p": null, "status": null, "delay_reas": null, "supervisio": null, "remarks": null, "Photo": null, "Shape_Leng": 0.0, "id": 0, "contact_id": null, "Contract_1": null, "project__1": null, "Progress__": 0, "X_co_ord": 0.0, "Y_co_ord": 0.0, "layer": null, "path": null }, "geometry": { "type": "MultiLineString", "coordinates": [ [ [ 85.501430723650302, 26.845891201924527 ], [ 85.501347557998486, 26.845577731390769 ], [ 85.501309173851496, 26.845187492563028 ], [ 85.501360352714144, 26.844343041329228 ] ] ] } },
{ "type": "Feature", "properties": { "fid_1": 18.0, "contract_i": "IWRMPR/LBK/NCB-01/2082-83", "contractor": "Prime -Sambriddi- Sampanna  J.V., Hatigauda Kathmandu", "project_na": "Irrigation and Water Resources Management Project, Rautahat", "chainage_s": "0+000", "chainage_e": "0+325", "contract_a": "15,942,557.24 \n", "start_date": "06 April, 2026", "completion": "29th June,2026", "progress_p": "20", "status": "Normal", "delay_reas": null, "supervisio": null, "remarks": "Construction of Embankment  with Revetment  work in lalbakeya River", "Photo": null, "Shape_Leng": 0.0, "id": 0, "contact_id": null, "Contract_1": null, "project__1": null, "Progress__": 0, "X_co_ord": 0.0, "Y_co_ord": 0.0, "layer": null, "path": null }, "geometry": { "type": "MultiLineString", "coordinates": [ [ [ 85.229528231706027, 26.918877998303625 ], [ 85.231332286614588, 26.91685003587094 ], [ 85.231735320157995, 26.916415015538384 ] ] ] } },
{ "type": "Feature", "properties": { "fid_1": 19.0, "contract_i": "IWRMPR/LBK/NCB-02/2082-83", "contractor": "Jayadesh Construction Company Pvt.Ltd.", "project_na": "Irrigation and Water Resources Management Project, Rautahat", "chainage_s": "0+000", "chainage_e": "0+180", "contract_a": "9,354,991.73 \n", "start_date": "18th March, 2026", "completion": "29th June,2026", "progress_p": "20", "status": "Normal", "delay_reas": null, "supervisio": null, "remarks": "Construction of Embankment  with Revetment  work at Maulapur i Na.Pa.,1 Maryadpur Rautahat", "Photo": null, "Shape_Leng": 0.0, "id": 0, "contact_id": null, "Contract_1": null, "project__1": null, "Progress__": 0, "X_co_ord": 0.0, "Y_co_ord": 0.0, "layer": null, "path": null }, "geometry": { "type": "MultiLineString", "coordinates": [ [ [ 85.223627873980703, 26.95294833130362 ], [ 85.225367955310958, 26.95170724388425 ] ] ] } },
{ "type": "Feature", "properties": { "fid_1": 20.0, "contract_i": "IWRMPR/BANKE/NCB-03/2082-83", "contractor": "Bagmati Nirman Sewa, Bagmati 11, Sarlahi", "project_na": "Irrigation and Water Resources Management Project, Rautahat", "chainage_s": null, "chainage_e": null, "contract_a": "6,065,345.06 \n", "start_date": "20th March, 2026", "completion": "29th June,2026", "progress_p": "80", "status": null, "delay_reas": null, "supervisio": null, "remarks": "Construction of Embankment  with Revetment  & Lunching Work at work at L/B of Banke River U/S of Bridge Near Haripurwa 7,8 Basantapur, Sarlahi", "Photo": null, "Shape_Leng": 0.0, "id": 0, "contact_id": null, "Contract_1": null, "project__1": null, "Progress__": 0, "X_co_ord": 0.0, "Y_co_ord": 0.0, "layer": null, "path": null }, "geometry": { "type": "MultiLineString", "coordinates": [ [ [ 85.713171128015659, 26.928558756791592 ], [ 85.713286280456643, 26.928098147027701 ], [ 85.713247896309653, 26.92756076896983 ], [ 85.712864054839741, 26.926921033186648 ] ] ] } },
{ "type": "Feature", "properties": { "fid_1": 21.0, "contract_i": "IWRMPR/BAGMATI/NCB-04/2082-83", "contractor": "United Construction\nJhunkhunwa-8, Rautahat\n", "project_na": "Irrigation and Water Resources Management Project, Rautahat", "chainage_s": null, "chainage_e": null, "contract_a": "6,397,281.65 \n", "start_date": "20th march,2026", "completion": "29th June, 2026", "progress_p": "5", "status": "Normal", "delay_reas": null, "supervisio": null, "remarks": "Repair and Maintaince of Spur no.9", "Photo": null, "Shape_Leng": 0.0, "id": 0, "contact_id": null, "Contract_1": null, "project__1": null, "Progress__": 0, "X_co_ord": 0.0, "Y_co_ord": 0.0, "layer": null, "path": null }, "geometry": { "type": "MultiLineString", "coordinates": [ [ [ 85.327252589431325, 26.825773615853006 ], [ 85.328660008154316, 26.825172264216818 ] ] ] } },
{ "type": "Feature", "properties": { "fid_1": 22.0, "contract_i": "IWRMPR/BAGMATI/NCB-04/2082-83", "contractor": "United Construction\nJhunkhunwa-8, Rautahat\n", "project_na": "Irrigation and Water Resources Management Project, Rautahat", "chainage_s": null, "chainage_e": null, "contract_a": "6,397,281.65 \n", "start_date": "20th March, 2026", "completion": "29th June,2026", "progress_p": "0", "status": "Delayed", "delay_reas": null, "supervisio": null, "remarks": "Repair and Maintaince of Spur no.15", "Photo": null, "Shape_Leng": 0.0, "id": 0, "contact_id": null, "Contract_1": null, "project__1": null, "Progress__": 0, "X_co_ord": 0.0, "Y_co_ord": 0.0, "layer": null, "path": null }, "geometry": { "type": "MultiLineString", "coordinates": [ [ [ 85.340751861802474, 26.856026516255401 ], [ 85.339856231706023, 26.856333589431326 ] ] ] } },
{ "type": "Feature", "properties": { "fid_1": 0.0, "contract_i": "IWRMPROLPA/CHATHI-PATA /NCB-06/2082-083", "contractor": "Biju Nirman Sewa", "project_na": "Construction of Embankment and Vertical Revetment with Launching Apron For Jhimruk River Management Works at Chathi pata ,Jhimruk Rural Municipality-7,Pyuthan", "chainage_s": null, "chainage_e": null, "contract_a": "2,613,773.44 \n", "start_date": "2082/12/08", "completion": "2083/03/10", "progress_p": "60", "status": "Normal", "delay_reas": null, "supervisio": null, "remarks": null, "Photo": null, "Shape_Leng": 0.0, "id": 0, "contact_id": null, "Contract_1": null, "project__1": null, "Progress__": 0, "X_co_ord": 0.0, "Y_co_ord": 0.0, "layer": null, "path": null }, "geometry": { "type": "MultiLineString", "coordinates": [ [ [ 82.950070539529918, 28.148124278846151 ], [ 82.950009962606842, 28.147715384615385 ], [ 82.949974626068382, 28.147422596153845 ], [ 82.949914049145306, 28.147099519230771 ], [ 82.94988880876069, 28.146968269230769 ], [ 82.949873664529918, 28.146922836538462 ], [ 82.949636404914543, 28.146968269230769 ], [ 82.949419337606841, 28.147028846153848 ] ] ] } },
{ "type": "Feature", "properties": { "fid_1": 0.0, "contract_i": "IWRMPROLPA/SISNEY/NCB-07/2082-083", "contractor": "D.T.S. Construction & Suppliers Pvt. Ltd.", "project_na": "Construction of Vertical Revetment with Launching Apron for Sani bheri River Management Works at Different Places of Sisney Rural Municipality 3 and 4,East Rukum.", "chainage_s": null, "chainage_e": null, "contract_a": "2,691,171.91 \n", "start_date": "2082/11/28", "completion": "2083/03/15", "progress_p": "30", "status": "Normal", "delay_reas": null, "supervisio": null, "remarks": null, "Photo": null, "Shape_Leng": 0.0, "id": 0, "contact_id": null, "Contract_1": null, "project__1": null, "Progress__": 0, "X_co_ord": 0.0, "Y_co_ord": 0.0, "layer": null, "path": null }, "geometry": { "type": "MultiLineString", "coordinates": [ [ [ 82.569863004326805, 28.637398364903859 ], [ 82.57089281201911, 28.636752211057711 ], [ 82.571291610096026, 28.636439230288484 ], [ 82.571513725480642, 28.636257499519257 ], [ 82.57179641778832, 28.636065672596182 ], [ 82.57199834086525, 28.635924326442339 ] ] ] } },
{ "type": "Feature", "properties": { "fid_1": 6.0, "contract_i": "IWRMPROLPA/TIKURI/NCB-09/2082-083", "contractor": "Safalta Group of Construction Pvt Ltd", "project_na": "Construction of Embankment, Toe Wall and Slope Revetment with Launching Apron at Tikuri(Buspark), Pyuthan -07,Pyuthan", "chainage_s": null, "chainage_e": null, "contract_a": "6,738,519.40 \n", "start_date": "2082/12/16", "completion": "2083/03/15", "progress_p": "30", "status": "Normal", "delay_reas": null, "supervisio": null, "remarks": null, "Photo": null, "Shape_Leng": 0.0, "id": 0, "contact_id": null, "Contract_1": null, "project__1": null, "Progress__": 0, "X_co_ord": 0.0, "Y_co_ord": 0.0, "layer": null, "path": null }, "geometry": { "type": "MultiLineString", "coordinates": [ [ [ 82.876134357496497, 28.114463579534942 ], [ 82.875089415162009, 28.11320565532337 ] ] ] } },
{ "type": "Feature", "properties": { "fid_1": 7.0, "contract_i": "IWRMPROLPA/UPALLOGEJBAN/NCB-04/2082-083", "contractor": "Amod Nirman Sewa", "project_na": "Construction of Slope Revetment and Vertical Revetmet with Launching Apron For Jhimruk Right Bank Management Works at Pyuthan Rural Municipality-8 Upallo Gejbang and Khaprikhola Khet.", "chainage_s": null, "chainage_e": null, "contract_a": "5,930,262.80 \n", "start_date": "2082/11/2", "completion": "2083/03/10", "progress_p": "35", "status": "Normal", "delay_reas": null, "supervisio": null, "remarks": null, "Photo": null, "Shape_Leng": 0.0, "id": 0, "contact_id": null, "Contract_1": null, "project__1": null, "Progress__": 0, "X_co_ord": 0.0, "Y_co_ord": 0.0, "layer": null, "path": null }, "geometry": { "type": "MultiLineString", "coordinates": [ [ [ 82.905618958714726, 28.139393139205175 ], [ 82.905601158630517, 28.139250738531537 ], [ 82.905597598613681, 28.139094097790537 ], [ 82.905594038596831, 28.138791496359058 ], [ 82.905594038596831, 28.138577895348604 ], [ 82.905622518731562, 28.138403454523399 ], [ 82.905622518731562, 28.138335814203419 ], [ 82.905622518731562, 28.13829665401817 ] ] ] } },
{ "type": "Feature", "properties": { "fid_1": 8.0, "contract_i": "IWRMPROLPA/LUNGRI-MADI/NCB-11/2082-083", "contractor": "Safalta Group of Construction Pvt ltd", "project_na": "Construction of Vertical Revetment with Launching Apron at Ghumauni khet,Sunil smriti -04,Rolpa, Ralbang,Sunil Smriti-05,Rolpa and Lami Bagar Harigaun,Sunil Smriti-02,Rolpa", "chainage_s": null, "chainage_e": null, "contract_a": "5,719,017.69 \n", "start_date": "2082/12/16", "completion": "2083/03/15", "progress_p": "25", "status": "Normal", "delay_reas": null, "supervisio": null, "remarks": null, "Photo": null, "Shape_Leng": 0.0, "id": 0, "contact_id": null, "Contract_1": null, "project__1": null, "Progress__": 0, "X_co_ord": 0.0, "Y_co_ord": 0.0, "layer": null, "path": null }, "geometry": { "type": "MultiLineString", "coordinates": [ [ [ 82.639068569915764, 28.229609380993612 ], [ 82.639061449882078, 28.229061138400112 ], [ 82.639186050471508, 28.228840417355975 ], [ 82.639399651481966, 28.228658856497088 ], [ 82.639584772357694, 28.22851289580661 ], [ 82.639844653587076, 28.228338454981404 ], [ 82.64008673473225, 28.228274374678268 ], [ 82.640246935490097, 28.228217414408814 ] ] ] } },
{ "type": "Feature", "properties": { "fid_1": 9.0, "contract_i": "IWRMPROLPA/LUNGRI-MADI/NCB-11/2082-083", "contractor": "Safalta Group of construction Pvt Ltd", "project_na": "Construction of Vertical Revetment with Launching Apron at Ghumauni khet,Sunil smriti -04,Rolpa, Ralbang,Sunil Smriti-05,Rolpa and Lami Bagar Harigaun,Sunil Smriti-02,Rolpa", "chainage_s": null, "chainage_e": null, "contract_a": "5719017.69", "start_date": "2082/12/16", "completion": "2083/03/15", "progress_p": "25", "status": "Normal", "delay_reas": null, "supervisio": null, "remarks": null, "Photo": null, "Shape_Leng": 0.0, "id": 0, "contact_id": null, "Contract_1": null, "project__1": null, "Progress__": 0, "X_co_ord": 0.0, "Y_co_ord": 0.0, "layer": null, "path": null }, "geometry": { "type": "MultiLineString", "coordinates": [ [ [ 82.720401449552725, 28.239296708407863 ], [ 82.720096216994591, 28.239221574239707 ], [ 82.719499839534834, 28.238958604651156 ], [ 82.719081905724465, 28.238723810375664 ], [ 82.718809544364888, 28.238470232558132 ], [ 82.718640492486529, 28.238122737030402 ], [ 82.718701538998161, 28.237700107334518 ], [ 82.718771977280809, 28.237371395348827 ], [ 82.71883771967795, 28.237282173524143 ] ] ] } },
{ "type": "Feature", "properties": { "fid_1": 10.0, "contract_i": "IWRMPROLPA/BHUSBANG/NCB-01/2082-083", "contractor": "Naulo-Safal super Saugat JV", "project_na": "Construction of Check Dam, Revetment with Launching Apron For Bhusbang Landslide Management Works at Pyuthan Rural Municipality-9 and 10 Bhusbang.", "chainage_s": null, "chainage_e": null, "contract_a": "15,188,056.07 \n", "start_date": "2082/12/8", "completion": "2083/03/10", "progress_p": "50", "status": "Normal", "delay_reas": null, "supervisio": null, "remarks": null, "Photo": null, "Shape_Leng": 0.0, "id": 0, "contact_id": null, "Contract_1": null, "project__1": null, "Progress__": 0, "X_co_ord": 0.0, "Y_co_ord": 0.0, "layer": null, "path": null }, "geometry": { "type": "MultiLineString", "coordinates": [ [ [ 82.915865696949851, 28.113871788101523 ], [ 82.915489615219073, 28.114154480409216 ] ] ] } },
{ "type": "Feature", "properties": { "fid_1": 11.0, "contract_i": "IWRMPROLPA/CHISAPANI/NCB-10/2082-083", "contractor": "bhadrachi Nirman Sewa Pvt Ltd", "project_na": "Construction of Embankment,Toe Wall and Slope Revetment with Launching Apron at Badahar Khola to Chisapani,Airawoti-05,Pyuthan\n", "chainage_s": null, "chainage_e": null, "contract_a": "5,755,588.31 \n", "start_date": "2082/12/24", "completion": "2083/03/15", "progress_p": "30", "status": "Normal", "delay_reas": null, "supervisio": null, "remarks": null, "Photo": null, "Shape_Leng": 0.0, "id": 0, "contact_id": null, "Contract_1": null, "project__1": null, "Progress__": 0, "X_co_ord": 0.0, "Y_co_ord": 0.0, "layer": null, "path": null }, "geometry": { "type": "MultiLineString", "coordinates": [ [ [ 82.911969703192312, 28.026582139423081 ], [ 82.911959607038455, 28.026864831730773 ], [ 82.911994943576929, 28.027238389423079 ], [ 82.912181722423071, 28.027440312500001 ], [ 82.912338212807697, 28.027591754807695 ], [ 82.912398789730773, 28.027637187500002 ], [ 82.912439174346147, 28.027682620192309 ] ] ] } },
{ "type": "Feature", "properties": { "fid_1": 12.0, "contract_i": "IWRMPROLPA/GAUMUKHI/NCB-12/2082-083", "contractor": "Safalta Group of Construction Pvt ltd", "project_na": "NULLConstruction of Vertical Revetment with Launching Apron at Puja Liwase,Gaumukhi-04,Pyuthan\n", "chainage_s": null, "chainage_e": null, "contract_a": "1640877.46", "start_date": "2083/12/16", "completion": "2083/03/15", "progress_p": "30", "status": "Normal", "delay_reas": null, "supervisio": null, "remarks": null, "Photo": null, "Shape_Leng": 0.0, "id": 0, "contact_id": null, "Contract_1": null, "project__1": null, "Progress__": 0, "X_co_ord": 0.0, "Y_co_ord": 0.0, "layer": null, "path": null }, "geometry": { "type": "MultiLineString", "coordinates": [ [ [ 83.015517267961542, 28.226387920673083 ], [ 83.015461739115381, 28.226655468750007 ], [ 83.01543145065385, 28.226892728365392 ], [ 83.015476883346153, 28.227049218750007 ], [ 83.015598037192305, 28.227215805288466 ] ] ] } },
{ "type": "Feature", "properties": { "fid_1": 13.0, "contract_i": "IWRMPROLPA/PARIWARTAN/NCB-03/2082-083", "contractor": "Everest Royal Rmr JV", "project_na": "Construction of Vertical Revetment with Launching Apron of Madi River Management Works at Different Places of Pariwartan Rural Municipality-3,5 & 6.", "chainage_s": null, "chainage_e": null, "contract_a": "7,238,639.40 \n", "start_date": "2082/11/15", "completion": "2082/03/10", "progress_p": "60", "status": "Normal", "delay_reas": null, "supervisio": null, "remarks": null, "Photo": null, "Shape_Leng": 0.0, "id": 0, "contact_id": null, "Contract_1": null, "project__1": null, "Progress__": 0, "X_co_ord": 0.0, "Y_co_ord": 0.0, "layer": null, "path": null }, "geometry": { "type": "MultiLineString", "coordinates": [ [ [ 82.532545506143137, 28.500543042200857 ], [ 82.532585890758526, 28.500230061431626 ], [ 82.532656563835445, 28.499937272970087 ], [ 82.532898871527763, 28.499356744123933 ], [ 82.532944304220067, 28.499311311431626 ] ] ] } },
{ "type": "Feature", "properties": { "fid_1": 14.0, "contract_i": "IWRMPROLPA/PARIWARTAN/NCB-03/2082-083\n", "contractor": "Everest Royal RMR JV", "project_na": "Construction of Vertical Revetment with Launching Apron of Madi River Management Works at Different Places of Pariwartan Rural Municipality-3,5 & 6.", "chainage_s": null, "chainage_e": null, "contract_a": "7,238,639.40 \n", "start_date": "2082/11/15", "completion": "2083/03/15", "progress_p": "60", "status": "Normal", "delay_reas": null, "supervisio": null, "remarks": null, "Photo": null, "Shape_Leng": 0.0, "id": 0, "contact_id": null, "Contract_1": null, "project__1": null, "Progress__": 0, "X_co_ord": 0.0, "Y_co_ord": 0.0, "layer": null, "path": null }, "geometry": { "type": "MultiLineString", "coordinates": [ [ [ 82.5324294003739, 28.500982224893161 ], [ 82.532444544604672, 28.500777777777778 ], [ 82.532414256143142, 28.500548090277778 ] ] ] } },
{ "type": "Feature", "properties": { "fid_1": 15.0, "contract_i": "IWRMPROLPA/PARIWARTAN/NCB-03/2082-083\n", "contractor": "Everest  Royal RMr JV", "project_na": "Construction of Vertical Revetment with Launching Apron of Madi River Management Works at Different Places of Pariwartan Rural Municipality-3,5 & 6.\n", "chainage_s": null, "chainage_e": null, "contract_a": "7238639.4", "start_date": "2082/11/16", "completion": "2083/03/10", "progress_p": "60", "status": null, "delay_reas": null, "supervisio": null, "remarks": null, "Photo": null, "Shape_Leng": 0.0, "id": 0, "contact_id": null, "Contract_1": null, "project__1": null, "Progress__": 0, "X_co_ord": 0.0, "Y_co_ord": 0.0, "layer": null, "path": null }, "geometry": { "type": "MultiLineString", "coordinates": [ [ [ 82.539676375534199, 28.478374893162389 ], [ 82.539714236111124, 28.478251215277773 ], [ 82.53973947649574, 28.478180542200853 ], [ 82.539762192841891, 28.478104821047005 ], [ 82.53980257745728, 28.478041720085468 ], [ 82.539890918803422, 28.477928138354699 ] ] ] } },
{ "type": "Feature", "properties": { "fid_1": 1.0, "contract_i": "IWRMP/GULMI/NCB/WORKS/14/082/083 \n", "contractor": "M/S Star Bindabasini Construction Pvt. Ltd.\n", "project_na": "Landslide Protection and Slope Stabilisation Works at Mahabhir Pahiro, Malika, Gulmi\n", "chainage_s": null, "chainage_e": null, "contract_a": "49,36,094.51 \n", "start_date": "2081.08.02\n", "completion": "2083.08.02\n", "progress_p": "0%", "status": "Normal", "delay_reas": null, "supervisio": null, "remarks": null, "Photo": null, "Shape_Leng": 0.0, "id": 0, "contact_id": null, "Contract_1": null, "project__1": null, "Progress__": 0, "X_co_ord": 0.0, "Y_co_ord": 0.0, "layer": null, "path": null }, "geometry": { "type": "MultiLineString", "coordinates": [ [ [ 83.104886743431123, 28.245534625121962 ], [ 83.10463858576496, 28.244914230956557 ], [ 83.105631216429614, 28.244624713679368 ], [ 83.105693255846148, 28.245451905899909 ], [ 83.104928103042155, 28.245493265510937 ] ] ] } },
{ "type": "Feature", "properties": { "fid_1": 2.0, "contract_i": "PEP5-NCB-07/078-79\n", "contractor": "Sagarkunda-Tulsibhumi JV\n", "project_na": "Construction of Gabion Spur (Danav River) Samarimai-05, Bharbaliya, Samarimai-05, Thumuwa & Samarimai-03, Piparhawa, Rupandehi.\n", "chainage_s": null, "chainage_e": null, "contract_a": "72,55,377.00 \n", "start_date": "2078.09.22\n", "completion": "2083.03.24\n", "progress_p": "80%", "status": "Normal", "delay_reas": null, "supervisio": null, "remarks": null, "Photo": null, "Shape_Leng": 0.0, "id": 0, "contact_id": null, "Contract_1": null, "project__1": null, "Progress__": 0, "X_co_ord": 0.0, "Y_co_ord": 0.0, "layer": null, "path": null }, "geometry": { "type": "MultiLineString", "coordinates": [ [ [ 83.287996081350599, 27.413777337514055 ], [ 83.287168889130058, 27.405174538420432 ], [ 83.295937126667781, 27.406498045973297 ], [ 83.294779057559026, 27.415266283511031 ] ] ] } },
{ "type": "Feature", "properties": { "fid_1": 3.0, "contract_i": "PEP5/NCB/RT/16-081/082\n", "contractor": "THARADE /SAFAL/HALESI JV\n", "project_na": "Construction of Gabion Revetment with Launching at Mayadevi-05, Tinau River, Rupandehi\n", "chainage_s": null, "chainage_e": null, "contract_a": "87,68,291.50 \n", "start_date": "2082.02.08\n", "completion": "2083.03.25\n", "progress_p": "60%", "status": "Normal", "delay_reas": null, "supervisio": null, "remarks": null, "Photo": null, "Shape_Leng": 0.0, "id": 0, "contact_id": null, "Contract_1": null, "project__1": null, "Progress__": 0, "X_co_ord": 0.0, "Y_co_ord": 0.0, "layer": null, "path": null }, "geometry": { "type": "MultiLineString", "coordinates": [ [ [ 83.346533085080907, 27.472504949604673 ], [ 83.348375168796494, 27.468150933549641 ], [ 83.35365022670932, 27.469993017265232 ], [ 83.350300983590074, 27.473593453618431 ] ] ] } },
{ "type": "Feature", "properties": { "fid_1": 4.0, "contract_i": "PEP5-NCB-02/078-79\n", "contractor": "Marchawor cnstruction Pvt.ltd.\n", "project_na": "Construction of Gabion Spur at Hatibangai, Mayadevi Ga.Pa.-07 and Basahawa, Mayadevi Ga.Pa.05, (Tinau River), Rupandehi.\n", "chainage_s": null, "chainage_e": null, "contract_a": "96,76,620.00 \n", "start_date": "2078.09.22\n", "completion": "2082.08.29\n", "progress_p": "60%", "status": "Stressed", "delay_reas": "Contractor Delay", "supervisio": null, "remarks": null, "Photo": null, "Shape_Leng": 0.0, "id": 0, "contact_id": null, "Contract_1": null, "project__1": null, "Progress__": 0, "X_co_ord": 0.0, "Y_co_ord": 0.0, "layer": null, "path": null }, "geometry": { "type": "MultiLineString", "coordinates": [ [ [ 83.364786460080836, 27.483892376210132 ], [ 83.363237435138188, 27.481757233721609 ] ] ] } },
{ "type": "Feature", "properties": { "fid_1": 5.0, "contract_i": "IWRMP/RUPANDEHI/NCB/WORKS/13/082/083 \n", "contractor": "M/S Safik Nirman Sewa\n", "project_na": "Construction of Corewall,RCC Canal Lining Works\n", "chainage_s": null, "chainage_e": null, "contract_a": "1,49,02,651.72 \n", "start_date": "2082.12.30 \n", "completion": "2083.03.24\n", "progress_p": "0", "status": "Normal", "delay_reas": null, "supervisio": null, "remarks": null, "Photo": null, "Shape_Leng": 0.0, "id": 0, "contact_id": null, "Contract_1": null, "project__1": null, "Progress__": 0, "X_co_ord": 0.0, "Y_co_ord": 0.0, "layer": null, "path": null }, "geometry": { "type": "MultiLineString", "coordinates": [ [ [ 83.402151453630012, 27.530656183262721 ], [ 83.400696626150079, 27.531493494042536 ] ] ] } },
{ "type": "Feature", "properties": { "fid_1": 6.0, "contract_i": "PEP5/NCB/RT/17-081/082\n", "contractor": "SATWATI-DEVAKA- MK JV\n", "project_na": "Construction of counterfort retaining wall with gabion works and plum wall at Butwal-11,01&03 Tinau River,Rupandehi.\n", "chainage_s": null, "chainage_e": null, "contract_a": "2,59,56,700.93 \n", "start_date": "2082.02.25\n", "completion": "2083.03.25\n", "progress_p": "80%", "status": "Normal", "delay_reas": null, "supervisio": null, "remarks": null, "Photo": null, "Shape_Leng": 0.0, "id": 0, "contact_id": null, "Contract_1": null, "project__1": null, "Progress__": 0, "X_co_ord": 0.0, "Y_co_ord": 0.0, "layer": null, "path": null }, "geometry": { "type": "MultiLineString", "coordinates": [ [ [ 83.460307920480417, 27.701498981498915 ], [ 83.460475382636375, 27.700923330337794 ] ] ] } },
{ "type": "Feature", "properties": { "fid_1": 7.0, "contract_i": "PEP5/NCB/RT-D/22-081/082\n", "contractor": "O-N-M JV\n", "project_na": "Construction of Bed Bar and Approach canal along Tinau River (D/S of East-West Highway Bridge to Pabitranagar, Butwal, Rupandehi.)\n", "chainage_s": null, "chainage_e": null, "contract_a": "8,50,61,917.83 \n", "start_date": "2082.03.24\n", "completion": "2083.06.25\n", "progress_p": "50%", "status": "Normal", "delay_reas": null, "supervisio": null, "remarks": null, "Photo": null, "Shape_Leng": 0.0, "id": 0, "contact_id": null, "Contract_1": null, "project__1": null, "Progress__": 0, "X_co_ord": 0.0, "Y_co_ord": 0.0, "layer": null, "path": null }, "geometry": { "type": "MultiLineString", "coordinates": [ [ [ 83.460899271218665, 27.699567933512974 ], [ 83.461794147114588, 27.699656897783331 ] ] ] } },
{ "type": "Feature", "properties": { "fid_1": 8.0, "contract_i": "IWRMP/RUPANDEHI/NCB/WORKS/01/082/083 \n", "contractor": "M/S J. B.N. Builders\n", "project_na": "Construction of Counterfort Retaining Wall at Tinau River, Butwal-11, Majhuwa\n", "chainage_s": null, "chainage_e": null, "contract_a": "1,36,19,361.88 \n", "start_date": "2082.11.29\n", "completion": "2083.03.24\n", "progress_p": "20%", "status": "Normal", "delay_reas": null, "supervisio": null, "remarks": null, "Photo": null, "Shape_Leng": 0.0, "id": 0, "contact_id": null, "Contract_1": null, "project__1": null, "Progress__": 0, "X_co_ord": 0.0, "Y_co_ord": 0.0, "layer": null, "path": null }, "geometry": { "type": "MultiLineString", "coordinates": [ [ [ 83.460883571641546, 27.699128345353571 ], [ 83.460935903565286, 27.69867305761705 ] ] ] } },
{ "type": "Feature", "properties": { "fid_1": 9.0, "contract_i": "PEP5/NCB/RT-D/23-081/082\n", "contractor": "DMB-CNS JV\n", "project_na": "Construction of Bed along Tinau River (D/S of East-West Highway Bridge to Pabitranagar, Butwal, Rupandehi.) \n", "chainage_s": null, "chainage_e": null, "contract_a": "7,50,45,499.25 \n", "start_date": "2082.3.24\n", "completion": "2083.06.25\n", "progress_p": "40%", "status": "Normal", "delay_reas": null, "supervisio": null, "remarks": null, "Photo": null, "Shape_Leng": 0.0, "id": 0, "contact_id": null, "Contract_1": null, "project__1": null, "Progress__": 0, "X_co_ord": 0.0, "Y_co_ord": 0.0, "layer": null, "path": null }, "geometry": { "type": "MultiLineString", "coordinates": [ [ [ 83.461040567412766, 27.698516061845833 ], [ 83.462150004196019, 27.69862072569331 ] ] ] } },
{ "type": "Feature", "properties": { "fid_1": 10.0, "contract_i": "PEP5/NCB/RT/21-081/082\n", "contractor": "M-N-R JV\n", "project_na": "Construction of Bed Bar along Tinau River at Butwal-11, Pabitranagar, Rupandehi\n", "chainage_s": null, "chainage_e": null, "contract_a": "3,89,20,123.00 \n", "start_date": "2082.03.24\n", "completion": "2083.03.25\n", "progress_p": "40%", "status": "Normal", "delay_reas": null, "supervisio": null, "remarks": null, "Photo": null, "Shape_Leng": 0.0, "id": 0, "contact_id": null, "Contract_1": null, "project__1": null, "Progress__": 0, "X_co_ord": 0.0, "Y_co_ord": 0.0, "layer": null, "path": null }, "geometry": { "type": "MultiLineString", "coordinates": [ [ [ 83.462100288868456, 27.697168514809565 ], [ 83.461043184008943, 27.697294111426537 ] ] ] } },
{ "type": "Feature", "properties": { "fid_1": 11.0, "contract_i": "PEP5/NCB/RT/10-081/082\n", "contractor": "GANESH KAP JV\n", "project_na": "Construction of Counterfort Retaining wall and Gabion works at Tinau River at Butwal-09, Itiyabadh, Rupandehi\n", "chainage_s": null, "chainage_e": null, "contract_a": "2,22,95,238.02 \n", "start_date": "2082.01.04\n", "completion": "2083.3.25\n", "progress_p": "80%", "status": "Normal", "delay_reas": null, "supervisio": null, "remarks": null, "Photo": null, "Shape_Leng": 0.0, "id": 0, "contact_id": null, "Contract_1": null, "project__1": null, "Progress__": 0, "X_co_ord": 0.0, "Y_co_ord": 0.0, "layer": null, "path": null }, "geometry": { "type": "MultiLineString", "coordinates": [ [ [ 83.462008708001918, 27.696993202865041 ], [ 83.461914510539188, 27.696600713437004 ] ] ] } },
{ "type": "Feature", "properties": { "fid_1": 12.0, "contract_i": "PEP5/NCB/RT/11-081/082\n", "contractor": "KAP/GNS JV\n", "project_na": "Construction of bed bar and plum retaining wall at Tinau River at Butwal-11 Binapate, L/B Tinau River, Rupandehi\n", "chainage_s": null, "chainage_e": null, "contract_a": "1,69,76,397.67 \n", "start_date": "2082.01.04\n", "completion": "2083.03.25\n", "progress_p": "40%", "status": "Normal", "delay_reas": null, "supervisio": null, "remarks": null, "Photo": null, "Shape_Leng": 0.0, "id": 0, "contact_id": null, "Contract_1": null, "project__1": null, "Progress__": 0, "X_co_ord": 0.0, "Y_co_ord": 0.0, "layer": null, "path": null }, "geometry": { "type": "MultiLineString", "coordinates": [ [ [ 83.461456606206482, 27.694622566719705 ], [ 83.461629301554822, 27.694986273589688 ] ] ] } },
{ "type": "Feature", "properties": { "fid_1": 13.0, "contract_i": "IWRMP/RUPANDEHI/NCB/WORKS/10/082/083 \n", "contractor": "M/S Safik Nirman Sewa\n", "project_na": "Construction of Bed Bar at Tinau River, Butwal-11, Buddhanagar and Pargatinagar Haat Bazar\n", "chainage_s": null, "chainage_e": null, "contract_a": "91,33,987.17 \n", "start_date": "2082.12.30\n", "completion": "2083.03.24\n", "progress_p": "0", "status": "Normal", "delay_reas": null, "supervisio": null, "remarks": null, "Photo": null, "Shape_Leng": 0.0, "id": 0, "contact_id": null, "Contract_1": null, "project__1": null, "Progress__": 0, "X_co_ord": 0.0, "Y_co_ord": 0.0, "layer": null, "path": null }, "geometry": { "type": "MultiLineString", "coordinates": [ [ [ 83.453536169548727, 27.686102929535114 ], [ 83.454203401576379, 27.686029664841879 ] ] ] } },
{ "type": "Feature", "properties": { "fid_1": 14.0, "contract_i": "PEP5/NCB/RT/09-081/082\n", "contractor": "PRIME COMPANY PVT.LTd\n", "project_na": "Construction of earthern embankment with sloping revetment works at Devdaha-03, Basantapur, Rupandehi\n", "chainage_s": null, "chainage_e": null, "contract_a": "1,58,67,936.88 \n", "start_date": "2081.12.29\n", "completion": "2083.3.25\n", "progress_p": "40%", "status": "Normal", "delay_reas": null, "supervisio": null, "remarks": null, "Photo": null, "Shape_Leng": 0.0, "id": 0, "contact_id": null, "Contract_1": null, "project__1": null, "Progress__": 0, "X_co_ord": 0.0, "Y_co_ord": 0.0, "layer": null, "path": null }, "geometry": { "type": "MultiLineString", "coordinates": [ [ [ 83.550271730579027, 27.605603347844607 ], [ 83.550093802038319, 27.603499604510326 ] ] ] } },
{ "type": "Feature", "properties": { "fid_1": 15.0, "contract_i": "IWRMP/RUPANDEHI/NCB/WORKS/02/082/083 \n", "contractor": "M/S  (SATYA DEVI-JB) JV\n", "project_na": "Construction of River Training Works at Bahundanda, Tatera,Devdaha-3 and Basantapur Devdaha and tilottama\n", "chainage_s": null, "chainage_e": null, "contract_a": "1,24,49,493.14 \n", "start_date": "2082.11.29\n", "completion": "2083.03.24\n", "progress_p": "20%", "status": "Normal", "delay_reas": null, "supervisio": null, "remarks": null, "Photo": null, "Shape_Leng": 0.0, "id": 0, "contact_id": null, "Contract_1": null, "project__1": null, "Progress__": 0, "X_co_ord": 0.0, "Y_co_ord": 0.0, "layer": null, "path": null }, "geometry": { "type": "MultiLineString", "coordinates": [ [ [ 83.550327987397054, 27.616665008224803 ], [ 83.550165758433451, 27.616194020911156 ] ] ] } },
{ "type": "Feature", "properties": { "fid_1": 16.0, "contract_i": "PEP5/NCB/RT/13-081/082\n", "contractor": "DEUEALI SUPER CONS.\n", "project_na": "Construcction of gabion revetment with sloping gabion works at Rohini river, Devdaha-12, Sukrauli, Rupandehi\n", "chainage_s": null, "chainage_e": null, "contract_a": "2,68,13,075.18 \n", "start_date": "2082.01.4\n", "completion": "2083.3.25\n", "progress_p": "5%", "status": "Normal", "delay_reas": null, "supervisio": null, "remarks": null, "Photo": null, "Shape_Leng": 0.0, "id": 0, "contact_id": null, "Contract_1": null, "project__1": null, "Progress__": 0, "X_co_ord": 0.0, "Y_co_ord": 0.0, "layer": null, "path": null }, "geometry": { "type": "MultiLineString", "coordinates": [ [ [ 83.531962098760999, 27.543612259281954 ], [ 83.52974322519448, 27.542272562034245 ] ] ] } },
{ "type": "Feature", "properties": { "fid_1": 17.0, "contract_i": "PEP5/NCB/RT/20-081/082\n", "contractor": "ARAPANA AND AARKITI/SAFALI-SAMERTHA JV\n", "project_na": "Construction of Gabion Solid and Sloping Spur at Mayadevi -02 & -04 Danav River, Rupandehi\n", "chainage_s": null, "chainage_e": null, "contract_a": "1,14,94,566.93 \n", "start_date": "2082.02.08\n", "completion": "2083.03.25\n", "progress_p": "20%", "status": "Normal", "delay_reas": null, "supervisio": null, "remarks": null, "Photo": null, "Shape_Leng": 0.0, "id": 0, "contact_id": null, "Contract_1": null, "project__1": null, "Progress__": 0, "X_co_ord": 0.0, "Y_co_ord": 0.0, "layer": null, "path": null }, "geometry": { "type": "MultiLineString", "coordinates": [ [ [ 83.34735600458086, 27.524343644961409 ], [ 83.344467282390497, 27.52517048935648 ] ] ] } },
{ "type": "Feature", "properties": { "fid_1": 18.0, "contract_i": "PEP5-NCB-25/078-79\n", "contractor": "Suryadaya Construction, Gulmi\n", "project_na": "Construction of  Dhadfat Lift Irrigation System at  Isma-01, Gulmi.\n", "chainage_s": null, "chainage_e": null, "contract_a": "79,79,985.00 \n", "start_date": "2079.02.05\n", "completion": "2083.03.24\n", "progress_p": "80%", "status": "Normal", "delay_reas": null, "supervisio": null, "remarks": null, "Photo": null, "Shape_Leng": 0.0, "id": 0, "contact_id": null, "Contract_1": null, "project__1": null, "Progress__": 0, "X_co_ord": 0.0, "Y_co_ord": 0.0, "layer": null, "path": null }, "geometry": { "type": "MultiLineString", "coordinates": [ [ [ 83.349271352989689, 27.636449091994169 ], [ 83.351846083637625, 27.634146487349675 ] ] ] } },
{ "type": "Feature", "properties": { "fid_1": 19.0, "contract_i": "IWRMP/KAPILVASTU/NCB/WORKS/11/082/083 \n", "contractor": "M/S U & Y Builders Pvt. Ltd\n", "project_na": "Construction of RCC Canal Lining Works\n", "chainage_s": null, "chainage_e": null, "contract_a": "1,22,45,561.56 \n", "start_date": "2082.12.30\n", "completion": "2083.03.24\n", "progress_p": "10%", "status": "Normal", "delay_reas": null, "supervisio": null, "remarks": null, "Photo": null, "Shape_Leng": 0.0, "id": 0, "contact_id": null, "Contract_1": null, "project__1": null, "Progress__": 0, "X_co_ord": 0.0, "Y_co_ord": 0.0, "layer": null, "path": null }, "geometry": { "type": "MultiLineString", "coordinates": [ [ [ 83.188426568783086, 27.712484760590115 ], [ 83.188327138127988, 27.711652683002672 ] ] ] } },
{ "type": "Feature", "properties": { "fid_1": 20.0, "contract_i": "NULLIWRMP/KAPILVASTU/NCB/WORKS/12/082/083 \n", "contractor": "M/S Sridip Engineering Construction and Suppliers\n", "project_na": "Construction of RCC Canal,VRB and Jacketing Works\n", "chainage_s": null, "chainage_e": null, "contract_a": "81,09,542.54 \n", "start_date": "2082.12.30\n", "completion": "2083.03.24\n", "progress_p": "0%", "status": "Normal", "delay_reas": null, "supervisio": null, "remarks": null, "Photo": null, "Shape_Leng": 0.0, "id": 0, "contact_id": null, "Contract_1": null, "project__1": null, "Progress__": 0, "X_co_ord": 0.0, "Y_co_ord": 0.0, "layer": null, "path": null }, "geometry": { "type": "MultiLineString", "coordinates": [ [ [ 83.188285272588999, 27.711548019155195 ], [ 83.188159675972031, 27.710846771377099 ] ] ] } },
{ "type": "Feature", "properties": { "fid_1": 21.0, "contract_i": "IWRMP/KAPILVASTU/NCB/WORKS/08/082/083 \n", "contractor": "M/S SK Nirman Sewa\n", "project_na": "Construction of RCC Canal Lining Works, Banganga-8, Chappargaun, Kapilvastu.\n", "chainage_s": null, "chainage_e": null, "contract_a": "1,23,63,541.57 \n", "start_date": "2082.11.29\n", "completion": "2083.03.24\n", "progress_p": "0", "status": "Normal", "delay_reas": null, "supervisio": null, "remarks": null, "Photo": null, "Shape_Leng": 0.0, "id": 0, "contact_id": null, "Contract_1": null, "project__1": null, "Progress__": 0, "X_co_ord": 0.0, "Y_co_ord": 0.0, "layer": null, "path": null }, "geometry": { "type": "MultiLineString", "coordinates": [ [ [ 83.145697553050567, 27.679358652863598 ], [ 83.158089752591863, 27.687480567427826 ] ] ] } },
{ "type": "Feature", "properties": { "fid_1": 22.0, "contract_i": "IWRMP/WORKS/SHANKARPUR/NCB-01\n", "contractor": "Babul-Lumbini Sanskritik\n", "project_na": "Landslide Protection and Slope Stabilisation Works at Mahabhir Pahiro, Malika, Gulmi\n", "chainage_s": null, "chainage_e": null, "contract_a": "11,86,27,407.57 \n", "start_date": "2081.08.02\n", "completion": "2083.08.02\n", "progress_p": "0", "status": "Stressed", "delay_reas": "Work has not been started yet. Contractor was mobilized instantly after agreement, But due to forest and environment issue, work has stopped. DWRI is doing EIA study. Construction work can proceed after EIA approval\n", "supervisio": null, "remarks": null, "Photo": null, "Shape_Leng": 0.0, "id": 0, "contact_id": null, "Contract_1": null, "project__1": null, "Progress__": 0, "X_co_ord": 0.0, "Y_co_ord": 0.0, "layer": null, "path": null }, "geometry": { "type": "MultiLineString", "coordinates": [ [ [ 82.809224216181093, 27.645740625053953 ], [ 82.810563913428794, 27.649927178953039 ], [ 82.807089073692552, 27.650471430959922 ], [ 82.804451544736125, 27.648294422932395 ], [ 82.807089073692552, 27.645196373047074 ], [ 82.808679964174203, 27.645615028436982 ] ] ] } },
{ "type": "Feature", "properties": { "fid_1": 23.0, "contract_i": "IWRMP/KAPILVASTU/NCB/WORKS/06/082/083 \n", "contractor": "M/S Modern Construction\n", "project_na": "Big Boulder Riprap Works at Banganga River, Hardauna, Kapilvastu\n", "chainage_s": null, "chainage_e": null, "contract_a": "1,33,01,064.65 \n", "start_date": "2082.11.29\n", "completion": "2083.03.24\n", "progress_p": "20%", "status": "Normal", "delay_reas": null, "supervisio": null, "remarks": null, "Photo": null, "Shape_Leng": 0.0, "id": 0, "contact_id": null, "Contract_1": null, "project__1": null, "Progress__": 0, "X_co_ord": 0.0, "Y_co_ord": 0.0, "layer": null, "path": null }, "geometry": { "type": "MultiLineString", "coordinates": [ [ [ 82.961405450412812, 27.485102551946063 ], [ 82.959102845768314, 27.483302333769458 ], [ 82.959479635619232, 27.477524889388722 ] ] ] } },
{ "type": "Feature", "properties": { "fid_1": 24.0, "contract_i": "PEP5-NCB-02/078-79\n", "contractor": "Marchawor cnstruction Pvt.ltd.\n", "project_na": "Construction of Gabion Spur at Hatibangai, Mayadevi Ga.Pa.-07 and Basahawa, Mayadevi Ga.Pa.05, (Tinau River), Rupandehi.\n", "chainage_s": null, "chainage_e": null, "contract_a": "96,76,620.00 \n", "start_date": "2078.09.22\n", "completion": "2082.08.29\n", "progress_p": "60%", "status": "Stressed", "delay_reas": "Contractor Delay", "supervisio": null, "remarks": null, "Photo": null, "Shape_Leng": 0.0, "id": 0, "contact_id": null, "Contract_1": null, "project__1": null, "Progress__": 0, "X_co_ord": 0.0, "Y_co_ord": 0.0, "layer": null, "path": null }, "geometry": { "type": "MultiLineString", "coordinates": [ [ [ 83.112744140672348, 28.132369950706476 ], [ 83.11267872576768, 28.132218188127634 ], [ 83.112995333906298, 28.132121374068717 ] ] ] } },
{ "type": "Feature", "properties": { "fid_1": 25.0, "contract_i": "Works-BLIP-NCB-2081/82-4\n", "contractor": "Sunway Solar and Electronics Technology P Ltd\n", "project_na": "Construction of Bulma Lift Irrigation Project at Ishma-06, Gulmi\n", "chainage_s": null, "chainage_e": null, "contract_a": "1,09,59,222.62 \n", "start_date": "2081.12.05\n", "completion": "2083.03.24\n", "progress_p": null, "status": "Normal", "delay_reas": null, "supervisio": null, "remarks": null, "Photo": null, "Shape_Leng": 0.0, "id": 0, "contact_id": null, "Contract_1": null, "project__1": null, "Progress__": 0, "X_co_ord": 0.0, "Y_co_ord": 0.0, "layer": null, "path": null }, "geometry": { "type": "MultiLineString", "coordinates": [ [ [ 83.161988480910324, 28.141980708501062 ], [ 83.161245367593239, 28.142252834504504 ], [ 83.161522726789059, 28.141504487995043 ], [ 83.162412369492614, 28.141541120341657 ] ] ] } },
{ "type": "Feature", "properties": { "fid_1": 26.0, "contract_i": "IWRMP/GULMI/NCB/WORKS/03/082/083 \n", "contractor": "M/S Western Popular Construction Pvt. Ltd.\n", "project_na": "Construction of River Training Works at Chhaldikhola at Isma, Gulmi.\n", "chainage_s": null, "chainage_e": null, "contract_a": "1,32,13,532.97 \n", "start_date": "2082.12.30\n", "completion": "2083.03.24\n", "progress_p": "0", "status": "Normal", "delay_reas": null, "supervisio": null, "remarks": null, "Photo": null, "Shape_Leng": 0.0, "id": 0, "contact_id": null, "Contract_1": null, "project__1": null, "Progress__": 0, "X_co_ord": 0.0, "Y_co_ord": 0.0, "layer": null, "path": null }, "geometry": { "type": "MultiLineString", "coordinates": [ [ [ 83.210128617557444, 28.127908654207758 ], [ 83.206863105516163, 28.127605129050071 ] ] ] } },
{ "type": "Feature", "properties": { "fid_1": 27.0, "contract_i": "IWRMP/GULMI/NCB/WORKS/09/082/083 \n", "contractor": "M/S Devaka Construction Pvt. Ltd.\n", "project_na": "Construction Salime Daha Multipurpose Project, Gulmi\n", "chainage_s": null, "chainage_e": null, "contract_a": "64,82,229.19 \n", "start_date": "2082.12.30\n", "completion": "2083.03.24\n", "progress_p": "0", "status": "Normal", "delay_reas": null, "supervisio": null, "remarks": null, "Photo": null, "Shape_Leng": 0.0, "id": 0, "contact_id": null, "Contract_1": null, "project__1": null, "Progress__": 0, "X_co_ord": 0.0, "Y_co_ord": 0.0, "layer": null, "path": null }, "geometry": { "type": "MultiLineString", "coordinates": [ [ [ 83.342926107236465, 28.159820661303527 ], [ 83.343637821399284, 28.158439098516823 ], [ 83.34419253979091, 28.158784489213499 ], [ 83.344009378057834, 28.159135113102547 ], [ 83.343669220553537, 28.159161279064413 ] ] ] } },
{ "type": "Feature", "properties": { "fid_1": 28.0, "contract_i": "IWRMP/GULMI/NCB/WORKS/05/082/083 \n", "contractor": "M/S Western Popular Construction Pvt. Ltd.\n", "project_na": "Construction of River Training Works at Rudrabeni and Khaireni, at Satyavati Rural Muncipality, Gulmi.\n", "chainage_s": null, "chainage_e": null, "contract_a": "29,62,930.69 \n", "start_date": "2082.11.29\n", "completion": "2083.03.24\n", "progress_p": "10%", "status": "Normal", "delay_reas": null, "supervisio": null, "remarks": null, "Photo": null, "Shape_Leng": 0.0, "id": 0, "contact_id": null, "Contract_1": null, "project__1": null, "Progress__": 0, "X_co_ord": 0.0, "Y_co_ord": 0.0, "layer": null, "path": null }, "geometry": { "type": "MultiLineString", "coordinates": [ [ [ 83.431293793661396, 28.022186393573016 ], [ 83.431445556240249, 28.022157611014958 ] ] ] } },
{ "type": "Feature", "properties": { "fid_1": 29.0, "contract_i": "IWRMP/GULMI/NCB/WORKS/07/082/083 \n", "contractor": "M/S Tilismi Construction Pvt. Ltd\n", "project_na": "Construction of Cantilever Retaining Wall at Ridi Bazar, Gulmi\n", "chainage_s": null, "chainage_e": null, "contract_a": "62,75,235.73 \n", "start_date": "2082.11.29\n", "completion": "2083.03.24\n", "progress_p": "50%", "status": "Normal", "delay_reas": null, "supervisio": null, "remarks": null, "Photo": null, "Shape_Leng": 0.0, "id": 0, "contact_id": null, "Contract_1": null, "project__1": null, "Progress__": 0, "X_co_ord": 0.0, "Y_co_ord": 0.0, "layer": null, "path": null }, "geometry": { "type": "MultiLineString", "coordinates": [ [ [ 83.433547991276441, 27.937713510572323 ], [ 83.433533599997418, 27.937993486364324 ] ] ] } },
{ "type": "Feature", "properties": { "fid_1": 30.0, "contract_i": "PEP5-NCB-05/079-80\n", "contractor": "Arch Engineering Design & Construction Pvt.Ltd.\n", "project_na": "Construction of Hardikhola Lift Irrigation Project at Chhatrakot-04, Gulmi.\n", "chainage_s": null, "chainage_e": null, "contract_a": "1,03,20,318.20 \n", "start_date": "2080.05.26\n", "completion": "2083.03.24\n", "progress_p": "80%", "status": "Normal", "delay_reas": null, "supervisio": null, "remarks": null, "Photo": null, "Shape_Leng": 0.0, "id": 0, "contact_id": null, "Contract_1": null, "project__1": null, "Progress__": 0, "X_co_ord": 0.0, "Y_co_ord": 0.0, "layer": null, "path": null }, "geometry": { "type": "MultiLineString", "coordinates": [ [ [ 83.34912089870906, 27.954526449371439 ], [ 83.349277894480267, 27.955117800109683 ], [ 83.348827839936121, 27.955075934570694 ], [ 83.3487912075895, 27.954322354868857 ], [ 83.349147064670916, 27.954332821253605 ] ] ] } },
{ "type": "Feature", "properties": { "fid_1": 31.0, "contract_i": "PEP5-NCB-34/078-79\n", "contractor": "Suryadaya Construction, Gulmi\n", "project_na": "Construction of Thulakhola Lakuri Dahapokhari Lift Irrigation System at Malarani-08, Arghakhachi.\n", "chainage_s": null, "chainage_e": null, "contract_a": "92,61,381.00 \n", "start_date": "2079.02.05\n", "completion": "2083.03.24\n", "progress_p": "80%", "status": "Normal", "delay_reas": null, "supervisio": null, "remarks": null, "Photo": null, "Shape_Leng": 0.0, "id": 0, "contact_id": null, "Contract_1": null, "project__1": null, "Progress__": 0, "X_co_ord": 0.0, "Y_co_ord": 0.0, "layer": null, "path": null }, "geometry": { "type": "MultiLineString", "coordinates": [ [ [ 83.058577983006856, 28.093603769899033 ], [ 83.058728437287598, 28.093500414349649 ], [ 83.058744136864718, 28.093582837129539 ], [ 83.058629006632501, 28.093639093947559 ], [ 83.058596299180152, 28.093619469476156 ] ] ] } },
{ "type": "Feature", "properties": { "fid_1": 32.0, "contract_i": "PEP5-NCB-06/079-80\n", "contractor": "Swargadwari Nirman Sewa & Suppliers \n", "project_na": "Construction of Foksingkot Lift Irrigation Project at Ramba Ga.Pa. Palpa.\n", "chainage_s": null, "chainage_e": null, "contract_a": "1,34,00,339.00 \n", "start_date": "2080.05.19\n", "completion": "2083.03.24\n", "progress_p": "60%", "status": "Normal", "delay_reas": null, "supervisio": null, "remarks": null, "Photo": null, "Shape_Leng": 0.0, "id": 0, "contact_id": null, "Contract_1": null, "project__1": null, "Progress__": 0, "X_co_ord": 0.0, "Y_co_ord": 0.0, "layer": null, "path": null }, "geometry": { "type": "MultiLineString", "coordinates": [ [ [ 83.673938934938391, 27.898102823345585 ], [ 83.674901842335174, 27.898448214042258 ], [ 83.675058838106395, 27.897296911720009 ], [ 83.673980800477381, 27.897223647026777 ] ] ] } },
{ "type": "Feature", "properties": { "fid_1": 33.0, "contract_i": "PEP5/NCB/RT/18-081/082\n", "contractor": "ARAPANA AND AARKITI/HALESI-SAMERTHA JV\n", "project_na": "Construction of Earthen Embankment and Sloping Gabion Revetment work at Mathagadi-01, Madiphat,Tinau River,Palpa.\n", "chainage_s": null, "chainage_e": null, "contract_a": "89,31,434.36 \n", "start_date": "2082.02.08\n", "completion": "083.03.25\n", "progress_p": "90%", "status": "Normal", "delay_reas": null, "supervisio": null, "remarks": null, "Photo": null, "Shape_Leng": 0.0, "id": 0, "contact_id": null, "Contract_1": null, "project__1": null, "Progress__": 0, "X_co_ord": 0.0, "Y_co_ord": 0.0, "layer": null, "path": null }, "geometry": { "type": "MultiLineString", "coordinates": [ [ [ 83.626766938880422, 27.818355513058489 ], [ 83.628148501667127, 27.818020588746563 ] ] ] } },
{ "type": "Feature", "properties": { "fid_1": 34.0, "contract_i": "PEP5-NCB-25/078-79\n", "contractor": "Suryadaya Construction, Gulmi\n", "project_na": "Construction of  Dhadfat Lift Irrigation System at  Isma-01, Gulmi.\n", "chainage_s": null, "chainage_e": null, "contract_a": "79,79,985.00 \n", "start_date": "2079.02.05\n", "completion": "2083.03.24\n", "progress_p": "80%", "status": "Normal", "delay_reas": null, "supervisio": null, "remarks": null, "Photo": null, "Shape_Leng": 0.0, "id": 0, "contact_id": null, "Contract_1": null, "project__1": null, "Progress__": 0, "X_co_ord": 0.0, "Y_co_ord": 0.0, "layer": null, "path": null }, "geometry": { "type": "MultiLineString", "coordinates": [ [ [ 83.248417596635335, 28.168953236145033 ], [ 83.248234434902244, 28.169332642592135 ], [ 83.248059122957713, 28.169230595340846 ], [ 83.248213502132742, 28.16888520464417 ], [ 83.248485628136194, 28.16890352081748 ] ] ] } },
{ "type": "Feature", "properties": { "fid_1": 6.0, "contract_i": "IWRMP-CHAINPUR/JKISP/Works/NCB-05/082-83\n", "contractor": "J&W/La.Bi.Kiran/Mission & Vision J.V., Khandbari -01, Sankhuwasabha", "project_na": "Construction of Jorkhola Muhan ISP Makalu Municipality-3, Sankhuwasabha", "chainage_s": "0+000", "chainage_e": "1+000", "contract_a": "24,015,884.45", "start_date": "2082-08-29", "completion": "2082-03-19", "progress_p": "90", "status": "Normal", "delay_reas": null, "supervisio": null, "remarks": null, "Photo": null, "Shape_Leng": 0.0, "id": 0, "contact_id": null, "Contract_1": null, "project__1": null, "Progress__": 0, "X_co_ord": 0.0, "Y_co_ord": 0.0, "layer": null, "path": null }, "geometry": { "type": "MultiLineString", "coordinates": [ [ [ 87.32261276869734, 27.594832867342035 ], [ 87.322372988635536, 27.594353307218434 ], [ 87.321728579719448, 27.594158485918221 ], [ 87.321368909626742, 27.593214351924882 ], [ 87.321099157057219, 27.592539970501065 ], [ 87.320349844364088, 27.591670767777039 ], [ 87.319180916562814, 27.591266138922748 ], [ 87.318086920030851, 27.591011372607085 ], [ 87.317622346161102, 27.590636716260523 ], [ 87.316363500836658, 27.589947348582847 ], [ 87.315689119412838, 27.589767513536493 ] ] ] } },
{ "type": "Feature", "properties": { "fid_1": 7.0, "contract_i": "IWRMP-CHAINPUR/S KLIP/Works/NCB-19/082-83\n", "contractor": "Manakamana Karki Buiders Ratuwamai-05 Morang", "project_na": "Construction of Sabha Khola Lift Irrigation Project Sabha khola, Khandbari-09\n", "chainage_s": "0+000", "chainage_e": "0+800", "contract_a": "84,03,589.45", "start_date": "2082-12-25", "completion": "2082-03-19", "progress_p": "10%", "status": "Stressed", "delay_reas": null, "supervisio": null, "remarks": null, "Photo": null, "Shape_Leng": 0.0, "id": 0, "contact_id": null, "Contract_1": null, "project__1": null, "Progress__": 0, "X_co_ord": 0.0, "Y_co_ord": 0.0, "layer": null, "path": null }, "geometry": { "type": "MultiLineString", "coordinates": [ [ [ 87.213390277968927, 27.290372348340647 ], [ 87.212749615616318, 27.290739043239835 ], [ 87.212294408155245, 27.29143871396704 ], [ 87.210271263883826, 27.292259211366002 ], [ 87.209360848961694, 27.293607974213607 ], [ 87.20919225360575, 27.294990456132403 ], [ 87.206202495960241, 27.297148476688566 ] ] ] } },
{ "type": "Feature", "properties": { "fid_1": 8.0, "contract_i": "IWRMP-CHAINPUR/ UPLIP/Works/NCB-20/082-83\n", "contractor": "MHI-HARELO JV, Bhojpur Municipality 6, Deurali\n", "project_na": "Construction of Uttarpani Lift Irrigation Project Parkhibas Municipality -9, Dhankuta\n", "chainage_s": "0+000", "chainage_e": "1+000", "contract_a": "1,12,80,424.45\n", "start_date": "2082-12-25", "completion": "2082-03-19", "progress_p": "10%", "status": "Stressed", "delay_reas": "Budget allocated in later phase so the contract invitation was done recently so", "supervisio": null, "remarks": "deep tubewell lift irrigation work", "Photo": null, "Shape_Leng": 0.0, "id": 0, "contact_id": null, "Contract_1": null, "project__1": null, "Progress__": 0, "X_co_ord": 0.0, "Y_co_ord": 0.0, "layer": null, "path": null }, "geometry": { "type": "MultiLineString", "coordinates": [ [ [ 87.303249508650296, 27.014079904257024 ], [ 87.303732815337355, 27.014667178080249 ], [ 87.304339758618781, 27.015234782445294 ], [ 87.30575595960876, 27.014976269566169 ], [ 87.30575595960876, 27.014987509256567 ], [ 87.303687856575763, 27.015324699968467 ], [ 87.300877933976594, 27.013481390743404 ], [ 87.299911320602476, 27.012200066038179 ] ] ] } },
{ "type": "Feature", "properties": { "fid_1": 9.0, "contract_i": "WIDMD/NCB/Works/81-82/21", "contractor": "Barun Nirman Sewa, Sankhuwasabha", "project_na": "Protection Works at Orang Khola Chichilla Ga Pa \n", "chainage_s": "0+000", "chainage_e": "1+000", "contract_a": "72.65 lakh", "start_date": "2082-03-23", "completion": "2083-03-19", "progress_p": "95%", "status": "Normal", "delay_reas": null, "supervisio": null, "remarks": "embankment across orang river", "Photo": null, "Shape_Leng": 0.0, "id": 0, "contact_id": null, "Contract_1": null, "project__1": null, "Progress__": 0, "X_co_ord": 0.0, "Y_co_ord": 0.0, "layer": null, "path": null }, "geometry": { "type": "MultiLineString", "coordinates": [ [ [ 87.269259545425712, 27.490719958761613 ], [ 87.269135908831345, 27.49055979317346 ], [ 87.269074090534176, 27.490365908514114 ], [ 87.269023511927386, 27.490110205557592 ], [ 87.269082520301964, 27.489761775155291 ] ] ] } },
{ "type": "Feature", "properties": { "fid_1": 10.0, "contract_i": "WIDMD/NCB/Works/81-82/22\n", "contractor": "Nisani Construction\nBhotkhola, Sankhuwasabha", "project_na": "Protection Works at Confluence of Arun River and Sabha Khola Khandbari \n", "chainage_s": "0+000", "chainage_e": "0+250", "contract_a": "95.3 lakh", "start_date": "2082-03-18", "completion": "2083-03-19", "progress_p": "15%", "status": "Stressed", "delay_reas": "Due to local obstruction for collecting stones", "supervisio": null, "remarks": null, "Photo": null, "Shape_Leng": 0.0, "id": 0, "contact_id": null, "Contract_1": null, "project__1": null, "Progress__": 0, "X_co_ord": 0.0, "Y_co_ord": 0.0, "layer": null, "path": null }, "geometry": { "type": "MultiLineString", "coordinates": [ [ [ 87.205929414214964, 27.273837052022348 ], [ 87.206121531971348, 27.273679416940187 ], [ 87.206377688979856, 27.273644934265967 ], [ 87.20655010235096, 27.273699121325457 ], [ 87.206727441818387, 27.273728677903364 ], [ 87.206939263960038, 27.273802569348124 ], [ 87.207067342464299, 27.273925721756061 ] ] ] } },
{ "type": "Feature", "properties": { "fid_1": 11.0, "contract_i": "IWRMP-CHAINPUR/BCLP/Works/NCB-07/082-83\n", "contractor": "Ramchandra Nirman Sewa khandbari Municipality-7  ,Nayabazaar, Sankhuwasava\n", "project_na": "Construction of Bhaisichowk Bazar Pahiro Protection Work Panchkhapan Municiplaity-07, Sankhuwasabha\n", "chainage_s": "0+000", "chainage_e": "0+750", "contract_a": "1,95,67,266.07\n", "start_date": "2082-11-26", "completion": "2083-03-19", "progress_p": "30%", "status": "Normal", "delay_reas": null, "supervisio": null, "remarks": "Landslide Protection Work at Playground", "Photo": null, "Shape_Leng": 0.0, "id": 0, "contact_id": null, "Contract_1": null, "project__1": null, "Progress__": 0, "X_co_ord": 0.0, "Y_co_ord": 0.0, "layer": null, "path": null }, "geometry": { "type": "MultiLineString", "coordinates": [ [ [ 87.311903583966043, 27.334268881450448 ], [ 87.311657279150168, 27.334298438028352 ], [ 87.311391269949027, 27.334190063909368 ], [ 87.311243487059514, 27.334057059308797 ], [ 87.311169595614743, 27.33387971984137 ], [ 87.31132230460058, 27.333786124011336 ], [ 87.311406048237984, 27.333589080158639 ], [ 87.311548905031188, 27.333633415025496 ], [ 87.311662205246492, 27.333603858447592 ], [ 87.311814914232329, 27.333608784543909 ], [ 87.311962697121857, 27.333722084759209 ], [ 87.312007031988713, 27.33393390690086 ], [ 87.311913436158676, 27.334278733643082 ] ] ] } },
{ "type": "Feature", "properties": { "fid_1": 12.0, "contract_i": "IWRMP-CHAINPUR/ MHLP/Works/NCB-13/082-83\n", "contractor": "J. B. M.- K. K. K. JV Chichila Rural Municipality-3 Sankhuwasabha\n", "project_na": "Construction of Landslide Protection work at Makalu Hospital, Makalu-05, Sankhuwasabha\n", "chainage_s": null, "chainage_e": null, "contract_a": "1,15,07,687.55\n", "start_date": "2082-11-29", "completion": "2082-03-19", "progress_p": "20%", "status": "Normal", "delay_reas": null, "supervisio": null, "remarks": null, "Photo": null, "Shape_Leng": 0.0, "id": 0, "contact_id": null, "Contract_1": null, "project__1": null, "Progress__": 0, "X_co_ord": 0.0, "Y_co_ord": 0.0, "layer": null, "path": null }, "geometry": { "type": "MultiLineString", "coordinates": [ [ [ 87.286905126382365, 27.553005037917867 ], [ 87.287067687560835, 27.55290651599152 ], [ 87.28728443579881, 27.552985333532597 ], [ 87.287412514303057, 27.552911442087836 ], [ 87.287570149385218, 27.55294099866574 ], [ 87.287688375696831, 27.552916368184153 ], [ 87.287624336444708, 27.552541984864028 ], [ 87.287717932274745, 27.552310458337107 ], [ 87.287747488852645, 27.552202084218123 ] ] ] } },
{ "type": "Feature", "properties": { "fid_1": 13.0, "contract_i": "IWRMP-CHAINPUR/ BHLP/Works/NCB-14/082-83\n", "contractor": "Chhiring Jyamu Nirman Sewa Bhotkhola_04\n", "project_na": "Construction of Landslide Protection Work at Bhotkhola Hospital  and Gola Health Post, Bhotkhola, Sankhuwasabha\n", "chainage_s": null, "chainage_e": null, "contract_a": "75,29,376.47\n", "start_date": "2082-11-29", "completion": "2083-03-19", "progress_p": "30%", "status": "Normal", "delay_reas": null, "supervisio": null, "remarks": null, "Photo": null, "Shape_Leng": 0.0, "id": 0, "contact_id": null, "Contract_1": null, "project__1": null, "Progress__": 0, "X_co_ord": 0.0, "Y_co_ord": 0.0, "layer": null, "path": null }, "geometry": { "type": "MultiLineString", "coordinates": [ [ [ 87.354692548405438, 27.661268971494493 ], [ 87.354964059816666, 27.661152609461112 ], [ 87.355128906030615, 27.661293213584781 ], [ 87.355308297498752, 27.661506543979311 ], [ 87.355284055408461, 27.661564724996001 ] ] ] } },
{ "type": "Feature", "properties": { "fid_1": 14.0, "contract_i": "WORKS-GPPW-NCB-2082/83-08\n", "contractor": "J.B.M. Construction Chichila-03, Sankhuwasabha\n", "project_na": "Construction of Guphapokhari Protection Work Chainpur-01, Sankhuwasabha\n", "chainage_s": "0+000", "chainage_e": "0+150", "contract_a": "36,25,800.45", "start_date": "2082-11-11", "completion": "2083-03-19", "progress_p": "20%", "status": "Normal", "delay_reas": null, "supervisio": null, "remarks": null, "Photo": null, "Shape_Leng": 0.0, "id": 0, "contact_id": null, "Contract_1": null, "project__1": null, "Progress__": 0, "X_co_ord": 0.0, "Y_co_ord": 0.0, "layer": null, "path": null }, "geometry": { "type": "MultiLineString", "coordinates": [ [ [ 87.505894877301785, 27.28542690398141 ], [ 87.505967603572643, 27.285516599715475 ], [ 87.506105783487286, 27.285572356523137 ], [ 87.506195479221347, 27.285560235477991 ], [ 87.506275478119292, 27.285509327088388 ], [ 87.506370022271412, 27.285434176608497 ], [ 87.506459718005488, 27.285351753501519 ] ] ] } },
{ "type": "Feature", "properties": { "fid_1": 15.0, "contract_i": "IWRMP-CHAINPUR/ TMPP/Works/NCB-15/082-83\n", "contractor": "Evan Construction and Suppliers Pvt. Ltd Khandbari-1,Sankuwasabha\n", "project_na": "Construction of Tumlingtar Multipurpose Pokhari Protection Work, Khandabari-9, Sankhuwasabha\n", "chainage_s": null, "chainage_e": null, "contract_a": "1,31,42,432.30\n", "start_date": "2082-11-27", "completion": "2083-03-19", "progress_p": "40%", "status": "Delayed", "delay_reas": null, "supervisio": null, "remarks": null, "Photo": null, "Shape_Leng": 0.0, "id": 0, "contact_id": null, "Contract_1": null, "project__1": null, "Progress__": 0, "X_co_ord": 0.0, "Y_co_ord": 0.0, "layer": null, "path": null }, "geometry": { "type": "MultiLineString", "coordinates": [ [ [ 87.196708365339532, 27.317710665197271 ], [ 87.196911998897946, 27.317720362033384 ], [ 87.196979876750746, 27.317354306470044 ], [ 87.196771394774274, 27.317330064379757 ], [ 87.196708365339532, 27.317710665197271 ] ] ] } },
{ "type": "Feature", "properties": { "fid_1": 16.0, "contract_i": "IWRMP-CHAINPUR/ SPPW/Works/NCB-16/082-83\n", "contractor": "J. B. M.- K. K. K. JV Chichila Rural Municipality-3 Sankhuwasabha\n", "project_na": "Construction of Sabhapokari Protection Work, Sabhapokhari-05, Sankhuwasabha\n", "chainage_s": null, "chainage_e": null, "contract_a": "23,99,859.30\n", "start_date": "2082-11-29", "completion": "2083-03-19", "progress_p": "10%", "status": "Stressed", "delay_reas": null, "supervisio": null, "remarks": null, "Photo": null, "Shape_Leng": 0.0, "id": 0, "contact_id": null, "Contract_1": null, "project__1": null, "Progress__": 0, "X_co_ord": 0.0, "Y_co_ord": 0.0, "layer": null, "path": null }, "geometry": { "type": "MultiLineString", "coordinates": [ [ [ 87.410832787895444, 27.443447484731603 ], [ 87.410832787895444, 27.443340819534338 ] ] ] } },
{ "type": "Feature", "properties": { "fid_1": 17.0, "contract_i": "IWRMP-CHAINPUR/ MTPW/Works/NCB-09/082-83\n", "contractor": "Evan Construction and Suppliers Pvt. Ltd Khandbari-1, Sankuwasabha\n", "project_na": "Construction of Manakamana Temple Protection Work in Arun River Khandbari-09,  Sankhuwasabha\n", "chainage_s": "0+000", "chainage_e": "0+050", "contract_a": "15,77,946.93\n", "start_date": "2082-11-27", "completion": "2083-03-19", "progress_p": "20%", "status": "Normal", "delay_reas": null, "supervisio": null, "remarks": null, "Photo": null, "Shape_Leng": 0.0, "id": 0, "contact_id": null, "Contract_1": null, "project__1": null, "Progress__": 0, "X_co_ord": 0.0, "Y_co_ord": 0.0, "layer": null, "path": null }, "geometry": { "type": "MultiLineString", "coordinates": [ [ [ 87.186899218030902, 27.339967088705613 ], [ 87.186833764387131, 27.339860423508345 ], [ 87.186773159161405, 27.339712546757593 ], [ 87.186705281308605, 27.339559821588782 ], [ 87.186673766591227, 27.339450732182488 ] ] ] } },
{ "type": "Feature", "properties": { "fid_1": 18.0, "contract_i": "IWRMP-CHAINPUR/ BKRM/Works/NCB-10/082-83\n", "contractor": "Chhiring Jyamu Nirman Sewa Bhotkhola_04\n", "project_na": "Construction of Barun River Management Work Bhotkhola-04, Sankhuwasabha\n", "chainage_s": "0+000", "chainage_e": "0+250", "contract_a": "30,84,402.95\n", "start_date": "2082-11-29", "completion": "2083-03-19", "progress_p": "90%", "status": "Normal", "delay_reas": null, "supervisio": null, "remarks": null, "Photo": null, "Shape_Leng": 0.0, "id": 0, "contact_id": null, "Contract_1": null, "project__1": null, "Progress__": 0, "X_co_ord": 0.0, "Y_co_ord": 0.0, "layer": null, "path": null }, "geometry": { "type": "MultiLineString", "coordinates": [ [ [ 87.356428152684003, 27.659648787344459 ], [ 87.35681117771054, 27.659522728474965 ], [ 87.357228141663484, 27.659309398080431 ], [ 87.357359048951039, 27.659086370849788 ] ] ] } },
{ "type": "Feature", "properties": { "fid_1": 19.0, "contract_i": "IWRMP-CHAINPUR/ BRPW/Works/NCB-11/082-83\n", "contractor": "Tada Nirmansewa Biratnagar-10, Morang\n", "project_na": "Construction of Bhagawati Pra Vi and Ram Ma Vi Protection Work  in Leuti River, Sangurigadhi 4&6 ,Dhankuta\n", "chainage_s": "0+000", "chainage_e": "0+600", "contract_a": "74,53,492.59\n", "start_date": "2082-11-29", "completion": "2083-03-19", "progress_p": "40%", "status": "Normal", "delay_reas": null, "supervisio": null, "remarks": null, "Photo": null, "Shape_Leng": 0.0, "id": 0, "contact_id": null, "Contract_1": null, "project__1": null, "Progress__": 0, "X_co_ord": 0.0, "Y_co_ord": 0.0, "layer": null, "path": null }, "geometry": { "type": "MultiLineString", "coordinates": [ [ [ 87.323343448133528, 26.892730275933236 ], [ 87.323033149377849, 26.892895122147191 ], [ 87.322863454745843, 26.893001787344456 ], [ 87.322800425311087, 26.893098755705605 ], [ 87.322795576893029, 26.893263601919561 ] ] ] } },
{ "type": "Feature", "properties": { "fid_1": 20.0, "contract_i": "IWRMP-CHAINPUR/ SKRM/Works/NCB-12/082-83\n", "contractor": "Khewa Nirman sewa ,chhathar Jorpati Rural Municipality-1,hatikharka, Dhankuta\n", "project_na": "Construction of Sabha  Khola River Management Work Panchkhapan-02, Sankhuwasabha\n", "chainage_s": "0+000", "chainage_e": "0+050", "contract_a": "14,01,890.49\n", "start_date": "2082-12-03", "completion": "2083-03-19", "progress_p": "10%", "status": "Normal", "delay_reas": null, "supervisio": null, "remarks": null, "Photo": null, "Shape_Leng": 0.0, "id": 0, "contact_id": null, "Contract_1": null, "project__1": null, "Progress__": 0, "X_co_ord": 0.0, "Y_co_ord": 0.0, "layer": null, "path": null }, "geometry": { "type": "MultiLineString", "coordinates": [ [ [ 87.274073998897933, 27.385513601919563 ], [ 87.274195209349372, 27.385828749093299 ], [ 87.274297026128579, 27.38617783519344 ], [ 87.274243693529939, 27.386429952932431 ] ] ] } },
{ "type": "Feature", "properties": { "fid_1": 21.0, "contract_i": "IWRMP-CHAINPUR/ BDPW/Works/NCB-21/082-83\n", "contractor": "Rani-Dhunga Nirman Sewa Manebhanjyang-03, Sankhuwasabha\n", "project_na": "Construction of  Protection Work  at Bridge downstream of  Barun River, Bhotkhola Ga.Pa.-4, Sankhuwasbha\n", "chainage_s": "0+000", "chainage_e": "1+000", "contract_a": "1,15,51,292.17\n", "start_date": "2082-12-17", "completion": "2083-03-19", "progress_p": "15%", "status": "Normal", "delay_reas": null, "supervisio": null, "remarks": null, "Photo": null, "Shape_Leng": 0.0, "id": 0, "contact_id": null, "Contract_1": null, "project__1": null, "Progress__": 0, "X_co_ord": 0.0, "Y_co_ord": 0.0, "layer": null, "path": null }, "geometry": { "type": "MultiLineString", "coordinates": [ [ [ 87.356725426413121, 27.660071846213949 ], [ 87.357098754603555, 27.659907 ], [ 87.357292691325853, 27.659557913899853 ], [ 87.357447840703699, 27.659504581301235 ], [ 87.35764905005307, 27.659354280341454 ], [ 87.357857532029541, 27.659308220369908 ], [ 87.357961773017777, 27.65945852132969 ], [ 87.358158133949118, 27.659572459154042 ], [ 87.358301162281805, 27.659502157092209 ], [ 87.358395706433924, 27.659662154888107 ] ] ] } },
{ "type": "Feature", "properties": { "fid_1": 22.0, "contract_i": "IWRMP-CHAINPUR/ MLPW/Works/NCB-22/082-83\n", "contractor": "T. And T. Bandhu Construction Pvt. Ltd., Ward No.1, Deurali Dhankuta\n", "project_na": "Construction of  Protection Work  at Mangmaya Bridge Area & Leguwa Bazar Area, Mahalaxmi Na.Pa.-4&5, Dhankuta and Arun Ga.Pa.-6, Bhojpur\n", "chainage_s": "0+000", "chainage_e": "1+000", "contract_a": "1,11,25,722.24\n", "start_date": "2082-12-30", "completion": "2083-03-19", "progress_p": "10%", "status": "Normal", "delay_reas": null, "supervisio": null, "remarks": null, "Photo": null, "Shape_Leng": 0.0, "id": 0, "contact_id": null, "Contract_1": null, "project__1": null, "Progress__": 0, "X_co_ord": 0.0, "Y_co_ord": 0.0, "layer": null, "path": null }, "geometry": { "type": "MultiLineString", "coordinates": [ [ [ 87.254243636864558, 27.11889097056525 ], [ 87.25422424319234, 27.119177027230641 ], [ 87.254195152683991, 27.119370963952942 ], [ 87.254166062175642, 27.119613384855818 ], [ 87.25414666850341, 27.119904289939267 ], [ 87.254073942232552, 27.120233982367179 ] ] ] } },
{ "type": "Feature", "properties": { "fid_1": 23.0, "contract_i": "IWRMP-CHAINPUR/ MLPW/Works/NCB-24/082-83\n", "contractor": "Khoku/Panchalaxmi JV, Khoku-2, Dhankuta\n", "project_na": "Construction of  Protection Work  at Mulghat Bazar and Confluence of Leuti River and Tamor River, Sagurigadi Ga.Pa.-6 and Dhankuta Na.Pa. -10, Dhankuta\n", "chainage_s": "0+000", "chainage_e": "1+000", "contract_a": "1,13,25,932.54\n", "start_date": "2082-12-18", "completion": "2083-03-19", "progress_p": "10%", "status": "Normal", "delay_reas": null, "supervisio": null, "remarks": null, "Photo": null, "Shape_Leng": 0.0, "id": 0, "contact_id": null, "Contract_1": null, "project__1": null, "Progress__": 0, "X_co_ord": 0.0, "Y_co_ord": 0.0, "layer": null, "path": null }, "geometry": { "type": "MultiLineString", "coordinates": [ [ [ 87.318629645680986, 26.929257751297406 ], [ 87.319114487486729, 26.928937755705611 ], [ 87.320142352114928, 26.928695334802732 ], [ 87.320685374937369, 26.928772909491656 ], [ 87.321499909171024, 26.928792303163885 ], [ 87.321839298435052, 26.928889271525033 ] ] ] } },
{ "type": "Feature", "properties": { "fid_1": 24.0, "contract_i": "IWRMP-CHAINPUR/ PGPW/Works/NCB-23/082-83\n", "contractor": "L.K. And R.D.S Construction, Koteshwor, Kathmandu\n", "project_na": "Construction of  Protection Work  at Phedi, Simsuwa and Ghante Area, Sagurigadi Ga.Pa.-4&6 , Dhankuta\n", "chainage_s": "0+000", "chainage_e": "1+000", "contract_a": "99,77,065.28\n", "start_date": "2082-12-30", "completion": "2083-03-19", "progress_p": "10%", "status": "Normal", "delay_reas": null, "supervisio": null, "remarks": null, "Photo": null, "Shape_Leng": 0.0, "id": 0, "contact_id": null, "Contract_1": null, "project__1": null, "Progress__": 0, "X_co_ord": 0.0, "Y_co_ord": 0.0, "layer": null, "path": null }, "geometry": { "type": "MultiLineString", "coordinates": [ [ [ 87.336535640170737, 26.880719149377846 ], [ 87.336971997795914, 26.880350669605473 ], [ 87.33712714717376, 26.880098551866485 ], [ 87.33728714496965, 26.879875524635839 ], [ 87.337495626946122, 26.879700981585767 ], [ 87.337752593103176, 26.879560377462102 ], [ 87.338067740276912, 26.879424621756492 ], [ 87.338188950728352, 26.879351895485627 ], [ 87.338693186206314, 26.878925234696577 ], [ 87.339352571062136, 26.878847660007654 ], [ 87.340215589476372, 26.87845008972694 ], [ 87.340302861001405, 26.878188275151835 ] ] ] } },
{ "type": "Feature", "properties": { "fid_1": 25.0, "contract_i": "IWRMP-CHAINPUR/ LKPW/Works/NCB-17/082-83\n", "contractor": "Suban Group Of Construction and Suppliers Pvt.Ltd. Dhankuta -5\n", "project_na": "Construction of Landslide and Kholsi Protection work in DAO office, Dhankuta-01\n", "chainage_s": null, "chainage_e": null, "contract_a": "36,95,307.92\n", "start_date": "2082-11-29", "completion": "2083-03-19", "progress_p": "30%", "status": "Normal", "delay_reas": null, "supervisio": null, "remarks": null, "Photo": null, "Shape_Leng": 0.0, "id": 0, "contact_id": null, "Contract_1": null, "project__1": null, "Progress__": 0, "X_co_ord": 0.0, "Y_co_ord": 0.0, "layer": null, "path": null }, "geometry": { "type": "MultiLineString", "coordinates": [ [ [ 87.343510394223244, 26.98724381788125 ], [ 87.343580696285073, 26.987171091610385 ], [ 87.343566151030913, 26.987127455847869 ], [ 87.343595241539248, 26.987083820085353 ] ] ] } },
{ "type": "Feature", "properties": { "fid_1": 26.0, "contract_i": "WORKS-JSAISP-NCB-2082/83-03\n", "contractor": "T. And T. Bandhu Construction Pvt. Ltd Deurali-01, Dhankuta \n", "project_na": "Construction of Three different Irrigation projects Jamune Khola Kerawbote ISP, Sunkhani Khola Katahare ISP and Aitabare Kholsi ISP Khandbari Municipality, Sankhuwasabha  \n", "chainage_s": "0+000", "chainage_e": "0+350", "contract_a": "62,43,992.55", "start_date": "2082-06-02", "completion": "2083-03-19", "progress_p": "95%", "status": "Normal", "delay_reas": null, "supervisio": null, "remarks": null, "Photo": null, "Shape_Leng": 0.0, "id": 0, "contact_id": null, "Contract_1": null, "project__1": null, "Progress__": 0, "X_co_ord": 0.0, "Y_co_ord": 0.0, "layer": null, "path": null }, "geometry": { "type": "MultiLineString", "coordinates": [ [ [ 87.214298792852645, 27.399648204699794 ], [ 87.21445396488663, 27.399864952937747 ], [ 87.21447859536822, 27.400089090320176 ], [ 87.21431603418975, 27.400332932087874 ], [ 87.21417810349287, 27.400495493266341 ], [ 87.214074655470213, 27.400739335034029 ], [ 87.21404017279599, 27.401015196427789 ], [ 87.214158399107603, 27.401310762206819 ], [ 87.21401061621809, 27.401488101674236 ], [ 87.2139564291586, 27.401694997719556 ], [ 87.214138694722337, 27.401842780609069 ], [ 87.214266773226583, 27.401877263283289 ] ] ] } },
{ "type": "Feature", "properties": { "fid_1": 27.0, "contract_i": "WORKS-MBTISP-NCB-2082/83-02\n", "contractor": "Seknepeden Builders Bhotkhola-2, Shankhuwasabha\n", "project_na": "Construction of Three different Irrigation projects Mirmire ISP, Bhalukhola ISP and Talghar Danda khet ISP Khandbari Municipality, Sankhuwasabha \n", "chainage_s": null, "chainage_e": null, "contract_a": "59,98,080.27", "start_date": "2082-6-05", "completion": "2083-03-19", "progress_p": "60%", "status": "Normal", "delay_reas": null, "supervisio": null, "remarks": null, "Photo": null, "Shape_Leng": 0.0, "id": 0, "contact_id": null, "Contract_1": null, "project__1": null, "Progress__": 0, "X_co_ord": 0.0, "Y_co_ord": 0.0, "layer": null, "path": null }, "geometry": { "type": "MultiLineString", "coordinates": [ [ [ 87.188292798019816, 27.430705644070823 ], [ 87.18851939845041, 27.430789387708213 ], [ 87.188706590110456, 27.430927318405093 ] ] ] } },
{ "type": "Feature", "properties": { "fid_1": 28.0, "contract_i": "WORKS-LBAISP-NCB-2082/83-01\n", "contractor": "Seknepeden Builders Bhotkhola-2, Shankhuwasabha\n", "project_na": "Construction of Three different Irrigation projects Loktantrik ISP, Barhaghare ISP and Alaichibari Tallo Malta ISP Khandbari Municipality, Sankhuwasabha \n", "chainage_s": "0+000", "chainage_e": "1+000", "contract_a": "86,30,755.28", "start_date": "2082-06-02", "completion": "2083-03-19", "progress_p": "70%", "status": "Normal", "delay_reas": null, "supervisio": null, "remarks": null, "Photo": null, "Shape_Leng": 0.0, "id": 0, "contact_id": null, "Contract_1": null, "project__1": null, "Progress__": 0, "X_co_ord": 0.0, "Y_co_ord": 0.0, "layer": null, "path": null }, "geometry": { "type": "MultiLineString", "coordinates": [ [ [ 87.21602200305432, 27.420565280578799 ], [ 87.216132304565122, 27.420538614279483 ], [ 87.21620503083598, 27.420516796398225 ], [ 87.216281393420374, 27.420441645918338 ], [ 87.216341998646087, 27.420320435466909 ], [ 87.216386846513117, 27.420222255001249 ], [ 87.216508056964571, 27.420069529832457 ], [ 87.216701993686868, 27.419662262715633 ], [ 87.217118957639784, 27.419254995598827 ], [ 87.217157744984249, 27.418741063284763 ], [ 87.217215926000932, 27.418159253117896 ] ] ] } },
{ "type": "Feature", "properties": { "fid_1": 29.0, "contract_i": "Works-Khandbari-NCB-2081/82-03\n", "contractor": "Shresas Construction and Suppliers Pvt. Ltd. Bhotkhola-04, Sankhuwasabha\n", "project_na": "Construction of Two Different Irrigation projects Located at Khandbari Municipality, Sankhuwasabha \n", "chainage_s": null, "chainage_e": null, "contract_a": "38,54 ,448.53", "start_date": "2082-5-27", "completion": "2083-03-19", "progress_p": "90%", "status": "Normal", "delay_reas": null, "supervisio": null, "remarks": null, "Photo": null, "Shape_Leng": 0.0, "id": 0, "contact_id": null, "Contract_1": null, "project__1": null, "Progress__": 0, "X_co_ord": 0.0, "Y_co_ord": 0.0, "layer": null, "path": null }, "geometry": { "type": "MultiLineString", "coordinates": [ [ [ 87.219790435989353, 27.407643034351814 ], [ 87.219581954012895, 27.407420007121186 ], [ 87.21954316666843, 27.407133950455808 ], [ 87.219480137233688, 27.406891529552947 ], [ 87.219261958421114, 27.406590927633403 ], [ 87.21924741316694, 27.406324264640254 ], [ 87.21917953531414, 27.406246689951338 ], [ 87.219072870116889, 27.406149721590193 ], [ 87.218844994468199, 27.40591214910539 ] ] ] } },
{ "type": "Feature", "properties": { "fid_1": 30.0, "contract_i": "Works-Chainpur-NCB-2081/82-01\n", "contractor": "Balali Nirman Sewa Khandbari Municipality-1, Sankhuwasabha\n", "project_na": "Construction of Five Different Irrigation project Located at Chainpur Municipality, Sankhuwasabha\n", "chainage_s": null, "chainage_e": null, "contract_a": "1,01,71,094.74", "start_date": "2082-05-25", "completion": "2083-03-19", "progress_p": "95%", "status": "Normal", "delay_reas": null, "supervisio": null, "remarks": null, "Photo": null, "Shape_Leng": 0.0, "id": 0, "contact_id": null, "Contract_1": null, "project__1": null, "Progress__": 0, "X_co_ord": 0.0, "Y_co_ord": 0.0, "layer": null, "path": null }, "geometry": { "type": "MultiLineString", "coordinates": [ [ [ 87.277244810963381, 27.24344116629765 ], [ 87.277176933110582, 27.243392682117076 ], [ 87.277157539438349, 27.243227835903131 ], [ 87.277099358421665, 27.242958748700957 ], [ 87.277016935314691, 27.242820568786325 ], [ 87.276825422801437, 27.242735721470325 ], [ 87.276648455542343, 27.242762387769638 ], [ 87.276403610430464, 27.242808447741183 ], [ 87.276221794753312, 27.242820568786325 ], [ 87.276144220064396, 27.242772084605754 ] ] ] } },
{ "type": "Feature", "properties": { "fid_1": 31.0, "contract_i": "IWRMP-CHAINPUR/ KKISP/Works/NCB-18/082-83  \n", "contractor": "L.K And R.D.S Construction, Kathmandu\n", "project_na": "Rehabilitation of Kekuwa Khola Solaban Hattikharka Tellok ISP, Dharmadevi Na.Pa. 1, Sankhuwasabha\n", "chainage_s": null, "chainage_e": null, "contract_a": "1,00,04,480.62\n", "start_date": "2082-11-29", "completion": "2083-03-19", "progress_p": "70%", "status": "Normal", "delay_reas": null, "supervisio": null, "remarks": null, "Photo": null, "Shape_Leng": 0.0, "id": 0, "contact_id": null, "Contract_1": null, "project__1": null, "Progress__": 0, "X_co_ord": 0.0, "Y_co_ord": 0.0, "layer": null, "path": null }, "geometry": { "type": "MultiLineString", "coordinates": [ [ [ 87.381720871818672, 27.197897891444761 ], [ 87.382036141982979, 27.200065373824302 ], [ 87.3833366314107, 27.201247636940415 ], [ 87.384794755920581, 27.201562907104712 ], [ 87.386489333053674, 27.202745170220826 ], [ 87.387198690923341, 27.20365157194318 ], [ 87.388656815433208, 27.203493936861033 ], [ 87.390981932894903, 27.20298162284405 ] ] ] } },
{ "type": "Feature", "properties": { "fid_1": 32.0, "contract_i": "IWRMP-CHAINPUR/LKISP/Works/NCB-06/082-83 \n", "contractor": "Chemjong/Tumyehang J.V. Falgunanda-7, Panchthar, Nepal\n", "project_na": "Construction of Lahachung Kulo ISP, Dharmadevi Municipality, Sankhuwasabha\n", "chainage_s": "0+000", "chainage_e": "14+000", "contract_a": "2,61,52,973.37", "start_date": "2082-08-28", "completion": "2083-03-19", "progress_p": "15%", "status": "Delayed", "delay_reas": "due to contractor negligence", "supervisio": null, "remarks": "Due to contractor the work has been delaying although multiple times warning has been given", "Photo": null, "Shape_Leng": 0.0, "id": 0, "contact_id": null, "Contract_1": null, "project__1": null, "Progress__": 0, "X_co_ord": 0.0, "Y_co_ord": 0.0, "layer": null, "path": null }, "geometry": { "type": "MultiLineString", "coordinates": [ [ [ 87.405658321065076, 27.172945330266291 ], [ 87.403766700079288, 27.171802475920714 ], [ 87.402308575569421, 27.17117193559212 ], [ 87.401638626470287, 27.170501986492987 ], [ 87.400416954583633, 27.170423168951913 ], [ 87.399786414255033, 27.17101430050997 ], [ 87.398682968680006, 27.171526614526954 ], [ 87.397973610810325, 27.1716842496091 ], [ 87.396239624906698, 27.171329570674267 ], [ 87.395540119229665, 27.17121134436265 ], [ 87.395569675807565, 27.170610360611956 ], [ 87.394673126277837, 27.170748291308836 ], [ 87.39426918637983, 27.170413316759273 ], [ 87.393835689903923, 27.169920707127563 ], [ 87.393904655252371, 27.169467506266386 ], [ 87.393362784657484, 27.169408393110579 ], [ 87.392751948714164, 27.169723663274876 ], [ 87.391884955762336, 27.169743367660143 ], [ 87.391096780351617, 27.169713811082246 ], [ 87.390623875105177, 27.170029081246547 ], [ 87.390150969858723, 27.170304942640303 ], [ 87.389894812850244, 27.170098046594987 ], [ 87.389747029960716, 27.169896076645976 ], [ 87.389441611989056, 27.169743367660146 ], [ 87.389057376476316, 27.169999524668636 ], [ 87.388604175615143, 27.1699601158981 ], [ 87.388047526731313, 27.170137455365513 ], [ 87.387476099558526, 27.17057095184142 ], [ 87.38656969783618, 27.17114237901421 ], [ 87.386372653983486, 27.171910850039684 ], [ 87.386215018901339, 27.173250748237944 ], [ 87.38608694039705, 27.174590646436208 ], [ 87.385683000499057, 27.174866507829968 ], [ 87.38547610445373, 27.175516752543832 ], [ 87.385485956646363, 27.176048770946082 ], [ 87.385692852691648, 27.177457634492789 ], [ 87.385141129904127, 27.177772904657086 ], [ 87.384944086051433, 27.178600488838363 ], [ 87.384392363263927, 27.17905368969954 ], [ 87.383840640476407, 27.17962511687233 ], [ 87.383170691377273, 27.179428073019643 ], [ 87.382421924737059, 27.17990097826609 ], [ 87.381495818629446, 27.180275361586197 ], [ 87.380747051989246, 27.180570927365224 ], [ 87.379801241496352, 27.180945310685328 ], [ 87.378441638912832, 27.181014276033764 ], [ 87.378008142436926, 27.180925606300057 ], [ 87.376678096431306, 27.18125072865698 ], [ 87.375298789462505, 27.181979790911917 ], [ 87.373623916714678, 27.182472400543631 ], [ 87.371082051015051, 27.184896039931655 ], [ 87.36989978789893, 27.185211310095962 ], [ 87.36962392650517, 27.185447762719186 ], [ 87.365446596828178, 27.188698986288497 ], [ 87.364323446867871, 27.188324602968393 ], [ 87.362353008341017, 27.188068445959903 ], [ 87.361072223298564, 27.188226081042053 ], [ 87.360047595264589, 27.18796992403356 ], [ 87.359633803173949, 27.188442829280007 ], [ 87.359318533009656, 27.190235928339437 ], [ 87.35807715673775, 27.191102921291254 ], [ 87.356165831366681, 27.191910801087253 ], [ 87.355062385791669, 27.19306350762546 ], [ 87.354707706856829, 27.194580745291141 ], [ 87.347860432975992, 27.206176776021682 ] ] ] } },
{ "type": "Feature", "properties": { "fid_1": 33.0, "contract_i": "WORKS-ADISP-NCB-2082/83-04\n", "contractor": "Jubin Construction Khandbari -01 Sankhuwasabha  \n", "project_na": "Construction of Two different Irrigation projects Archale Besi Haledesera Besi Khahare ISP Panchkhapan-5, Dumrebesi  ISP Chainpur-03 , Sankhuwasabha \n", "chainage_s": "0+000", "chainage_e": "0+500", "contract_a": "45,77,546.08", "start_date": "2082-05-31", "completion": "2083-03-19", "progress_p": "80%", "status": "Normal", "delay_reas": null, "supervisio": null, "remarks": null, "Photo": null, "Shape_Leng": 0.0, "id": 0, "contact_id": null, "Contract_1": null, "project__1": null, "Progress__": 0, "X_co_ord": 0.0, "Y_co_ord": 0.0, "layer": null, "path": null }, "geometry": { "type": "MultiLineString", "coordinates": [ [ [ 87.277785256362634, 27.305035073903674 ], [ 87.277568508124673, 27.304719803739378 ], [ 87.276888706832906, 27.304089263410784 ], [ 87.276346836238019, 27.303685323512777 ], [ 87.276043881314507, 27.303488279660087 ] ] ] } },
{ "type": "Feature", "properties": { "fid_1": 34.0, "contract_i": "Works-Panchkhapan-NCB-2081/82-04\n", "contractor": "Ishak Green Construction and Suppliers Pvt. Ltd. Kathmandu-11\n", "project_na": "Construction of Two Different Irrigation project Located at Panchkhapan Municipality, Sankhuwasabha \n", "chainage_s": "0+000", "chainage_e": "0+200", "contract_a": "87,75,605.76", "start_date": "2082-05-25", "completion": "2083-03-19", "progress_p": "80%", "status": "Normal", "delay_reas": null, "supervisio": null, "remarks": null, "Photo": null, "Shape_Leng": 0.0, "id": 0, "contact_id": null, "Contract_1": null, "project__1": null, "Progress__": 0, "X_co_ord": 0.0, "Y_co_ord": 0.0, "layer": null, "path": null }, "geometry": { "type": "MultiLineString", "coordinates": [ [ [ 87.295763078504265, 27.392065852192623 ], [ 87.295610369518442, 27.392405752838506 ], [ 87.295319729835725, 27.392661909846996 ], [ 87.294984755286166, 27.39284910150705 ], [ 87.294541406617626, 27.39302151487815 ] ] ] } },
{ "type": "Feature", "properties": { "fid_1": 35.0, "contract_i": "Works-Dharmadevi-NCB-2081/82-02\n", "contractor": "Ishak Green Construction and Suppliers Pvt. Ltd. Kathmandu-11\n", "project_na": " Construction of Five Different Irrigation project Located at Dharmadevi Municipality, Sankhuwasabha\n", "chainage_s": "0+000", "chainage_e": "0+200", "contract_a": "76,97,803.74", "start_date": "2082-05-25", "completion": "2083-03-19", "progress_p": "30%", "status": "Normal", "delay_reas": null, "supervisio": null, "remarks": null, "Photo": null, "Shape_Leng": 0.0, "id": 0, "contact_id": null, "Contract_1": null, "project__1": null, "Progress__": 0, "X_co_ord": 0.0, "Y_co_ord": 0.0, "layer": null, "path": null }, "geometry": { "type": "MultiLineString", "coordinates": [ [ [ 87.41067518705951, 27.194009678934833 ], [ 87.410340212509936, 27.19473874118977 ], [ 87.410221986198323, 27.195783073609004 ], [ 87.410241690583604, 27.196650066560821 ], [ 87.40957174148447, 27.197024449880924 ] ] ] } },
{ "type": "Feature", "properties": { "fid_1": 36.0, "contract_i": "WIDMD/NCB/Works/81-82/20\n", "contractor": "Seti Devi Construction\n", "project_na": "Triveni Ma. Vi Protection Works Sabhapokhari Ga pa\n", "chainage_s": null, "chainage_e": null, "contract_a": "136.9 lakh", "start_date": "2082-03-18", "completion": "2083-03-19", "progress_p": "10%", "status": "Delayed", "delay_reas": "due to contractor negligence", "supervisio": null, "remarks": null, "Photo": null, "Shape_Leng": 0.0, "id": 0, "contact_id": null, "Contract_1": null, "project__1": null, "Progress__": 0, "X_co_ord": 0.0, "Y_co_ord": 0.0, "layer": null, "path": null }, "geometry": { "type": "MultiLineString", "coordinates": [ [ [ 87.308775174980894, 27.425978829801082 ], [ 87.308942463722829, 27.425898283369783 ], [ 87.309134535982096, 27.425830128697143 ], [ 87.309348293819014, 27.425749582265841 ], [ 87.309537268138598, 27.425734092567513 ], [ 87.309747928035847, 27.42582393281781 ], [ 87.309707654820201, 27.426133726784354 ], [ 87.309630206328563, 27.426297917586623 ] ] ] } },
{ "type": "Feature", "properties": { "fid_1": 37.0, "contract_i": "WIDMD/NCB/Works/81-82/19\n", "contractor": "Nisani Construction\n", "project_na": "Protection Works at Kimathanka Bhotkhola Ga pa\n", "chainage_s": "0+000", "chainage_e": "0+250", "contract_a": "117.6 lakh", "start_date": "2082-03-27", "completion": "2083-03-19", "progress_p": "5%", "status": "Delayed", "delay_reas": "due to geography , road obstruction", "supervisio": null, "remarks": null, "Photo": null, "Shape_Leng": 0.0, "id": 0, "contact_id": null, "Contract_1": null, "project__1": null, "Progress__": 0, "X_co_ord": 0.0, "Y_co_ord": 0.0, "layer": null, "path": null }, "geometry": { "type": "MultiLineString", "coordinates": [ [ [ 87.42558813738242, 27.855417032793294 ], [ 87.42586399877618, 27.857308653779075 ], [ 87.425706363694033, 27.858589438821532 ], [ 87.424937892668552, 27.859633771240766 ], [ 87.423992082175658, 27.859791406322913 ] ] ] } },
{ "type": "Feature", "properties": { "fid_1": 6.0, "contract_i": "SIP/CAD/PSBC1/NCB-18/081-82", "contractor": "M/S Panchakanya Engineering Solution Pvt. Ltd., Kupondole-1, Lalitpur", "project_na": "Sikta Irrigation Project", "chainage_s": "0+000", "chainage_e": "3+800", "contract_a": "60,998,635.64", "start_date": "1-Jul-25", "completion": "1-Mar-27", "progress_p": "60%", "status": "Normal", "delay_reas": null, "supervisio": null, "remarks": null, "Photo": null, "Shape_Leng": 0.0, "id": 0, "contact_id": null, "Contract_1": null, "project__1": null, "Progress__": 0, "X_co_ord": 0.0, "Y_co_ord": 0.0, "layer": null, "path": null }, "geometry": { "type": "MultiLineString", "coordinates": [ [ [ 81.644468330360112, 28.18703594879846 ], [ 81.644615427223641, 28.187445718632578 ], [ 81.644536625332464, 28.187645350090225 ], [ 81.643985012094234, 28.187892262682578 ], [ 81.643118191291308, 28.188249497922577 ], [ 81.642335425838951, 28.188606733162576 ], [ 81.64124270628129, 28.18901124953728 ], [ 81.640102705588959, 28.18948406088434 ], [ 81.639409248946606, 28.189783508070807 ], [ 81.639130815597781, 28.189799268449043 ], [ 81.638484640090141, 28.189804521908457 ], [ 81.63820095328191, 28.189452540127867 ], [ 81.637906759554852, 28.188853645754929 ], [ 81.637612565827794, 28.187955304195519 ], [ 81.637754409231903, 28.187435211713758 ], [ 81.637665100421899, 28.187035948798467 ], [ 81.637475975883078, 28.186731248152583 ], [ 81.637071459508363, 28.186190141833173 ], [ 81.636356989028371, 28.185554473244352 ], [ 81.635726573898935, 28.184871523520826 ], [ 81.635395605955992, 28.18452479519965 ], [ 81.635206481417171, 28.184151799581414 ], [ 81.635006849959524, 28.183988942339646 ], [ 81.63458657320659, 28.183967928501996 ], [ 81.633998185752475, 28.184015209636705 ], [ 81.633488600189523, 28.183994195799055 ], [ 81.632763622790705, 28.183952168123763 ], [ 81.631807493177774, 28.183647467477879 ], [ 81.630987953509546, 28.182964517754353 ], [ 81.630473114487188, 28.182344609543765 ], [ 81.629737630169529, 28.180579447181412 ], [ 81.62885504898837, 28.179087464708484 ], [ 81.628277168453067, 28.177711058342599 ], [ 81.62823514077779, 28.177022855159663 ], [ 81.628713205584248, 28.176439721164961 ], [ 81.62906518736483, 28.175846080251432 ], [ 81.62909670812131, 28.17526819971614 ], [ 81.629007399311305, 28.174952992151432 ], [ 81.628723712503074, 28.174732346856139 ], [ 81.6285503483425, 28.174101931726732 ], [ 81.628655417530723, 28.173308659355556 ], [ 81.62853984142366, 28.17272027190144 ], [ 81.628382237641304, 28.171984787583792 ], [ 81.628298182290735, 28.171322851697919 ], [ 81.62820887348073, 28.170723957324977 ], [ 81.627977721266618, 28.170114556033212 ], [ 81.627720301755446, 28.169736306955564 ], [ 81.627646753323674, 28.169205707554976 ], [ 81.627305278461918, 28.168585799344392 ], [ 81.627005831275454, 28.168107734537919 ], [ 81.626858734411925, 28.167755752757333 ], [ 81.626848227493099, 28.167519347083804 ] ] ] } },
{ "type": "Feature", "properties": { "fid_1": 7.0, "contract_i": "SIP/CAD/PED/NCB-01/081-82", "contractor": "M/S Panchakanya Engineering Solution Pvt. Ltd., Kupondole-1, Lalitpur", "project_na": "Sikta Irrigation Project", "chainage_s": "0+000", "chainage_e": "0+900", "contract_a": "50,666,267.33", "start_date": "18-Feb-25", "completion": "25-Oct-26", "progress_p": "42%", "status": "Normal", "delay_reas": null, "supervisio": null, "remarks": null, "Photo": null, "Shape_Leng": 0.0, "id": 0, "contact_id": null, "Contract_1": null, "project__1": null, "Progress__": 0, "X_co_ord": 0.0, "Y_co_ord": 0.0, "layer": null, "path": null }, "geometry": { "type": "MultiLineString", "coordinates": [ [ [ 81.613247021076205, 28.174451286777632 ], [ 81.613162965725607, 28.174477554074691 ], [ 81.612992228294729, 28.174356724508222 ], [ 81.612700661297382, 28.174099304997043 ], [ 81.612464255623848, 28.173925940836458 ], [ 81.611970430439143, 28.173600226352928 ], [ 81.611455591416799, 28.173269258409988 ], [ 81.611240199580919, 28.173122161546459 ], [ 81.611143010581799, 28.173069626952341 ], [ 81.610872457422104, 28.172996078520576 ], [ 81.610664945775312, 28.172959304304694 ], [ 81.61040489953443, 28.172996078520576 ], [ 81.610008263348846, 28.173040732925575 ], [ 81.609724576540629, 28.173072253682047 ], [ 81.609480290677965, 28.17306700022263 ] ] ] } },
{ "type": "Feature", "properties": { "fid_1": 8.0, "contract_i": "SIP/CAD/PED/NCB-01/081-82", "contractor": "M/S Panchakanya Engineering Solution Pvt. Ltd., Kupondole-1, Lalitpur", "project_na": "Sikta Irrigation Project", "chainage_s": "0+000", "chainage_e": "1+700", "contract_a": "50,666,267.33", "start_date": "18-Feb-25", "completion": "25-Oct-26", "progress_p": "42%", "status": "Normal", "delay_reas": null, "supervisio": null, "remarks": null, "Photo": null, "Shape_Leng": 0.0, "id": 0, "contact_id": null, "Contract_1": null, "project__1": null, "Progress__": 0, "X_co_ord": 0.0, "Y_co_ord": 0.0, "layer": null, "path": null }, "geometry": { "type": "MultiLineString", "coordinates": [ [ [ 81.610895441306951, 28.170482954874494 ], [ 81.610905948225778, 28.170816549547141 ], [ 81.610669542552245, 28.170908485086844 ], [ 81.610338574609301, 28.170866457411552 ], [ 81.609792214830506, 28.170792908979791 ], [ 81.609298389645801, 28.17072461400744 ], [ 81.608468343058718, 28.17062217154891 ], [ 81.607745992389596, 28.170538116198319 ], [ 81.607415024446667, 28.170501341982437 ], [ 81.606437880996097, 28.170380512415964 ], [ 81.605773318380486, 28.170320097632729 ], [ 81.605142903251107, 28.170280696687144 ], [ 81.604607050391095, 28.170254429390081 ], [ 81.60417626671935, 28.170207148255376 ], [ 81.603611519832583, 28.170217655174195 ], [ 81.602986358162582, 28.170217655174195 ], [ 81.602660643679059, 28.170228162093018 ], [ 81.601835850551424, 28.170175627498899 ], [ 81.601252716556715, 28.170165120580076 ], [ 81.600217785052578, 28.170180880958309 ], [ 81.599345710790232, 28.170175627498896 ], [ 81.597822207560839, 28.170207148255368 ], [ 81.596929119460853, 28.170238669011837 ], [ 81.59626718357498, 28.170222908633601 ], [ 81.595342574718501, 28.17027544322772 ], [ 81.594612343860277, 28.170312217443609 ], [ 81.593488103546164, 28.170527609279489 ], [ 81.593157135603221, 28.170543369657725 ] ] ] } },
{ "type": "Feature", "properties": { "fid_1": 9.0, "contract_i": "SIP/CAD/PED/NCB-01/081-82", "contractor": "M/S Panchakanya Engineering Solution Pvt. Ltd., Kupondole-1, Lalitpur", "project_na": "Sikta Irrigation Project", "chainage_s": "0+000", "chainage_e": "2+400", "contract_a": "50,666,267.33", "start_date": "18-Feb-25", "completion": "25-Oct-26", "progress_p": "42%", "status": "Normal", "delay_reas": null, "supervisio": null, "remarks": null, "Photo": null, "Shape_Leng": 0.0, "id": 0, "contact_id": null, "Contract_1": null, "project__1": null, "Progress__": 0, "X_co_ord": 0.0, "Y_co_ord": 0.0, "layer": null, "path": null }, "geometry": { "type": "MultiLineString", "coordinates": [ [ [ 81.608071706873247, 28.165389725974816 ], [ 81.607735485470883, 28.165641892026578 ], [ 81.607554241121179, 28.165699680080106 ], [ 81.606821383533244, 28.165746961214815 ], [ 81.606225115889998, 28.165752214674225 ], [ 81.605565806733821, 28.165778481971284 ], [ 81.604903870847949, 28.165699680080106 ], [ 81.604352257609719, 28.165623504918639 ], [ 81.603784883993256, 28.165586730702756 ], [ 81.603080920432092, 28.165555209946284 ], [ 81.601562670662076, 28.165261016219223 ], [ 81.600280826565609, 28.165008850167457 ], [ 81.598583959175627, 28.164331153903337 ], [ 81.597018428270928, 28.163721752611572 ], [ 81.595379348934443, 28.16312285823863 ], [ 81.594643864616799, 28.162502950028045 ], [ 81.593960914893273, 28.161735944953929 ], [ 81.593351513601505, 28.160979446798635 ], [ 81.592751962546217, 28.160233455562203 ], [ 81.592279151199165, 28.159634561189264 ], [ 81.592336939252689, 28.159345620921616 ], [ 81.592310671955644, 28.158615390063378 ], [ 81.592163575092115, 28.157890412664557 ], [ 81.591722284501529, 28.157281011372792 ], [ 81.591738044879762, 28.155972899979261 ], [ 81.591391316558585, 28.154974742691028 ], [ 81.590718873753886, 28.154281286048679 ], [ 81.590277583163299, 28.153724419351033 ], [ 81.589605140358586, 28.153020455789857 ] ] ] } },
{ "type": "Feature", "properties": { "fid_1": 10.0, "contract_i": "SIP/CAP(GK/PK)/NCB-17/081-82", "contractor": "M/S Bishal/Hari J/V, Kathmandu", "project_na": "Sikta Irrigation Project", "chainage_s": "Paruwa Khola (D/S of Paruwa Escape)", "chainage_e": null, "contract_a": "33,596,087.75", "start_date": "3-Jul-25", "completion": "4-Oct-26", "progress_p": "52%", "status": "Normal", "delay_reas": null, "supervisio": null, "remarks": null, "Photo": null, "Shape_Leng": 0.0, "id": 0, "contact_id": null, "Contract_1": null, "project__1": null, "Progress__": 0, "X_co_ord": 0.0, "Y_co_ord": 0.0, "layer": null, "path": null }, "geometry": { "type": "MultiLineString", "coordinates": [ [ [ 81.806272253512603, 28.132278484667417 ], [ 81.806516539375252, 28.131671710105358 ], [ 81.806768705427018, 28.131064935543304 ], [ 81.806808106372614, 28.13050544211595 ], [ 81.806642622401142, 28.13007203171448 ], [ 81.806201331810556, 28.129662261880362 ], [ 81.805799442165551, 28.129291892991834 ], [ 81.805208427981725, 28.12907124769654 ] ] ] } },
{ "type": "Feature", "properties": { "fid_1": 11.0, "contract_i": "SIP/CAP(GK/PK)/NCB-17/081-82", "contractor": "M/S Bishal/Hari J/V, Kathmandu", "project_na": "Sikta Irrigation Project", "chainage_s": "Geruwa Khola", "chainage_e": null, "contract_a": "33,596,087.75", "start_date": "3-Jul-25", "completion": "4-Oct-26", "progress_p": "52%", "status": "Normal", "delay_reas": null, "supervisio": null, "remarks": null, "Photo": null, "Shape_Leng": 0.0, "id": 0, "contact_id": null, "Contract_1": null, "project__1": null, "Progress__": 0, "X_co_ord": 0.0, "Y_co_ord": 0.0, "layer": null, "path": null }, "geometry": { "type": "MultiLineString", "coordinates": [ [ [ 81.762918408058383, 28.160505322086731 ], [ 81.76261699082464, 28.160420610053716 ], [ 81.762374675009283, 28.160408789770042 ], [ 81.762157969808541, 28.160306347311511 ], [ 81.761957024986046, 28.16021375508938 ], [ 81.761696978745164, 28.160166473954671 ], [ 81.761490123780831, 28.160044331023347 ], [ 81.761300999241996, 28.159920218044746 ], [ 81.761096114324943, 28.159790194924305 ], [ 81.760962151109936, 28.15980201520798 ], [ 81.760871528935084, 28.159928098233863 ], [ 81.760808487422153, 28.160085702016215 ] ] ] } },
{ "type": "Feature", "properties": { "fid_1": 12.0, "contract_i": "SIP/CAP/NCB-11/081-82", "contractor": "M/S Bajrangbali Nirman Sewa, Rithapatha-7, Bajhang", "project_na": "Sikta Irrigation Project", "chainage_s": "D/S of Hulaki (Backside of Airport)", "chainage_e": null, "contract_a": "73,718,403.68", "start_date": "20-Apr-25", "completion": "25-Oct-26", "progress_p": "13%", "status": "Normal", "delay_reas": null, "supervisio": null, "remarks": null, "Photo": null, "Shape_Leng": 0.0, "id": 0, "contact_id": null, "Contract_1": null, "project__1": null, "Progress__": 0, "X_co_ord": 0.0, "Y_co_ord": 0.0, "layer": null, "path": null }, "geometry": { "type": "MultiLineString", "coordinates": [ [ [ 81.684362280280311, 28.102850410919736 ], [ 81.684381980753102, 28.102625825529891 ], [ 81.684279538294575, 28.102405180234609 ], [ 81.684117994417676, 28.102263336830497 ], [ 81.683905229311506, 28.102117553331826 ], [ 81.683672763732545, 28.101967829738594 ] ] ] } },
{ "type": "Feature", "properties": { "fid_1": 13.0, "contract_i": "SIP/CAD/SBCR/NCB-19/081-82", "contractor": "M/S Tapeshwari-Sainamaina JV, Sainamaina -07, Rupandehi", "project_na": "Sikta Irrigation Project", "chainage_s": "Segment of Canal (D/S of Hulaki)", "chainage_e": null, "contract_a": "51,191,802.92", "start_date": "30-Jun-25", "completion": "30-Jun-28", "progress_p": "42%", "status": "Normal", "delay_reas": null, "supervisio": null, "remarks": null, "Photo": null, "Shape_Leng": 0.0, "id": 0, "contact_id": null, "Contract_1": null, "project__1": null, "Progress__": 0, "X_co_ord": 0.0, "Y_co_ord": 0.0, "layer": null, "path": null }, "geometry": { "type": "MultiLineString", "coordinates": [ [ [ 81.710085187606538, 28.066059777978211 ], [ 81.71017580978139, 28.06545300341617 ], [ 81.71038857488756, 28.064731966111935 ], [ 81.710601339993715, 28.064211873630192 ], [ 81.71087714661283, 28.063455375474931 ], [ 81.711200234366629, 28.062801319778192 ], [ 81.711409059378241, 28.062367909376739 ], [ 81.711803068834101, 28.061587770654121 ], [ 81.712181317911757, 28.060921894673708 ], [ 81.712437424058066, 28.060453023421228 ], [ 81.712776272190112, 28.059672884698614 ], [ 81.713075719376576, 28.059073990325693 ], [ 81.71337516656304, 28.058356893116017 ], [ 81.714092263772727, 28.056906938318431 ], [ 81.714801480793284, 28.055630347681422 ], [ 81.715479177057375, 28.054219793829422 ], [ 81.716070191241172, 28.053100806974758 ], [ 81.716401159184088, 28.052446751278016 ], [ 81.71654300258821, 28.052139423902442 ], [ 81.716598163912025, 28.051879377661567 ], [ 81.717169477623045, 28.050780091279702 ], [ 81.717508325755091, 28.05010239501561 ], [ 81.717949616345663, 28.049219813834469 ], [ 81.718304224855942, 28.04856575813773 ], [ 81.718627312609755, 28.047990504332166 ], [ 81.718769156013863, 28.047706817523942 ] ] ] } },
{ "type": "Feature", "properties": { "fid_1": 14.0, "contract_i": "SIP/CAD/PSBC2/NCB-12/081-82", "contractor": "M/S Aayush-Kalpeshwor J/V, Kohalpur-8, Banke, Nepal", "project_na": "Sikta Irrigation Project", "chainage_s": "0+000", "chainage_e": "2+200", "contract_a": "34,044,424.40", "start_date": "20-Apr-25", "completion": "25-Oct-26", "progress_p": "93%", "status": "Normal", "delay_reas": null, "supervisio": null, "remarks": null, "Photo": null, "Shape_Leng": 0.0, "id": 0, "contact_id": null, "Contract_1": null, "project__1": null, "Progress__": 0, "X_co_ord": 0.0, "Y_co_ord": 0.0, "layer": null, "path": null }, "geometry": { "type": "MultiLineString", "coordinates": [ [ [ 81.644646127129221, 28.186994085290937 ], [ 81.644549594812531, 28.186765559806538 ], [ 81.644447152354005, 28.18657052512588 ], [ 81.644350620037329, 28.186426711674489 ], [ 81.644196956349532, 28.18624940741935 ], [ 81.64406299313454, 28.186150905055381 ], [ 81.643741875428006, 28.185985421083917 ], [ 81.643426667863309, 28.185863278152596 ], [ 81.643206022568023, 28.185768715883192 ], [ 81.643036598502007, 28.185719464701208 ], [ 81.642780492355698, 28.185676123661064 ], [ 81.642496805547466, 28.18562687247908 ], [ 81.642154017320863, 28.185573681202538 ], [ 81.641846689945297, 28.18553231020967 ], [ 81.641409339449282, 28.185453508318496 ], [ 81.641094131884586, 28.185421987562027 ], [ 81.640670571719525, 28.185356976001806 ], [ 81.640412495525922, 28.185305754772543 ], [ 81.640189880183371, 28.185219072692256 ], [ 81.640014545975504, 28.185112690139171 ], [ 81.639809661058436, 28.184964936593222 ], [ 81.639636296897862, 28.18479354247992 ], [ 81.639462932737288, 28.184633968650296 ], [ 81.639250167631104, 28.184450754253319 ], [ 81.639080743565088, 28.184297090565529 ], [ 81.638990121390236, 28.184163127350534 ], [ 81.638864038364346, 28.184029164135538 ], [ 81.638734015243912, 28.183873530400472 ], [ 81.638548830799664, 28.183652885105186 ], [ 81.638351826071727, 28.1834322398099 ], [ 81.638150881249231, 28.183219474703726 ], [ 81.637979487135922, 28.183016559833959 ], [ 81.637821883353581, 28.182847135767936 ], [ 81.637721410942333, 28.182711202505661 ], [ 81.637581537585504, 28.182575269243387 ], [ 81.637526376261675, 28.182457066406627 ], [ 81.63742196375587, 28.182303402718837 ], [ 81.637307701013654, 28.182072907187159 ], [ 81.637242689453444, 28.181897572979299 ], [ 81.637161917515016, 28.181771489953423 ], [ 81.637108726238466, 28.181629646549311 ], [ 81.637002343685367, 28.181511443712548 ], [ 81.636960972692506, 28.181452342294168 ], [ 81.636880200754049, 28.181310498890056 ], [ 81.636706836593476, 28.181044542507347 ], [ 81.636606364182228, 28.180881028583162 ], [ 81.636499981629143, 28.180693874091627 ], [ 81.636393599076058, 28.180483079032737 ], [ 81.63629312666481, 28.180276224068407 ], [ 81.636170983733493, 28.180051638678563 ], [ 81.636084301653213, 28.179836903525114 ], [ 81.635958218627337, 28.179630048560789 ], [ 81.63585577616881, 28.179405463170944 ], [ 81.635749393615725, 28.179212398537572 ], [ 81.635639070968082, 28.179021303951476 ], [ 81.63552677827316, 28.178832179412659 ], [ 81.635442066240145, 28.178676545677593 ], [ 81.635390845010875, 28.178509091658846 ], [ 81.635406605389107, 28.17832390721459 ], [ 81.635432216003736, 28.178067801068277 ], [ 81.635463736760201, 28.177923987616886 ], [ 81.635499197611225, 28.177723042794391 ], [ 81.635522838178574, 28.177514217782782 ], [ 81.635572089360565, 28.177287662345659 ], [ 81.635583909644239, 28.177090657617729 ], [ 81.635646951157185, 28.176944874119055 ], [ 81.635643011062626, 28.176795150525827 ], [ 81.635672561771813, 28.176537074332234 ], [ 81.635711962717409, 28.17631248894239 ], [ 81.635735603284758, 28.176064262985193 ], [ 81.635676501866371, 28.175863318162701 ], [ 81.635550418840495, 28.175703744333074 ], [ 81.635353414112558, 28.175524470030648 ], [ 81.635168229668309, 28.175380656579257 ], [ 81.63503131138242, 28.175247185876103 ], [ 81.634816576228985, 28.175075791762815 ], [ 81.6346254816429, 28.174904397649527 ], [ 81.634459997671456, 28.174744823819914 ], [ 81.634351645071106, 28.174673902117863 ], [ 81.634188131146928, 28.174528118619204 ], [ 81.634036437506424, 28.17439218535694 ], [ 81.633987186324447, 28.174352784411358 ] ] ] } },
{ "type": "Feature", "properties": { "fid_1": 6.0, "contract_i": "SIP/CAD/ABC/NCB-13/081-82", "contractor": "M/S Oli/Aayush/T.S. JV", "project_na": "Construction of Akalgharwa Sub-Secondary Canal (S3/SS1) upto Ch. 1+235, Tertiary Canal (S3/SS1/T1) and related Structures", "chainage_s": "0+000", "chainage_e": "1+235", "contract_a": "59,886,536.35", "start_date": "15-Jun-25", "completion": "14-Feb-27", "progress_p": "65", "status": "Normal", "delay_reas": null, "supervisio": null, "remarks": null, "Photo": null, "Shape_Leng": 0.0, "id": 0, "contact_id": null, "Contract_1": null, "project__1": null, "Progress__": 0, "X_co_ord": 0.0, "Y_co_ord": 0.0, "layer": null, "path": null }, "geometry": { "type": "MultiLineString", "coordinates": [ [ [ 81.669973574377352, 28.1769890593865 ], [ 81.669726056903926, 28.176743128563537 ], [ 81.669454739673441, 28.176528930749988 ], [ 81.669077116861402, 28.176202080753029 ], [ 81.668801039679494, 28.176014855997483 ], [ 81.668309178033567, 28.175745125417464 ], [ 81.667620571729273, 28.175443661828027 ], [ 81.666773300377898, 28.175129505034821 ], [ 81.666490876594111, 28.175066039015991 ], [ 81.666173546499962, 28.174980359890572 ], [ 81.665066064471389, 28.174656683194542 ], [ 81.66209902809112, 28.173964903589312 ], [ 81.661572260134832, 28.17383162494977 ], [ 81.661299356253863, 28.173609493883866 ], [ 81.660385445582733, 28.172574997776948 ], [ 81.660150621313065, 28.172365559914819 ], [ 81.659579427143598, 28.172194201663981 ], [ 81.659020926177917, 28.172022843413142 ], [ 81.659376335883351, 28.171705513318997 ], [ 81.659700012579393, 28.171350103613555 ], [ 81.660061768886706, 28.171039120121289 ], [ 81.660442564999684, 28.170664670610197 ], [ 81.660721815482532, 28.170353687117935 ], [ 81.66108357178986, 28.170010970616257 ], [ 81.661400901884008, 28.16966825411458 ], [ 81.661692845570641, 28.169331884214785 ], [ 81.661997482461018, 28.169046287130055 ], [ 81.662251346536337, 28.168817809462269 ], [ 81.662390971777782, 28.16860202499825 ], [ 81.662441744592854, 28.168145069662682 ], [ 81.662644835853101, 28.16768811432711 ], [ 81.662949472743477, 28.166875749286095 ], [ 81.663152564003738, 28.16598722502248 ], [ 81.663419121282828, 28.165098700758875 ], [ 81.66366743208151, 28.164130050646499 ] ] ] } },
{ "type": "Feature", "properties": { "fid_1": 7.0, "contract_i": "SIP/CAD/ABC/NCB-14/081-82", "contractor": "M/S  LAMA/G. INFINITY J.V.\nUttargaya Rural Municipality – 4, Rasuwa", "project_na": "Construction of Akalgharwa Sub-Secondary Canal (S3/SS1) from Ch. 1+235 to Ch. 4+000 and related Structures", "chainage_s": "1+235", "chainage_e": "4+000", "contract_a": "67,123,002.51", "start_date": "16-Jun-25", "completion": "15-Feb-27", "progress_p": "65", "status": "Normal", "delay_reas": null, "supervisio": null, "remarks": null, "Photo": null, "Shape_Leng": 0.0, "id": 0, "contact_id": null, "Contract_1": null, "project__1": null, "Progress__": 0, "X_co_ord": 0.0, "Y_co_ord": 0.0, "layer": null, "path": null }, "geometry": { "type": "MultiLineString", "coordinates": [ [ [ 81.659054245837879, 28.171988730428026 ], [ 81.658914620596448, 28.17190781125402 ], [ 81.658695662831491, 28.171812612225775 ], [ 81.658571904094771, 28.171752319507888 ], [ 81.658249814049213, 28.1716000010627 ], [ 81.657862671334343, 28.171431816112804 ], [ 81.657611980559963, 28.171322337230322 ], [ 81.657375569639839, 28.171195405192666 ], [ 81.657264504106877, 28.171130352523363 ], [ 81.657196278136638, 28.171060539902651 ], [ 81.657088385904629, 28.17084158213769 ], [ 81.6570629994971, 28.170716236750504 ], [ 81.656910681051897, 28.170165669037154 ], [ 81.656501325230465, 28.168474299635356 ], [ 81.656161782029727, 28.167128820036176 ], [ 81.655990423778888, 28.166437040430939 ], [ 81.655717519897919, 28.166024511308549 ], [ 81.655514428637673, 28.165745260825698 ], [ 81.654816302430547, 28.164964628794102 ], [ 81.654949581070099, 28.164817070300323 ], [ 81.655251044659536, 28.16469648486455 ], [ 81.655711173296027, 28.164442620789231 ], [ 81.656123702418412, 28.164214143121445 ], [ 81.656644123772807, 28.163979318851776 ], [ 81.656517191735148, 28.163642948951981 ], [ 81.656390259697503, 28.163154260607005 ], [ 81.656072929603383, 28.161745314988988 ], [ 81.655044780098336, 28.15905435579063 ], [ 81.654838515537165, 28.158505374727753 ], [ 81.654787742722093, 28.158292763564678 ], [ 81.655032086894579, 28.157975433470533 ], [ 81.655136805825649, 28.157851674733816 ], [ 81.655416056308496, 28.157591464056615 ], [ 81.655466829123569, 28.157324906777525 ], [ 81.655549334948049, 28.156855258238188 ], [ 81.655746079606416, 28.156296757272496 ], [ 81.655892051449726, 28.156017506789645 ], [ 81.656285540766461, 28.1548814650526 ], [ 81.656482285424829, 28.15435469709632 ], [ 81.657123292215005, 28.152653807791701 ], [ 81.657351769882794, 28.151689124305499 ], [ 81.657675446578821, 28.150238925775248 ] ] ] } },
{ "type": "Feature", "properties": { "fid_1": 8.0, "contract_i": "SIP/CAD/ABC/NCB-15/081-82", "contractor": "M/S INDRA DEVI NIRMAN SEWA", "project_na": "Construction of Akalgharwa Sub-Secondary Canal (S3/SS3)  and related Structures", "chainage_s": "0+000", "chainage_e": "0+930", "contract_a": "33,106,152.88", "start_date": "12-Jun-25", "completion": "11-Jun-26", "progress_p": "45", "status": "Normal", "delay_reas": null, "supervisio": null, "remarks": null, "Photo": null, "Shape_Leng": 0.0, "id": 0, "contact_id": null, "Contract_1": null, "project__1": null, "Progress__": 0, "X_co_ord": 0.0, "Y_co_ord": 0.0, "layer": null, "path": null }, "geometry": { "type": "MultiLineString", "coordinates": [ [ [ 81.637689997249467, 28.150365857812922 ], [ 81.637296507932732, 28.150299218493149 ], [ 81.637010910848005, 28.150178633057376 ], [ 81.636604728327498, 28.14990572917641 ], [ 81.636480969590778, 28.149791490342515 ], [ 81.635513112803636, 28.149277415589999 ], [ 81.63456746912307, 28.148722087925243 ], [ 81.634250139028921, 28.148398411229206 ], [ 81.633609132238746, 28.14814454715389 ], [ 81.632695221567602, 28.147173517065806 ], [ 81.631590912839968, 28.146564243285045 ], [ 81.630918173040385, 28.146234219987132 ], [ 81.630821387361678, 28.146169167317833 ], [ 81.630816627410269, 28.145961316106167 ], [ 81.63078965435227, 28.145743944991679 ], [ 81.630630989305189, 28.145601146449312 ], [ 81.630424724743989, 28.145348869024467 ] ] ] } },
{ "type": "Feature", "properties": { "fid_1": 9.0, "contract_i": "SIP/WMC/NCB-20/081-82)", "contractor": "M/S Grow Up - Maa Durga JV, Nepalgunj-18, Banke", "project_na": "Supply, Fabrication, Erection and Commissioning of Regulation Gates and Accessories of Canals", "chainage_s": null, "chainage_e": null, "contract_a": "22,532,895.16", "start_date": "3-Jul-25", "completion": "3-Jul-26", "progress_p": "65", "status": "Normal", "delay_reas": null, "supervisio": null, "remarks": null, "Photo": null, "Shape_Leng": 0.0, "id": 0, "contact_id": null, "Contract_1": null, "project__1": null, "Progress__": 0, "X_co_ord": 0.0, "Y_co_ord": 0.0, "layer": null, "path": null }, "geometry": { "type": "MultiLineString", "coordinates": [ [ [ 81.670728820001457, 28.178294079398711 ], [ 81.664782054037175, 28.180750214327404 ], [ 81.662179947265173, 28.181499113349588 ], [ 81.659717465734602, 28.182438410428258 ], [ 81.65738191624169, 28.183136536635381 ], [ 81.654525945394383, 28.184075833714051 ], [ 81.652482339588076, 28.184812039532471 ], [ 81.65024833572528, 28.185548245350887 ], [ 81.647722388175879, 28.186538315244626 ], [ 81.644676019272083, 28.187693396787306 ], [ 81.638100939721383, 28.190384355985671 ], [ 81.631576632985727, 28.193024542368967 ], [ 81.628961833009967, 28.194243089930488 ], [ 81.625560054400722, 28.195385478269408 ], [ 81.619543475815718, 28.197898732615041 ], [ 81.617309471952936, 28.198787256878649 ], [ 81.613831534121104, 28.198914188916309 ], [ 81.60710413612523, 28.199079200565265 ], [ 81.606380623510574, 28.19909189376903 ], [ 81.602242639082903, 28.200196202496667 ], [ 81.598307745915491, 28.20133859083559 ], [ 81.597343062429317, 28.201468696174189 ], [ 81.59700034592764, 28.201874878694696 ], [ 81.596467231369473, 28.202598391309348 ], [ 81.594944046917576, 28.204210428187608 ], [ 81.594195147895391, 28.204946634006028 ], [ 81.590755289674846, 28.206317500012737 ], [ 81.590539505210828, 28.206368272827802 ] ] ] } },
{ "type": "Feature", "properties": { "fid_1": 10.0, "contract_i": "SIP/CAD/DBC/NCB-05/081-82", "contractor": "SIP/CAD/DBC/NCB-05/081-82", "project_na": "Construction of Dunduwa Branch Canal (Ch 1+429 to 6+975), Sikta Link Canal of WMC, Khajura and Manpur Sub-branch and their associated structures, Sikta Irrigation Project, Banke", "chainage_s": "DBC 1+429,KSBC 0+000,MSBC 0+000", "chainage_e": "DBC 6+975,KSBC 10+200,MSBC 8+032", "contract_a": "1,384,560,468.17", "start_date": "4-July-2025", "completion": "04 July, 2028", "progress_p": "4", "status": "Normal", "delay_reas": null, "supervisio": null, "remarks": null, "Photo": null, "Shape_Leng": 0.0, "id": 0, "contact_id": null, "Contract_1": null, "project__1": null, "Progress__": 0, "X_co_ord": 0.0, "Y_co_ord": 0.0, "layer": null, "path": null }, "geometry": { "type": "MultiLineString", "coordinates": [ [ [ 81.68818038852902, 28.172029190015039 ], [ 81.687102259534157, 28.170836822186288 ], [ 81.686738123251118, 28.170415566486309 ], [ 81.681982931790344, 28.165082040928958 ], [ 81.680312188844667, 28.163182820315495 ], [ 81.67984095365486, 28.16198331255962 ], [ 81.677756094936314, 28.156442729115835 ], [ 81.676428068492328, 28.152987004390585 ], [ 81.67538563913304, 28.150902145672045 ], [ 81.674043332834813, 28.149388481122969 ], [ 81.669502339187574, 28.142534151089418 ], [ 81.666517849652109, 28.138435832923527 ], [ 81.66575387745047, 28.135408503825374 ], [ 81.664625768965792, 28.132281215747572 ], [ 81.663254902959082, 28.128225737144387 ], [ 81.662298152725228, 28.128411375249463 ], [ 81.657614360535632, 28.12955376358839 ], [ 81.654815509105276, 28.129625162859572 ], [ 81.64777554096662, 28.12983936067312 ], [ 81.641492405102525, 28.130010718923963 ], [ 81.635980381367204, 28.130224916737511 ], [ 81.635169999639302, 28.130114247867173 ], [ 81.634334628166457, 28.129896480090068 ], [ 81.63386339297665, 28.129700132094314 ], [ 81.633181529936849, 28.129364555519754 ], [ 81.632831673508051, 28.129153927669766 ], [ 81.63216409032249, 28.128761231678258 ], [ 81.631350138631007, 28.128343545941838 ], [ 81.63071825508105, 28.127968699768129 ], [ 81.62919388064131, 28.127079778841907 ], [ 81.625466838685554, 28.125023479831839 ], [ 81.62290360485008, 28.123566934699706 ], [ 81.620511729265459, 28.122253188109944 ], [ 81.61841973061982, 28.121067960208308 ], [ 81.61759863900123, 28.120411086913425 ], [ 81.613328962584461, 28.117126720439014 ], [ 81.602461993510431, 28.108930084107225 ], [ 81.594665193097271, 28.103275261829545 ], [ 81.586125840263804, 28.097477641009501 ], [ 81.585069131050304, 28.096849327423094 ], [ 81.578414718976063, 28.095592700250275 ], [ 81.576586897633788, 28.094535991036771 ], [ 81.573838025693249, 28.092308333775865 ] ] ] } },
{ "type": "Feature", "properties": { "fid_1": 11.0, "contract_i": "SIP/CAD/DBC/NCB-05/081-82", "contractor": "SIP/CAD/DBC/NCB-05/081-82", "project_na": "Construction of Dunduwa Branch Canal (Ch 1+429 to 6+975), Sikta Link Canal of WMC, Khajura and Manpur Sub-branch and their associated structures, Sikta Irrigation Project, Banke", "chainage_s": "DBC 1+429,KSBC 0+000,MSBC 0+000", "chainage_e": "DBC 6+975,KSBC 10+200,MSBC 8+032", "contract_a": "1,384,560,468.17", "start_date": "4-July-2025", "completion": "04 July, 2028", "progress_p": "4", "status": "Normal", "delay_reas": null, "supervisio": null, "remarks": null, "Photo": null, "Shape_Leng": 0.0, "id": 0, "contact_id": null, "Contract_1": null, "project__1": null, "Progress__": 0, "X_co_ord": 0.0, "Y_co_ord": 0.0, "layer": null, "path": null }, "geometry": { "type": "MultiLineString", "coordinates": [ [ [ 81.652698520714679, 28.097484780936622 ], [ 81.651848869387607, 28.097249163341719 ], [ 81.6495855124911, 28.096535170629892 ], [ 81.646458224413294, 28.095528440906218 ], [ 81.642916820562633, 28.094371772713053 ], [ 81.64178871207794, 28.094064755846968 ], [ 81.638932741230619, 28.093286503791077 ], [ 81.635605535193491, 28.09237973304705 ], [ 81.632770984127546, 28.091544361574218 ], [ 81.628801184649774, 28.090487652360711 ], [ 81.626537827753282, 28.089752239867529 ], [ 81.624595767577105, 28.089252444969247 ], [ 81.620711647224766, 28.088081496921852 ], [ 81.61762719870967, 28.087288965011723 ], [ 81.607617020889847, 28.084290195622039 ], [ 81.602779720267193, 28.08321563659074 ], [ 81.602179966389258, 28.082805090781438 ], [ 81.601437413968966, 28.082019698798426 ], [ 81.600368209883015, 28.079406485473147 ], [ 81.598726026645821, 28.0748940515344 ], [ 81.597490819254347, 28.072066640395576 ], [ 81.596198492445964, 28.070295938470249 ], [ 81.594231442524901, 28.06774698448903 ], [ 81.593863736278308, 28.067065121449236 ], [ 81.593306821963068, 28.065715675223892 ], [ 81.592699928158012, 28.064366228998544 ], [ 81.592235832895341, 28.063366639201991 ], [ 81.59136476178692, 28.061499548260567 ], [ 81.590839977143716, 28.060524948208929 ], [ 81.590693608637793, 28.060025153310651 ] ] ] } },
{ "type": "Feature", "properties": { "fid_1": 12.0, "contract_i": "SIP/WMC/NCB-02/081-82", "contractor": "M/S Bajrangbali Nirman Sewa, Rithapatha -07, Bajangh", "project_na": "Structural Protection and Maintenance Works at various chainages along Western Main Canal", "chainage_s": "19+000", "chainage_e": "34+000", "contract_a": "35,326,996.23", "start_date": "18-Feb-25", "completion": "21-Jun-26", "progress_p": "45", "status": "Normal", "delay_reas": null, "supervisio": null, "remarks": null, "Photo": null, "Shape_Leng": 0.0, "id": 0, "contact_id": null, "Contract_1": null, "project__1": null, "Progress__": 0, "X_co_ord": 0.0, "Y_co_ord": 0.0, "layer": null, "path": null }, "geometry": { "type": "MultiLineString", "coordinates": [ [ [ 81.807697413543139, 28.133594962337181 ], [ 81.803327778146766, 28.135394223970984 ], [ 81.798872463624974, 28.137764679774243 ], [ 81.788933685076344, 28.143362382634955 ], [ 81.781565280290295, 28.14781769715675 ], [ 81.775710540053325, 28.152015974302287 ], [ 81.769398844480776, 28.156299930573237 ], [ 81.763572663952303, 28.160383968884879 ], [ 81.760945170772786, 28.161840514017005 ], [ 81.758517595552576, 28.161983312559371 ], [ 81.75700393100351, 28.161183640722125 ], [ 81.755461706745962, 28.159869894132367 ], [ 81.751463347559735, 28.155186101942796 ], [ 81.742923994726311, 28.145961316106003 ], [ 81.738125963702828, 28.143747938699349 ], [ 81.734427481455569, 28.14300538627905 ], [ 81.730600480520181, 28.143048225841756 ], [ 81.723803269903598, 28.145204483831474 ], [ 81.71329329718553, 28.153601038122552 ], [ 81.695129322596699, 28.169251758365775 ], [ 81.692002034518907, 28.170822542331791 ], [ 81.68846063066826, 28.172022050087659 ] ] ] } },
{ "type": "Feature", "properties": { "fid_1": 6.0, "contract_i": "SIP/CAD/EMC-S1/NCB-07/081-82", "contractor": "P.S Nirman Sewa,Naubasta-08,Banke", "project_na": "Construction of S1 Branch Canal of EMC Ch. 0+350 to Ch. 4+000.", "chainage_s": "0+350", "chainage_e": "4+000", "contract_a": "5,79,07,852.95", "start_date": "2082/01/11", "completion": "2083/07/05", "progress_p": "87.26", "status": "Normal", "delay_reas": null, "supervisio": null, "remarks": null, "Photo": "C:\\Users\\bines\\Desktop\\Photos\\WhatsApp Image 2026-04-05 at 4.48.33 1PM.jpeg", "Shape_Leng": 0.0, "id": 0, "contact_id": null, "Contract_1": null, "project__1": null, "Progress__": 0, "X_co_ord": 0.0, "Y_co_ord": 0.0, "layer": null, "path": null }, "geometry": { "type": "MultiLineString", "coordinates": [ [ [ 81.892280525475314, 28.010120336502119 ], [ 81.892578623652369, 28.010604746039835 ], [ 81.892578623652369, 28.011200942393945 ], [ 81.892783566149092, 28.011666720795596 ], [ 81.893323869094999, 28.012300179421839 ], [ 81.893621967272054, 28.013343523041531 ], [ 81.892299156611372, 28.0141819241645 ], [ 81.890678247773636, 28.015038956423535 ], [ 81.888200306676865, 28.016566709580946 ], [ 81.886635291247316, 28.017684577744905 ], [ 81.88449271059973, 28.019119175221984 ], [ 81.882350129952144, 28.020423354746608 ], [ 81.880542909753757, 28.021056813372851 ], [ 81.879741770902911, 28.02142943609417 ], [ 81.877953181840581, 28.023031713795842 ], [ 81.875922388009386, 28.024279999912263 ], [ 81.874729995301166, 28.024894827402449 ], [ 81.872233423068323, 28.027335506227093 ], [ 81.871637226714213, 28.027950333717268 ], [ 81.86977411310761, 28.029217250969754 ], [ 81.867538376779692, 28.030689110718967 ], [ 81.866085148166547, 28.031192151392748 ] ] ] } },
{ "type": "Feature", "properties": { "fid_1": 7.0, "contract_i": "SIP/CAD/EMC-S2/NCB-08/081-82", "contractor": "Aayush - Kalpeshwor-A&A JV", "project_na": "Construction of S2 Branch Canal of EMC Ch. 0+170 to Ch. 2+100 & Sub-Branch Canal Ch. 0+000 to Ch. 0+450", "chainage_s": "0+170", "chainage_e": "2+100", "contract_a": "3,36,44,488.58", "start_date": "2082/01/11", "completion": "2083/04/06", "progress_p": "90.12", "status": "Normal", "delay_reas": null, "supervisio": null, "remarks": null, "Photo": null, "Shape_Leng": 0.0, "id": 0, "contact_id": null, "Contract_1": null, "project__1": null, "Progress__": 0, "X_co_ord": 0.0, "Y_co_ord": 0.0, "layer": null, "path": null }, "geometry": { "type": "MultiLineString", "coordinates": [ [ [ 81.859032552474218, 28.026314468467124 ], [ 81.861955855387393, 28.030528056804037 ], [ 81.862036498226374, 28.03091111028921 ], [ 81.861592962611965, 28.031233681645148 ], [ 81.8609074984806, 28.031415128032862 ], [ 81.860060748671259, 28.03171753867905 ], [ 81.85953657021787, 28.03171753867905 ], [ 81.858064838406406, 28.032161074293462 ], [ 81.85596812459282, 28.03329007403924 ], [ 81.853891571488987, 28.034277948816793 ], [ 81.854173821425434, 28.034902930818919 ], [ 81.853064982389398, 28.035749680628253 ], [ 81.852460161097014, 28.036294019791395 ], [ 81.851860379982085, 28.036329301033451 ], [ 81.85075154094605, 28.038647782654241 ], [ 81.850217282137777, 28.038546979105512 ] ] ] } },
{ "type": "Feature", "properties": { "fid_1": 8.0, "contract_i": "SIP/CAD/EMC-S3/NCB-22/081-82", "contractor": "PES-SR JV", "project_na": "Construction of S3 Branch Canal of EMC Ch. 0+450 to Ch. 2+400", "chainage_s": "0+450", "chainage_e": "2+400", "contract_a": "3,46,47,299.13", "start_date": "2082/03/17", "completion": "2083/09/17", "progress_p": "54.02", "status": "Normal", "delay_reas": null, "supervisio": null, "remarks": null, "Photo": null, "Shape_Leng": 0.0, "id": 0, "contact_id": null, "Contract_1": null, "project__1": null, "Progress__": 0, "X_co_ord": 0.0, "Y_co_ord": 0.0, "layer": null, "path": null }, "geometry": { "type": "MultiLineString", "coordinates": [ [ [ 81.843438243485679, 28.03910643880096 ], [ 81.843680172002635, 28.039308045898423 ], [ 81.84299470787127, 28.040300960853411 ], [ 81.841674181382899, 28.041072108001195 ], [ 81.841361690381845, 28.042115424730557 ], [ 81.840842552105897, 28.042805929039361 ], [ 81.840363735249426, 28.042972254894764 ], [ 81.839854677328333, 28.043491393170722 ], [ 81.839511945262657, 28.044449026883658 ], [ 81.83959762827908, 28.045351218644793 ], [ 81.839406101536497, 28.046238289873617 ], [ 81.839209534616472, 28.046596142471607 ], [ 81.83912385160005, 28.047079999505506 ], [ 81.838962565922088, 28.047306807490152 ], [ 81.837526115352688, 28.047820905588672 ], [ 81.835812455024268, 28.048602133091332 ], [ 81.834829620424145, 28.049494244497591 ], [ 81.833972790259949, 28.050290592532559 ], [ 81.833922388485576, 28.050517400517201 ], [ 81.834038312566619, 28.050814770985955 ], [ 81.834008071501998, 28.051651440440413 ], [ 81.833912308130706, 28.051923610021984 ], [ 81.833922388485576, 28.052089935877387 ] ] ] } },
{ "type": "Feature", "properties": { "fid_1": 9.0, "contract_i": "SIP/CAD/EMC-S4/NCB-23/081-82", "contractor": "B3-Lok JV", "project_na": "Construction of S4 Branch Canal of EMC Ch. 0+235 to Ch. 2+400", "chainage_s": "0+235", "chainage_e": "2+400", "contract_a": "3,44,01,401.32", "start_date": "2082/03/15", "completion": "2083/09/14", "progress_p": "16.02", "status": "Normal", "delay_reas": null, "supervisio": null, "remarks": null, "Photo": null, "Shape_Leng": 0.0, "id": 0, "contact_id": null, "Contract_1": null, "project__1": null, "Progress__": 0, "X_co_ord": 0.0, "Y_co_ord": 0.0, "layer": null, "path": null }, "geometry": { "type": "MultiLineString", "coordinates": [ [ [ 81.824713984309071, 28.050814770985959 ], [ 81.824945832471158, 28.051157503051641 ], [ 81.822677752624728, 28.052659475927719 ], [ 81.822002368848231, 28.05293164550929 ], [ 81.821226181523016, 28.0540102434807 ], [ 81.82089352981221, 28.054836832580289 ], [ 81.820540717391651, 28.055381171743431 ], [ 81.821095136909662, 28.056631135747683 ], [ 81.820873369102472, 28.057487965911893 ], [ 81.820369351358821, 28.057840778332448 ], [ 81.820258467455218, 28.058375037140717 ], [ 81.820490315617292, 28.058929456658731 ], [ 81.820127422841864, 28.059745965403444 ], [ 81.819653646162834, 28.060935447278457 ], [ 81.818847217772998, 28.061449545376981 ], [ 81.817556932349248, 28.062407179089917 ] ] ] } },
{ "type": "Feature", "properties": { "fid_1": 10.0, "contract_i": "SIP/SBC/SC-6R/NCB-16/2081-82", "contractor": "K.D.N.-Kharpunatha-Nagarik JV", "project_na": "Construction of Sidhaniya SC-6R Sub-Branch canal from Ch.0+000 to Ch.2+215", "chainage_s": "0+000", "chainage_e": "2+215", "contract_a": "2,29,05,225.53 \n", "start_date": "2082/02/28", "completion": "2083/02/28", "progress_p": "37.18", "status": "Normal", "delay_reas": null, "supervisio": null, "remarks": null, "Photo": null, "Shape_Leng": 0.0, "id": 0, "contact_id": null, "Contract_1": null, "project__1": null, "Progress__": 0, "X_co_ord": 0.0, "Y_co_ord": 0.0, "layer": null, "path": null }, "geometry": { "type": "MultiLineString", "coordinates": [ [ [ 81.709959224435011, 28.066227633586767 ], [ 81.710695090340749, 28.063556339545421 ], [ 81.711360393762362, 28.06220557199244 ], [ 81.713326062962608, 28.058203671107858 ], [ 81.716551776521953, 28.051842967182992 ], [ 81.71863840998067, 28.047780584169171 ] ] ] } },
{ "type": "Feature", "properties": { "fid_1": 11.0, "contract_i": "SIP/CAD/DBC/NCB-06/081-82", "contractor": "Ramechhap Sherpa Construction (P.) Ltd.", "project_na": "Construction of Dunduwa Branch Canal (Ch. 6+975 to 23+400) and their associated structures", "chainage_s": "6+975", "chainage_e": "23+400", "contract_a": "1,12,72,07,934.12", "start_date": "2082/03/16", "completion": "2085/03/16", "progress_p": "25.94", "status": "Normal", "delay_reas": null, "supervisio": null, "remarks": null, "Photo": null, "Shape_Leng": 0.0, "id": 0, "contact_id": null, "Contract_1": null, "project__1": null, "Progress__": 0, "X_co_ord": 0.0, "Y_co_ord": 0.0, "layer": null, "path": null }, "geometry": { "type": "MultiLineString", "coordinates": [ [ [ 81.663025092146327, 28.128171414281358 ], [ 81.652884255144102, 28.097567456886921 ], [ 81.652481040949183, 28.0961562072047 ], [ 81.652541523078426, 28.095097769943035 ], [ 81.653650362114448, 28.090218878184501 ], [ 81.655243058184382, 28.083061826224675 ], [ 81.656230932961947, 28.078172854111269 ], [ 81.656130129413214, 28.077144657914221 ], [ 81.655545468830582, 28.075763649296622 ], [ 81.652269353496862, 28.067306231558174 ], [ 81.650122237908903, 28.061893080991371 ], [ 81.647763434868608, 28.055975912680918 ], [ 81.646059854895071, 28.05282076160567 ], [ 81.644688926632341, 28.051560717246545 ], [ 81.644588123083622, 28.051197824471117 ], [ 81.645676801409905, 28.04903054817342 ], [ 81.646785640445927, 28.047095120037802 ], [ 81.646967086833641, 28.045361298999648 ], [ 81.646634435122834, 28.042982335249619 ], [ 81.645948970991455, 28.03983726452924 ], [ 81.644658685567705, 28.037942157813116 ], [ 81.642854302045464, 28.035623676192326 ], [ 81.641967230816633, 28.034111622961376 ], [ 81.642370445011551, 28.03253908760119 ], [ 81.642410766431055, 28.029091606234623 ], [ 81.64228980217257, 28.026390071128656 ], [ 81.639144731452205, 28.022297447050217 ], [ 81.638580231579297, 28.017317751742954 ], [ 81.641765623719166, 28.011672753014071 ], [ 81.653499156791355, 28.004596343893226 ], [ 81.667107635869897, 28.002398826530907 ] ] ] } },
{ "type": "Feature", "properties": { "fid_1": 12.0, "contract_i": "SIP/LIFT/EMC-S1234/NCB-24/081-82", "contractor": "PRITHIVI-KC JV", "project_na": "Construction of Lift Irrigation System at EMC-S1, S2, S3 and S4 areas", "chainage_s": null, "chainage_e": null, "contract_a": "4,07,96,539.27", "start_date": "2082/03/15", "completion": "2083/11/16", "progress_p": "35.20", "status": "Normal", "delay_reas": null, "supervisio": null, "remarks": null, "Photo": null, "Shape_Leng": 0.0, "id": 0, "contact_id": null, "Contract_1": null, "project__1": null, "Progress__": 0, "X_co_ord": 0.0, "Y_co_ord": 0.0, "layer": null, "path": null }, "geometry": { "type": "MultiLineString", "coordinates": [ [ [ 81.851326121173969, 28.030744784433807 ], [ 81.85133328419947, 28.030739658386679 ], [ 81.8513541251465, 28.030724743194934 ], [ 81.851387671820817, 28.030700733283012 ], [ 81.851432952028219, 28.030668323075364 ], [ 81.851488993574478, 28.030628206996433 ], [ 81.851554824265349, 28.030581079470679 ], [ 81.851629471906577, 28.030527634922514 ], [ 81.85171196430403, 28.030468567776431 ], [ 81.851801329263381, 28.030404572456842 ], [ 81.851896594590499, 28.030336343388218 ], [ 81.851996788091057, 28.030264574994973 ], [ 81.852100937570924, 28.030189961701598 ], [ 81.852208070835815, 28.030113197932501 ], [ 81.852317215691528, 28.030034978112155 ], [ 81.852427399943849, 28.029955996664995 ], [ 81.852537651398507, 28.02987694801547 ], [ 81.852646997861314, 28.029798526588017 ], [ 81.852754467138055, 28.0297214268071 ], [ 81.85285908703446, 28.029646343097156 ], [ 81.852959885356341, 28.029573969882634 ], [ 81.853055889909456, 28.029505001587978 ], [ 81.853146128499588, 28.029440132637635 ], [ 81.85322962893251, 28.029380057456059 ], [ 81.853305419013978, 28.02932547046769 ], [ 81.853372526549805, 28.029277066096974 ], [ 81.853429979345719, 28.029235538768361 ], [ 81.853476805207549, 28.029201582906303 ], [ 81.853512031940994, 28.029175892935235 ], [ 81.85353468735191, 28.029159163279608 ], [ 81.853543799246026, 28.029152088363873 ], [ 81.853551334124617, 28.029150664420413 ], [ 81.853569401854003, 28.029150373956853 ], [ 81.853597245287574, 28.029151140810512 ], [ 81.853634107278594, 28.029152888818718 ], [ 81.853679230680484, 28.029155541818778 ], [ 81.853731858346521, 28.029159023648027 ], [ 81.853791233130124, 28.029163258143765 ], [ 81.853856597884601, 28.029168169143318 ], [ 81.853927195463271, 28.029173680484011 ], [ 81.854002268719498, 28.029179716003149 ], [ 81.854081060506672, 28.029186199538067 ], [ 81.854162813678073, 28.029193054926075 ], [ 81.854246771087077, 28.029200206004496 ], [ 81.854332175587018, 28.029207576610638 ], [ 81.85441827003126, 28.029215090581825 ], [ 81.854504297273138, 28.029222671755385 ], [ 81.854589500165986, 28.029230243968627 ], [ 81.854673121563167, 28.029237731058878 ], [ 81.854754404318001, 28.029245056863438 ], [ 81.854832591283866, 28.029252145219644 ], [ 81.854906925314083, 28.029258919964811 ], [ 81.854976649261999, 28.02926530493626 ], [ 81.855041005980979, 28.029271223971307 ], [ 81.855099238324357, 28.029276600907266 ], [ 81.855150589145452, 28.029281359581457 ], [ 81.855194301297658, 28.029285423831205 ], [ 81.855229617634265, 28.029288717493817 ], [ 81.855255781008665, 28.029291164406629 ], [ 81.855272034274194, 28.029292688406944 ], [ 81.855277620284184, 28.029293213332092 ], [ 81.855279591553582, 28.029296958743945 ], [ 81.855285326155467, 28.029307854487527 ], [ 81.855294555280381, 28.029325389824848 ], [ 81.855307010118835, 28.029349054017931 ], [ 81.855322421861402, 28.029378336328797 ], [ 81.855340521698594, 28.029412726019466 ], [ 81.855361040820952, 28.029451712351953 ], [ 81.855383710419034, 28.029494784588291 ], [ 81.855408261683351, 28.029541431990488 ], [ 81.855434425804447, 28.029591143820561 ], [ 81.855461933972833, 28.02964340934054 ], [ 81.85549051737911, 28.029697717812436 ], [ 81.855519907213747, 28.029753558498278 ], [ 81.855549834667329, 28.029810420660073 ], [ 81.855580030930383, 28.029867793559852 ], [ 81.855610227193409, 28.029925166459634 ], [ 81.855640154646991, 28.029982028621433 ], [ 81.855669544481643, 28.030037869307272 ], [ 81.855698127887905, 28.030092177779167 ], [ 81.85572563605632, 28.030144443299147 ], [ 81.855751800177416, 28.030194155129223 ], [ 81.855776351441733, 28.030240802531416 ], [ 81.855799021039786, 28.030283874767747 ], [ 81.855819540162145, 28.030322861100238 ], [ 81.855837639999365, 28.030357250790907 ], [ 81.855853051741917, 28.030386533101776 ], [ 81.855865506580372, 28.030410197294863 ], [ 81.855874735705299, 28.03042773263218 ], [ 81.85588047030717, 28.030438628375759 ], [ 81.855882441576568, 28.030442373787615 ], [ 81.85588730404109, 28.030441322443934 ], [ 81.855901449392391, 28.030438263989598 ], [ 81.855924214567167, 28.030433341789646 ], [ 81.855954936502059, 28.030426699209137 ], [ 81.85599295213369, 28.0304184796131 ], [ 81.856037598398771, 28.030408826366596 ], [ 81.856088212233928, 28.03039788283467 ], [ 81.856144130575842, 28.030385792382368 ], [ 81.856204690361153, 28.030372698374737 ], [ 81.856269228526514, 28.030358744176816 ], [ 81.856337082008594, 28.030344073153667 ], [ 81.85640758774403, 28.030328828670328 ], [ 81.85648008266952, 28.030313154091846 ], [ 81.856553903721675, 28.030297192783269 ], [ 81.856628387837162, 28.030281088109646 ], [ 81.856702871952677, 28.030264983436027 ], [ 81.856776693004832, 28.030249022127453 ], [ 81.856849187930308, 28.030233347548968 ], [ 81.856919693665759, 28.030218103065629 ], [ 81.856987547147838, 28.03020343204248 ], [ 81.857052085313185, 28.030189477844566 ], [ 81.857112645098496, 28.030176383836931 ], [ 81.857168563440396, 28.030164293384626 ], [ 81.857219177275553, 28.0301533498527 ], [ 81.857263823540649, 28.030143696606192 ], [ 81.857301839172308, 28.030135477010163 ], [ 81.857332561107185, 28.030128834429647 ], [ 81.857355326281933, 28.030123912229698 ], [ 81.857369471633262, 28.030120853775358 ], [ 81.85737433409777, 28.030119802431681 ], [ 81.857377685255742, 28.030118816796982 ], [ 81.857387434078944, 28.030115949496039 ], [ 81.857403123591297, 28.030111334933586 ], [ 81.857424296816674, 28.030105107514352 ], [ 81.857450496779038, 28.030097401643076 ], [ 81.857481266502262, 28.03008835172448 ], [ 81.85751614901028, 28.030078092163293 ], [ 81.85755468732701, 28.03006675736426 ], [ 81.857596424476327, 28.030054481732105 ], [ 81.857640903482178, 28.03004139967156 ], [ 81.857687667368481, 28.030027645587353 ], [ 81.857736259159125, 28.030013353884222 ], [ 81.85778622187803, 28.029998658966896 ], [ 81.857837098549112, 28.029983695240105 ], [ 81.85788843219629, 28.029968597108585 ], [ 81.857939765843469, 28.029953498977065 ], [ 81.857990642514551, 28.029938535250274 ], [ 81.858040605233455, 28.029923840332948 ], [ 81.8580891970241, 28.029909548629817 ], [ 81.858135960910403, 28.029895794545613 ], [ 81.858180439916254, 28.029882712485065 ], [ 81.858222177065585, 28.029870436852907 ], [ 81.858260715382301, 28.029859102053877 ], [ 81.858295597890304, 28.02984884249269 ], [ 81.858326367613543, 28.029839792574098 ], [ 81.858352567575906, 28.029832086702818 ], [ 81.858373740801284, 28.029825859283584 ], [ 81.858389430313636, 28.029821244721131 ], [ 81.858399179136825, 28.029818377420192 ], [ 81.858402530294811, 28.029817391785489 ], [ 81.858405224362983, 28.02982310846674 ], [ 81.858413061652229, 28.029839738812203 ], [ 81.858425674789601, 28.029866503274434 ], [ 81.858442696402165, 28.029902622305979 ], [ 81.858463759117001, 28.029947316359408 ], [ 81.858488495561147, 28.029999805887268 ], [ 81.858516538361727, 28.030059311342129 ], [ 81.858547520145777, 28.03012505317653 ], [ 81.858581073540321, 28.030196251843037 ], [ 81.858616831172483, 28.030272127794206 ], [ 81.8586544256693, 28.030351901482589 ], [ 81.858693489657867, 28.030434793360754 ], [ 81.858733655765235, 28.030520023881241 ], [ 81.858774556618442, 28.030606813496618 ], [ 81.858815824844612, 28.030694382659441 ], [ 81.858857093070768, 28.030781951822263 ], [ 81.858897993923989, 28.030868741437637 ], [ 81.858938160031329, 28.030953971958127 ], [ 81.85897722401991, 28.031036863836288 ], [ 81.859014818516727, 28.031116637524676 ], [ 81.859050576148888, 28.03119251347584 ], [ 81.859084129543447, 28.031263712142351 ], [ 81.859115111327483, 28.031329453976756 ], [ 81.859143154128049, 28.031388959431609 ], [ 81.859167890572209, 28.031441448959473 ], [ 81.859188953287031, 28.031486143012902 ], [ 81.859205974899609, 28.031522262044447 ], [ 81.859218588036981, 28.031549026506678 ], [ 81.859226425326213, 28.031565656852138 ], [ 81.859229119394399, 28.031571373533392 ], [ 81.859222548496405, 28.031574527564427 ], [ 81.859203433156779, 28.031583702927438 ], [ 81.859172669407101, 28.031598469527292 ], [ 81.859131153278909, 28.031618397268836 ], [ 81.859079780803697, 28.031643056056936 ], [ 81.859019448013044, 28.031672015796445 ], [ 81.858951050938487, 28.031704846392223 ], [ 81.858875485611591, 28.031741117749139 ], [ 81.85879364806388, 28.031780399772039 ], [ 81.858706434326919, 28.031822262365786 ], [ 81.858614740432216, 28.031866275435242 ], [ 81.858519462411351, 28.031912008885261 ], [ 81.858421496295833, 28.031959032620701 ], [ 81.85832173811724, 28.032006916546429 ], [ 81.858221083907097, 28.032055230567295 ], [ 81.858120429696953, 28.032103544588161 ], [ 81.858020671518361, 28.032151428513885 ], [ 81.857922705402856, 28.032198452249332 ], [ 81.857827427381977, 28.032244185699348 ], [ 81.857735733487274, 28.032288198768811 ], [ 81.857648519750313, 28.032330061362558 ], [ 81.857566682202602, 28.032369343385454 ], [ 81.857491116875707, 28.032405614742366 ], [ 81.85742271980115, 28.032438445338151 ], [ 81.857362387010497, 28.032467405077657 ], [ 81.857311014535284, 28.032492063865757 ], [ 81.857269498407092, 28.032511991607301 ], [ 81.857238734657386, 28.032526758207151 ], [ 81.857219619317789, 28.032535933570166 ], [ 81.857213048419794, 28.032539087601201 ], [ 81.85720923729896, 28.032535605025263 ], [ 81.857198150401985, 28.032525473895269 ], [ 81.857180307427171, 28.032509169107939 ], [ 81.857156228072796, 28.032487165559985 ], [ 81.857126432037177, 28.032459938148126 ], [ 81.857091439018603, 28.032427961769077 ], [ 81.85705176871538, 28.032391711319569 ], [ 81.857007940825781, 28.032351661696318 ], [ 81.856960475048083, 28.032308287796031 ], [ 81.856909891080647, 28.032262064515436 ], [ 81.856856708621734, 28.032213466751241 ], [ 81.856801447369619, 28.032162969400176 ], [ 81.856744627022621, 28.03211104735896 ], [ 81.856686767279029, 28.032058175524305 ], [ 81.856628387837162, 28.032004828792932 ], [ 81.856570008395281, 28.031951482061558 ], [ 81.856512148651689, 28.031898610226904 ], [ 81.856455328304691, 28.031846688185684 ], [ 81.85640006705259, 28.031796190834623 ], [ 81.856346884593677, 28.031747593070431 ], [ 81.856296300626227, 28.031701369789836 ], [ 81.856248834848557, 28.03165799588955 ], [ 81.856205006958959, 28.031617946266291 ], [ 81.856165336655721, 28.031581695816783 ], [ 81.856130343637147, 28.031549719437741 ], [ 81.856100547601514, 28.031522492025879 ], [ 81.856076468247167, 28.031500488477928 ], [ 81.85605862527234, 28.031484183690594 ], [ 81.856047538375378, 28.031474052560601 ], [ 81.85604372725453, 28.031470569984663 ], [ 81.856042084530031, 28.031473264052838 ], [ 81.856037305695125, 28.031481101342081 ], [ 81.856029614757716, 28.031493714479453 ], [ 81.85601923572564, 28.03151073609202 ], [ 81.856006392606858, 28.031531798806853 ], [ 81.855991309409205, 28.031556535251021 ], [ 81.855974210140545, 28.031584578051582 ], [ 81.855955318808839, 28.031615559835611 ], [ 81.855934859421907, 28.031649113230173 ], [ 81.855913055987642, 28.031684870862335 ], [ 81.855890132513991, 28.031722465359159 ], [ 81.855866313008761, 28.031761529347712 ], [ 81.855841821479885, 28.031801695455073 ], [ 81.85581688193524, 28.031842596308294 ], [ 81.855791718382704, 28.031883864534457 ], [ 81.855766554830183, 28.031925132760612 ], [ 81.855741615285524, 28.031966033613834 ], [ 81.855717123756648, 28.032006199721195 ], [ 81.855693304251417, 28.032045263709755 ], [ 81.855670380777767, 28.032082858206575 ], [ 81.855648577343516, 28.032118615838733 ], [ 81.855628117956584, 28.032152169233299 ], [ 81.855609226624864, 28.032183151017332 ], [ 81.855592127356203, 28.03221119381789 ], [ 81.855577044158565, 28.032235930262061 ], [ 81.855564201039755, 28.03225699297689 ], [ 81.855553822007693, 28.032274014589458 ], [ 81.85554613107027, 28.03228662772683 ], [ 81.855541352235377, 28.032294465016072 ], [ 81.855539709510879, 28.032297159084248 ], [ 81.855532021560236, 28.032298867517728 ], [ 81.855509656612881, 28.032303837506024 ], [ 81.855473663025748, 28.03231183608094 ], [ 81.855425089155744, 28.032322630274283 ], [ 81.855364983359749, 28.032335987117836 ], [ 81.855294393994683, 28.032351673643401 ], [ 81.855214369417467, 28.032369456882783 ], [ 81.85512595798501, 28.032389103867775 ], [ 81.855030208054174, 28.032410381630182 ], [ 81.854928167981925, 28.032433057201793 ], [ 81.854820886125111, 28.03245689761442 ], [ 81.854709410840712, 28.032481669899841 ], [ 81.85459479048555, 28.032507141089873 ], [ 81.854478073416601, 28.032533078216311 ], [ 81.854360307990731, 28.032559248310946 ], [ 81.854242542564862, 28.032585418405581 ], [ 81.854125825495913, 28.032611355532019 ], [ 81.854011205140779, 28.032636826722051 ], [ 81.853899729856352, 28.032661599007476 ], [ 81.853792447999552, 28.032685439420096 ], [ 81.853690407927289, 28.03270811499171 ], [ 81.853594657996481, 28.032729392754113 ], [ 81.853506246563995, 28.032749039739109 ], [ 81.85342622198678, 28.032766822978491 ], [ 81.853355632621728, 28.032782509504059 ], [ 81.853295526825747, 28.032795866347616 ], [ 81.853246952955729, 28.032806660540952 ], [ 81.853210959368596, 28.032814659115868 ], [ 81.853188594421241, 28.032819629104171 ], [ 81.853180906470598, 28.032821337537644 ], [ 81.853177752439549, 28.032821863209488 ], [ 81.853168577076559, 28.032823392436651 ], [ 81.853153810476698, 28.032825853536629 ], [ 81.85313388273515, 28.032829174826887 ], [ 81.853109223947058, 28.032833284624903 ], [ 81.853080264207534, 28.032838111248154 ], [ 81.853047433611749, 28.032843583014117 ], [ 81.853011162254859, 28.032849628240271 ], [ 81.852971880231948, 28.032856175244085 ], [ 81.852930017638215, 28.032863152343044 ], [ 81.852886004568745, 28.032870487854616 ], [ 81.852840271118737, 28.032878110096291 ], [ 81.852793247383289, 28.03288594738553 ], [ 81.852745363457558, 28.032893928039819 ], [ 81.852697049436699, 28.032901980376629 ], [ 81.852648735415826, 28.032910032713438 ], [ 81.852600851490095, 28.032918013367727 ], [ 81.852553827754662, 28.032925850656973 ], [ 81.852508094304625, 28.032933472898637 ], [ 81.852464081235183, 28.032940808410217 ], [ 81.852422218641436, 28.032947785509172 ], [ 81.85238293661854, 28.03295433251299 ], [ 81.852346665261607, 28.032960377739141 ], [ 81.852313834665836, 28.032965849505104 ], [ 81.852284874926326, 28.032970676128357 ], [ 81.85226021613822, 28.032974785926374 ], [ 81.852240288396672, 28.032978107216628 ], [ 81.852225521796839, 28.032980568316606 ], [ 81.852216346433821, 28.032982097543773 ], [ 81.852213192402786, 28.032982623215613 ], [ 81.85221010408074, 28.032975855190681 ], [ 81.852201119871111, 28.032956166390882 ], [ 81.852186660908757, 28.032924479728706 ], [ 81.85216714832849, 28.032881718116638 ], [ 81.852143003265155, 28.032828804467179 ], [ 81.852114646853551, 28.032766661692815 ], [ 81.852082500228519, 28.032696212706032 ], [ 81.852046984524861, 28.032618380419326 ], [ 81.852008520877447, 28.032534087745184 ], [ 81.851967530421064, 28.032444257596097 ], [ 81.851924434290552, 28.032349812884561 ], [ 81.851879653620756, 28.032251676523064 ], [ 81.851833609546475, 28.032150771424092 ], [ 81.851786723202522, 28.032048020500135 ], [ 81.851739415723756, 28.031944346663693 ], [ 81.851692108244976, 28.031840672827251 ], [ 81.851645221901038, 28.0317379219033 ], [ 81.851599177826785, 28.031637016804329 ], [ 81.85155439715696, 28.031538880442827 ], [ 81.851511301026449, 28.031444435731288 ], [ 81.851470310570051, 28.031354605582205 ], [ 81.851431846922637, 28.031270312908067 ], [ 81.851396331218993, 28.031192480621357 ], [ 81.851364184593962, 28.031122031634577 ], [ 81.851335828182357, 28.031059888860209 ], [ 81.851311683119022, 28.031006975210751 ], [ 81.851292170538741, 28.030964213598683 ], [ 81.851277711576401, 28.030932526936503 ], [ 81.851268727366786, 28.030912838136711 ], [ 81.851265639044726, 28.030906070111776 ] ] ] } },
{ "type": "Feature", "properties": { "fid_1": 13.0, "contract_i": "SIP/LIFT/EMC-S1234/NCB-24/081-82", "contractor": null, "project_na": null, "chainage_s": null, "chainage_e": null, "contract_a": null, "start_date": null, "completion": null, "progress_p": null, "status": "Normal", "delay_reas": null, "supervisio": null, "remarks": null, "Photo": null, "Shape_Leng": 0.0, "id": 0, "contact_id": null, "Contract_1": null, "project__1": null, "Progress__": 0, "X_co_ord": 0.0, "Y_co_ord": 0.0, "layer": null, "path": null }, "geometry": { "type": "MultiLineString", "coordinates": [ [ [ 81.8416691412056, 28.037861514974157 ], [ 81.841685066672909, 28.037858940376854 ], [ 81.841729880197221, 28.037851670574263 ], [ 81.841799137462047, 28.03784038655035 ], [ 81.841888394150942, 28.037825769289086 ], [ 81.84199320594746, 28.037808499774457 ], [ 81.8421091285351, 28.037789258990426 ], [ 81.842231717597457, 28.037768727920977 ], [ 81.842356528818016, 28.037747587550076 ], [ 81.842479117880345, 28.037726518861696 ], [ 81.842595040468012, 28.037706202839814 ], [ 81.842699852264516, 28.037687320468407 ], [ 81.842789108953411, 28.037670552731441 ], [ 81.842858366218238, 28.037656580612893 ], [ 81.842903179742549, 28.037646085096739 ], [ 81.842919105209859, 28.037639747166949 ], [ 81.842926554218749, 28.037658068025259 ], [ 81.842947515383344, 28.03771696119189 ], [ 81.842979909910468, 28.037810226128563 ], [ 81.843021659006865, 28.037931662296987 ], [ 81.843070683879432, 28.038075069158872 ], [ 81.843124905734939, 28.038234246175946 ], [ 81.843182245780241, 28.038402992809903 ], [ 81.843240625222109, 28.038575108522465 ], [ 81.843297965267396, 28.038744392775353 ], [ 81.843352187122932, 28.038904645030271 ], [ 81.843401211995484, 28.039049664748941 ], [ 81.84344296109191, 28.039173251393073 ], [ 81.843475355619006, 28.039269204424379 ], [ 81.843496316783586, 28.03933132330457 ], [ 81.843503765792491, 28.039353407495362 ], [ 81.843497087370721, 28.03936445257753 ], [ 81.843478294602463, 28.039395532925031 ], [ 81.843449251233338, 28.039443566189345 ], [ 81.843411821008957, 28.039505470021965 ], [ 81.843367867674942, 28.039578162074378 ], [ 81.843319254976905, 28.039658559998074 ], [ 81.843267846660439, 28.03974358144454 ], [ 81.843215506471154, 28.039830144065263 ], [ 81.843164098154688, 28.039915165511722 ], [ 81.84311548545665, 28.039995563435415 ], [ 81.843071532122622, 28.040068255487828 ], [ 81.843034101898269, 28.040130159320455 ], [ 81.843005058529144, 28.040178192584772 ], [ 81.842986265760885, 28.040209272932273 ], [ 81.842979587339101, 28.040220318014438 ], [ 81.842962634422292, 28.040229051335221 ], [ 81.842914929702872, 28.040253626493708 ], [ 81.842841204227412, 28.0402916062841 ], [ 81.842746189042444, 28.040340553500588 ], [ 81.842634615194555, 28.040398030937382 ], [ 81.842511213730276, 28.040461601388678 ], [ 81.84238071569618, 28.040528827648671 ], [ 81.842247852138797, 28.040597272511569 ], [ 81.842117354104687, 28.040664498771566 ], [ 81.841993952640408, 28.040728069222855 ], [ 81.841882378792519, 28.040785546659649 ], [ 81.841787363607551, 28.04083449387614 ], [ 81.841713638132092, 28.040872473666532 ], [ 81.841665933412671, 28.040897048825016 ], [ 81.841648980495862, 28.040905782145803 ], [ 81.841643843248349, 28.040914515466586 ], [ 81.841629387272761, 28.040939090625077 ], [ 81.841607046219593, 28.040977070415465 ], [ 81.8415782537393, 28.041026017631957 ], [ 81.841544443482348, 28.041083495068747 ], [ 81.841507049099249, 28.041147065520047 ], [ 81.841467504240455, 28.041214291780037 ], [ 81.841427242556364, 28.041282736642934 ], [ 81.841387697697556, 28.041349962902927 ], [ 81.841350303314442, 28.04141353335422 ], [ 81.841316493057491, 28.041471010791017 ], [ 81.841287700577212, 28.041519958007505 ], [ 81.841265359524044, 28.041557937797897 ], [ 81.84125090354847, 28.041582512956381 ], [ 81.841245766300943, 28.041591246277168 ], [ 81.841240115328674, 28.041606658019727 ], [ 81.841224213755538, 28.04165002594647 ], [ 81.841199638597033, 28.041717049105984 ], [ 81.841167966868724, 28.041803426546849 ], [ 81.841130775586095, 28.041904857317657 ], [ 81.841089641764668, 28.042017040467005 ], [ 81.84104614241997, 28.042135675043468 ], [ 81.841001854567509, 28.042256460095629 ], [ 81.840958355222796, 28.042375094672092 ], [ 81.840917221401384, 28.042487277821436 ], [ 81.84088003011874, 28.042588708592241 ], [ 81.840848358390417, 28.042675086033114 ], [ 81.84082378323194, 28.04274210919262 ], [ 81.84080788165879, 28.042785477119367 ], [ 81.840802230686521, 28.042800888861926 ], [ 81.840789901292467, 28.042805769247074 ], [ 81.840755206951087, 28.042819502423871 ], [ 81.840701588423471, 28.042840726424384 ], [ 81.840632486470781, 28.042868079280655 ], [ 81.840551341854137, 28.04290019902475 ], [ 81.840461595334659, 28.042935723688711 ], [ 81.84036668767348, 28.042973291304584 ], [ 81.840270059631763, 28.043011539904441 ], [ 81.840175151970584, 28.043049107520321 ], [ 81.840085405451106, 28.043084632184282 ], [ 81.840004260834462, 28.043116751928366 ], [ 81.839935158881786, 28.043144104784645 ], [ 81.839881540354156, 28.043165328785157 ], [ 81.839846846012776, 28.043179061961958 ], [ 81.839834516618723, 28.043183942347103 ], [ 81.839828351921696, 28.043201408988672 ], [ 81.839811004750999, 28.043250559305648 ], [ 81.839784195487184, 28.043326518886424 ], [ 81.839749644510846, 28.043424413319407 ], [ 81.839709072202524, 28.043539368192995 ], [ 81.839664198942785, 28.04366650909558 ], [ 81.839616745112195, 28.04380096161557 ], [ 81.839568431091337, 28.043937851341362 ], [ 81.839520977260747, 28.044072303861348 ], [ 81.839476104001022, 28.044199444763933 ], [ 81.839435531692686, 28.044314399637521 ], [ 81.839400980716334, 28.044412294070501 ], [ 81.839374171452533, 28.044488253651284 ], [ 81.839356824281836, 28.04453740396826 ], [ 81.839350659584809, 28.044554870609829 ], [ 81.839350145860053, 28.044577217636544 ], [ 81.839348700262505, 28.044640101130319 ], [ 81.839346466157181, 28.044737284711609 ], [ 81.839343586909138, 28.044862532000874 ], [ 81.83934020588346, 28.045009606618542 ], [ 81.839336466445147, 28.045172272185091 ], [ 81.83933251195927, 28.045344292320959 ], [ 81.839328485790844, 28.045519430646603 ], [ 81.839324531304968, 28.045691450782471 ], [ 81.839320791866669, 28.04585411634902 ], [ 81.839317410840977, 28.046001190966692 ], [ 81.839314531592905, 28.04612643825595 ], [ 81.839312297487623, 28.046223621837242 ], [ 81.839310851890048, 28.046286505331018 ], [ 81.839310338165305, 28.046308852357733 ], [ 81.839304430330657, 28.046320924889404 ], [ 81.839287805958747, 28.046354896432021 ], [ 81.839262113747594, 28.046407397906972 ], [ 81.839229002395257, 28.04647506023565 ], [ 81.839190120599795, 28.046554514339455 ], [ 81.839147117059198, 28.04664239113977 ], [ 81.839101640471569, 28.046735321557996 ], [ 81.839055339534895, 28.046829936515529 ], [ 81.83900986294725, 28.046922866933759 ], [ 81.838966859406668, 28.047010743734077 ], [ 81.838927977611192, 28.047090197837878 ], [ 81.838894866258855, 28.047157860166557 ], [ 81.838869174047701, 28.047210361641508 ], [ 81.838852549675806, 28.047244333184121 ], [ 81.838846641841144, 28.047256405715796 ], [ 81.838801947787715, 28.047276184118747 ], [ 81.838676180800164, 28.047331839624736 ], [ 81.838481813637571, 28.047417852679441 ], [ 81.838231319059076, 28.047528703728556 ], [ 81.837937169823718, 28.047658873217763 ], [ 81.83761183869062, 28.047802841592755 ], [ 81.837267798418878, 28.047955089299208 ], [ 81.836917521767603, 28.048110096782821 ], [ 81.836573481495861, 28.048262344489281 ], [ 81.836248150362763, 28.048406312864266 ], [ 81.835954001127419, 28.048536482353477 ], [ 81.835703506548896, 28.048647333402592 ], [ 81.835509139386318, 28.048733346457297 ], [ 81.83538337239878, 28.048789001963282 ], [ 81.835338678345337, 28.048808780366237 ], [ 81.83533174306119, 28.048815972512763 ], [ 81.835312227494143, 28.048836210878576 ], [ 81.83528206707237, 28.048867488353022 ], [ 81.835243197223974, 28.048907797825422 ], [ 81.8351975533771, 28.048955132185135 ], [ 81.835147070959906, 28.049007484321493 ], [ 81.835093685400494, 28.049062847123842 ], [ 81.835039332127039, 28.049119213481518 ], [ 81.834985946567627, 28.049174576283868 ], [ 81.834935464150419, 28.049226928420225 ], [ 81.834889820303573, 28.049274262779942 ], [ 81.834850950455149, 28.049314572252346 ], [ 81.83482079003339, 28.049345849726784 ], [ 81.834801274466344, 28.049366088092594 ], [ 81.834794339182196, 28.049373280239124 ], [ 81.834774303916859, 28.049348107726271 ], [ 81.834717925612097, 28.049277273445927 ], [ 81.834630795504708, 28.049167802285396 ], [ 81.834518504831607, 28.049026719131977 ], [ 81.834386644829564, 28.048861048872986 ], [ 81.834240806735409, 28.048677816395728 ], [ 81.834086581786011, 28.048484046587504 ], [ 81.833929561218199, 28.048286764335636 ], [ 81.833775336268801, 28.048092994527416 ], [ 81.833629498174659, 28.047909762050157 ], [ 81.833497638172616, 28.047744091791163 ], [ 81.833385347499473, 28.047603008637747 ], [ 81.833298217392112, 28.047493537477216 ], [ 81.83324183908735, 28.047422703196869 ], [ 81.833221803822013, 28.047397530684016 ], [ 81.833234903803216, 28.047385971877095 ], [ 81.833271766540918, 28.047353445932039 ], [ 81.833328736226477, 28.047303178562405 ], [ 81.833402157051239, 28.047238395481752 ], [ 81.833488373206421, 28.047162322403651 ], [ 81.833583728883369, 28.047078185041642 ], [ 81.833684568273355, 28.046989209109299 ], [ 81.833787235567712, 28.046898620320167 ], [ 81.833888074957684, 28.046809644387828 ], [ 81.833983430634646, 28.046725507025819 ], [ 81.834069646789828, 28.046649433947707 ], [ 81.834143067614562, 28.046584650867061 ], [ 81.834200037300135, 28.046534383497423 ], [ 81.834236900037865, 28.046501857552368 ], [ 81.834250000019054, 28.046490298745447 ], [ 81.834262586275472, 28.046477712489022 ], [ 81.834298003415654, 28.046442295348847 ], [ 81.834352738995918, 28.046387559768583 ], [ 81.834423280572622, 28.046317018191871 ], [ 81.834506115702126, 28.046234183062374 ], [ 81.834597731940761, 28.04614256682375 ], [ 81.834694616844857, 28.046045681919637 ], [ 81.834793257970802, 28.045947040793699 ], [ 81.834890142874912, 28.045850155889589 ], [ 81.834981759113532, 28.045758539650961 ], [ 81.835064594243036, 28.045675704521464 ], [ 81.835135135819741, 28.04560516294476 ], [ 81.83518987139999, 28.045550427364489 ], [ 81.835225288540187, 28.045515010224321 ], [ 81.835237874796604, 28.045502423967893 ], [ 81.835258680649076, 28.045485214188698 ], [ 81.83531722735016, 28.045436786670503 ], [ 81.835407708615506, 28.045361944142382 ], [ 81.83552431816068, 28.045265489333413 ], [ 81.835661249701289, 28.045152224972675 ], [ 81.835812696952885, 28.045026953789243 ], [ 81.835972853631105, 28.044894478512198 ], [ 81.836135913451542, 28.044759601870609 ], [ 81.836296070129762, 28.044627126593561 ], [ 81.836447517381373, 28.044501855410129 ], [ 81.836584448921968, 28.044388591049387 ], [ 81.836701058467142, 28.044292136240419 ], [ 81.836791539732488, 28.0442172937123 ], [ 81.836850086433586, 28.044168866194102 ], [ 81.836870892286043, 28.044151656414911 ], [ 81.836889129514745, 28.044140605359196 ], [ 81.836940448228063, 28.044109483196895 ], [ 81.837019758966804, 28.044061336435249 ], [ 81.837121972271845, 28.043999211581514 ], [ 81.83724199868395, 28.043926155142934 ], [ 81.837374748744011, 28.043845213626771 ], [ 81.83751513299282, 28.043759433540266 ], [ 81.837658061971226, 28.043671861390678 ], [ 81.837798446220035, 28.043585543685239 ], [ 81.837931196280081, 28.043503526931222 ], [ 81.838051222692215, 28.04342885763587 ], [ 81.838153435997242, 28.043364582306431 ], [ 81.838232746735997, 28.043313747450149 ], [ 81.838284065449315, 28.043279399574285 ], [ 81.838302302678002, 28.043264585186087 ], [ 81.838310522274028, 28.043257990393919 ], [ 81.838333651834958, 28.043246772078987 ], [ 81.83836939752004, 28.043231682907781 ], [ 81.838415465488509, 28.0432134755468 ], [ 81.838469561899601, 28.043192902662547 ], [ 81.838529392912591, 28.043170716921512 ], [ 81.838592664686701, 28.043147670990191 ], [ 81.838657083381179, 28.043124517535084 ], [ 81.838720355155289, 28.043102009222693 ], [ 81.838780186168279, 28.043080898719509 ], [ 81.838834282579384, 28.043061938692038 ], [ 81.838880350547839, 28.043045881806762 ], [ 81.838916096232921, 28.043033480730188 ], [ 81.838939225793851, 28.043025488128812 ], [ 81.838947445389877, 28.043022656669134 ], [ 81.838949500288891, 28.043011862475801 ], [ 81.838955282679137, 28.04298146311227 ], [ 81.838964219100376, 28.042934433403282 ], [ 81.838975736092493, 28.042873748173566 ], [ 81.838989260195277, 28.042802382247835 ], [ 81.839004217948514, 28.042723310450825 ], [ 81.839020035892048, 28.042639507607262 ], [ 81.839036140565668, 28.042553948541872 ], [ 81.839051958509202, 28.042469608079379 ], [ 81.839066916262439, 28.042389461044518 ], [ 81.839080440365223, 28.042316482262009 ], [ 81.83909195735734, 28.042253646556581 ], [ 81.839100893778593, 28.042203928752958 ], [ 81.839106676168839, 28.042170303675874 ], [ 81.839108731067839, 28.042155746150055 ], [ 81.839119005562878, 28.042150429696225 ], [ 81.83914791751404, 28.042142783560379 ], [ 81.839192599620375, 28.042133166155143 ], [ 81.839250184580962, 28.042121935893118 ], [ 81.839317805094822, 28.042109451186931 ], [ 81.839392593861078, 28.042096070449205 ], [ 81.839471683578708, 28.042082152092554 ], [ 81.83955220694682, 28.042068054529587 ], [ 81.839631296664464, 28.042054136172933 ], [ 81.839706085430691, 28.042040755435206 ], [ 81.839773705944566, 28.042028270729027 ], [ 81.839831290905153, 28.042017040467002 ], [ 81.839875973011488, 28.042007423061762 ], [ 81.83990488496265, 28.041999776925916 ], [ 81.839915159457689, 28.041994460472086 ], [ 81.839926461402229, 28.041971677376687 ], [ 81.839958264548528, 28.041914880923869 ], [ 81.840007414865468, 28.041829303937849 ], [ 81.840070758322128, 28.041720179242844 ], [ 81.840145140887387, 28.041592739663074 ], [ 81.840227408530239, 28.041452218022755 ], [ 81.840314407219637, 28.041303847146114 ], [ 81.840402982924559, 28.041152859857363 ], [ 81.840489981613956, 28.041004488980722 ], [ 81.840572249256809, 28.0408639673404 ], [ 81.840646631822068, 28.040736527760629 ], [ 81.840709975278713, 28.040627403065628 ], [ 81.840759125595682, 28.040541826079604 ], [ 81.840790928741953, 28.04048502962679 ], [ 81.840802230686506, 28.040462246531391 ], [ 81.840813018906303, 28.040449487042199 ], [ 81.840843376455013, 28.040420921556567 ], [ 81.840890292666685, 28.040379023121559 ], [ 81.840950756875287, 28.040326264784234 ], [ 81.841021758414854, 28.040265119591652 ], [ 81.841100286619394, 28.040198060590882 ], [ 81.841183330822929, 28.040127560828978 ], [ 81.841267880359453, 28.040056093353005 ], [ 81.84135092456296, 28.039986131210028 ], [ 81.8414294527675, 28.039920147447113 ], [ 81.841500454307067, 28.039860615111309 ], [ 81.841560918515682, 28.039810007249688 ], [ 81.841607834727341, 28.039770796909313 ], [ 81.841638192276065, 28.03974545713724 ], [ 81.841648980495862, 28.039736460980535 ], [ 81.841655915780009, 28.039730553145883 ], [ 81.841675431347056, 28.039713928773971 ], [ 81.841705591768829, 28.039688236562821 ], [ 81.841744461617225, 28.039655125210491 ], [ 81.841790105464071, 28.039616243415011 ], [ 81.841840587881279, 28.039573239874432 ], [ 81.841893973440705, 28.039527763286788 ], [ 81.841948326714174, 28.039481462350118 ], [ 81.8420017122736, 28.039435985762481 ], [ 81.84205219469078, 28.039392982221898 ], [ 81.84209783853764, 28.039354100426422 ], [ 81.842136708386022, 28.039320989074085 ], [ 81.842166868807809, 28.039295296862939 ], [ 81.842186384374855, 28.039278672491026 ], [ 81.842193319659003, 28.039272764656374 ], [ 81.842186705452832, 28.039255009044634 ], [ 81.842168093384259, 28.039205045579031 ], [ 81.842139329278297, 28.039127829314008 ], [ 81.842102258959926, 28.039028315304016 ], [ 81.842058728254116, 28.038911458603472 ], [ 81.842010582985864, 28.038782214266838 ], [ 81.841959668980138, 28.038645537348536 ], [ 81.841907832061906, 28.038506382903023 ], [ 81.84185691805618, 28.038369705984721 ], [ 81.841808772787914, 28.038240461648083 ], [ 81.841765242082118, 28.03812360494755 ], [ 81.841728171763748, 28.038024090937551 ], [ 81.841699407657771, 28.037946874672528 ], [ 81.841680795589212, 28.037896911206925 ], [ 81.841674181383041, 28.037879155595185 ] ] ] } },
{ "type": "Feature", "properties": { "fid_1": 14.0, "contract_i": "SIP/LIFT/EMC-S1234/NCB-24/081-82", "contractor": null, "project_na": null, "chainage_s": null, "chainage_e": null, "contract_a": null, "start_date": null, "completion": null, "progress_p": null, "status": "Normal", "delay_reas": null, "supervisio": null, "remarks": null, "Photo": null, "Shape_Leng": 0.0, "id": 0, "contact_id": null, "Contract_1": null, "project__1": null, "Progress__": 0, "X_co_ord": 0.0, "Y_co_ord": 0.0, "layer": null, "path": null }, "geometry": { "type": "MultiLineString", "coordinates": [ [ [ 81.824929451894633, 28.051163803273447 ], [ 81.824977252234163, 28.051141418947729 ], [ 81.825096525163758, 28.051085447280158 ], [ 81.825251078549826, 28.051012660235045 ], [ 81.825404720258774, 28.050939829776741 ], [ 81.825521258157082, 28.050883727869575 ], [ 81.825565807383825, 28.050861503371159 ], [ 81.825657240567523, 28.050923724878203 ], [ 81.82585191515264, 28.05106694093606 ], [ 81.826093630346364, 28.051247897531439 ], [ 81.826326185355953, 28.051423340651048 ], [ 81.826493379388609, 28.051550016281613 ], [ 81.826537413355311, 28.051592894859368 ], [ 81.826382077437856, 28.051774293850229 ], [ 81.826072933394187, 28.052135307699881 ], [ 81.825697666230838, 28.052573539152377 ], [ 81.825343960954342, 28.052986590951768 ], [ 81.825099502571234, 28.053272065842119 ], [ 81.825037339412759, 28.053340356017717 ], [ 81.824989363140389, 28.053327484334886 ], [ 81.824901437081223, 28.053303894416572 ], [ 81.824797689324328, 28.053276059652532 ], [ 81.824702247958754, 28.053250453432497 ], [ 81.824639241073541, 28.053233549146221 ], [ 81.824628453991508, 28.053237468168938 ], [ 81.82464266697599, 28.053309825180921 ], [ 81.824666961469106, 28.053433506236765 ], [ 81.824694864081096, 28.053575555897794 ], [ 81.824719901422199, 28.053703018725294 ], [ 81.824735600102699, 28.053782939280577 ], [ 81.824735148387603, 28.053799932743512 ], [ 81.824715431732884, 28.053836549388013 ], [ 81.824683694446819, 28.053895490062121 ], [ 81.824648175389115, 28.053961454026439 ], [ 81.824617113419421, 28.054019140541584 ], [ 81.824598747397431, 28.054053248868144 ], [ 81.824595388934128, 28.054067026119711 ], [ 81.82458779452449, 28.054121705869122 ], [ 81.824576196453535, 28.054205211980019 ], [ 81.824563537171144, 28.054296358813236 ], [ 81.824552759127201, 28.05437396072961 ], [ 81.8245468047716, 28.054416832089984 ], [ 81.824533112408389, 28.054421276297546 ], [ 81.824476281583941, 28.054427771248918 ], [ 81.824393451079345, 28.054437237592296 ], [ 81.824305218043833, 28.054447321367785 ], [ 81.824232179626577, 28.054455668615468 ], [ 81.824194932976738, 28.054459925375447 ], [ 81.824156358865011, 28.054502204746584 ], [ 81.824025418448159, 28.054650374165643 ], [ 81.823842420786832, 28.054857450466635 ], [ 81.823652091119214, 28.055072823511551 ], [ 81.82349915468356, 28.05524588316241 ], [ 81.823428336718109, 28.055326019281214 ], [ 81.82350157718713, 28.055420684214454 ], [ 81.82372135784432, 28.055698588681803 ], [ 81.824017015118997, 28.056072436310114 ], [ 81.824317341723997, 28.056452188132948 ], [ 81.8245511303721, 28.056747805183861 ], [ 81.824647173776128, 28.056869248496422 ], [ 81.824437381238241, 28.05714252708426 ], [ 81.823902316667471, 28.057839107837498 ], [ 81.823207308238921, 28.058743430376211 ], [ 81.822517721636075, 28.059639813123916 ], [ 81.821998922542363, 28.06031257450417 ], [ 81.821814408396477, 28.060547945152877 ], [ 81.821781610663393, 28.060504766776603 ], [ 81.821708120295526, 28.060414615323339 ], [ 81.821615711422027, 28.060303090107066 ], [ 81.821526158172006, 28.060195790441774 ], [ 81.821461234674629, 28.060118315641454 ], [ 81.821439574669796, 28.060096574264389 ], [ 81.821363022340563, 28.060154754034613 ], [ 81.821208326260333, 28.060272323055596 ], [ 81.821019623177335, 28.060415737398678 ], [ 81.820841049839828, 28.060551453135176 ], [ 81.820716742996098, 28.06064592633642 ], [ 81.820683532485702, 28.06067284355526 ], [ 81.820646755631486, 28.060730307389967 ], [ 81.820578489739816, 28.060836972845678 ], [ 81.820497566489991, 28.060963415423558 ], [ 81.820422817561209, 28.06108021062477 ], [ 81.820373074632755, 28.061157933950483 ], [ 81.820357851210645, 28.061177613787372 ], [ 81.820301876076869, 28.061220867299841 ], [ 81.820205150424044, 28.061295609849751 ], [ 81.820093567811142, 28.061381832777897 ], [ 81.819993021797174, 28.061459527425065 ], [ 81.819929405941053, 28.061508685132054 ], [ 81.819917472807205, 28.061533226556701 ], [ 81.81990218991281, 28.061659657773866 ], [ 81.819877356115541, 28.061865101005949 ], [ 81.819849444805101, 28.062096003665047 ], [ 81.819824929371237, 28.062298813163292 ], [ 81.819810283203722, 28.062419976912803 ], [ 81.819785107766322, 28.062461708254958 ], [ 81.819653032754729, 28.062619297757433 ], [ 81.819449644334782, 28.062861977122111 ], [ 81.819226729624489, 28.063127954901447 ], [ 81.819036075741764, 28.063355439647875 ], [ 81.818929469804559, 28.06348263991385 ], [ 81.818840368137415, 28.063575791903055 ], [ 81.818480476915568, 28.063946715335053 ], [ 81.817952026728577, 28.064490973183638 ], [ 81.817386839331235, 28.065072330019198 ], [ 81.816916736478333, 28.065554550412124 ], [ 81.816673539924636, 28.065801398932805 ], [ 81.816608502089892, 28.06584804495029 ], [ 81.816408810170415, 28.065993366139537 ], [ 81.816127848749886, 28.066200334065694 ], [ 81.815834471155583, 28.066417455855792 ], [ 81.815597530714797, 28.06659323863687 ], [ 81.815485880754792, 28.066676189535965 ], [ 81.815484159378627, 28.066699932156872 ], [ 81.815484159378627, 28.066768377236688 ], [ 81.815484159378627, 28.066861017937185 ], [ 81.815484159378627, 28.066955491639249 ], [ 81.815484159378627, 28.067029435723764 ], [ 81.815484159378627, 28.06706048757162 ], [ 81.81544436606508, 28.067073546174424 ], [ 81.815340420985066, 28.067107564564246 ], [ 81.815204639562054, 28.067152002120864 ], [ 81.81506938874476, 28.067196266024705 ], [ 81.814967035481914, 28.067229763456186 ], [ 81.814929280340223, 28.067242184232832 ], [ 81.814822207216963, 28.067292266822758 ], [ 81.814577562502407, 28.067406697415045 ], [ 81.814268318953694, 28.067551343591056 ], [ 81.813967449327933, 28.06769207293214 ], [ 81.81374792638222, 28.067794753019648 ], [ 81.813679157933379, 28.067824705891038 ], [ 81.813652346871976, 28.06774073677196 ], [ 81.813597828544786, 28.067568093790243 ], [ 81.813532080671152, 28.067355915858943 ], [ 81.813471580970429, 28.067153341891121 ], [ 81.813432807161973, 28.067009510799817 ], [ 81.813435438342012, 28.066962486105734 ], [ 81.81354252003193, 28.066841250725766 ], [ 81.813734315336376, 28.066618037750743 ], [ 81.813959625627376, 28.066353755893239 ], [ 81.814167252276931, 28.066109313865859 ], [ 81.814305996657097, 28.065945620381179 ], [ 81.814343990824355, 28.065901937206764 ], [ 81.814447913182931, 28.065793006541742 ], [ 81.814629506571066, 28.065602661665018 ], [ 81.814839926320701, 28.065382101204577 ], [ 81.815030327763722, 28.065182523788383 ], [ 81.815151866232114, 28.065055128044417 ], [ 81.815174443641681, 28.065026045786336 ], [ 81.815196367120649, 28.064960275349442 ], [ 81.815232337180035, 28.064852365171269 ], [ 81.815272937980239, 28.064730562770695 ], [ 81.815308753681592, 28.064623115666596 ], [ 81.815330368444521, 28.064558271377869 ], [ 81.815306919876292, 28.064530546582084 ], [ 81.815154205409399, 28.064413416068632 ], [ 81.814917028159755, 28.064231503420864 ], [ 81.814656002595029, 28.064031299346929 ], [ 81.814431743182752, 28.063859294554995 ], [ 81.81430486439055, 28.063761979753224 ], [ 81.814317838812812, 28.063715794788603 ], [ 81.814424329851349, 28.063539369336723 ], [ 81.814581884454569, 28.063278346038846 ], [ 81.814751073794042, 28.062998047282385 ], [ 81.814892469041354, 28.062763795454764 ], [ 81.814966641368045, 28.062640912943387 ], [ 81.81497774001808, 28.062668220523186 ], [ 81.81500647815615, 28.062791625469007 ], [ 81.815047188688666, 28.062966441285084 ], [ 81.815089867286019, 28.063149708203124 ], [ 81.815124509618599, 28.063298466454828 ], [ 81.815141111356809, 28.063369756271886 ], [ 81.815174529110379, 28.063328918456747 ], [ 81.81527838951223, 28.063196765897111 ], [ 81.815420284696614, 28.063016781643952 ], [ 81.815566376489855, 28.062832513955563 ], [ 81.815682826718273, 28.062687511090207 ], [ 81.81573579720822, 28.062625321306157 ], [ 81.815793547042531, 28.062648288225432 ], [ 81.815939013179673, 28.062710180337834 ], [ 81.816128042046131, 28.062791492619453 ], [ 81.816316202648721, 28.062872804901083 ], [ 81.816459063994145, 28.062934697013478 ], [ 81.816512432846707, 28.062957626341433 ], [ 81.816543527738745, 28.062880309312614 ], [ 81.816616029171414, 28.062700035480006 ], [ 81.816708163015619, 28.062470945921461 ], [ 81.816798155142195, 28.062247181714842 ], [ 81.816864231422031, 28.062082883937993 ], [ 81.816882726714368, 28.062030388655234 ], [ 81.816746006517249, 28.062028435509561 ], [ 81.816460716719476, 28.06202435994102 ], [ 81.816109245917772, 28.062019338929566 ], [ 81.815773982708862, 28.062014549455156 ], [ 81.815537315689497, 28.062011168497737 ], [ 81.815474181110702, 28.062008529639034 ], [ 81.815476395210013, 28.06197088995086 ], [ 81.815480615963651, 28.061899137138795 ], [ 81.815485666391709, 28.061813279862047 ], [ 81.81549036951418, 28.061733326779816 ], [ 81.815493548351142, 28.06167928655131 ], [ 81.815500074940601, 28.061663675880325 ], [ 81.8155727530837, 28.061615634395906 ], [ 81.81570121235869, 28.061530720637865 ], [ 81.815850731856955, 28.061431885715287 ], [ 81.815986590669837, 28.061342080737276 ], [ 81.816074067888749, 28.061284256812918 ], [ 81.816096584408712, 28.061265013613156 ], [ 81.816160363743023, 28.061186231145189 ], [ 81.816266707303214, 28.061054696821603 ], [ 81.816388544550321, 28.06090366032609 ], [ 81.816498804945439, 28.060766371342325 ], [ 81.816570417949606, 28.060676079553996 ], [ 81.816613736213071, 28.060668620909162 ], [ 81.816778858998774, 28.060760658714514 ], [ 81.817031020416778, 28.060914623030698 ], [ 81.817307252039541, 28.06108843682437 ], [ 81.817544585439606, 28.061240023062204 ], [ 81.817680052189445, 28.061327304710858 ], [ 81.817699659814039, 28.061337186299784 ], [ 81.817737388331878, 28.061348190450815 ], [ 81.817793639812919, 28.061364597132787 ], [ 81.817854290497721, 28.061382286915858 ], [ 81.817905216626869, 28.061397140370183 ], [ 81.817932294440851, 28.061405038065931 ], [ 81.817973967655874, 28.061392449616964 ], [ 81.818129652513164, 28.06134222869526 ], [ 81.818351730616655, 28.06127059059736 ], [ 81.818585472398553, 28.061195190022552 ], [ 81.818776148290993, 28.06113368167015 ], [ 81.818869028726169, 28.061103720239455 ], [ 81.818912928293102, 28.061090941955896 ], [ 81.819047474614678, 28.061051994336495 ], [ 81.819231878578847, 28.060998614241598 ], [ 81.819421414947413, 28.060943748450697 ], [ 81.81957135848215, 28.060900343743281 ], [ 81.819636983944818, 28.060881346898825 ], [ 81.819640656097349, 28.06083244201222 ], [ 81.819649960939429, 28.060698452286303 ], [ 81.819662256468277, 28.060521396670943 ], [ 81.819674600233995, 28.060343646444458 ], [ 81.81968404978673, 28.060207572885179 ], [ 81.819687694328067, 28.060155397986417 ], [ 81.819711391790889, 28.060083434421347 ], [ 81.81976782280276, 28.059911837573743 ], [ 81.81983992115434, 28.059692100316575 ], [ 81.819910620636279, 28.059475715522794 ], [ 81.819962855039307, 28.059314176065371 ], [ 81.819980380180041, 28.059256464601482 ], [ 81.820005191282249, 28.059174115160964 ], [ 81.820057844713546, 28.059005358991328 ], [ 81.820123039734497, 28.058798158025674 ], [ 81.820185475605726, 28.058600474197103 ], [ 81.820229851587825, 28.058460269438712 ], [ 81.820242355359753, 28.058419163432685 ], [ 81.820249050665524, 28.058358273738076 ], [ 81.820262547371826, 28.058240295692041 ], [ 81.820279903028833, 28.058097890488288 ], [ 81.820298175186593, 28.057963719320515 ], [ 81.820314421395253, 28.057870443382441 ], [ 81.820329052409392, 28.057845130584436 ], [ 81.820379051810463, 28.057836485203811 ], [ 81.820459787753578, 28.057825365271079 ], [ 81.820551251579573, 28.057813830501146 ], [ 81.820633434629201, 28.057803940608935 ], [ 81.820686328243269, 28.057797755309362 ], [ 81.820697804864693, 28.05782400299719 ], [ 81.820716445441548, 28.058066330496214 ], [ 81.820747646902817, 28.058471949492706 ], [ 81.820783170388836, 28.058933754810909 ], [ 81.820814777039928, 28.059344641275068 ], [ 81.820834227996414, 28.059597503709409 ], [ 81.820843803145223, 28.059640517438375 ], [ 81.82088879011468, 28.059699795849742 ], [ 81.820960244662018, 28.059793486453685 ], [ 81.821040217842949, 28.059897461161146 ], [ 81.821110760713196, 28.0599875918831 ], [ 81.821153924328442, 28.060039750530489 ], [ 81.821159133852447, 28.06001921208788 ], [ 81.821146961116767, 28.059893102515826 ], [ 81.821125715023356, 28.059703218960312 ], [ 81.82110157471692, 28.05949693486447 ], [ 81.821080719342262, 28.059321623671412 ], [ 81.821069328044103, 28.05922465882427 ], [ 81.821064111637838, 28.05917943731891 ], [ 81.821045879967429, 28.059034857765155 ], [ 81.821019689211241, 28.058828993251119 ], [ 81.820992012759064, 28.058610982689849 ], [ 81.820969324000643, 28.058429964994424 ], [ 81.820958096325668, 28.058335079077882 ], [ 81.820994845848247, 28.058291887608554 ], [ 81.821117674086537, 28.05818040423712 ], [ 81.821287099154134, 28.058031382923065 ], [ 81.821461926752676, 28.057879544575037 ], [ 81.821600962583773, 28.057759610101634 ], [ 81.821663012349035, 28.057706300411503 ], [ 81.821669319772468, 28.057673159937714 ], [ 81.821685936113539, 28.057580846931714 ], [ 81.821708022517186, 28.057458144689218 ], [ 81.821730282573611, 28.057334477709041 ], [ 81.821747419873034, 28.057239270490051 ], [ 81.821754127299613, 28.057201926758907 ], [ 81.821710471206842, 28.057170970620408 ], [ 81.821604203639538, 28.05709561725449 ], [ 81.82146769154636, 28.056998817770239 ], [ 81.821333301876052, 28.056903523276745 ], [ 81.821233401577331, 28.056832684883108 ], [ 81.821199257885269, 28.056809490270876 ], [ 81.821161053456507, 28.056866195284059 ], [ 81.821078548274144, 28.056988155153018 ], [ 81.820975870427134, 28.057138883499196 ], [ 81.820877148004584, 28.057281893944044 ], [ 81.82080650909549, 28.057380700109 ], [ 81.820784116919768, 28.057399473554625 ], [ 81.820720265520066, 28.057337166960885 ], [ 81.820595056804763, 28.057225108845671 ], [ 81.82044380017247, 28.05709242946282 ], [ 81.820301805021757, 28.056968259066199 ], [ 81.820204380751264, 28.056881727909644 ], [ 81.820180304390576, 28.056847855029019 ], [ 81.820161250452628, 28.056699826314052 ], [ 81.820126760712014, 28.056436029079073 ], [ 81.820086251008362, 28.056127082121293 ], [ 81.820049137181286, 28.055843604237918 ], [ 81.820024835070441, 28.055656214226147 ], [ 81.820031585093076, 28.055600390564305 ], [ 81.820137845648915, 28.055436531479508 ], [ 81.820317561330711, 28.055162943132494 ], [ 81.820523064450327, 28.054850832810452 ], [ 81.820706687319657, 28.054571407800559 ], [ 81.820820762250605, 28.054395875389986 ], [ 81.820842112019164, 28.05437542456086 ], [ 81.820877790838509, 28.054428975448587 ], [ 81.8209346938865, 28.054517777850656 ], [ 81.820998108913741, 28.054617997923017 ], [ 81.821053323670824, 28.054705801821598 ], [ 81.821085625908296, 28.05475735570236 ], [ 81.821098953616143, 28.054749695024579 ], [ 81.821151203228268, 28.054683614632765 ], [ 81.821230349726562, 28.054583517590821 ], [ 81.821316384451777, 28.054474708967746 ], [ 81.82138929874472, 28.054382493832538 ], [ 81.8214290839462, 28.054332177254199 ], [ 81.821425629545189, 28.054306331722533 ], [ 81.821401245497526, 28.054211910659298 ], [ 81.821366365104041, 28.054073690505991 ], [ 81.821330109959405, 28.053924038211335 ], [ 81.821301601658234, 28.053795320724046 ], [ 81.821289961795159, 28.053719904992843 ], [ 81.821336306564376, 28.053657526345173 ], [ 81.821483756239061, 28.053500707209448 ], [ 81.821686051250083, 28.053292660503619 ], [ 81.821894641174396, 28.053081053915797 ], [ 81.822060975588897, 28.052913555134104 ], [ 81.822136504070542, 28.052837831846642 ], [ 81.822304560412761, 28.052733769905089 ], [ 81.822788048341835, 28.052434951440755 ], [ 81.823434538347058, 28.052034931995188 ], [ 81.824088669074598, 28.051629341189596 ], [ 81.824595079170635, 28.05131380864519 ], [ 81.824798407281264, 28.051183963983192 ] ] ] } },
{ "type": "Feature", "properties": { "fid_1": 15.0, "contract_i": "SIP/LIFT/EMC-S1234/NCB-24/081-82", "contractor": null, "project_na": null, "chainage_s": null, "chainage_e": null, "contract_a": null, "start_date": null, "completion": null, "progress_p": null, "status": "Normal", "delay_reas": null, "supervisio": null, "remarks": null, "Photo": null, "Shape_Leng": 0.0, "id": 0, "contact_id": null, "Contract_1": null, "project__1": null, "Progress__": 0, "X_co_ord": 0.0, "Y_co_ord": 0.0, "layer": null, "path": null }, "geometry": { "type": "MultiLineString", "coordinates": [ [ [ 81.890522321053197, 28.009794026874651 ], [ 81.890512137454195, 28.009782538640586 ], [ 81.890483316689455, 28.009750006421235 ], [ 81.890438453807363, 28.009699328940865 ], [ 81.890380143856333, 28.009633404923754 ], [ 81.890310981884724, 28.00955513309416 ], [ 81.890233562940949, 28.00946741217637 ], [ 81.890150482073437, 28.009373140894642 ], [ 81.890064334330532, 28.009275217973251 ], [ 81.889977714760647, 28.009176542136466 ], [ 81.889893218412197, 28.009080012108551 ], [ 81.889813440333512, 28.008988526613781 ], [ 81.889740975573048, 28.008904984376429 ], [ 81.889678419179191, 28.008832284120764 ], [ 81.889628366200313, 28.008773324571052 ], [ 81.889593411684814, 28.008731004451569 ], [ 81.889576150681108, 28.008708222486582 ], [ 81.889588667052621, 28.008695424283431 ], [ 81.889662829675316, 28.008651338006956 ], [ 81.889793370602774, 28.008576577957296 ], [ 81.889971676482887, 28.008475864913976 ], [ 81.890189133963545, 28.008353919656518 ], [ 81.8904371296926, 28.008215462964451 ], [ 81.890707050317957, 28.0080652156173 ], [ 81.890990282487508, 28.007907898394599 ], [ 81.891278212849102, 28.007748232075862 ], [ 81.891562228050645, 28.007590937440622 ], [ 81.891833714740031, 28.007440735268396 ], [ 81.892084059565136, 28.007302346338712 ], [ 81.892304649173809, 28.007180491431107 ], [ 81.892486870213986, 28.007079891325095 ], [ 81.892622109333516, 28.007005266800203 ], [ 81.892701753180305, 28.006961338635961 ], [ 81.892720220535608, 28.006952679300007 ], [ 81.892727817299843, 28.00697877253366 ], [ 81.892744188038151, 28.00703500246086 ], [ 81.892768062833213, 28.007117007191738 ], [ 81.892798171767751, 28.007220424836444 ], [ 81.892833244924461, 28.00734089350513 ], [ 81.892872012386036, 28.007474051307934 ], [ 81.892913204235185, 28.007615536355004 ], [ 81.892955550554603, 28.007760986756487 ], [ 81.892997781426999, 28.007906040622533 ], [ 81.893038626935066, 28.008046336063281 ], [ 81.8930768171615, 28.008177511188872 ], [ 81.893111082189009, 28.008295204109473 ], [ 81.893140152100301, 28.008395052935207 ], [ 81.893162756978057, 28.008472695776234 ], [ 81.893177626905029, 28.008523770742691 ], [ 81.893183491963853, 28.008543915944731 ], [ 81.893216790231406, 28.008534172645675 ], [ 81.893323986750858, 28.00850227485261 ], [ 81.893495256370414, 28.008451275595977 ], [ 81.893720384537914, 28.008384184027634 ], [ 81.89398915670111, 28.008304009299454 ], [ 81.894291358307839, 28.008213760563287 ], [ 81.894616774805925, 28.008116446971002 ], [ 81.894955191643135, 28.00801507767445 ], [ 81.895296394267319, 28.007912661825507 ], [ 81.895630168126303, 28.00781220857602 ], [ 81.895946298667823, 28.007716727077856 ], [ 81.896234571339733, 28.00762922648288 ], [ 81.896484771589869, 28.007552715942957 ], [ 81.896686684866012, 28.00749020460993 ], [ 81.896830096615986, 28.007444701635684 ], [ 81.896904792287572, 28.00741921617206 ], [ 81.896916682909634, 28.007415413323621 ], [ 81.896939552980925, 28.007427566556899 ], [ 81.896981476831172, 28.007452953533097 ], [ 81.897039583342931, 28.007489614162484 ], [ 81.897111001398898, 28.007535588355296 ], [ 81.89719285988167, 28.007588916021803 ], [ 81.897282287673875, 28.007647637072253 ], [ 81.897376413658137, 28.0077097914169 ], [ 81.897472366717096, 28.007773418966011 ], [ 81.897567275733365, 28.00783655962983 ], [ 81.897658269589598, 28.00789725331861 ], [ 81.897742477168407, 28.007953539942623 ], [ 81.897817027352389, 28.008003459412105 ], [ 81.89787904902424, 28.008045051637321 ], [ 81.897925671066517, 28.00807635652853 ], [ 81.897954022361887, 28.008095413995978 ], [ 81.897961630361095, 28.008100883013697 ], [ 81.897961923237574, 28.008114941084898 ], [ 81.897962602610633, 28.008147550991431 ], [ 81.897963613266455, 28.0081960624711 ], [ 81.897964899991251, 28.008257825261719 ], [ 81.897966407571246, 28.008330189101098 ], [ 81.897968080792609, 28.008410503727045 ], [ 81.897969864441592, 28.008496118877375 ], [ 81.897971703304336, 28.00858438428989 ], [ 81.897973542167108, 28.008672649702408 ], [ 81.897975325816077, 28.008758264852737 ], [ 81.897976999037439, 28.008838579478684 ], [ 81.897978506617434, 28.008910943318064 ], [ 81.89797979334223, 28.008972706108683 ], [ 81.897980803998053, 28.009021217588352 ], [ 81.89798148337114, 28.009053827494885 ], [ 81.897981776247605, 28.009067885566086 ], [ 81.897983245310684, 28.009071310791857 ], [ 81.897988697482873, 28.009082760353451 ], [ 81.897997663260213, 28.009101588485912 ], [ 81.898009590504813, 28.009126635699538 ], [ 81.89802392707864, 28.009156742504608 ], [ 81.898040120843802, 28.009190749411438 ], [ 81.898057619662296, 28.009227496930301 ], [ 81.898075871396216, 28.009265825571482 ], [ 81.898094323907543, 28.009304575845295 ], [ 81.898112425058372, 28.009342588262019 ], [ 81.898129622710712, 28.009378703331947 ], [ 81.898145364726631, 28.009411761565367 ], [ 81.898159098968151, 28.009440603472584 ], [ 81.898170273297353, 28.009464069563879 ], [ 81.898178335576247, 28.009481000349549 ], [ 81.898182733666872, 28.009490236339882 ], [ 81.898179359997499, 28.009494959926418 ], [ 81.898143829083438, 28.00952443443467 ], [ 81.898075611602351, 28.009581023936004 ], [ 81.897979566368306, 28.009660697823346 ], [ 81.897860552195283, 28.009759425489616 ], [ 81.89772342789729, 28.009873176327723 ], [ 81.897573052288337, 28.009997919730601 ], [ 81.897414284182446, 28.010129625091167 ], [ 81.897251982393655, 28.01026426180233 ], [ 81.897091005735945, 28.010397799257017 ], [ 81.896936213023352, 28.010526206848155 ], [ 81.896792463069872, 28.010645453968642 ], [ 81.896664614689541, 28.010751510011424 ], [ 81.896557526696355, 28.010840344369399 ], [ 81.896476057904351, 28.010907926435504 ], [ 81.896425067127524, 28.010950225602642 ], [ 81.896408623399978, 28.010963733022361 ], [ 81.896322942540678, 28.011016518551756 ], [ 81.896105712303594, 28.011150347894255 ], [ 81.895775484524052, 28.01135379179415 ], [ 81.89535081103736, 28.011615420995764 ], [ 81.894850243678874, 28.011923806243402 ], [ 81.894292334283932, 28.012267518281359 ], [ 81.893695634687845, 28.012635127853951 ], [ 81.893078696725937, 28.013015205705482 ], [ 81.892460072233547, 28.013396322580256 ], [ 81.891858313046001, 28.013767049222579 ], [ 81.891291970998623, 28.014115956376763 ], [ 81.89077959792678, 28.01443161478711 ], [ 81.890339745665727, 28.014702595197928 ], [ 81.88999096605086, 28.014917468353524 ], [ 81.88975181091746, 28.015064804998204 ], [ 81.889640832100881, 28.015133175876272 ], [ 81.889612527349371, 28.015149483297769 ], [ 81.889512462003424, 28.01520615295798 ], [ 81.889342546186569, 28.015302380793031 ], [ 81.889113601802762, 28.015432038071612 ], [ 81.88883645075596, 28.015588996062416 ], [ 81.888521914950047, 28.015767126034113 ], [ 81.888180816289051, 28.015960299255404 ], [ 81.887823976676827, 28.016162386994974 ], [ 81.88746221801739, 28.016367260521498 ], [ 81.887106362214638, 28.01656879110368 ], [ 81.886767231172513, 28.016760850010183 ], [ 81.886455646794971, 28.016937308509707 ], [ 81.886182430985954, 28.017092037870935 ], [ 81.88595840564939, 28.017218909362562 ], [ 81.885794392689235, 28.017311794253256 ], [ 81.88570121400943, 28.017364563811721 ], [ 81.885674658317001, 28.017380250510136 ], [ 81.885561176398994, 28.017452599823567 ], [ 81.885331369052466, 28.017599111303397 ], [ 81.885002297340293, 28.017808907831878 ], [ 81.884591022325282, 28.01807111229127 ], [ 81.884114605070337, 28.018374847563848 ], [ 81.883590106638252, 28.018709236531862 ], [ 81.883034588091931, 28.019063402077588 ], [ 81.882465110494167, 28.019426467083278 ], [ 81.881898734907836, 28.019787554431193 ], [ 81.881352522395801, 28.020135787003607 ], [ 81.880843534020855, 28.020460287682774 ], [ 81.880388830845874, 28.020750179350959 ], [ 81.88000547393375, 28.020994584890417 ], [ 81.87971052434726, 28.021182627183421 ], [ 81.879521043149268, 28.021303429112237 ], [ 81.879454091402636, 28.021346113559112 ], [ 81.879438274323334, 28.021358897225944 ], [ 81.879393510156817, 28.02139507648381 ], [ 81.87932382951017, 28.021451393718774 ], [ 81.879233262990482, 28.021524591316886 ], [ 81.879125841204797, 28.02161141166421 ], [ 81.879005594760244, 28.021708597146805 ], [ 81.878876554263869, 28.02181289015072 ], [ 81.878742750322772, 28.021921033062029 ], [ 81.878608213543998, 28.022029768266776 ], [ 81.878476974534664, 28.022135838151026 ], [ 81.878353063901855, 28.022235985100838 ], [ 81.878240512252646, 28.022326951502272 ], [ 81.87814335019408, 28.022405479741376 ], [ 81.878065608333259, 28.022468312204222 ], [ 81.878011317277299, 28.022512191276864 ], [ 81.877984507633215, 28.022533859345355 ], [ 81.877977549460851, 28.022524987976254 ], [ 81.877951896758773, 28.022468339306414 ], [ 81.877906773664549, 28.022368503409524 ], [ 81.877845189330088, 28.022231940299676 ], [ 81.877770152907232, 28.022065109990962 ], [ 81.877684673547861, 28.021874472497458 ], [ 81.877591760403817, 28.021666487833254 ], [ 81.877494422626981, 28.021447616012445 ], [ 81.877395669369179, 28.021224317049111 ], [ 81.877298509782321, 28.021003050957347 ], [ 81.877205953018247, 28.020790277751239 ], [ 81.877121008228812, 28.020592457444863 ], [ 81.87704668456584, 28.020416050052322 ], [ 81.876985991181272, 28.020267515587697 ], [ 81.876941937226931, 28.02015331406508 ], [ 81.876917531854673, 28.020079905498552 ], [ 81.876915182288485, 28.020051364404889 ], [ 81.876925484300543, 28.020028029807605 ], [ 81.87694341585528, 28.019994917349063 ], [ 81.876967872676772, 28.019953573015535 ], [ 81.876997750489082, 28.0199055427933 ], [ 81.877031945016356, 28.019852372668637 ], [ 81.877069351982612, 28.01979560862782 ], [ 81.877108867112014, 28.019736796657138 ], [ 81.877149386128565, 28.01967748274285 ], [ 81.877189804756426, 28.019619212871245 ], [ 81.877229018719646, 28.019563533028602 ], [ 81.877265923742328, 28.019511989201192 ], [ 81.877299415548549, 28.019466127375296 ], [ 81.877328389862399, 28.019427493537187 ], [ 81.877351742407981, 28.019397633673151 ], [ 81.877368368909345, 28.019378093769454 ], [ 81.877377165090593, 28.019370419812386 ], [ 81.877378018809551, 28.019356339312736 ], [ 81.877372415331777, 28.019311114384823 ], [ 81.877361217692624, 28.019238822148452 ], [ 81.877345281705942, 28.01914374167281 ], [ 81.877325463185514, 28.019030152027042 ], [ 81.877302617945219, 28.018902332280305 ], [ 81.877277601798866, 28.018764561501772 ], [ 81.877251270560279, 28.018621118760596 ], [ 81.87722448004331, 28.018476283125942 ], [ 81.877198086061782, 28.018334333666964 ], [ 81.877172944429532, 28.018199549452831 ], [ 81.877149910960384, 28.018076209552692 ], [ 81.877129841468161, 28.017968593035722 ], [ 81.877113591766715, 28.017880978971075 ], [ 81.87710201766987, 28.017817646427911 ], [ 81.877095974991462, 28.017782874475387 ], [ 81.877101990678298, 28.01777085510756 ], [ 81.877146851202781, 28.01773505291581 ], [ 81.877229086447457, 28.017672502149793 ], [ 81.877343064605171, 28.017587233416599 ], [ 81.877483153868781, 28.017483277323304 ], [ 81.877643722431145, 28.017364664476993 ], [ 81.877819138485066, 28.017235425484735 ], [ 81.878003770223444, 28.017099590953627 ], [ 81.878191985839095, 28.016961191490736 ], [ 81.878378153524864, 28.016824257703149 ], [ 81.878556641473622, 28.016692820197942 ], [ 81.878721817878187, 28.0165709095822 ], [ 81.87886805093143, 28.016462556462997 ], [ 81.878989708826182, 28.016371791447426 ], [ 81.879081159755287, 28.016302645142556 ], [ 81.87913677191159, 28.016259148155466 ], [ 81.879152399683491, 28.01624448553261 ], [ 81.879180808702401, 28.016229081910332 ], [ 81.879246707888498, 28.01619825105162 ], [ 81.879344741503658, 28.016154229115187 ], [ 81.879469553809699, 28.01609925225976 ], [ 81.879615789068453, 28.016035556644063 ], [ 81.879778091541723, 28.015965378426809 ], [ 81.87995110549133, 28.015890953766736 ], [ 81.880129475179132, 28.015814518822552 ], [ 81.880307844866934, 28.01573830975299 ], [ 81.880480858816554, 28.015664562716768 ], [ 81.880643161289825, 28.015595513872611 ], [ 81.880789396548565, 28.015533399379237 ], [ 81.880914208854605, 28.015480455395373 ], [ 81.881012242469779, 28.015438918079745 ], [ 81.881078141655891, 28.015411023591071 ], [ 81.881106550674772, 28.015399008088075 ], [ 81.881110339069878, 28.015403381468701 ], [ 81.881121788631461, 28.0154208284197 ], [ 81.881140616763929, 28.015449518907268 ], [ 81.881165663977555, 28.01548768608993 ], [ 81.881195770782639, 28.01553356312624 ], [ 81.881229777689455, 28.015585383174731 ], [ 81.881266525208304, 28.015641379393948 ], [ 81.881304853849514, 28.015699784942427 ], [ 81.881343604123316, 28.015758832978705 ], [ 81.88138161654004, 28.015816756661334 ], [ 81.881417731609957, 28.015871789148846 ], [ 81.881450789843385, 28.015922163599779 ], [ 81.881479631750608, 28.015966113172674 ], [ 81.881503097841914, 28.016001871026077 ], [ 81.881520028627577, 28.016027670318525 ], [ 81.88152926461791, 28.01604174420855 ], [ 81.881535041698314, 28.016041510455636 ], [ 81.88157380269547, 28.016020904948501 ], [ 81.881648221765715, 28.015981315934546 ], [ 81.881752998384684, 28.015925531710451 ], [ 81.881882832027998, 28.015856340572885 ], [ 81.882032422171264, 28.015776530818538 ], [ 81.882196468290118, 28.01568889074408 ], [ 81.882369669860168, 28.015596208646205 ], [ 81.882546726357049, 28.015501272821574 ], [ 81.882722337256368, 28.015406871566878 ], [ 81.882891202033733, 28.015315793178786 ], [ 81.883048020164807, 28.015230825953985 ], [ 81.883187491125156, 28.015154758189151 ], [ 81.883304314390443, 28.015090378180961 ], [ 81.883393189436291, 28.015040474226094 ], [ 81.883448815738291, 28.015007834621233 ], [ 81.883466284661424, 28.014995077724731 ], [ 81.883495354952956, 28.014980926489752 ], [ 81.883569058069114, 28.014950723098558 ], [ 81.883681099637158, 28.014906731316763 ], [ 81.883825185284451, 28.014851214910003 ], [ 81.883995020638196, 28.014786437643878 ], [ 81.884184311325782, 28.014714663284014 ], [ 81.884386762974458, 28.014638155596035 ], [ 81.884596081211527, 28.014559178345564 ], [ 81.884805971664321, 28.01447999529822 ], [ 81.885010139960073, 28.01440287021962 ], [ 81.885202291726145, 28.014330066875385 ], [ 81.885376132589826, 28.014263849031142 ], [ 81.885525368178364, 28.014206480452497 ], [ 81.885643704119147, 28.014160224905087 ], [ 81.885724846039409, 28.014127346154524 ], [ 81.885762499566439, 28.014110107966427 ], [ 81.885777030031576, 28.014097385403968 ], [ 81.885832678616822, 28.014056952516356 ], [ 81.885927172617016, 28.013990907956728 ], [ 81.886054493728409, 28.013903254725268 ], [ 81.886208623647292, 28.013797995822163 ], [ 81.886383544069957, 28.013679134247589 ], [ 81.886573236692669, 28.013550673001728 ], [ 81.88677168321172, 28.013416615084765 ], [ 81.886972865323344, 28.013280963496882 ], [ 81.887170764723862, 28.013147721238269 ], [ 81.887359363109539, 28.013020891309097 ], [ 81.887532642176637, 28.012904476709554 ], [ 81.88768458362145, 28.01280248043982 ], [ 81.88780916914024, 28.012718905500083 ], [ 81.887900380429329, 28.012657754890522 ], [ 81.887952199184909, 28.012623031611319 ], [ 81.88796538309299, 28.012612700958744 ], [ 81.888008719229973, 28.012564957756986 ], [ 81.888096477375242, 28.012468275054562 ], [ 81.888222142300933, 28.012329830644902 ], [ 81.888379198779162, 28.012156802321449 ], [ 81.888561131582037, 28.011956367877616 ], [ 81.888761425481661, 28.01173570510684 ], [ 81.888973565250154, 28.011501991802557 ], [ 81.88919103565965, 28.011262405758195 ], [ 81.889407321482281, 28.011024124767175 ], [ 81.889615907490111, 28.010794326622953 ], [ 81.889810278455315, 28.010580189118933 ], [ 81.889983919149955, 28.010388890048556 ], [ 81.89013031434618, 28.010227607205252 ], [ 81.890242948816095, 28.010103518382461 ], [ 81.890315307331832, 28.010023801373595 ], [ 81.890340874665497, 28.009995633972107 ] ] ] } },
{ "type": "Feature", "properties": { "fid_1": 16.0, "contract_i": "SIP/LIFT/EMC/NCB-25/081-82", "contractor": "K.D.N.-NNS JV", "project_na": "Construction of Lift Irrigation System at Rajpur, Kummar and Agaiya Areas of EMC", "chainage_s": null, "chainage_e": null, "contract_a": "3,95,02,035.74", "start_date": "2082/06/26", "completion": "2084/02/30", "progress_p": "33.07", "status": "Normal", "delay_reas": null, "supervisio": null, "remarks": null, "Photo": null, "Shape_Leng": 0.0, "id": 0, "contact_id": null, "Contract_1": null, "project__1": null, "Progress__": 0, "X_co_ord": 0.0, "Y_co_ord": 0.0, "layer": null, "path": null }, "geometry": { "type": "MultiLineString", "coordinates": [ [ [ 81.901409104316073, 28.009370651969984 ], [ 81.901339581781656, 28.009288011976246 ], [ 81.901163189896835, 28.009078338603707 ], [ 81.900928192239178, 28.008799001765375 ], [ 81.900682852386339, 28.00850737137425 ], [ 81.900475433915886, 28.008260817343352 ], [ 81.900354200405474, 28.008116709585675 ], [ 81.90034103626401, 28.008044303378387 ], [ 81.900343611746294, 28.007721807466098 ], [ 81.900347683269359, 28.007210875456316 ], [ 81.900352340199731, 28.006624425907987 ], [ 81.900356671903836, 28.006075377380039 ], [ 81.900359767748128, 28.005676648431418 ], [ 81.900362836600863, 28.005533986713782 ], [ 81.900480381116225, 28.00532169604417 ], [ 81.900731853807201, 28.004889747555694 ], [ 81.901052599692463, 28.004345596006075 ], [ 81.901377963790651, 28.003796696152989 ], [ 81.901643291120493, 28.003350502754149 ], [ 81.901783926700617, 28.00311447056724 ], [ 81.901827418301849, 28.002986593148847 ], [ 81.901972511030479, 28.002517175497349 ], [ 81.902187267224917, 28.00182237604475 ], [ 81.902425244574616, 28.001052449325115 ], [ 81.902640000769068, 28.000357649872512 ], [ 81.902785093497698, 27.999888232221014 ], [ 81.902820353998294, 27.999763720341349 ], [ 81.902820353998294, 27.999585449887665 ], [ 81.902820353998294, 27.999249119469575 ], [ 81.902820353998294, 27.998836686105648 ], [ 81.902820353998294, 27.998430106814482 ], [ 81.902820353998266, 27.99811133861466 ], [ 81.90282035399828, 27.997962338524751 ], [ 81.902899706551835, 27.997958710592588 ], [ 81.903150469939817, 27.997955614748296 ], [ 81.903501337971917, 27.997951283044195 ], [ 81.903878549331438, 27.997946626113826 ], [ 81.904208342701622, 27.99794255459074 ], [ 81.904416956765743, 27.99793997910847 ], [ 81.904470838129285, 27.997933364846975 ], [ 81.90462638301058, 27.997878466653571 ], [ 81.904892504821703, 27.997784541308466 ], [ 81.90520728048196, 27.997673444016613 ], [ 81.905508786910644, 27.99756702998296 ], [ 81.905735101027034, 27.997487154412468 ], [ 81.905824299750435, 27.997455672510092 ], [ 81.905964656565203, 27.997282522047026 ], [ 81.906320768483639, 27.99684320640932 ], [ 81.906795197717003, 27.996257929224239 ], [ 81.907290506476528, 27.995646894119034 ], [ 81.907709256973462, 27.995130304720956 ], [ 81.907954011419037, 27.994828364657256 ], [ 81.908106924180018, 27.994731969362483 ], [ 81.908825483734262, 27.994373977326497 ], [ 81.909961438676007, 27.993808035617171 ], [ 81.911260722247619, 27.993160722296537 ], [ 81.912469267691549, 27.992558615426628 ], [ 81.913333008250135, 27.992128293069481 ], [ 81.913609923590869, 27.991991384316847 ], [ 81.913811901490519, 27.991949882348145 ], [ 81.914244009494737, 27.991860702209099 ], [ 81.914795150311633, 27.991746154421449 ], [ 81.915354226649413, 27.991628549506917 ], [ 81.915810141216156, 27.991530197987231 ], [ 81.916051796720041, 27.991473410384103 ], [ 81.916127500987145, 27.991554585753438 ], [ 81.916381056674894, 27.991929601061312 ], [ 81.916756962483248, 27.992489800204027 ], [ 81.917174627343925, 27.993112702970492 ], [ 81.917553460188671, 27.993675829149588 ], [ 81.917812869949174, 27.994056698530208 ], [ 81.917884133882183, 27.994162764107152 ], [ 81.917911209743025, 27.994392534914123 ], [ 81.917953506193058, 27.994826027453001 ], [ 81.918002372213593, 27.995357608233164 ], [ 81.91804915678604, 27.995881643763994 ], [ 81.918085208891782, 27.996292500554887 ], [ 81.918101877512171, 27.996484545115209 ], [ 81.917978734680204, 27.996588863541252 ], [ 81.917588658298911, 27.996907735503751 ], [ 81.917042863582296, 27.997353901026052 ], [ 81.916456090356405, 27.997833564853572 ], [ 81.915943078447242, 27.998252931731709 ], [ 81.915618567680809, 27.998518206405855 ], [ 81.915566802942891, 27.998606893838168 ], [ 81.915610264012685, 27.998984318917792 ], [ 81.915684621577554, 27.999630055665389 ], [ 81.915772573600265, 28.000393849546896 ], [ 81.915856818043579, 28.001125446028251 ], [ 81.915920052870234, 28.00167459057538 ], [ 81.915944976042937, 28.001891028654214 ], [ 81.915837412876471, 28.002098284511522 ], [ 81.915564504677306, 28.002624132017253 ], [ 81.915200923395659, 28.00332469107213 ], [ 81.914821340981817, 28.004056081576852 ], [ 81.914500429386052, 28.004674423432125 ], [ 81.914312860558596, 28.005035836538671 ], [ 81.914300339568669, 28.005091256421547 ], [ 81.914349273731858, 28.005176247336568 ], [ 81.914426632670541, 28.005310607598492 ], [ 81.914515114347466, 28.005464286300512 ], [ 81.914597416725371, 28.005607232535812 ], [ 81.914656237766977, 28.005709395397581 ], [ 81.914674880754177, 28.005743077776437 ], [ 81.914676536310722, 28.005819233377945 ], [ 81.914680078179614, 28.005982159346747 ], [ 81.914684595727294, 28.006189966540006 ], [ 81.914689178320216, 28.006400765814902 ], [ 81.914692915324864, 28.006572668028589 ], [ 81.91469489610769, 28.006663784038253 ], [ 81.914667356744104, 28.006746551688831 ], [ 81.914553558525554, 28.007065186700757 ], [ 81.914385122294618, 28.007536808147371 ], [ 81.914198473392901, 28.008059425072215 ], [ 81.914030037161965, 28.008531046518833 ], [ 81.913916238943415, 28.008849681530755 ], [ 81.913891018199735, 28.00893882538605 ], [ 81.913932614638938, 28.009138884450739 ], [ 81.914011091736484, 28.009516321919936 ], [ 81.914107326188059, 28.009979163806115 ], [ 81.914202194689338, 28.010435436121753 ], [ 81.91427657393595, 28.010793164879331 ], [ 81.914311340623613, 28.010960376091337 ], [ 81.914357022966641, 28.011004493808432 ], [ 81.914499431804259, 28.011134519268861 ], [ 81.914698690192864, 28.011316450841061 ], [ 81.914912908989621, 28.011512041916362 ], [ 81.915100199051693, 28.011683045886084 ], [ 81.915218671236275, 28.011791216141564 ], [ 81.915249625696859, 28.011826537041312 ], [ 81.915341122685859, 28.011972932223713 ], [ 81.915497664927699, 28.012223399810658 ], [ 81.915682827080801, 28.012519659255609 ], [ 81.915860183803559, 28.012803430012013 ], [ 81.915993309754384, 28.013016431533323 ], [ 81.91604577959167, 28.013100383272992 ], [ 81.91619269513609, 28.012956091220435 ], [ 81.916565447798376, 28.012589994855681 ], [ 81.917062046622078, 28.012102263868115 ], [ 81.917580500650729, 28.011593067947103 ], [ 81.918018818927919, 28.011162576782041 ], [ 81.918275010497098, 28.01091096006229 ], [ 81.918316366888334, 28.010910578197986 ], [ 81.918388480391997, 28.011070258098933 ], [ 81.91850248303848, 28.011322692530431 ], [ 81.918632877088669, 28.011611422213011 ], [ 81.918754164803474, 28.011879987867218 ], [ 81.918840848443764, 28.012071930213569 ], [ 81.918868337806586, 28.012134022765924 ], [ 81.918871648919662, 28.012210178367432 ], [ 81.918878732657447, 28.012373104336227 ], [ 81.918887767752807, 28.012580911529486 ], [ 81.918896932938679, 28.012791710804382 ], [ 81.918904406947973, 28.012963613018073 ], [ 81.918908368513613, 28.013054729027733 ], [ 81.918905834846143, 28.013140953590131 ], [ 81.918894455024287, 28.013473813379377 ], [ 81.9188776114012, 28.013966489354857 ], [ 81.918858946511037, 28.014512437392412 ], [ 81.91884210288795, 28.015005113367895 ], [ 81.918830723066094, 28.015337973157141 ], [ 81.918817755609084, 28.015423386202574 ], [ 81.918643446721049, 28.015500636732504 ], [ 81.918314590312249, 28.015646379913676 ], [ 81.917911322134188, 28.015825101038047 ], [ 81.917513777938382, 28.016001285397547 ], [ 81.917202093476334, 28.016139418284141 ], [ 81.917056404499547, 28.016203984989765 ], [ 81.917031282872415, 28.016184559689616 ], [ 81.916960078453627, 28.016119546959395 ], [ 81.916860449259303, 28.016028581173295 ], [ 81.916753339860932, 28.015930785635643 ], [ 81.916659694829889, 28.015845283650783 ], [ 81.916600458737605, 28.015791198523043 ], [ 81.91656700114099, 28.015804104695921 ], [ 81.916361132915739, 28.016003110646984 ], [ 81.91600891287159, 28.016343590022995 ], [ 81.915592298027121, 28.01674631770598 ], [ 81.915193245400943, 28.017132068577961 ], [ 81.914893712011605, 28.017421617520991 ], [ 81.914775654877687, 28.017535739417106 ], [ 81.914729743770039, 28.017519998465918 ], [ 81.914613258563094, 28.017480060680676 ], [ 81.914458071430687, 28.017426853663846 ], [ 81.914296054546725, 28.017371305017917 ], [ 81.914159080085099, 28.017324342345365 ], [ 81.914079020219731, 28.017296893248663 ], [ 81.914048001377594, 28.017246606630945 ], [ 81.913921802746216, 28.016976180992252 ], [ 81.913722298114862, 28.016548671067937 ], [ 81.913494108527033, 28.016059693379692 ], [ 81.913281855026128, 28.015604864449184 ], [ 81.913130158655633, 28.015279800798105 ], [ 81.913082066983321, 28.015175347414218 ], [ 81.913077100313657, 28.015085947360269 ], [ 81.913066474707009, 28.014894686440378 ], [ 81.913052922063954, 28.014650738865676 ], [ 81.913039174285146, 28.014403278847325 ], [ 81.913027963271219, 28.014201480596469 ], [ 81.913022020922753, 28.01409451832426 ], [ 81.912967053922998, 28.014053688932318 ], [ 81.912742302441359, 28.013911441159141 ], [ 81.912409640885272, 28.013700895870471 ], [ 81.912041009304346, 28.01346758474331 ], [ 81.911708347748259, 28.013257039454651 ], [ 81.911483596266621, 28.013114791681463 ], [ 81.911420398166214, 28.013066194912863 ], [ 81.911273820237625, 28.012826520191798 ], [ 81.910997281893856, 28.012374342629691 ], [ 81.910658170016859, 28.011819848884869 ], [ 81.910323871488572, 28.011273225615639 ], [ 81.910061773190918, 28.010844659480313 ], [ 81.909939262005892, 28.010644337137219 ], [ 81.909918470976677, 28.010543790229622 ], [ 81.909859649935044, 28.010237301644313 ], [ 81.909777347557139, 28.009808462938409 ], [ 81.909688865880227, 28.009347426832349 ], [ 81.909611506941559, 28.008944346046569 ], [ 81.909562572778341, 28.008689373301518 ], [ 81.909572268282133, 28.00862354684191 ], [ 81.909734675437619, 28.00843369058974 ], [ 81.910012537916884, 28.008108865437915 ], [ 81.910341200738628, 28.007724653970243 ], [ 81.910656008921521, 28.007356638770535 ], [ 81.910892307484232, 28.007080402422588 ], [ 81.910985441445419, 28.006971527510203 ], [ 81.911010364618136, 28.006917745926973 ], [ 81.911073599444777, 28.006781291827387 ], [ 81.911157843888077, 28.006599501186571 ], [ 81.911245795910816, 28.006409709979643 ], [ 81.911320153475685, 28.006249254181757 ], [ 81.911363614545465, 28.006155469768036 ], [ 81.911372091446381, 28.006099082834812 ], [ 81.911392695304542, 28.005836383642944 ], [ 81.91142526748925, 28.005421088287896 ], [ 81.911462522932169, 28.004946081390742 ], [ 81.911497176564964, 28.004504247572534 ], [ 81.911521943319329, 28.004188471454341 ], [ 81.911531928429383, 28.00408380855394 ], [ 81.911652671003012, 28.003817263948662 ], [ 81.911910594014884, 28.003247023057863 ], [ 81.912238765899843, 28.002519697881446 ], [ 81.912570255092675, 28.001781900419324 ], [ 81.912838130028248, 28.001180242671403 ], [ 81.91297545914135, 28.000861336637591 ], [ 81.912980881570292, 28.000800497423185 ], [ 81.912997432489732, 28.000626955139904 ], [ 81.913027057505019, 28.000370089887735 ], [ 81.913062016231024, 28.000085450312596 ], [ 81.913094568282673, 27.99982858506042 ], [ 81.913116973274882, 27.999655042777135 ], [ 81.913135229087942, 27.999607649788199 ], [ 81.913353115198007, 27.99951835504562 ], [ 81.913764185708999, 27.999349444913562 ], [ 81.914268270931558, 27.999141442584538 ], [ 81.914765201176337, 27.99893487125108 ], [ 81.91515480675389, 27.998770254105711 ], [ 81.915336917974884, 27.998688114340943 ], [ 81.915323500510922, 27.998671581342119 ], [ 81.915270871157901, 27.998644036226231 ], [ 81.915197232188206, 27.99860992153981 ], [ 81.915118064372024, 27.998575156400868 ], [ 81.915048848479501, 27.998545659927402 ], [ 81.915005065280866, 27.998527351237421 ], [ 81.914975075658177, 27.998513401906834 ], [ 81.914776069707102, 27.998417330068389 ], [ 81.914435590331095, 27.998252960714449 ], [ 81.914032862648128, 27.998058540453702 ], [ 81.913647111776143, 27.997872315894814 ], [ 81.913357562833099, 27.997732533646452 ], [ 81.913243440936995, 27.997677440317293 ], [ 81.91309259015479, 27.997649893652714 ], [ 81.912709853046167, 27.99758000252853 ], [ 81.912199952468256, 27.997486890249089 ], [ 81.911667611278119, 27.997389680118715 ], [ 81.911217552332815, 27.997307495441746 ], [ 81.910954498489431, 27.997259459522525 ], [ 81.910913720204462, 27.997254065412626 ], [ 81.910849333147638, 27.997254065412626 ], [ 81.910747545070421, 27.997254065412626 ], [ 81.910631121811321, 27.997254065412626 ], [ 81.910522829208816, 27.997254065412626 ], [ 81.910445433101415, 27.997254065412626 ], [ 81.910418293301532, 27.9972560663285 ], [ 81.910269293211627, 27.997368644174202 ], [ 81.909950525011794, 27.997609491258515 ], [ 81.909543945720642, 27.99791668450073 ], [ 81.909131512356723, 27.998228300820138 ], [ 81.908795181938615, 27.998482417136032 ], [ 81.908616911484941, 27.998617110367707 ], [ 81.908605094930664, 27.99866785938195 ], [ 81.908599405019743, 27.998844246620692 ], [ 81.9085909832082, 27.99910532277864 ], [ 81.908581650763125, 27.999394628576326 ], [ 81.908573228951582, 27.99965570473427 ], [ 81.908567539040646, 27.999832091973015 ], [ 81.908558157037277, 27.999881565746318 ], [ 81.908421483022778, 27.999994470366982 ], [ 81.90816362970223, 28.000207479631776 ], [ 81.9078474307899, 28.000468687428921 ], [ 81.90753572, 28.000726187646663 ], [ 81.907291331046807, 28.000928074173217 ], [ 81.907177097644535, 28.001022440896826 ], [ 81.907090816444097, 28.001100531705227 ], [ 81.906824573834626, 28.001342007560314 ], [ 81.906452047282016, 28.001679880480118 ], [ 81.906051551270707, 28.00204312104853 ], [ 81.905701400285068, 28.002360699849447 ], [ 81.905479908809582, 28.002561587466765 ], [ 81.905453575659322, 28.002621569145791 ], [ 81.905563372046117, 28.00284344934412 ], [ 81.905751222736328, 28.003223064280583 ], [ 81.905973417320041, 28.003672082501836 ], [ 81.906186245387332, 28.004102172554504 ], [ 81.906345996528316, 28.004425002985244 ], [ 81.906408960333081, 28.004552242340679 ], [ 81.906288279707312, 28.004650623285606 ], [ 81.905982090020416, 28.004900234443387 ], [ 81.905574169558079, 28.005232778298549 ], [ 81.905148296605972, 28.005579957335598 ], [ 81.904788249449737, 28.005873474039053 ], [ 81.904577806375016, 28.006045030893425 ], [ 81.904551028085152, 28.006081828585906 ], [ 81.904532999709247, 28.006182272394565 ], [ 81.904504499047633, 28.00634106179502 ], [ 81.904471900535071, 28.006522682079225 ], [ 81.904441578606381, 28.006691618539129 ], [ 81.904419907696308, 28.006812356466675 ], [ 81.904412461563538, 28.006850975204987 ], [ 81.90437935043245, 28.006874152996751 ], [ 81.90430851305473, 28.006923739161167 ], [ 81.904218162101131, 28.006986984828686 ], [ 81.904126510242477, 28.007051141129736 ], [ 81.904051770149579, 28.00710345919477 ], [ 81.904012154493202, 28.007131190154233 ], [ 81.903991859931807, 28.007139727011811 ], [ 81.903917891089762, 28.007168176566449 ], [ 81.903808407539657, 28.007210285624179 ], [ 81.903687085753532, 28.007256947849609 ], [ 81.903577602203427, 28.007299056907339 ], [ 81.903503633361368, 28.007327506461976 ], [ 81.903483222869014, 28.007338825663432 ], [ 81.903441626429839, 28.007414095410539 ], [ 81.903363149332279, 28.00755610158707 ], [ 81.903266914880675, 28.007730240118502 ], [ 81.90317204637941, 28.007901906930329 ], [ 81.903097667132783, 28.008036497948034 ], [ 81.903062900445121, 28.008099409097102 ], [ 81.903044648614454, 28.008103466239433 ], [ 81.902988923417126, 28.008112753772323 ], [ 81.902910952743326, 28.008125748884623 ], [ 81.902827127996758, 28.008139719675718 ], [ 81.902753840581155, 28.008151934244982 ], [ 81.902707481900251, 28.008159660691806 ], [ 81.902683239517913, 28.008176421127772 ], [ 81.902539417688331, 28.008313666611269 ], [ 81.902293352851942, 28.008548479974031 ], [ 81.902002301092537, 28.00882622320367 ], [ 81.901723518493966, 28.009092258287801 ], [ 81.901514261140022, 28.009291947214031 ], [ 81.901431785114525, 28.00937065196997 ] ] ] } },
{ "type": "Feature", "properties": { "fid_1": 6.0, "contract_i": "SMDMP/Civil-HM/ICB-02/2078/79", "contractor": "Patel - Raman JV, Janakpur", "project_na": "NULLSunkoshi Marin Diversion Multipurpose Project", "chainage_s": null, "chainage_e": null, "contract_a": "NRSs 14,07,59 Lakh (including VAT & PS)", "start_date": "25 Jan 2023", "completion": "2 Aug 2027", "progress_p": "10.35", "status": "Delayed", "delay_reas": "non-performance of the Contractor", "supervisio": "SMEC-EMAY-JADE-CMS Jv", "remarks": "Contract teminated and revised Estimate has been submitted to DWRI for approval", "Photo": "C:\\Users\\Asus\\Desktop\\7 Dec 2025.JPG", "Shape_Leng": 0.0, "id": 0, "contact_id": null, "Contract_1": null, "project__1": null, "Progress__": 0, "X_co_ord": 0.0, "Y_co_ord": 0.0, "layer": null, "path": null }, "geometry": { "type": "MultiLineString", "coordinates": [ [ [ 85.980951710869746, 27.342708839462684 ], [ 85.982746052160437, 27.342294147253281 ] ] ] } },
{ "type": "Feature", "properties": { "fid_1": 7.0, "contract_i": "SMDMP/Civil-HM/ICB-02/2078/79", "contractor": "Patel - Raman JV, Janakpur", "project_na": "Sunkoshi Marin Diversion Multipurpose Project", "chainage_s": null, "chainage_e": null, "contract_a": "NRSs 14,07,59 Lakh (including VAT & PS)", "start_date": "25 Jan 2023", "completion": "2 Aug 2027", "progress_p": "10.35", "status": "Delayed", "delay_reas": "non-performance of the Contractor", "supervisio": "SMEC-EMAY-JADE-CMS Jv", "remarks": "Contract teminated and revised Estimate has been submitted to DWRI for approval", "Photo": "E:\\SMDMP_SUJAN\\2.0 ICB-02 Patel-Raman JV\\15.0 Photoes & Videos\\2025-11-29\\IMG_5133.JPG", "Shape_Leng": 0.0, "id": 0, "contact_id": null, "Contract_1": null, "project__1": null, "Progress__": 0, "X_co_ord": 0.0, "Y_co_ord": 0.0, "layer": null, "path": null }, "geometry": { "type": "MultiLineString", "coordinates": [ [ [ 85.874743902231629, 27.261536328468818 ], [ 85.875019034562868, 27.261739687148431 ], [ 85.875180525279035, 27.261518385055908 ], [ 85.874923336360695, 27.261344932064471 ], [ 85.874731939956348, 27.261542309606451 ] ] ] } },
{ "type": "Feature", "properties": { "fid_1": 6.0, "contract_i": "SMIP/NCB-02/081-82", "contractor": "Karki Bandhu Construction Pvt. Ltd., Biratnagar-03, Morang", "project_na": "Construction of Motorable Bridge at 52RD (over Kadara Khola) of Chatara Main Canal", "chainage_s": "52RD", "chainage_e": "52RD", "contract_a": "85,380,989.52", "start_date": "2082/06/24", "completion": "2084/06/23", "progress_p": "1", "status": "Delayed", "delay_reas": "Design Variation and Approval", "supervisio": null, "remarks": null, "Photo": "D:\\Lohendra Pramod\\Lohandra_Contract_SMIP\\Data Spatial\\52ED2.jpeg", "Shape_Leng": 0.0, "id": 0, "contact_id": null, "Contract_1": null, "project__1": null, "Progress__": 0, "X_co_ord": 0.0, "Y_co_ord": 0.0, "layer": null, "path": null }, "geometry": { "type": "MultiLineString", "coordinates": [ [ [ 87.190707839359433, 26.709812301580939 ], [ 87.190808489519299, 26.709658181023634 ] ] ] } },
{ "type": "Feature", "properties": { "fid_1": 6.0, "contract_i": "SMIP-08/NCB/079-80", "contractor": "D.S. Construction Company Pvt Ltd, Hetauda-11, Makawanpur", "project_na": "Construction of Headworks, Canal, Canal Structures of Lohandra Augmentation Sub-Project, SMIP", "chainage_s": "0+000", "chainage_e": "4+552", "contract_a": "NRs.42,89,72,701.92", "start_date": "2080/10/29", "completion": "2084/04/30", "progress_p": "22.5%", "status": "Delayed", "delay_reas": "A 1 m retrogression in the riverbed level was identified during the construction survey, necessitating a revision of the design level. Additionally, delays in the initial phase of the work were caused by issues related to sheet-pile availability.", "supervisio": "N/A", "remarks": "Maintaining regular communication with the contractor to improve work progress, and requested to present a revised schedule based on actual daily production rates to ensure the timely completion of the contract.", "Photo": "D:\\Lohendra Pramod\\Lohandra_Contract_SMIP\\Data Spatial\\LOhandraHW.jpeg", "Shape_Leng": 0.0, "id": 0, "contact_id": null, "Contract_1": null, "project__1": null, "Progress__": 0, "X_co_ord": 0.0, "Y_co_ord": 0.0, "layer": null, "path": null }, "geometry": { "type": "MultiLineString", "coordinates": [ [ [ 87.405081954813696, 26.624426717039245 ], [ 87.4045323212016, 26.624446002429142 ] ] ] } },
{ "type": "Feature", "properties": { "fid_1": 1.0, "contract_i": "TMGIP/NCB/Works/Dhanusha-01/082-83", "contractor": "Shree Ram Drilling Sewa, Madhavnarayan-08, Rautahat", "project_na": "Construction of Pump House, M.S. Pipe Fittings, Distribution System and Electrification Works of Bhairab Baba Krishi Deep Tubewell Irrigation Project, Sabaila-7, Navtoli, Dhanusha District", "chainage_s": "0+000", "chainage_e": "Not Applicable", "contract_a": "5061803.25", "start_date": "2082-12-05", "completion": "2083-03-15", "progress_p": "40", "status": "Normal", "delay_reas": "No", "supervisio": "No", "remarks": "Good Progress", "Photo": null, "Shape_Leng": 0.0, "id": 0, "contact_id": null, "Contract_1": null, "project__1": null, "Progress__": 0, "X_co_ord": 0.0, "Y_co_ord": 0.0, "layer": null, "path": null }, "geometry": { "type": "MultiLineString", "coordinates": [ [ [ 86.07166298733236, 26.780682959620702 ], [ 86.071663173071926, 26.780683764492188 ] ] ] } },
{ "type": "Feature", "properties": { "fid_1": 2.0, "contract_i": "TMGIP/NCB/Works/Dhanusha-02/082-83", "contractor": "Gras Drilling Pvt. Ltd., Janakpurdham-14, Dhanusha", "project_na": "Construction of Pump House, M.S. Pipe Fittings, Distribution System and Electrification Works of Pokhariya Deep Tubewell Irrigation Project, Kshireshornath-3, Dhanusha District", "chainage_s": "0+000", "chainage_e": "Not Applicable", "contract_a": "4739911.39", "start_date": "2082-12-09", "completion": "2083-03-15", "progress_p": "25", "status": "Normal", "delay_reas": "No", "supervisio": "No", "remarks": "Good Progress", "Photo": null, "Shape_Leng": 0.0, "id": 0, "contact_id": null, "Contract_1": null, "project__1": null, "Progress__": 0, "X_co_ord": 0.0, "Y_co_ord": 0.0, "layer": null, "path": null }, "geometry": { "type": "MultiLineString", "coordinates": [ [ [ 85.933836123023184, 26.834705884711383 ], [ 85.933837361287019, 26.83470811358627 ] ] ] } },
{ "type": "Feature", "properties": { "fid_1": 3.0, "contract_i": "TMGIP/NCB/Works/Mahottari-01/082-83", "contractor": "Shree Ram Drilling Sewa, Madhavnarayan-08, Rautahat", "project_na": "Construction of Pump House, M.S. Pipe Fittings, Distribution System and Electrification Works of Rajkhor Deep Tubewell Irrigation Project, Gaushala-4, Rajkhor, Mahottari District", "chainage_s": "0+000", "chainage_e": "Not Applicable", "contract_a": "5012761.44", "start_date": "2082-12-05", "completion": "2083-03-15", "progress_p": "40", "status": "Normal", "delay_reas": "No", "supervisio": "No", "remarks": "Good Progress", "Photo": null, "Shape_Leng": 0.0, "id": 0, "contact_id": null, "Contract_1": null, "project__1": null, "Progress__": 0, "X_co_ord": 0.0, "Y_co_ord": 0.0, "layer": null, "path": null }, "geometry": { "type": "MultiLineString", "coordinates": [ [ [ 85.817875990842097, 26.919602988877259 ], [ 85.817876357082994, 26.919604331760556 ] ] ] } },
{ "type": "Feature", "properties": { "fid_1": 4.0, "contract_i": "TMGIP/NCB/Works/Mahottari-02/082-83", "contractor": "Pathivara Sabala Nirman Sewa, Budhiganga -3, Bansbari, Morang", "project_na": "Construction of Pump House, M.S. Pipe Fittings, Distribution System and Electrification Works of Ramnagar Deep Tubewell Irrigation Project, Gaushala-1, Ramnagar, Mahottari District", "chainage_s": "0+000", "chainage_e": "Not Applicable", "contract_a": "4799078.91", "start_date": "2082-12-09", "completion": "2083-03-15", "progress_p": "10", "status": "Normal", "delay_reas": "No", "supervisio": "No", "remarks": "Normal Progress", "Photo": null, "Shape_Leng": 0.0, "id": 0, "contact_id": null, "Contract_1": null, "project__1": null, "Progress__": 0, "X_co_ord": 0.0, "Y_co_ord": 0.0, "layer": null, "path": null }, "geometry": { "type": "MultiLineString", "coordinates": [ [ [ 85.818505024846615, 26.954045000263129 ], [ 85.818504887506279, 26.954045000263129 ] ] ] } },
{ "type": "Feature", "properties": { "fid_1": 5.0, "contract_i": "TMGIP/NCB/WORKS/HTW/082/083-1", "contractor": null, "project_na": "Construction of 14/10\" dia. High Yield Tubewell and Pumping Test Work, Dhanusha District", "chainage_s": "0+000", "chainage_e": "Not Applicable", "contract_a": null, "start_date": null, "completion": null, "progress_p": null, "status": "Normal", "delay_reas": null, "supervisio": null, "remarks": null, "Photo": null, "Shape_Leng": 0.0, "id": 0, "contact_id": null, "Contract_1": null, "project__1": null, "Progress__": 0, "X_co_ord": 0.0, "Y_co_ord": 0.0, "layer": null, "path": null }, "geometry": { "type": "MultiLineString", "coordinates": [ [ [ 85.990608832368366, 26.80437630481573 ], [ 85.990611019533318, 26.804379585563154 ] ] ] } },
{ "type": "Feature", "properties": { "fid_1": 6.0, "contract_i": "TMGIP/NCB/Works/Saptari-01/082-83", "contractor": "Shree Ram Drilling Sewa, Madhavnarayan-08, Rautahat", "project_na": "Construction of Pump House, M.S. Pipe Fittings, Distribution System, and Electrification Works of Baba Bansakhandi Deep Tubewell Irrigation Project, Tirhut-2, Labtoliya Mandal Tole, Saptari District", "chainage_s": "0+000", "chainage_e": "Not Applicable", "contract_a": "5469477.37", "start_date": "2082-12-05", "completion": "2083-03-15", "progress_p": "20", "status": "Normal", "delay_reas": null, "supervisio": null, "remarks": "Normal Progress", "Photo": null, "Shape_Leng": 0.0, "id": 0, "contact_id": null, "Contract_1": null, "project__1": null, "Progress__": 0, "X_co_ord": 0.0, "Y_co_ord": 0.0, "layer": null, "path": null }, "geometry": { "type": "MultiLineString", "coordinates": [ [ [ 86.859099711416007, 26.605609939453743 ], [ 86.859106562488137, 26.605616790525875 ] ] ] } },
{ "type": "Feature", "properties": { "fid_1": 7.0, "contract_i": "TMGIP/NCB/Works/Saptari-02/082-83", "contractor": "Shree Ram Nirman Sewa, Madhavnarayan-08, Rautahat", "project_na": "Construction of Pump House, M.S. Pipe Fittings, Distribution System and Electrification Works of Bhola Baba Piprahi Deep Tubewell Irrigation Project, Tirhut-3, Piprahi, Saptari District", "chainage_s": "0+000", "chainage_e": "Not Applicable", "contract_a": "4933915.15", "start_date": "2082-12-05", "completion": "2083-03-15", "progress_p": "20", "status": "Normal", "delay_reas": "No", "supervisio": "No", "remarks": "Normal Progress", "Photo": null, "Shape_Leng": 0.0, "id": 0, "contact_id": null, "Contract_1": null, "project__1": null, "Progress__": 0, "X_co_ord": 0.0, "Y_co_ord": 0.0, "layer": null, "path": null }, "geometry": { "type": "MultiLineString", "coordinates": [ [ [ 86.842472159355836, 26.59210843373414 ], [ 86.842581776509917, 26.592155412514462 ] ] ] } },
{ "type": "Feature", "properties": { "fid_1": 8.0, "contract_i": "TMGIP/NCB/Works/Saptari-03/082-83", "contractor": "Pathivara Sabala Nirman Sewa, Budhiganga -3, Bansbari, Morang", "project_na": "Construction of Pump House, M.S. Pipe Fittings, Distribution System and Electrification Works of Bhola Baba Inarwa Deep Tubewell Irrigation Project, Rajgadh-6, Inarwa, Saptari District", "chainage_s": "0+000", "chainage_e": "Not Applicable", "contract_a": "4974722.63", "start_date": "2082-12-09", "completion": "2083-03-15", "progress_p": "15", "status": "Normal", "delay_reas": "No", "supervisio": "No", "remarks": "Normal Progress", "Photo": null, "Shape_Leng": 0.0, "id": 0, "contact_id": null, "Contract_1": null, "project__1": null, "Progress__": 0, "X_co_ord": 0.0, "Y_co_ord": 0.0, "layer": null, "path": null }, "geometry": { "type": "MultiLineString", "coordinates": [ [ [ 86.691119925561409, 26.485320115270856 ], [ 86.691121417369629, 26.485324093426104 ] ] ] } },
{ "type": "Feature", "properties": { "fid_1": 9.0, "contract_i": "TMGIP/NCB/Works/Siraha-03/082-83", "contractor": "Gras Drilling Pvt. Ltd., Janakpurdham-14, Dhanusha", "project_na": "Construction of Pump House, M.S. Pipe Fittings, Distribution System and Electrification Works of Manikdaha Deep Tubewell Irrigation Project, Lahan-24, Manikdaha, Siraha District", "chainage_s": "0+000", "chainage_e": "Not Applicable", "contract_a": "5524507.31", "start_date": "2082-12-09", "completion": "2083-03-15", "progress_p": "15", "status": "Normal", "delay_reas": "No", "supervisio": "No", "remarks": "Normal Progress", "Photo": null, "Shape_Leng": 0.0, "id": 0, "contact_id": null, "Contract_1": null, "project__1": null, "Progress__": 0, "X_co_ord": 0.0, "Y_co_ord": 0.0, "layer": null, "path": null }, "geometry": { "type": "MultiLineString", "coordinates": [ [ [ 86.450290005885591, 26.776712994166406 ], [ 86.450290068044268, 26.776713227261443 ] ] ] } },
{ "type": "Feature", "properties": { "fid_1": 10.0, "contract_i": "TMGIP/NCB/Works/Siraha-01/082-83", "contractor": "Pathivara Sabala Nirman Sewa, Budhiganga -3, Bansbari, Morang", "project_na": "Construction of Pump House, M.S. Pipe Fittings, Distribution System, and Electrification Works of Dhangadhimai Deep Tubewell Irrigation Project, Dhangadhimai-8, Kasha, Siraha", "chainage_s": "0+000", "chainage_e": "Not Applicable", "contract_a": "4176718.31", "start_date": "2082-12-09", "completion": "2083-03-15", "progress_p": "10", "status": "Normal", "delay_reas": "No", "supervisio": "No", "remarks": "Normal Progress", "Photo": null, "Shape_Leng": 0.0, "id": 0, "contact_id": null, "Contract_1": null, "project__1": null, "Progress__": 0, "X_co_ord": 0.0, "Y_co_ord": 0.0, "layer": null, "path": null }, "geometry": { "type": "MultiLineString", "coordinates": [ [ [ 86.373616005139596, 26.784460979856132 ], [ 86.373616005139596, 26.784461912236267 ] ] ] } },
{ "type": "Feature", "properties": { "fid_1": 11.0, "contract_i": "TMGIP/NCB/Works/Siraha-02/082-83", "contractor": "Shree Ram Drilling Sewa, Madhavnarayan-08, Rautahat", "project_na": "Construction of Pump House, M.S. Pipe Fittings, Distribution System and Electrification Works of Dihabarbaba Deep Tubewell Irrigation Project, Kalyanpur-7, Bhediya, Siraha District", "chainage_s": "0+000", "chainage_e": "Not Applicable", "contract_a": "5741789.04", "start_date": "2082-12-05", "completion": "2083-03-15", "progress_p": "30", "status": "Normal", "delay_reas": "No", "supervisio": "No", "remarks": "Normal Progress", "Photo": null, "Shape_Leng": 0.0, "id": 0, "contact_id": null, "Contract_1": null, "project__1": null, "Progress__": 0, "X_co_ord": 0.0, "Y_co_ord": 0.0, "layer": null, "path": null }, "geometry": { "type": "MultiLineString", "coordinates": [ [ [ 86.17008749122013, 26.793194895380697 ], [ 86.170114343768049, 26.793226223353255 ] ] ] } },
{ "type": "Feature", "properties": { "fid_1": 6.0, "contract_i": "GWIPT/TMGWIP/System/NCB/2082/83-02", "contractor": "Bhattarai Construction Company, Tikapur, Kailali", "project_na": "Construction of Pumphouse, Electrification and Distribution", "chainage_s": null, "chainage_e": null, "contract_a": "76,29,766.39", "start_date": "2082.12.09", "completion": "2083.03.15", "progress_p": "Agreement", "status": "Normal", "delay_reas": null, "supervisio": null, "remarks": "Agreement", "Photo": null, "Shape_Leng": 0.0, "id": 0, "contact_id": null, "Contract_1": null, "project__1": null, "Progress__": 0, "X_co_ord": 0.0, "Y_co_ord": 0.0, "layer": null, "path": null }, "geometry": { "type": "MultiLineString", "coordinates": [ [ [ 80.299716283684745, 28.718137026680072 ], [ 80.299780343562787, 28.718137982797657 ], [ 80.299780343562787, 28.718137982797657 ], [ 80.299780343562787, 28.718137982797657 ] ] ] } },
{ "type": "Feature", "properties": { "fid_1": 8.0, "contract_i": "GWIPT/TMGWIP/System/NCB/2082/83-03\n\n", "contractor": "Panchadev Agro and Bore Well Pvt.Ltd., Bheemdatt 3, Kanchanpur\n\n", "project_na": "Construction of Pumphouse, Electrification and Distribution System Work\n\n", "chainage_s": null, "chainage_e": null, "contract_a": "81,42,894.02\n\n", "start_date": null, "completion": "2083.03.15", "progress_p": "Agreement in Progress", "status": "Delayed", "delay_reas": "Agreement in Progress", "supervisio": null, "remarks": "Same Contract No: GWIPT/TMGWIP/System/NCB/2082/83-03\n\n", "Photo": null, "Shape_Leng": 0.0, "id": 0, "contact_id": null, "Contract_1": null, "project__1": null, "Progress__": 0, "X_co_ord": 0.0, "Y_co_ord": 0.0, "layer": null, "path": null }, "geometry": { "type": "MultiLineString", "coordinates": [ [ [ 80.477563416445207, 28.873239825233842 ], [ 80.477627954382029, 28.873241976498402 ] ] ] } },
{ "type": "Feature", "properties": { "fid_1": 9.0, "contract_i": "GWIPT/TMGWIP/System/NCB/2082/83-08\n\n", "contractor": null, "project_na": "Construction of Pumphouse, Electrification and Distribution System Work\n\n", "chainage_s": null, "chainage_e": null, "contract_a": "Tendered", "start_date": null, "completion": null, "progress_p": null, "status": "Normal", "delay_reas": "Tendered", "supervisio": null, "remarks": "Tendered", "Photo": null, "Shape_Leng": 0.0, "id": 0, "contact_id": null, "Contract_1": null, "project__1": null, "Progress__": 0, "X_co_ord": 0.0, "Y_co_ord": 0.0, "layer": null, "path": null }, "geometry": { "type": "MultiLineString", "coordinates": [ [ [ 80.469567166072267, 28.602806508542329 ], [ 80.469674729300309, 28.60281081107145 ] ] ] } },
{ "type": "Feature", "properties": { "fid_1": 10.0, "contract_i": "GWIPT/GWDTIP/DTW/NCB/2082/83-01\n\n\n", "contractor": "B.B.C. Construction & Drilling, Gauriganag-03, Kailali \n\n\n", "project_na": "Construction of 8/8 inch dia. Deep Tubewell and Pump Test Work\n\n\n", "chainage_s": null, "chainage_e": null, "contract_a": "57,81,899.10 \n\n\n", "start_date": null, "completion": "2083.03.15", "progress_p": null, "status": "Delayed", "delay_reas": "Agreement in Progress", "supervisio": null, "remarks": "Same Contract No:GWIPT/GWDTIP/DTW/NCB/2082/83-01\n\n\n", "Photo": null, "Shape_Leng": 0.0, "id": 0, "contact_id": null, "Contract_1": null, "project__1": null, "Progress__": 0, "X_co_ord": 0.0, "Y_co_ord": 0.0, "layer": null, "path": null }, "geometry": { "type": "MultiLineString", "coordinates": [ [ [ 80.624232331681213, 28.682386087180735 ], [ 80.624477575841155, 28.682381784651611 ] ] ] } },
{ "type": "Feature", "properties": { "fid_1": 11.0, "contract_i": "GWIPT/GWDTIP/DTW/NCB/2082/83-01\n\n\n", "contractor": "B.B.C. Construction & Drilling, Gauriganag-03, Kailali \n\n\n", "project_na": "Construction of 8/8 inch dia. Deep Tubewell and Pump Test Work\n\n\n", "chainage_s": null, "chainage_e": null, "contract_a": null, "start_date": null, "completion": "2083.03.15", "progress_p": "Agreement in Progress", "status": "Delayed", "delay_reas": "Agreement in Progress", "supervisio": null, "remarks": "Same Contract No:GWIPT/GWDTIP/DTW/NCB/2082/83-01\n\n\n", "Photo": null, "Shape_Leng": 0.0, "id": 0, "contact_id": null, "Contract_1": null, "project__1": null, "Progress__": 0, "X_co_ord": 0.0, "Y_co_ord": 0.0, "layer": null, "path": null }, "geometry": { "type": "MultiLineString", "coordinates": [ [ [ 80.721753456757867, 28.61491059859452 ], [ 80.721814767797852, 28.614921354917325 ] ] ] } },
{ "type": "Feature", "properties": { "fid_1": 12.0, "contract_i": "GWIPT/GWDTIP/DTW/NCB/2082/83-07\n", "contractor": null, "project_na": "Construction of 8/8 inch dia. Deep Tubewell and Pump Test Work\n", "chainage_s": null, "chainage_e": null, "contract_a": "Tendered", "start_date": null, "completion": "2083.03.15", "progress_p": "Tendered", "status": "Normal", "delay_reas": "Tendered", "supervisio": null, "remarks": "Tendered", "Photo": null, "Shape_Leng": 0.0, "id": 0, "contact_id": null, "Contract_1": null, "project__1": null, "Progress__": 0, "X_co_ord": 0.0, "Y_co_ord": 0.0, "layer": null, "path": null }, "geometry": { "type": "MultiLineString", "coordinates": [ [ [ 80.815485667126623, 28.607694181624851 ], [ 80.815516860462765, 28.607691492544149 ] ] ] } },
{ "type": "Feature", "properties": { "fid_1": 13.0, "contract_i": "GWIPT/GWDTIP/DTW/NCB/2082/83-01\n\n\n", "contractor": "B.B.C. Construction & Drilling, Gauriganag-03, Kailali \n\n\n", "project_na": "Construction of 8/8 inch dia. Deep Tubewell and Pump Test Work\n\n\n", "chainage_s": null, "chainage_e": null, "contract_a": "57,81,899.10 \n\n\n", "start_date": null, "completion": "2083.03.15", "progress_p": "Agreement in Process", "status": "Delayed", "delay_reas": "Agreement in Progress", "supervisio": null, "remarks": "Same Contract No:GWIPT/GWDTIP/DTW/NCB/2082/83-01\n\n\n", "Photo": null, "Shape_Leng": 0.0, "id": 0, "contact_id": null, "Contract_1": null, "project__1": null, "Progress__": 0, "X_co_ord": 0.0, "Y_co_ord": 0.0, "layer": null, "path": null }, "geometry": { "type": "MultiLineString", "coordinates": [ [ [ 80.816905232829171, 28.59869033271136 ], [ 80.8169184093246, 28.598692483975924 ] ] ] } },
{ "type": "Feature", "properties": { "fid_1": 14.0, "contract_i": "GWIPT/TMGWIP/System/NCB/2082/83-03\n\n", "contractor": "Panchadev Agro and Bore Well Pvt.Ltd., Bheemdatt 3, Kanchanpur\n\n", "project_na": "Construction of Pumphouse, Electrification and Distribution System Work\n\n", "chainage_s": null, "chainage_e": null, "contract_a": "81,42,894.02\n\n", "start_date": null, "completion": "2083.03.15", "progress_p": "Agreement in Progress", "status": "Delayed", "delay_reas": "Agreement in Progress", "supervisio": null, "remarks": "Same Contract No:GWIPT/TMGWIP/System/NCB/2082/83-03\n\n", "Photo": null, "Shape_Leng": 0.0, "id": 0, "contact_id": null, "Contract_1": null, "project__1": null, "Progress__": 0, "X_co_ord": 0.0, "Y_co_ord": 0.0, "layer": null, "path": null }, "geometry": { "type": "MultiLineString", "coordinates": [ [ [ 81.009012620342233, 28.609725782094984 ], [ 81.009054570001169, 28.609730622440246 ] ] ] } },
{ "type": "Feature", "properties": { "fid_1": 15.0, "contract_i": "GWIPT/TMGWIP/System/NCB/2082/83-03\n\n", "contractor": "Panchadev Agro and Bore Well Pvt.Ltd., Bheemdatt 3, Kanchanpur\n\n", "project_na": "Construction of Pumphouse, Electrification and Distribution System Work\n\n", "chainage_s": null, "chainage_e": null, "contract_a": "81,42,894.02\n\n", "start_date": null, "completion": "2083.03.15", "progress_p": "Agreement in Progress", "status": "Delayed", "delay_reas": "Agreement in Progress", "supervisio": null, "remarks": "Same Contract No: GWIPT/TMGWIP/System/NCB/2082/83-03\n\n", "Photo": null, "Shape_Leng": 0.0, "id": 0, "contact_id": null, "Contract_1": null, "project__1": null, "Progress__": 0, "X_co_ord": 0.0, "Y_co_ord": 0.0, "layer": null, "path": null }, "geometry": { "type": "MultiLineString", "coordinates": [ [ [ 81.009005359824314, 28.609725782094976 ], [ 81.009066670864314, 28.60972900899182 ] ] ] } },
{ "type": "Feature", "properties": { "fid_1": 16.0, "contract_i": "GWIPT/TMGWIP/System/NCB/2082/83-08\n\n", "contractor": null, "project_na": "Construction of Pumphouse, Electrification and Distribution System Work\n\n", "chainage_s": null, "chainage_e": null, "contract_a": "Tendered", "start_date": null, "completion": "2083.03.15", "progress_p": "Tendered", "status": "Normal", "delay_reas": "Tendered", "supervisio": null, "remarks": "Same Contract No: GWIPT/TMGWIP/System/NCB/2082/83-08\n\n", "Photo": null, "Shape_Leng": 0.0, "id": 0, "contact_id": null, "Contract_1": null, "project__1": null, "Progress__": 0, "X_co_ord": 0.0, "Y_co_ord": 0.0, "layer": null, "path": null }, "geometry": { "type": "MultiLineString", "coordinates": [ [ [ 81.120342174840886, 28.645549177386854 ], [ 81.120404292605102, 28.645551597559486 ] ] ] } },
{ "type": "Feature", "properties": { "fid_1": 17.0, "contract_i": "GWIPT/TMGWIP/System/NCB/2082/83-05\n\n\n", "contractor": null, "project_na": "Construction of Pumphouse, Electrification and Distribution System Work\n\n\n", "chainage_s": null, "chainage_e": null, "contract_a": "Tendered", "start_date": null, "completion": "2083.03.15", "progress_p": "Tendered", "status": "Normal", "delay_reas": null, "supervisio": null, "remarks": "Tendered", "Photo": null, "Shape_Leng": 0.0, "id": 0, "contact_id": null, "Contract_1": null, "project__1": null, "Progress__": 0, "X_co_ord": 0.0, "Y_co_ord": 0.0, "layer": null, "path": null }, "geometry": { "type": "MultiLineString", "coordinates": [ [ [ 81.318196159326305, 28.484190526435459 ], [ 81.318307487267333, 28.484213114713349 ] ] ] } },
{ "type": "Feature", "properties": { "fid_1": 18.0, "contract_i": "GWIPT/TMGWIP/System/NCB/2082/83-05\n\n\n", "contractor": null, "project_na": "Construction of Pumphouse, Electrification and Distribution System Work\n\n\n", "chainage_s": null, "chainage_e": null, "contract_a": "Tendered", "start_date": null, "completion": "2083.03.15", "progress_p": "Tendered", "status": "Normal", "delay_reas": "Tendered", "supervisio": null, "remarks": "Same Contract No: GWIPT/TMGWIP/System/NCB/2082/83-05\n\n\n", "Photo": null, "Shape_Leng": 0.0, "id": 0, "contact_id": null, "Contract_1": null, "project__1": null, "Progress__": 0, "X_co_ord": 0.0, "Y_co_ord": 0.0, "layer": null, "path": null }, "geometry": { "type": "MultiLineString", "coordinates": [ [ [ 81.333536826909381, 28.476615386100725 ], [ 81.333756255894585, 28.47662506679125 ] ] ] } },
{ "type": "Feature", "properties": { "fid_1": 19.0, "contract_i": "GWIPT/TMGWIP/System/NCB/2082/83-09\n", "contractor": null, "project_na": "Construction of Pumphouse, Electrification and Distribution System Work\n", "chainage_s": null, "chainage_e": null, "contract_a": "Tendered", "start_date": null, "completion": "2083.03.15", "progress_p": "Tendered", "status": "Normal", "delay_reas": "Tendered", "supervisio": null, "remarks": null, "Photo": null, "Shape_Leng": 0.0, "id": 0, "contact_id": null, "Contract_1": null, "project__1": null, "Progress__": 0, "X_co_ord": 0.0, "Y_co_ord": 0.0, "layer": null, "path": null }, "geometry": { "type": "MultiLineString", "coordinates": [ [ [ 81.351031448133966, 28.26505518884597 ], [ 81.351100826416058, 28.265066482984913 ] ] ] } },
{ "type": "Feature", "properties": { "fid_1": 20.0, "contract_i": "GWIPT/TMGWIP/System/NCB/2082/83-05\n\n\n", "contractor": null, "project_na": "Construction of Pumphouse, Electrification and Distribution System Work\n\n\n", "chainage_s": null, "chainage_e": null, "contract_a": "Tendered", "start_date": null, "completion": "2083.03.15", "progress_p": "Tendered", "status": "Normal", "delay_reas": null, "supervisio": null, "remarks": "Same as Contract no: GWIPT/TMGWIP/System/NCB/2082/83-05\n\n\n", "Photo": null, "Shape_Leng": 0.0, "id": 0, "contact_id": null, "Contract_1": null, "project__1": null, "Progress__": 0, "X_co_ord": 0.0, "Y_co_ord": 0.0, "layer": null, "path": null }, "geometry": { "type": "MultiLineString", "coordinates": [ [ [ 81.401243576431568, 28.265072936778587 ], [ 81.401488820591496, 28.265072936778587 ] ] ] } },
{ "type": "Feature", "properties": { "fid_1": 21.0, "contract_i": "GWIPT/TMGWIP/System/NCB/2082/83-04\n\n", "contractor": "Rajan Nirman Sewa, Nepalgunj 16, Banke\n\n", "project_na": "Construction of Pumphouse, Electrification and Distribution System Work\n\n", "chainage_s": null, "chainage_e": null, "contract_a": "84,12,435.95\n\n", "start_date": null, "completion": "2083.03.15", "progress_p": "Agreement in Progress", "status": "Delayed", "delay_reas": "Agreement in Progress", "supervisio": null, "remarks": "Same as Contract No: GWIPT/TMGWIP/System/NCB/2082/83-04\n\n", "Photo": null, "Shape_Leng": 0.0, "id": 0, "contact_id": null, "Contract_1": null, "project__1": null, "Progress__": 0, "X_co_ord": 0.0, "Y_co_ord": 0.0, "layer": null, "path": null }, "geometry": { "type": "MultiLineString", "coordinates": [ [ [ 81.446094215627468, 28.248195459574848 ], [ 81.446125274509569, 28.248200703282215 ] ] ] } },
{ "type": "Feature", "properties": { "fid_1": 22.0, "contract_i": "GWIPT/TMGWIP/System/NCB/2082/83-04\n\n", "contractor": "Rajan Nirman Sewa, Nepalgunj 16, Banke\n\n", "project_na": "Construction of Pumphouse, Electrification and Distribution System Work\n\n", "chainage_s": null, "chainage_e": null, "contract_a": "84,12,435.95\n\n", "start_date": null, "completion": "2083.03.15", "progress_p": "Agreement in Process\n\n\n\n", "status": "Delayed", "delay_reas": "Agreement in Process\n\n\n\n", "supervisio": null, "remarks": "Same as Contract No: GWIPT/TMGWIP/System/NCB/2082/83-04\n\n", "Photo": null, "Shape_Leng": 0.0, "id": 0, "contact_id": null, "Contract_1": null, "project__1": null, "Progress__": 0, "X_co_ord": 0.0, "Y_co_ord": 0.0, "layer": null, "path": null }, "geometry": { "type": "MultiLineString", "coordinates": [ [ [ 81.538247532256548, 28.28385952682595 ], [ 81.538647667464858, 28.283930518556456 ] ] ] } },
{ "type": "Feature", "properties": { "fid_1": 23.0, "contract_i": "GWIPT/TMGWIP/System/NCB/2082/83-06\n\n", "contractor": null, "project_na": "Construction of Pumphouse, Electrification and Distribution System Work\n\n", "chainage_s": null, "chainage_e": null, "contract_a": "Tendered", "start_date": null, "completion": "2083.03.15", "progress_p": "Tendered", "status": "Normal", "delay_reas": null, "supervisio": null, "remarks": "Same as Contract no: GWIPT/TMGWIP/System/NCB/2082/83-06\n\n", "Photo": null, "Shape_Leng": 0.0, "id": 0, "contact_id": null, "Contract_1": null, "project__1": null, "Progress__": 0, "X_co_ord": 0.0, "Y_co_ord": 0.0, "layer": null, "path": null }, "geometry": { "type": "MultiLineString", "coordinates": [ [ [ 81.6623443040788, 28.222542033049333 ], [ 81.662368505805105, 28.222432318556731 ] ] ] } },
{ "type": "Feature", "properties": { "fid_1": 24.0, "contract_i": "GWIPT/TMGWIP/System/NCB/2082/83-06\n\n", "contractor": null, "project_na": "Construction of Pumphouse, Electrification and Distribution System Work\n\n", "chainage_s": null, "chainage_e": null, "contract_a": "Tendered", "start_date": null, "completion": "2083.03.15", "progress_p": "Tendered", "status": "Normal", "delay_reas": null, "supervisio": null, "remarks": "Same as Contract no: GWIPT/TMGWIP/System/NCB/2082/83-06\n\n", "Photo": null, "Shape_Leng": 0.0, "id": 0, "contact_id": null, "Contract_1": null, "project__1": null, "Progress__": 0, "X_co_ord": 0.0, "Y_co_ord": 0.0, "layer": null, "path": null }, "geometry": { "type": "MultiLineString", "coordinates": [ [ [ 81.656193031975278, 28.2102302115138 ], [ 81.656191821888967, 28.210198749269598 ] ] ] } }
]
}
