{
"type": "FeatureCollection",
"name": "highway",
"crs": { "type": "name", "properties": { "name": "urn:ogc:def:crs:OGC:1.3:CRS84" } },
"features": [
{ "type": "Feature", "properties": { "LENGTH": 38.19134, "TRANS_LN_": 649.0, "FEATURES": "Highway" }, "geometry": { "type": "MultiLineString", "coordinates": [ [ [ 84.950654576000034, 27.814009021000061 ], [ 84.951041322000037, 27.813986054000054 ] ] ] } },
{ "type": "Feature", "properties": { "LENGTH": 72.70096, "TRANS_LN_": 657.0, "FEATURES": "Highway" }, "geometry": { "type": "MultiLineString", "coordinates": [ [ [ 84.950084866000054, 27.813636183000085 ], [ 84.950388593000071, 27.81391384200009 ], [ 84.950446171000067, 27.813969847000067 ], [ 84.950503474000072, 27.813994269000091 ], [ 84.950568945000043, 27.814009611000074 ], [ 84.950568945000043, 27.814009611000074 ], [ 84.950654576000034, 27.814009021000061 ] ] ] } },
{ "type": "Feature", "properties": { "LENGTH": 160.0155, "TRANS_LN_": 670.0, "FEATURES": "Highway" }, "geometry": { "type": "MultiLineString", "coordinates": [ [ [ 84.961029351000036, 27.813235583000051 ], [ 84.961898425000072, 27.812015785000085 ] ] ] } },
{ "type": "Feature", "properties": { "LENGTH": 793.2769, "TRANS_LN_": 708.0, "FEATURES": "Highway" }, "geometry": { "type": "MultiLineString", "coordinates": [ [ [ 84.944346044000042, 27.809459003000086 ], [ 84.944388891000074, 27.809645962000047 ], [ 84.944509491000076, 27.810168539000074 ], [ 84.944598085000052, 27.81051085200005 ], [ 84.944681098000046, 27.810794545000078 ], [ 84.944758696000065, 27.810965474000056 ], [ 84.94480704800003, 27.811055385000088 ], [ 84.944883846000039, 27.811133821000055 ], [ 84.944955969000034, 27.811185216000069 ], [ 84.945056138000041, 27.811252212000056 ], [ 84.945424591000062, 27.811461758000064 ], [ 84.945954136000069, 27.811667944000078 ], [ 84.946393085000068, 27.811813835000066 ], [ 84.946627051000064, 27.811875401000066 ], [ 84.946817592000059, 27.811903423000047 ], [ 84.947041058000082, 27.811924451000039 ], [ 84.947455640000044, 27.811966728000073 ], [ 84.947598551000056, 27.811988308000082 ], [ 84.947736447000068, 27.812016691000053 ], [ 84.947894123000083, 27.812058473000036 ], [ 84.948046862000069, 27.812116082000045 ], [ 84.948257020000028, 27.812211649000062 ], [ 84.948448150000047, 27.812307346000068 ], [ 84.948882593000064, 27.812590879000084 ], [ 84.949166063000064, 27.812800999000046 ], [ 84.950084866000054, 27.813636183000085 ] ] ] } },
{ "type": "Feature", "properties": { "LENGTH": 67.99494, "TRANS_LN_": 721.0, "FEATURES": "Highway" }, "geometry": { "type": "MultiLineString", "coordinates": [ [ [ 84.94415572500003, 27.808869221000066 ], [ 84.944346044000042, 27.809459003000086 ] ] ] } },
{ "type": "Feature", "properties": { "LENGTH": 93.14319, "TRANS_LN_": 736.0, "FEATURES": "Highway" }, "geometry": { "type": "MultiLineString", "coordinates": [ [ [ 84.943867185000045, 27.808070298000075 ], [ 84.943957182000077, 27.808281751000038 ], [ 84.944023223000045, 27.808436966000045 ], [ 84.944067309000047, 27.808547211000075 ], [ 84.94415572500003, 27.808869221000066 ] ] ] } },
{ "type": "Feature", "properties": { "LENGTH": 924.3118, "TRANS_LN_": 739.0, "FEATURES": "Highway" }, "geometry": { "type": "MultiLineString", "coordinates": [ [ [ 84.961898425000072, 27.812015785000085 ], [ 84.962031323000076, 27.811836633000041 ], [ 84.962106841000036, 27.811768426000071 ], [ 84.962186799000051, 27.811700187000042 ], [ 84.962314863000074, 27.811620334000054 ], [ 84.962466216000053, 27.811520013000063 ], [ 84.962949216000084, 27.811263970000084 ], [ 84.96344622600003, 27.811014596000064 ], [ 84.963593417000084, 27.810945888000049 ], [ 84.963688041000069, 27.810886571000083 ], [ 84.963782705000028, 27.810831766000035 ], [ 84.963910153000029, 27.810754171000042 ], [ 84.964028581000036, 27.810660847000065 ], [ 84.964306720000081, 27.810408485000039 ], [ 84.964542522000045, 27.810174467000081 ], [ 84.96467440400005, 27.810024647000034 ], [ 84.964764468000055, 27.809951825000041 ], [ 84.964901288000078, 27.809858372000065 ], [ 84.964972662000037, 27.809824032000051 ], [ 84.965100347000032, 27.809773507000045 ], [ 84.965247714000043, 27.809725101000083 ], [ 84.965447051000069, 27.809671819000073 ], [ 84.965603497000075, 27.809645909000039 ], [ 84.96581774200007, 27.80962861800009 ], [ 84.966002870000068, 27.809618299000078 ], [ 84.96620262600004, 27.809612390000041 ], [ 84.966355071000066, 27.809636140000066 ], [ 84.966512630000068, 27.80966436600005 ], [ 84.967189569000084, 27.809822061000091 ], [ 84.967327386000079, 27.809841400000039 ], [ 84.967327386000079, 27.809841400000039 ], [ 84.967431962000035, 27.809831643000052 ], [ 84.967545951000034, 27.809810541000047 ], [ 84.967697797000028, 27.809766612000089 ], [ 84.967816600000049, 27.809716147000074 ], [ 84.967911201000049, 27.809654571000067 ], [ 84.968019476000052, 27.809561315000053 ], [ 84.968104403000041, 27.809481758000061 ], [ 84.968194203000053, 27.809379607000039 ], [ 84.968292203000033, 27.809200693000037 ], [ 84.968371810000065, 27.809021908000091 ], [ 84.968432093000047, 27.80888161200005 ], [ 84.968468689000076, 27.808716665000077 ], [ 84.96853292600008, 27.808450002000086 ], [ 84.968559507000066, 27.80822872400006 ], [ 84.968600691000063, 27.807723084000088 ] ] ] } },
{ "type": "Feature", "properties": { "LENGTH": 236.2785, "TRANS_LN_": 751.0, "FEATURES": "Highway" }, "geometry": { "type": "MultiLineString", "coordinates": [ [ [ 84.942795217000082, 27.806234431000064 ], [ 84.943059611000081, 27.80644243800009 ], [ 84.943174655000064, 27.806543174000069 ], [ 84.943270670000061, 27.806644041000084 ], [ 84.943366686000047, 27.806744907000052 ], [ 84.943438600000036, 27.806845938000038 ], [ 84.943525375000036, 27.806978452000067 ], [ 84.943607789000055, 27.807120019000081 ], [ 84.943680834000077, 27.807351893000089 ], [ 84.943867185000045, 27.808070298000075 ] ] ] } },
{ "type": "Feature", "properties": { "LENGTH": 825.2052, "TRANS_LN_": 755.0, "FEATURES": "Highway" }, "geometry": { "type": "MultiLineString", "coordinates": [ [ [ 84.890126050000049, 27.807678095000085 ], [ 84.890369014000044, 27.80768104100008 ], [ 84.890369014000044, 27.80768104100008 ], [ 84.890521203000048, 27.807675548000077 ], [ 84.890597261000039, 27.807668289000048 ], [ 84.890677630000084, 27.807645210000089 ], [ 84.89074402600005, 27.807619965000072 ], [ 84.891430913000079, 27.807222979000073 ], [ 84.891776681000067, 27.807076359000064 ], [ 84.892786686000079, 27.806634414000087 ], [ 84.893260764000047, 27.806432815000051 ], [ 84.893407526000033, 27.806384489000038 ], [ 84.893559474000028, 27.806349665000084 ], [ 84.893735597000045, 27.806323708000036 ], [ 84.893939720000049, 27.80630885100004 ], [ 84.89412044900007, 27.806303169000046 ], [ 84.89587657900006, 27.806350447000057 ], [ 84.89587657900006, 27.806350447000057 ], [ 84.896841932000029, 27.806344182000089 ], [ 84.89710382800007, 27.806335714000056 ], [ 84.897274895000066, 27.806312042000059 ], [ 84.897426841000083, 27.80627721400009 ], [ 84.898075052000081, 27.806040626000083 ] ] ] } },
{ "type": "Feature", "properties": { "LENGTH": 132.5981, "TRANS_LN_": 762.0, "FEATURES": "Highway" }, "geometry": { "type": "MultiLineString", "coordinates": [ [ [ 84.880297948000077, 27.805381239000042 ], [ 84.880697971000075, 27.805432834000044 ], [ 84.880883956000048, 27.805449697000086 ], [ 84.881636032000074, 27.805503556000076 ] ] ] } },
{ "type": "Feature", "properties": { "LENGTH": 103.6078, "TRANS_LN_": 765.0, "FEATURES": "Highway" }, "geometry": { "type": "MultiLineString", "coordinates": [ [ [ 84.881636032000074, 27.805503556000076 ], [ 84.881963873000075, 27.805492439000091 ], [ 84.882077950000053, 27.805480430000046 ], [ 84.882191917000057, 27.805454886000064 ], [ 84.882636327000057, 27.805269305000081 ] ] ] } },
{ "type": "Feature", "properties": { "LENGTH": 829.6108, "TRANS_LN_": 768.0, "FEATURES": "Highway" }, "geometry": { "type": "MultiLineString", "coordinates": [ [ [ 84.882865492000064, 27.805213695000077 ], [ 84.882994266000082, 27.805215128000043 ], [ 84.883065412000064, 27.805228209000063 ], [ 84.883151202000079, 27.805247966000081 ], [ 84.883251726000083, 27.80528567600004 ], [ 84.883409045000064, 27.80536588800004 ], [ 84.883653300000049, 27.805529019000062 ], [ 84.883982931000048, 27.805738980000058 ], [ 84.884164884000029, 27.805884459000083 ], [ 84.884299011000053, 27.805998660000057 ], [ 84.884371396000063, 27.806086183000048 ], [ 84.884606949000045, 27.806427597000038 ], [ 84.884698710000066, 27.806557861000044 ], [ 84.884885946000054, 27.806807085000059 ], [ 84.88506863300006, 27.80704280100008 ], [ 84.885231744000066, 27.807210961000067 ], [ 84.88536132400003, 27.807311653000056 ], [ 84.885547428000052, 27.807421007000073 ], [ 84.885900860000049, 27.807592457000055 ], [ 84.887380316000076, 27.808169537000083 ], [ 84.887619032000032, 27.808274038000036 ], [ 84.887809866000055, 27.80834049300006 ], [ 84.887943340000049, 27.808373476000043 ], [ 84.888086255000076, 27.808397374000037 ], [ 84.888219563000064, 27.808410053000046 ], [ 84.888219563000064, 27.808410053000046 ], [ 84.88831026500003, 27.808409470000072 ], [ 84.888409811000031, 27.808404317000054 ], [ 84.888509862000035, 27.808383369000069 ], [ 84.888618682000072, 27.808348828000078 ], [ 84.888741889000073, 27.80828937800004 ], [ 84.889101151000034, 27.808007314000065 ], [ 84.889393609000081, 27.807700862000047 ], [ 84.889440978000039, 27.807675740000036 ], [ 84.889512577000062, 27.807666255000072 ], [ 84.889645775000076, 27.807665397000051 ] ] ] } },
{ "type": "Feature", "properties": { "LENGTH": 23.76875, "TRANS_LN_": 769.0, "FEATURES": "Highway" }, "geometry": { "type": "MultiLineString", "coordinates": [ [ [ 84.882636327000057, 27.805269305000081 ], [ 84.88270712700006, 27.805239524000058 ], [ 84.882779885000048, 27.80521649800005 ], [ 84.882865492000064, 27.805213695000077 ] ] ] } },
{ "type": "Feature", "properties": { "LENGTH": 249.5621, "TRANS_LN_": 771.0, "FEATURES": "Highway" }, "geometry": { "type": "MultiLineString", "coordinates": [ [ [ 84.877784125000062, 27.805131021000079 ], [ 84.87849357500005, 27.805169376000038 ], [ 84.878998122000041, 27.805204519000085 ], [ 84.879221546000053, 27.805223402000081 ], [ 84.879345336000029, 27.805236150000042 ], [ 84.879459594000082, 27.80524670300008 ], [ 84.880297948000077, 27.805381239000042 ] ] ] } },
{ "type": "Feature", "properties": { "LENGTH": 587.9763, "TRANS_LN_": 783.0, "FEATURES": "Highway" }, "geometry": { "type": "MultiLineString", "coordinates": [ [ [ 84.968611075000069, 27.80746356700007 ], [ 84.968500052000081, 27.806889056000045 ], [ 84.968475504000082, 27.806767403000038 ], [ 84.968469590000041, 27.806672691000074 ], [ 84.96848817800003, 27.806622927000035 ], [ 84.968540601000029, 27.806597743000054 ], [ 84.968616471000075, 27.806570139000087 ], [ 84.96887722300005, 27.806505141000059 ], [ 84.969010197000046, 27.806479392000085 ], [ 84.969119702000057, 27.806453807000082 ], [ 84.969218860000069, 27.806405735000055 ], [ 84.969290130000047, 27.806360114000086 ], [ 84.969370079000043, 27.806291872000088 ], [ 84.969690644000082, 27.805962496000063 ], [ 84.969846175000043, 27.805762873000049 ], [ 84.969944890000079, 27.805665171000044 ], [ 84.970076620000043, 27.80549955500004 ], [ 84.97020875000004, 27.805379057000039 ], [ 84.970426062000058, 27.805208328000049 ], [ 84.970907770000053, 27.804812392000088 ], [ 84.971063940000079, 27.804684957000063 ], [ 84.971143626000071, 27.804587387000083 ], [ 84.971199986000045, 27.804505773000074 ], [ 84.971256044000029, 27.804390321000085 ], [ 84.971283803000063, 27.804302141000051 ], [ 84.971311360000072, 27.804191401000082 ], [ 84.971315531000073, 27.804089850000082 ], [ 84.971286088000056, 27.803988536000077 ], [ 84.971242257000029, 27.803909883000074 ], [ 84.971155833000068, 27.803820249000069 ], [ 84.971017040000049, 27.803690375000087 ], [ 84.970887427000036, 27.803594276000069 ], [ 84.970839178000062, 27.803517910000039 ] ] ] } },
{ "type": "Feature", "properties": { "LENGTH": 626.39, "TRANS_LN_": 784.0, "FEATURES": "Highway" }, "geometry": { "type": "MultiLineString", "coordinates": [ [ [ 84.937630356000057, 27.80359842900009 ], [ 84.938074550000067, 27.803769129000045 ], [ 84.938284626000041, 27.803857944000072 ], [ 84.938399003000029, 27.803881983000053 ], [ 84.938489855000057, 27.803899415000046 ], [ 84.93857046200003, 27.803905635000035 ], [ 84.93857046200003, 27.803905635000035 ], [ 84.938699214000053, 27.80390476000008 ], [ 84.939712005000047, 27.803886593000072 ], [ 84.939907488000074, 27.803901056000086 ], [ 84.940102415000069, 27.803924546000076 ], [ 84.940259999000034, 27.803957314000058 ], [ 84.940388446000043, 27.803994792000083 ], [ 84.940493349000064, 27.804023406000056 ], [ 84.940560236000067, 27.80405679200004 ], [ 84.940646384000047, 27.804117118000079 ], [ 84.940718676000074, 27.804188819000046 ], [ 84.941001636000067, 27.804491458000086 ], [ 84.94115511900003, 27.804637055000057 ], [ 84.9414, 27.804863247000071 ], [ 84.941845769000054, 27.80528885700005 ], [ 84.942018651000069, 27.805477186000076 ], [ 84.942312429000083, 27.805856454000036 ], [ 84.942412961000059, 27.805966314000045 ], [ 84.942518411000037, 27.806058092000058 ], [ 84.942795217000082, 27.806234431000064 ] ] ] } },
{ "type": "Feature", "properties": { "LENGTH": 1001.989, "TRANS_LN_": 789.0, "FEATURES": "Highway" }, "geometry": { "type": "MultiLineString", "coordinates": [ [ [ 84.898075052000081, 27.806040626000083 ], [ 84.898835284000029, 27.805773978000047 ], [ 84.899191389000066, 27.805652089000091 ], [ 84.899404838000066, 27.805614602000048 ], [ 84.899528444000055, 27.805604773000084 ], [ 84.899676079000074, 27.805585763000067 ], [ 84.899832704000062, 27.805580231000079 ], [ 84.89997541300005, 27.80557930100008 ], [ 84.900132821000057, 27.805591811000056 ], [ 84.900918277000073, 27.805692725000085 ], [ 84.901117117000069, 27.805729781000082 ], [ 84.901333120000061, 27.805771237000044 ], [ 84.901533117000042, 27.805794748000039 ], [ 84.901533117000042, 27.805794748000039 ], [ 84.901680266000028, 27.805793788000074 ], [ 84.902364990000081, 27.805755475000069 ], [ 84.903387382000062, 27.80566757400004 ], [ 84.903515297000069, 27.805641921000074 ], [ 84.90362925900007, 27.805616358000066 ], [ 84.904635809000069, 27.80537739600004 ], [ 84.904859422000072, 27.805342090000067 ], [ 84.905034924000063, 27.805318380000074 ], [ 84.905348677000063, 27.805291507000049 ], [ 84.905510132000074, 27.805256608000036 ], [ 84.90561002700008, 27.805217600000049 ], [ 84.905704773000082, 27.805169601000046 ], [ 84.905803827000057, 27.805105782000055 ], [ 84.905907638000031, 27.805003578000083 ], [ 84.905978616000084, 27.804919639000047 ], [ 84.90601096100005, 27.804842721000057 ], [ 84.906043604000047, 27.804725191000045 ], [ 84.906052013000078, 27.804592029000048 ], [ 84.906041283000036, 27.804445455000064 ], [ 84.906011469000077, 27.804292239000063 ], [ 84.905947740000045, 27.804103148000081 ], [ 84.905831255000066, 27.80382416100008 ], [ 84.905739265000079, 27.803592390000063 ], [ 84.90572394700007, 27.803504504000045 ], [ 84.905732937000039, 27.803441275000068 ], [ 84.905756403000055, 27.80336441500009 ], [ 84.905826559000047, 27.803257921000068 ] ] ] } },
{ "type": "Feature", "properties": { "LENGTH": 128.8571, "TRANS_LN_": 790.0, "FEATURES": "Highway" }, "geometry": { "type": "MultiLineString", "coordinates": [ [ [ 84.936303701000043, 27.803036648000045 ], [ 84.937482074000059, 27.80354077800007 ] ] ] } },
{ "type": "Feature", "properties": { "LENGTH": 564.7349, "TRANS_LN_": 793.0, "FEATURES": "Highway" }, "geometry": { "type": "MultiLineString", "coordinates": [ [ [ 84.872667307000029, 27.803072066000084 ], [ 84.873056289000033, 27.80341027500009 ], [ 84.873639463000075, 27.803760791000059 ], [ 84.873974, 27.803952697000057 ], [ 84.874202874000048, 27.804018930000041 ], [ 84.874450577000061, 27.804060228000083 ], [ 84.874641396000072, 27.804126702000076 ], [ 84.874841657000047, 27.804184091000081 ], [ 84.875108931000057, 27.804292946000089 ], [ 84.875380988000074, 27.804444635000038 ], [ 84.875667580000083, 27.804589462000081 ], [ 84.875954155000045, 27.80473203400004 ], [ 84.876230982000038, 27.804845338000064 ], [ 84.876436482000031, 27.804922996000073 ], [ 84.876603147000083, 27.80498285200008 ], [ 84.876774796000063, 27.805031396000061 ], [ 84.876984374000074, 27.80506390700009 ], [ 84.877784125000062, 27.805131021000079 ] ] ] } },
{ "type": "Feature", "properties": { "LENGTH": 237.4004, "TRANS_LN_": 798.0, "FEATURES": "Highway" }, "geometry": { "type": "MultiLineString", "coordinates": [ [ [ 84.93411731100008, 27.802142263000064 ], [ 84.935683520000055, 27.802831038000079 ], [ 84.936303701000043, 27.803036648000045 ] ] ] } },
{ "type": "Feature", "properties": { "LENGTH": 32.48197, "TRANS_LN_": 799.0, "FEATURES": "Highway" }, "geometry": { "type": "MultiLineString", "coordinates": [ [ [ 84.933830651000051, 27.801997558000039 ], [ 84.93411731100008, 27.802142263000064 ] ] ] } },
{ "type": "Feature", "properties": { "LENGTH": 327.2204, "TRANS_LN_": 804.0, "FEATURES": "Highway" }, "geometry": { "type": "MultiLineString", "coordinates": [ [ [ 84.978951039000037, 27.801053471000046 ], [ 84.979404782000074, 27.80115177600004 ], [ 84.979561739000076, 27.801184503000059 ], [ 84.979676020000056, 27.801197229000081 ], [ 84.979676020000056, 27.801197229000081 ], [ 84.979809206000084, 27.80119628500006 ], [ 84.980807679000065, 27.801141822000091 ], [ 84.981513283000083, 27.801105226000061 ], [ 84.982248654000045, 27.801063902000067 ] ] ] } },
{ "type": "Feature", "properties": { "LENGTH": 581.4604, "TRANS_LN_": 810.0, "FEATURES": "Highway" }, "geometry": { "type": "MultiLineString", "coordinates": [ [ [ 84.982248654000045, 27.801063902000067 ], [ 84.982746024000051, 27.801076157000068 ], [ 84.98367096000004, 27.801096646000076 ], [ 84.98367096000004, 27.801096646000076 ], [ 84.984726936000072, 27.801089122000064 ], [ 84.985492503000046, 27.801020493000067 ], [ 84.987127443000077, 27.800859922000086 ], [ 84.988119935000043, 27.800706184000035 ] ] ] } },
{ "type": "Feature", "properties": { "LENGTH": 18.98991, "TRANS_LN_": 811.0, "FEATURES": "Highway" }, "geometry": { "type": "MultiLineString", "coordinates": [ [ [ 84.872667285000034, 27.80148153600004 ], [ 84.872681094000029, 27.801463401000035 ], [ 84.872834094000041, 27.80140152000007 ] ] ] } },
{ "type": "Feature", "properties": { "LENGTH": 81.59039, "TRANS_LN_": 813.0, "FEATURES": "Highway" }, "geometry": { "type": "MultiLineString", "coordinates": [ [ [ 84.988119935000043, 27.800706184000035 ], [ 84.98849533200007, 27.800626793000049 ], [ 84.988609307000047, 27.800605673000064 ], [ 84.988927132000072, 27.800542485000051 ] ] ] } },
{ "type": "Feature", "properties": { "LENGTH": 220.1137, "TRANS_LN_": 814.0, "FEATURES": "Highway" }, "geometry": { "type": "MultiLineString", "coordinates": [ [ [ 84.976787774000059, 27.800579225000035 ], [ 84.977121041000032, 27.800610709000068 ], [ 84.977383357000065, 27.80065171800004 ], [ 84.977583499000048, 27.800690910000071 ], [ 84.977831531000049, 27.80076586000007 ], [ 84.978408141000045, 27.800915187000044 ], [ 84.978951039000037, 27.801053471000046 ] ] ] } },
{ "type": "Feature", "properties": { "LENGTH": 785.0264, "TRANS_LN_": 816.0, "FEATURES": "Highway" }, "geometry": { "type": "MultiLineString", "coordinates": [ [ [ 84.970839178000062, 27.803517910000039 ], [ 84.970805255000073, 27.803412115000071 ], [ 84.970799399000043, 27.803324171000042 ], [ 84.970794278000028, 27.80324750200009 ], [ 84.970803150000052, 27.80317524600008 ], [ 84.970825794000064, 27.803082590000088 ], [ 84.970862946000068, 27.80298080700004 ], [ 84.971003362000033, 27.802722632000041 ], [ 84.971209830000078, 27.802403079000044 ], [ 84.971468497000046, 27.802033527000049 ], [ 84.971628077000048, 27.801791008000066 ], [ 84.971698208000078, 27.801688993000084 ], [ 84.971778606000044, 27.801600443000041 ], [ 84.972245888000032, 27.801224909000041 ], [ 84.972623368000029, 27.800879334000058 ], [ 84.972704026000031, 27.800820109000085 ], [ 84.972789344000034, 27.80078566800006 ], [ 84.972879323000029, 27.80077601000005 ], [ 84.972960543000056, 27.800779950000049 ], [ 84.973074804000078, 27.800790425000059 ], [ 84.973160664000034, 27.800816893000047 ], [ 84.973657045000039, 27.80100290200005 ], [ 84.973747245000084, 27.801018058000068 ], [ 84.973823473000039, 27.801031057000046 ], [ 84.973823473000039, 27.801031057000046 ], [ 84.973899579000033, 27.801030521000087 ], [ 84.973994712000035, 27.801029850000077 ], [ 84.97409477900004, 27.801013352000041 ], [ 84.974265636000041, 27.80096928200004 ], [ 84.974507083000049, 27.800875082000061 ], [ 84.975246583000057, 27.800585603000059 ], [ 84.975479290000067, 27.800507254000081 ], [ 84.975602822000042, 27.800490590000038 ], [ 84.975726414000064, 27.800480693000054 ], [ 84.976183353000067, 27.800511305000043 ], [ 84.976787774000059, 27.800579225000035 ] ] ] } },
{ "type": "Feature", "properties": { "LENGTH": 102.2785, "TRANS_LN_": 836.0, "FEATURES": "Highway" }, "geometry": { "type": "MultiLineString", "coordinates": [ [ [ 84.872834094000041, 27.80140152000007 ], [ 84.872970418000079, 27.800999078000075 ], [ 84.872979246000057, 27.800913291000086 ], [ 84.872964118000084, 27.800845705000086 ], [ 84.872935144000053, 27.800791742000058 ], [ 84.87288275800006, 27.800744696000038 ], [ 84.872769359000074, 27.80068224200005 ], [ 84.872667485000079, 27.800633252000068 ] ] ] } },
{ "type": "Feature", "properties": { "LENGTH": 494.8909, "TRANS_LN_": 850.0, "FEATURES": "Highway" }, "geometry": { "type": "MultiLineString", "coordinates": [ [ [ 84.915006239000036, 27.800954897000054 ], [ 84.915149227000029, 27.800836635000053 ], [ 84.915224900000055, 27.800784245000045 ], [ 84.915305703000058, 27.800738588000058 ], [ 84.915452296000069, 27.800672191000046 ], [ 84.91634898500007, 27.800350398000035 ], [ 84.916505071000074, 27.800281681000058 ], [ 84.916652278000072, 27.800213022000037 ], [ 84.916992574000062, 27.800025767000079 ], [ 84.91713526500007, 27.799948114000074 ], [ 84.917291312000032, 27.799874884000076 ], [ 84.917395600000077, 27.79983132600006 ], [ 84.917623466000066, 27.799775668000052 ], [ 84.917756368000028, 27.799740944000064 ], [ 84.917884604000051, 27.799679178000076 ], [ 84.918026603000044, 27.799594761000037 ], [ 84.918187439000064, 27.799487657000043 ], [ 84.918470809000041, 27.799244375000058 ], [ 84.918810329000053, 27.798890173000075 ], [ 84.91916930900004, 27.798587729000076 ] ] ] } },
{ "type": "Feature", "properties": { "LENGTH": 1694.317, "TRANS_LN_": 860.0, "FEATURES": "Highway" }, "geometry": { "type": "MultiLineString", "coordinates": [ [ [ 84.91916930900004, 27.798587729000076 ], [ 84.91941055500007, 27.798464297000066 ], [ 84.91958076800006, 27.798341337000068 ], [ 84.920005690000039, 27.797961746000055 ], [ 84.920227667000063, 27.797734662000039 ], [ 84.920345638000072, 27.797659427000042 ], [ 84.920454919000065, 27.797606809000058 ], [ 84.920592125000042, 27.797556262000057 ], [ 84.920886387000053, 27.797477595000089 ], [ 84.921931120000067, 27.797267582000075 ], [ 84.922610731000077, 27.797157010000035 ], [ 84.923333080000077, 27.797075478000068 ], [ 84.923727424000049, 27.797057050000035 ], [ 84.924564864000047, 27.797085289000051 ], [ 84.925097885000071, 27.797115561000055 ], [ 84.925335923000034, 27.797138784000083 ], [ 84.925545536000072, 27.797175732000085 ], [ 84.926598736000074, 27.797367205000057 ], [ 84.927142267000079, 27.797514714000044 ], [ 84.927575928000067, 27.797644910000088 ], [ 84.928029519000063, 27.797806556000069 ], [ 84.928387230000055, 27.797955308000041 ], [ 84.928530618000082, 27.798035562000052 ], [ 84.928631437000035, 27.798107078000044 ], [ 84.928741193000064, 27.798185302000036 ], [ 84.928856292000035, 27.798295075000055 ], [ 84.928971639000054, 27.798434174000079 ], [ 84.929159556000059, 27.798678820000077 ], [ 84.929250900000056, 27.79882936100006 ], [ 84.929338035000058, 27.799007003000042 ], [ 84.929498335000062, 27.799360125000078 ], [ 84.929561006000029, 27.799495066000077 ], [ 84.929624293000074, 27.799627748000034 ], [ 84.92967245400007, 27.799697361000085 ], [ 84.929744294000045, 27.799791632000051 ], [ 84.929820938000034, 27.799854285000038 ], [ 84.930094114000042, 27.80005549100008 ], [ 84.930266545000052, 27.800194205000082 ], [ 84.930443417000049, 27.80033288900006 ], [ 84.93068769000007, 27.80049142300004 ], [ 84.930993637000029, 27.800667590000046 ], [ 84.931318344000033, 27.800812044000054 ], [ 84.931800051000039, 27.800996048000059 ], [ 84.932019688000082, 27.80109157600009 ], [ 84.93221090000003, 27.801200833000053 ], [ 84.932417085000054, 27.801355108000052 ], [ 84.932598881000047, 27.801475708000055 ], [ 84.932899549000069, 27.801627089000078 ], [ 84.933176384000035, 27.801735766000036 ], [ 84.933830651000051, 27.801997558000039 ] ] ] } },
{ "type": "Feature", "properties": { "LENGTH": 1212.388, "TRANS_LN_": 865.0, "FEATURES": "Highway" }, "geometry": { "type": "MultiLineString", "coordinates": [ [ [ 84.988927132000072, 27.800542485000051 ], [ 84.989649954000072, 27.800517005000074 ], [ 84.990853776000051, 27.800517399000057 ], [ 84.993622534000053, 27.800542632000088 ], [ 84.993622534000053, 27.800542632000088 ], [ 84.993788636000033, 27.800534669000058 ], [ 84.993912185000056, 27.80052024400004 ], [ 84.994007194000062, 27.800506024000072 ], [ 84.994092464000062, 27.800467058000038 ], [ 84.99416807700004, 27.800412369000071 ], [ 84.994220060000032, 27.800339802000053 ], [ 84.994248024000058, 27.800276432000089 ], [ 84.99426121700003, 27.800192864000053 ], [ 84.994269416000066, 27.800048419000063 ], [ 84.994222206000074, 27.799042571000086 ], [ 84.99420407000008, 27.798722345000044 ], [ 84.994198727000082, 27.79862311800008 ], [ 84.994160368000053, 27.797962378000079 ], [ 84.994173519000071, 27.797874298000067 ], [ 84.994187572000044, 27.797815541000091 ], [ 84.994229530000041, 27.79775658200009 ], [ 84.994300804000034, 27.797713204000047 ], [ 84.994688638000071, 27.797469017000083 ], [ 84.99473577200007, 27.797421301000043 ], [ 84.994758662000038, 27.797357968000085 ], [ 84.994803386000058, 27.796906440000043 ], [ 84.994824286000039, 27.796694223000088 ], [ 84.994856340000069, 27.796592471000054 ], [ 84.994907971000032, 27.796481554000081 ], [ 84.994964350000032, 27.796404443000085 ], [ 84.995015943000055, 27.796358951000059 ], [ 84.995077744000071, 27.796320153000067 ], [ 84.995177086000069, 27.796294621000072 ], [ 84.995286677000081, 27.796280295000088 ], [ 84.995424255000046, 27.796274792000077 ], [ 84.996219471000074, 27.796332229000086 ], [ 84.996409995000079, 27.796360183000047 ], [ 84.996643216000052, 27.796410389000073 ], [ 84.996762629000045, 27.796429832000058 ], [ 84.997095805000072, 27.796452244000079 ] ] ] } },
{ "type": "Feature", "properties": { "LENGTH": 65.70258, "TRANS_LN_": 870.0, "FEATURES": "Highway" }, "geometry": { "type": "MultiLineString", "coordinates": [ [ [ 84.997095805000072, 27.796452244000079 ], [ 84.997652215000073, 27.796125615000051 ] ] ] } },
{ "type": "Feature", "properties": { "LENGTH": 1092.281, "TRANS_LN_": 1665.0, "FEATURES": "Highway" }, "geometry": { "type": "MultiLineString", "coordinates": [ [ [ 84.951659176000078, 27.813914116000035 ], [ 84.951920094000059, 27.813864941000077 ], [ 84.952043724000077, 27.813857321000057 ], [ 84.952134389000037, 27.813852184000041 ], [ 84.952201050000042, 27.813858492000065 ], [ 84.952272209000057, 27.813871538000058 ], [ 84.952358214000071, 27.813913809000042 ], [ 84.952478151000037, 27.813991943000076 ], [ 84.952749958000084, 27.81417280800008 ], [ 84.953085570000042, 27.814396096000053 ], [ 84.953602370000056, 27.814737702000059 ], [ 84.954549343000053, 27.815306449000047 ], [ 84.955467702000078, 27.815866363000055 ], [ 84.955563263000045, 27.815913078000051 ], [ 84.955644613000061, 27.815930564000041 ], [ 84.955734784000072, 27.81594122000007 ], [ 84.955835044000082, 27.815945038000052 ], [ 84.955835044000082, 27.815945038000052 ], [ 84.955963136000037, 27.815939639000078 ], [ 84.955991026000049, 27.815937190000056 ], [ 84.956053803000032, 27.815934499000036 ], [ 84.956177316000037, 27.815913340000066 ], [ 84.956295714000078, 27.815887703000044 ], [ 84.956642230000057, 27.815761221000059 ], [ 84.957305525000038, 27.81544529100006 ], [ 84.957514134000064, 27.815362628000059 ], [ 84.957798761000049, 27.815268156000059 ], [ 84.958761264000032, 27.814929840000048 ], [ 84.959330295000029, 27.814716076000082 ], [ 84.959463003000053, 27.81465875400005 ], [ 84.959614502000079, 27.814574228000083 ], [ 84.960407848000045, 27.813900926000088 ], [ 84.961029351000036, 27.813235583000051 ] ] ] } },
{ "type": "Feature", "properties": { "LENGTH": 1116.6, "TRANS_LN_": 1671.0, "FEATURES": "Highway" }, "geometry": { "type": "MultiLineString", "coordinates": [ [ [ 84.905826559000047, 27.803257921000068 ], [ 84.905930611000031, 27.803185044000088 ], [ 84.906011551000063, 27.803155185000037 ], [ 84.906091932000038, 27.803134353000075 ], [ 84.906215385000053, 27.803106470000046 ], [ 84.906334530000038, 27.803094408000049 ], [ 84.906494957000064, 27.803088843000069 ], [ 84.906814541000074, 27.803077722000069 ], [ 84.908018133000041, 27.803044998000075 ], [ 84.908155801000078, 27.803048605000072 ], [ 84.908260583000072, 27.803063709000071 ], [ 84.908347606000063, 27.803078929000037 ], [ 84.90838952200005, 27.803085421000048 ], [ 84.909114740000064, 27.803342353000062 ], [ 84.910383653000054, 27.803764903000058 ], [ 84.910956378000037, 27.803988989000061 ], [ 84.911218573000042, 27.80409329400004 ], [ 84.911371264000081, 27.804148688000055 ], [ 84.911519327000065, 27.804181552000045 ], [ 84.911714098000061, 27.804187034000051 ], [ 84.911714098000061, 27.804187034000051 ], [ 84.911995072000082, 27.804185180000047 ], [ 84.91215152400008, 27.804159330000061 ], [ 84.912308498000073, 27.804119940000078 ], [ 84.912464517000046, 27.804042204000041 ], [ 84.912644506000049, 27.803948516000048 ], [ 84.912947078000059, 27.803723167000044 ], [ 84.91336270100004, 27.803363963000038 ], [ 84.913433749000035, 27.803289043000063 ], [ 84.91347120000006, 27.803216601000088 ], [ 84.913686995000035, 27.802854205000074 ], [ 84.914145516000076, 27.801937469000052 ], [ 84.91421764200004, 27.801839981000057 ], [ 84.914329905000045, 27.801688082000055 ], [ 84.914361892000045, 27.801645005000069 ], [ 84.91450321700006, 27.801479377000078 ], [ 84.914705305000041, 27.801223105000076 ], [ 84.915006239000036, 27.800954897000054 ] ] ] } },
{ "type": "Feature", "properties": { "LENGTH": 291.7862, "TRANS_LN_": 34.0, "FEATURES": "Highway" }, "geometry": { "type": "MultiLineString", "coordinates": [ [ [ 84.622700863000034, 27.872199309000052 ], [ 84.624565738000058, 27.871886300000085 ], [ 84.625009592000083, 27.871809837000058 ], [ 84.625269490000051, 27.871752256000036 ], [ 84.625599009000041, 27.871660517000066 ] ] ] } },
{ "type": "Feature", "properties": { "LENGTH": 94.13463, "TRANS_LN_": 36.0, "FEATURES": "Highway" }, "geometry": { "type": "MultiLineString", "coordinates": [ [ [ 84.626479341000049, 27.871329383000045 ], [ 84.625599009000041, 27.871660517000066 ] ] ] } },
{ "type": "Feature", "properties": { "LENGTH": 446.8756, "TRANS_LN_": 66.0, "FEATURES": "Highway" }, "geometry": { "type": "MultiLineString", "coordinates": [ [ [ 84.629695052000045, 27.86874952900007 ], [ 84.629365767000081, 27.868879631000084 ], [ 84.62921400700003, 27.868977336000057 ], [ 84.629087659000049, 27.869079438000085 ], [ 84.628993045000072, 27.869181395000055 ], [ 84.628917887000057, 27.869355459000076 ], [ 84.62874301800008, 27.869848091000051 ], [ 84.628674050000029, 27.869995053000082 ], [ 84.628579591000062, 27.870124083000064 ], [ 84.62847245100005, 27.870255426000085 ], [ 84.628365102000032, 27.870350672000086 ], [ 84.628200776000028, 27.870470995000062 ], [ 84.628011113000071, 27.870600458000069 ], [ 84.627726457000051, 27.870766451000065 ], [ 84.626916338000058, 27.871164957000076 ], [ 84.626479341000049, 27.871329383000045 ] ] ] } },
{ "type": "Feature", "properties": { "LENGTH": 58.69678, "TRANS_LN_": 69.0, "FEATURES": "Highway" }, "geometry": { "type": "MultiLineString", "coordinates": [ [ [ 84.630226803000028, 27.868510207000043 ], [ 84.629695052000045, 27.86874952900007 ] ] ] } },
{ "type": "Feature", "properties": { "LENGTH": 47.71093, "TRANS_LN_": 80.0, "FEATURES": "Highway" }, "geometry": { "type": "MultiLineString", "coordinates": [ [ [ 84.631320724000034, 27.867805807000082 ], [ 84.63117608500005, 27.868036593000056 ], [ 84.631100356000047, 27.86811139200006 ], [ 84.631037086000049, 27.868145523000067 ] ] ] } },
{ "type": "Feature", "properties": { "LENGTH": 736.95, "TRANS_LN_": 148.0, "FEATURES": "Highway" }, "geometry": { "type": "MultiLineString", "coordinates": [ [ [ 84.633182043000033, 27.861547818000076 ], [ 84.63299905000008, 27.861729148000052 ], [ 84.632696918000079, 27.86215919700004 ], [ 84.632419776000063, 27.862521448000052 ], [ 84.632255950000058, 27.86272525000004 ], [ 84.632186821000062, 27.862842885000077 ], [ 84.632118032000051, 27.863019178000059 ], [ 84.631951091000076, 27.863780256000041 ], [ 84.631901890000051, 27.864051216000064 ], [ 84.631890309000028, 27.864243039000087 ], [ 84.631910723000033, 27.864479839000069 ], [ 84.631982798000081, 27.864869817000056 ], [ 84.631983675000072, 27.865020974000061 ], [ 84.631971610000051, 27.865129323000076 ], [ 84.63178948500007, 27.865461807000088 ], [ 84.631764688000032, 27.865563446000067 ], [ 84.631619240000077, 27.866748576000077 ], [ 84.631563494000034, 27.866985724000074 ], [ 84.631501728000046, 27.867279302000043 ], [ 84.631320724000034, 27.867805807000082 ] ] ] } },
{ "type": "Feature", "properties": { "LENGTH": 577.5242, "TRANS_LN_": 181.0, "FEATURES": "Highway" }, "geometry": { "type": "MultiLineString", "coordinates": [ [ [ 84.637886605000062, 27.85937154700008 ], [ 84.636698858000045, 27.859528195000053 ], [ 84.636451398000077, 27.859536105000075 ], [ 84.635912002000055, 27.859543105000057 ], [ 84.635353541000029, 27.859545678000075 ], [ 84.635125212000048, 27.859569291000071 ], [ 84.634935064000047, 27.859610776000068 ], [ 84.634751380000068, 27.859672537000051 ], [ 84.634618637000074, 27.859763392000048 ], [ 84.634479875000068, 27.859910679000052 ], [ 84.634317212000042, 27.860313016000077 ], [ 84.634248219000028, 27.860453213000085 ], [ 84.634198211000069, 27.860584298000049 ], [ 84.634141751000072, 27.860697364000089 ], [ 84.634028268000066, 27.860826485000075 ], [ 84.633630857000071, 27.861241181000082 ], [ 84.633479229000045, 27.86135919600008 ], [ 84.633182043000033, 27.861547818000076 ] ] ] } },
{ "type": "Feature", "properties": { "LENGTH": 153.584, "TRANS_LN_": 183.0, "FEATURES": "Highway" }, "geometry": { "type": "MultiLineString", "coordinates": [ [ [ 84.639380270000061, 27.859003653000059 ], [ 84.639013055000078, 27.859152003000077 ], [ 84.638785018000078, 27.859225255000069 ], [ 84.638620218000028, 27.859259860000066 ], [ 84.637886605000062, 27.85937154700008 ] ] ] } },
{ "type": "Feature", "properties": { "LENGTH": 789.7119, "TRANS_LN_": 193.0, "FEATURES": "Highway" }, "geometry": { "type": "MultiLineString", "coordinates": [ [ [ 84.647182625000028, 27.858403241000076 ], [ 84.643877792000069, 27.858666878000065 ], [ 84.642088754000042, 27.85876997400004 ], [ 84.642088754000042, 27.85876997400004 ], [ 84.641917317000036, 27.858754979000082 ], [ 84.640855728000076, 27.858455338000056 ], [ 84.640722394000079, 27.85844467700008 ], [ 84.640576567000039, 27.858467915000062 ], [ 84.640437312000074, 27.858529477000047 ], [ 84.639380270000061, 27.859003653000059 ] ] ] } },
{ "type": "Feature", "properties": { "LENGTH": 160.3294, "TRANS_LN_": 251.0, "FEATURES": "Highway" }, "geometry": { "type": "MultiLineString", "coordinates": [ [ [ 84.65237419400006, 27.852100007000047 ], [ 84.651733549000028, 27.852148157000045 ], [ 84.651600290000033, 27.852148786000043 ], [ 84.651600290000033, 27.852148786000043 ], [ 84.651428821000081, 27.85212703500008 ], [ 84.650768034000066, 27.851990273000069 ] ] ] } },
{ "type": "Feature", "properties": { "LENGTH": 1105.804, "TRANS_LN_": 252.0, "FEATURES": "Highway" }, "geometry": { "type": "MultiLineString", "coordinates": [ [ [ 84.650768034000066, 27.851990273000069 ], [ 84.650469719000057, 27.851980400000059 ], [ 84.65029213400004, 27.851997029000074 ], [ 84.65004478700007, 27.852020756000059 ], [ 84.649727772000062, 27.852067372000079 ], [ 84.649005370000054, 27.852239981000082 ], [ 84.647675025000069, 27.852625261000071 ], [ 84.64744707400007, 27.852709807000053 ], [ 84.647168599000054, 27.852835200000072 ], [ 84.646896469000069, 27.852960563000067 ], [ 84.646713111000054, 27.853074229000072 ], [ 84.646510917000057, 27.853221824000059 ], [ 84.646321748000048, 27.85342576100004 ], [ 84.64616434800007, 27.853636318000042 ], [ 84.64605139400004, 27.85385117800007 ], [ 84.645983061000038, 27.854099672000075 ], [ 84.645902531000047, 27.854431699000088 ], [ 84.64587233900005, 27.854691294000077 ], [ 84.645867437000049, 27.854934978000074 ], [ 84.645881359000043, 27.855142476000083 ], [ 84.645914198000071, 27.855329580000046 ], [ 84.646146422000072, 27.855964719000042 ], [ 84.646223643000042, 27.856144847000053 ], [ 84.646645955000054, 27.856729460000054 ], [ 84.647477606000052, 27.85784910700005 ], [ 84.647535485000049, 27.857977434000077 ], [ 84.64757420400008, 27.858085546000041 ], [ 84.647568488000047, 27.858191611000052 ], [ 84.64753088100008, 27.858270752000067 ], [ 84.647461383000064, 27.858322968000039 ], [ 84.647360181000067, 27.858379846000048 ], [ 84.647182625000028, 27.858403241000076 ] ] ] } },
{ "type": "Feature", "properties": { "LENGTH": 1276.204, "TRANS_LN_": 373.0, "FEATURES": "Highway" }, "geometry": { "type": "MultiLineString", "coordinates": [ [ [ 84.660803697000063, 27.845133606000047 ], [ 84.660529477000068, 27.847002986000064 ], [ 84.660504710000055, 27.847104630000047 ], [ 84.660454863000041, 27.84725602900005 ], [ 84.660129615000073, 27.848035947000085 ], [ 84.659747021000044, 27.848777784000049 ], [ 84.659583772000076, 27.849065092000046 ], [ 84.659489517000054, 27.849218958000051 ], [ 84.659401431000049, 27.84934346600005 ], [ 84.659288126000035, 27.849495167000043 ], [ 84.659017177000067, 27.84981231800009 ], [ 84.658878393000066, 27.849948348000055 ], [ 84.658657226000059, 27.850102820000075 ], [ 84.656697331000032, 27.851312418000077 ], [ 84.656475845000045, 27.851414997000063 ], [ 84.656292201000042, 27.851479042000051 ], [ 84.656089372000054, 27.851518361000046 ], [ 84.655943557000057, 27.851541615000087 ], [ 84.65512521200003, 27.851586114000042 ], [ 84.654890653000052, 27.851625581000064 ], [ 84.653737272000058, 27.851885992000064 ], [ 84.653521817000069, 27.851936648000049 ], [ 84.65237419400006, 27.852100007000047 ] ] ] } },
{ "type": "Feature", "properties": { "LENGTH": 206.0871, "TRANS_LN_": 386.0, "FEATURES": "Highway" }, "geometry": { "type": "MultiLineString", "coordinates": [ [ [ 84.661580107000077, 27.843415234000076 ], [ 84.661240888000066, 27.843980890000068 ], [ 84.661140596000052, 27.84418442100008 ], [ 84.661027928000067, 27.84443990300008 ], [ 84.660946739000053, 27.844654623000054 ], [ 84.660890657000039, 27.844824101000086 ], [ 84.660803697000063, 27.845133606000047 ] ] ] } },
{ "type": "Feature", "properties": { "LENGTH": 125.3907, "TRANS_LN_": 391.0, "FEATURES": "Highway" }, "geometry": { "type": "MultiLineString", "coordinates": [ [ [ 84.662151394000034, 27.842404008000074 ], [ 84.661580107000077, 27.843415234000076 ] ] ] } },
{ "type": "Feature", "properties": { "LENGTH": 401.007, "TRANS_LN_": 560.0, "FEATURES": "Highway" }, "geometry": { "type": "MultiLineString", "coordinates": [ [ [ 84.667108505000044, 27.821887766000089 ], [ 84.666920779000066, 27.82231282500004 ], [ 84.666318166000053, 27.823364833000085 ], [ 84.665369301000055, 27.824858453000047 ], [ 84.665192973000046, 27.825073634000034 ] ] ] } },
{ "type": "Feature", "properties": { "LENGTH": 686.0668, "TRANS_LN_": 591.0, "FEATURES": "Highway" }, "geometry": { "type": "MultiLineString", "coordinates": [ [ [ 84.668891788000053, 27.817118711000035 ], [ 84.668470021000076, 27.817341854000063 ], [ 84.668065367000054, 27.817562656000064 ], [ 84.66716111900007, 27.818040815000074 ], [ 84.666901924000058, 27.818188715000076 ], [ 84.666763052000078, 27.81830219200009 ], [ 84.666631046000077, 27.818501369000046 ], [ 84.666455626000072, 27.818863196000052 ], [ 84.666317951000053, 27.819172950000052 ], [ 84.666256138000051, 27.819439471000067 ], [ 84.666213522000078, 27.81973297400009 ], [ 84.666215271000056, 27.820019493000075 ], [ 84.666242340000053, 27.820296867000081 ], [ 84.666288220000069, 27.820538051000085 ], [ 84.666346485000076, 27.820729540000059 ], [ 84.666404448000037, 27.820871397000076 ], [ 84.666474988000061, 27.820995143000061 ], [ 84.66659621000008, 27.821107364000056 ], [ 84.666768115000082, 27.82120806000006 ], [ 84.666889021000031, 27.821268392000036 ], [ 84.666965671000071, 27.821353754000086 ], [ 84.667036281000037, 27.821488781000085 ], [ 84.667113746000041, 27.821707251000078 ], [ 84.667127054000048, 27.821808712000063 ], [ 84.667108505000044, 27.821887766000089 ] ] ] } },
{ "type": "Feature", "properties": { "LENGTH": 33.42441, "TRANS_LN_": 596.0, "FEATURES": "Highway" }, "geometry": { "type": "MultiLineString", "coordinates": [ [ [ 84.669909532000077, 27.816737004000061 ], [ 84.669589789000042, 27.816837824000061 ] ] ] } },
{ "type": "Feature", "properties": { "LENGTH": 1239.539, "TRANS_LN_": 650.0, "FEATURES": "Highway" }, "geometry": { "type": "MultiLineString", "coordinates": [ [ [ 84.681125696000038, 27.812215008000067 ], [ 84.680336462000071, 27.812810004000085 ], [ 84.679970486000059, 27.81312315100007 ], [ 84.679799987000081, 27.813248078000072 ], [ 84.67966109200006, 27.813354799000081 ], [ 84.679553676000069, 27.813423012000044 ], [ 84.679363907000038, 27.813509678000059 ], [ 84.679104529000028, 27.813623760000041 ], [ 84.67864899500006, 27.813817770000071 ], [ 84.678440391000038, 27.813936114000057 ], [ 84.67770107900003, 27.814402250000057 ], [ 84.676974561000065, 27.814886368000089 ], [ 84.676570045000062, 27.815125244000058 ], [ 84.676317101000052, 27.815255082000078 ], [ 84.676076746000035, 27.815369065000084 ], [ 84.675773095000068, 27.815505919000088 ], [ 84.675608554000064, 27.815569896000056 ], [ 84.675418555000078, 27.815620460000048 ], [ 84.67513985800008, 27.815689506000069 ], [ 84.67466462200008, 27.815777562000051 ], [ 84.674411159000044, 27.81582392200005 ], [ 84.673568817000046, 27.816046878000066 ], [ 84.673435811000047, 27.816081368000084 ], [ 84.672985974000028, 27.816173806000052 ], [ 84.672453920000066, 27.816307254000037 ], [ 84.671744619000037, 27.816502477000085 ], [ 84.671446775000049, 27.816553560000045 ], [ 84.671104498000034, 27.816600346000087 ], [ 84.670343681000077, 27.816671726000038 ], [ 84.670178817000078, 27.816683806000071 ], [ 84.669909532000077, 27.816737004000061 ] ] ] } },
{ "type": "Feature", "properties": { "LENGTH": 1633.635, "TRANS_LN_": 687.0, "FEATURES": "Highway" }, "geometry": { "type": "MultiLineString", "coordinates": [ [ [ 84.696244703000048, 27.807616089000078 ], [ 84.696016928000063, 27.807707482000069 ], [ 84.69580789500003, 27.807753658000081 ], [ 84.69557356100006, 27.807811241000081 ], [ 84.695478516000037, 27.807827513000063 ], [ 84.695180579000066, 27.807858342000088 ], [ 84.694933515000059, 27.807909220000056 ], [ 84.694724596000071, 27.807973443000037 ], [ 84.694515734000049, 27.808046689000037 ], [ 84.69431952900004, 27.808115359000055 ], [ 84.694155082000066, 27.808190638000042 ], [ 84.693908562000047, 27.808327244000054 ], [ 84.693441322000069, 27.808668009000087 ], [ 84.693144270000062, 27.808838709000042 ], [ 84.692941863000044, 27.808929970000065 ], [ 84.692726655000058, 27.809003246000088 ], [ 84.692504903000042, 27.80904496800008 ], [ 84.692314709000073, 27.809061714000052 ], [ 84.692118072000028, 27.809062700000084 ], [ 84.692118072000028, 27.809062700000084 ], [ 84.691864103000057, 27.809025618000078 ], [ 84.691470257000049, 27.808937345000061 ], [ 84.691267234000065, 27.808931593000068 ], [ 84.691038996000032, 27.808950784000046 ], [ 84.69070305300005, 27.808990819000087 ], [ 84.690398868000045, 27.809037462000049 ], [ 84.690082138000037, 27.809106729000064 ], [ 84.687961095000048, 27.809737745000064 ], [ 84.687777213000061, 27.809749941000064 ], [ 84.68539246000006, 27.809806919000039 ], [ 84.684974022000063, 27.809842836000087 ], [ 84.684828312000036, 27.809872888000086 ], [ 84.683372837000036, 27.810432849000051 ], [ 84.683138844000041, 27.810546813000087 ], [ 84.682961826000053, 27.810642445000042 ], [ 84.682797536000066, 27.810744783000075 ], [ 84.682551419000049, 27.81094905100008 ], [ 84.681472917000065, 27.811947073000056 ], [ 84.681125696000038, 27.812215008000067 ] ] ] } },
{ "type": "Feature", "properties": { "LENGTH": 28.01451, "TRANS_LN_": 692.0, "FEATURES": "Highway" }, "geometry": { "type": "MultiLineString", "coordinates": [ [ [ 84.696244703000048, 27.807616089000078 ], [ 84.696482323000055, 27.807477268000071 ] ] ] } },
{ "type": "Feature", "properties": { "LENGTH": 400.7784, "TRANS_LN_": 704.0, "FEATURES": "Highway" }, "geometry": { "type": "MultiLineString", "coordinates": [ [ [ 84.697157298000036, 27.806988796000041 ], [ 84.697217974000068, 27.806954648000044 ], [ 84.697268646000055, 27.806943111000066 ], [ 84.697338419000062, 27.806942759000037 ], [ 84.697468638000032, 27.806971431000079 ], [ 84.698422239000081, 27.807302775000039 ], [ 84.698514357000079, 27.807324870000059 ], [ 84.698638089000042, 27.807331013000066 ], [ 84.698638089000042, 27.807331013000066 ], [ 84.698761764000039, 27.807328131000077 ], [ 84.698904251000044, 27.807291312000075 ], [ 84.700172845000054, 27.80678854000007 ], [ 84.700299502000064, 27.806756312000061 ], [ 84.700432618000036, 27.806742101000054 ], [ 84.700638649000041, 27.806723007000073 ], [ 84.701000892000081, 27.806730193000078 ] ] ] } },
{ "type": "Feature", "properties": { "LENGTH": 721.9662, "TRANS_LN_": 765.0, "FEATURES": "Highway" }, "geometry": { "type": "MultiLineString", "coordinates": [ [ [ 84.740701391000073, 27.801464797000051 ], [ 84.741199254000037, 27.801924630000087 ], [ 84.741269406000072, 27.801980657000058 ], [ 84.74146045100008, 27.802092437000056 ], [ 84.741632163000077, 27.802159199000073 ], [ 84.741854493000062, 27.802207639000073 ], [ 84.74359376600006, 27.802401338000038 ], [ 84.747610700000052, 27.802767707000044 ], [ 84.747686317000046, 27.80278760300007 ] ] ] } },
{ "type": "Feature", "properties": { "LENGTH": 826.418, "TRANS_LN_": 784.0, "FEATURES": "Highway" }, "geometry": { "type": "MultiLineString", "coordinates": [ [ [ 84.716294763000064, 27.80147844600009 ], [ 84.716319663000036, 27.801503135000075 ], [ 84.716459823000037, 27.801597165000089 ], [ 84.717071311000041, 27.801988813000037 ], [ 84.717428502000075, 27.802291534000062 ], [ 84.717952059000083, 27.80281449000006 ], [ 84.718060360000038, 27.802886123000064 ], [ 84.718174796000028, 27.802926138000089 ], [ 84.718174796000028, 27.802926138000089 ], [ 84.718333365000035, 27.802925314000049 ], [ 84.718510694000031, 27.802883781000048 ], [ 84.718940664000058, 27.802678493000087 ], [ 84.719250195000029, 27.802485112000056 ], [ 84.719477418000054, 27.802314720000084 ], [ 84.719628796000052, 27.802185333000068 ], [ 84.719842887000084, 27.801947325000071 ], [ 84.720163612000079, 27.801528271000052 ], [ 84.720767178000074, 27.800717433000045 ], [ 84.720930895000038, 27.800536089000047 ], [ 84.721082268000032, 27.800406700000053 ], [ 84.721202211000048, 27.800320341000088 ], [ 84.721417159000055, 27.800213181000061 ], [ 84.722535446000052, 27.79964556300007 ] ] ] } },
{ "type": "Feature", "properties": { "LENGTH": 402.5229, "TRANS_LN_": 791.0, "FEATURES": "Highway" }, "geometry": { "type": "MultiLineString", "coordinates": [ [ [ 84.738226629000053, 27.798587963000045 ], [ 84.73836871900005, 27.798871474000066 ], [ 84.738483982000048, 27.79903329800004 ], [ 84.738618165000048, 27.799179228000071 ], [ 84.740701391000073, 27.801464797000051 ] ] ] } },
{ "type": "Feature", "properties": { "LENGTH": 274.2079, "TRANS_LN_": 794.0, "FEATURES": "Highway" }, "geometry": { "type": "MultiLineString", "coordinates": [ [ [ 84.722535446000052, 27.79964556300007 ], [ 84.722858072000065, 27.799420520000069 ], [ 84.72350743800007, 27.798826017000067 ], [ 84.723847840000076, 27.798508378000065 ], [ 84.72420055200007, 27.798134270000048 ], [ 84.724307775000057, 27.798043463000056 ], [ 84.724522670000056, 27.79792953000009 ] ] ] } },
{ "type": "Feature", "properties": { "LENGTH": 56.92735, "TRANS_LN_": 802.0, "FEATURES": "Highway" }, "geometry": { "type": "MultiLineString", "coordinates": [ [ [ 84.725218123000047, 27.797591975000046 ], [ 84.72571042900006, 27.797323168000048 ] ] ] } },
{ "type": "Feature", "properties": { "LENGTH": 536.2017, "TRANS_LN_": 809.0, "FEATURES": "Highway" }, "geometry": { "type": "MultiLineString", "coordinates": [ [ [ 84.733913708000046, 27.796149519000039 ], [ 84.734452774000033, 27.796613671000046 ], [ 84.734605749000082, 27.796725663000075 ], [ 84.734847745000081, 27.796871024000041 ], [ 84.735191477000058, 27.79705419700008 ], [ 84.735458738000034, 27.797183629000074 ], [ 84.735903997000037, 27.797373028000038 ], [ 84.736183701000073, 27.79746629400006 ], [ 84.736348755000051, 27.79748797600007 ], [ 84.737434189000055, 27.797613041000091 ], [ 84.737624796000034, 27.797661658000038 ], [ 84.737771098000053, 27.797724048000077 ], [ 84.73787963500007, 27.797829506000085 ], [ 84.737956963000045, 27.798009582000077 ], [ 84.738226629000053, 27.798587963000045 ] ] ] } },
{ "type": "Feature", "properties": { "LENGTH": 495.4738, "TRANS_LN_": 820.0, "FEATURES": "Highway" }, "geometry": { "type": "MultiLineString", "coordinates": [ [ [ 84.72571042900006, 27.797323168000048 ], [ 84.72588164900003, 27.797222999000041 ], [ 84.725957338000057, 27.797159430000079 ], [ 84.726032817000032, 27.797064277000061 ], [ 84.72614558500004, 27.79685386500006 ], [ 84.72627093300008, 27.796627594000086 ], [ 84.726365319000081, 27.79651429200004 ], [ 84.726479076000032, 27.796452779000049 ], [ 84.726637365000045, 27.796411336000062 ], [ 84.727423411000075, 27.796346285000084 ], [ 84.727588087000072, 27.796311576000051 ], [ 84.727752612000074, 27.796254306000037 ], [ 84.727967500000034, 27.796140368000067 ], [ 84.728743996000048, 27.795594806000054 ], [ 84.729746526000042, 27.79499164300006 ] ] ] } },
{ "type": "Feature", "properties": { "LENGTH": 469.7019, "TRANS_LN_": 824.0, "FEATURES": "Highway" }, "geometry": { "type": "MultiLineString", "coordinates": [ [ [ 84.729746526000042, 27.79499164300006 ], [ 84.730286044000081, 27.79476769300004 ], [ 84.730640682000057, 27.794686854000076 ], [ 84.730938617000049, 27.794662717000051 ], [ 84.731230405000076, 27.794667941000057 ], [ 84.731458983000039, 27.794705085000089 ], [ 84.731700441000044, 27.794771490000073 ], [ 84.73204372400005, 27.794889246000082 ], [ 84.732571871000061, 27.79514590000008 ], [ 84.732909328000062, 27.79534039300006 ], [ 84.733285309000053, 27.795604620000063 ], [ 84.733913708000046, 27.796149519000039 ] ] ] } },
{ "type": "Feature", "properties": { "LENGTH": 2105.262, "TRANS_LN_": 1199.0, "FEATURES": "Highway" }, "geometry": { "type": "MultiLineString", "coordinates": [ [ [ 84.664492033000045, 27.825611712000068 ], [ 84.664363176000052, 27.825704833000088 ], [ 84.661775931000079, 27.827583075000064 ], [ 84.661289913000076, 27.827996019000068 ], [ 84.661131989000069, 27.828109582000081 ], [ 84.660948825000048, 27.828245826000057 ], [ 84.660690116000069, 27.828479446000074 ], [ 84.660551388000044, 27.82861998900006 ], [ 84.660412906000033, 27.828801142000088 ], [ 84.660274805000029, 27.829045464000046 ], [ 84.660193489000051, 27.829237624000086 ], [ 84.660144058000071, 27.829456704000052 ], [ 84.660138738000057, 27.829625939000039 ], [ 84.660160228000052, 27.830031939000037 ], [ 84.660161498000036, 27.830241753000053 ], [ 84.660220645000038, 27.830579889000035 ], [ 84.660285865000048, 27.830872873000089 ], [ 84.660584676000042, 27.832022068000072 ], [ 84.660668316000056, 27.832213438000053 ], [ 84.660758506000036, 27.832438619000072 ], [ 84.661458328000037, 27.83369418500007 ], [ 84.662163296000074, 27.834958746000041 ], [ 84.662304455000083, 27.83521752300004 ], [ 84.662381824000079, 27.835420203000069 ], [ 84.66246581200005, 27.835667974000046 ], [ 84.662524491000056, 27.835927146000074 ], [ 84.662576784000066, 27.836179581000067 ], [ 84.662622773000066, 27.836438814000076 ], [ 84.662741231000041, 27.83818222900004 ], [ 84.662797131000048, 27.839028006000035 ], [ 84.662793899000064, 27.839540161000059 ], [ 84.662729862000049, 27.840488040000082 ], [ 84.662693575000048, 27.840781510000056 ], [ 84.662625740000067, 27.841104461000043 ], [ 84.662470431000031, 27.841651188000071 ], [ 84.662251683000079, 27.842200476000073 ], [ 84.662151394000034, 27.842404008000074 ] ] ] } },
{ "type": "Feature", "properties": { "LENGTH": 1947.92, "TRANS_LN_": 1209.0, "FEATURES": "Highway" }, "geometry": { "type": "MultiLineString", "coordinates": [ [ [ 84.701000892000081, 27.806730193000078 ], [ 84.702164935000042, 27.806839343000036 ], [ 84.702345754000078, 27.806845192000083 ], [ 84.702345754000078, 27.806845192000083 ], [ 84.702596259000074, 27.806837150000035 ], [ 84.702792732000034, 27.806811333000041 ], [ 84.703027001000066, 27.806744713000057 ], [ 84.703273826000043, 27.806657724000047 ], [ 84.703466676000062, 27.806561985000087 ], [ 84.703659483000081, 27.806459477000089 ], [ 84.703893140000048, 27.806298102000085 ], [ 84.704164549000041, 27.806089155000052 ], [ 84.704738074000034, 27.80551543100006 ], [ 84.705486614000051, 27.80454147800009 ], [ 84.70602053600004, 27.803731058000039 ], [ 84.706541896000033, 27.802941006000083 ], [ 84.706893294000054, 27.802352616000064 ], [ 84.70718785300005, 27.801802871000064 ], [ 84.707244426000045, 27.80172361700005 ], [ 84.707867527000076, 27.800975905000087 ], [ 84.707955856000069, 27.800903257000073 ], [ 84.708094912000035, 27.800828092000074 ], [ 84.708373373000029, 27.800731907000056 ], [ 84.709075897000048, 27.800495922000039 ], [ 84.709208652000029, 27.800427557000035 ], [ 84.709417226000028, 27.800313680000045 ], [ 84.709972999000058, 27.799945333000039 ], [ 84.71024441000003, 27.799740887000041 ], [ 84.710358092000035, 27.799665850000054 ], [ 84.710497306000036, 27.799615500000073 ], [ 84.710700151000083, 27.799596407000081 ], [ 84.712089362000029, 27.79961858300004 ], [ 84.712463897000077, 27.799666287000036 ], [ 84.712819492000051, 27.79972762400007 ], [ 84.713162433000036, 27.799793538000074 ], [ 84.713492792000068, 27.799875308000082 ], [ 84.714312798000037, 27.800148574000048 ], [ 84.714891553000029, 27.800386985000046 ], [ 84.715445398000043, 27.800695462000078 ], [ 84.71563014700007, 27.800818592000041 ], [ 84.716294763000064, 27.80147844600009 ] ] ] } },
{ "type": "Feature", "properties": { "LENGTH": 382.5363, "TRANS_LN_": 330.0, "FEATURES": "Highway" }, "geometry": { "type": "MultiLineString", "coordinates": [ [ [ 84.808648386000073, 27.816208586000073 ], [ 84.808268535000082, 27.816312334000088 ], [ 84.808157626000082, 27.816326520000075 ], [ 84.808018072000039, 27.816327336000086 ], [ 84.808018072000039, 27.816327336000086 ], [ 84.807903724000028, 27.816305444000079 ], [ 84.807744855000067, 27.816268020000052 ], [ 84.807614499000067, 27.816225917000054 ], [ 84.807471389000057, 27.816174864000061 ], [ 84.807286713000053, 27.816078932000039 ], [ 84.807149597000034, 27.815980466000042 ], [ 84.806288426000037, 27.815333487000089 ], [ 84.806154566000032, 27.815246281000043 ], [ 84.806043125000031, 27.815188273000047 ], [ 84.805928612000059, 27.81514382000006 ], [ 84.805826936000074, 27.815119596000045 ], [ 84.80569988600007, 27.815095520000057 ], [ 84.805509354000037, 27.815065047000076 ], [ 84.805356864000032, 27.815032095000049 ], [ 84.80522347200008, 27.815008056000067 ] ] ] } },
{ "type": "Feature", "properties": { "LENGTH": 1511.579, "TRANS_LN_": 343.0, "FEATURES": "Highway" }, "geometry": { "type": "MultiLineString", "coordinates": [ [ [ 84.80522347200008, 27.815008056000067 ], [ 84.805077193000045, 27.814957018000086 ], [ 84.804902186000049, 27.814881332000084 ], [ 84.804399136000029, 27.814622556000074 ], [ 84.804046070000084, 27.814486991000081 ], [ 84.803763063000076, 27.814389371000061 ], [ 84.803063310000084, 27.814122711000039 ], [ 84.802923443000054, 27.81408065800008 ], [ 84.80278372500004, 27.814058910000085 ], [ 84.802631371000075, 27.814044003000049 ], [ 84.802453676000084, 27.814033755000082 ], [ 84.801210347000051, 27.814034206000088 ], [ 84.801070078000066, 27.814023739000049 ], [ 84.800911882000037, 27.813990815000068 ], [ 84.800772049000045, 27.813953273000038 ], [ 84.800625823000075, 27.813908999000034 ], [ 84.800482868000074, 27.813878242000044 ], [ 84.800324171000057, 27.813863369000046 ], [ 84.799689631000035, 27.81383771600008 ], [ 84.799565821000044, 27.813822640000069 ], [ 84.799464131000036, 27.81379615600008 ], [ 84.799343312000076, 27.813756246000082 ], [ 84.79852898300004, 27.813433823000082 ], [ 84.798039366000069, 27.813274215000035 ], [ 84.797775545000036, 27.813196776000041 ], [ 84.797435606000079, 27.813119776000065 ], [ 84.796320709000042, 27.812898344000075 ], [ 84.794884943000056, 27.812604299000043 ], [ 84.794586239000068, 27.812527055000089 ], [ 84.794103287000041, 27.812410260000036 ], [ 84.793559797000057, 27.812255457000049 ], [ 84.793413625000028, 27.812217943000064 ], [ 84.793245318000061, 27.812189581000041 ], [ 84.792969193000033, 27.812164094000082 ], [ 84.792728054000065, 27.812151941000081 ], [ 84.792705837000028, 27.812149813000076 ], [ 84.792375894000031, 27.812138170000082 ], [ 84.791915867000057, 27.812120503000074 ], [ 84.791760296000064, 27.812098835000086 ], [ 84.791595062000056, 27.812056916000074 ], [ 84.791382223000028, 27.812010758000042 ], [ 84.79109627400004, 27.811942457000043 ], [ 84.790921592000075, 27.811909616000037 ], [ 84.790807284000039, 27.81189222200004 ], [ 84.790636019000033, 27.811893203000068 ], [ 84.790452133000031, 27.811903280000081 ] ] ] } },
{ "type": "Feature", "properties": { "LENGTH": 495.1794, "TRANS_LN_": 359.0, "FEATURES": "Highway" }, "geometry": { "type": "MultiLineString", "coordinates": [ [ [ 84.833927986000049, 27.809587797000063 ], [ 84.833605902000045, 27.810604978000072 ], [ 84.833568877000062, 27.810740567000039 ], [ 84.833494139000038, 27.810921504000078 ], [ 84.83309369300008, 27.811645866000049 ], [ 84.832993460000068, 27.811811165000051 ], [ 84.83261652200008, 27.812291727000058 ], [ 84.832528579000041, 27.812405061000049 ], [ 84.832408833000045, 27.812507307000089 ], [ 84.832257510000034, 27.812627791000068 ], [ 84.832105876000071, 27.812707668000087 ], [ 84.831581114000073, 27.812936437000076 ], [ 84.831442166000045, 27.813016236000067 ], [ 84.831253450000077, 27.813141457000086 ] ] ] } },
{ "type": "Feature", "properties": { "LENGTH": 1686.957, "TRANS_LN_": 369.0, "FEATURES": "Highway" }, "geometry": { "type": "MultiLineString", "coordinates": [ [ [ 84.787681296000073, 27.812426732000063 ], [ 84.786916826000038, 27.812943224000037 ], [ 84.786796776000074, 27.813009335000061 ], [ 84.78668923400005, 27.813050557000054 ], [ 84.786581578000039, 27.813075988000037 ], [ 84.786457966000057, 27.813087972000062 ], [ 84.786457966000057, 27.813087972000062 ], [ 84.786292993000075, 27.813082143000088 ], [ 84.786156516000062, 27.813069384000073 ], [ 84.785788252000032, 27.813021845000037 ], [ 84.785629444000051, 27.812991163000049 ], [ 84.785467399000083, 27.81295147600008 ], [ 84.785302118000061, 27.812902781000048 ], [ 84.784758329000056, 27.812705080000057 ], [ 84.784624846000042, 27.812667485000077 ], [ 84.784510506000061, 27.812645573000054 ], [ 84.784377169000038, 27.812628282000048 ], [ 84.784063099000036, 27.812618785000041 ], [ 84.783879211000055, 27.812628853000035 ], [ 84.783733544000029, 27.812661265000088 ], [ 84.78354994700004, 27.812711941000089 ], [ 84.783198627000047, 27.812815458000046 ], [ 84.783062425000082, 27.812841048000053 ], [ 84.782916563000072, 27.812846387000036 ], [ 84.782916563000072, 27.812846387000036 ], [ 84.782808615000079, 27.812831206000055 ], [ 84.782703710000078, 27.812797959000079 ], [ 84.782573156000069, 27.812726504000068 ], [ 84.782442457000059, 27.812634745000082 ], [ 84.781730844000037, 27.812031884000078 ], [ 84.781615972000054, 27.811935522000056 ], [ 84.78148527500008, 27.81184376200008 ], [ 84.781332312000075, 27.811743103000083 ], [ 84.780246015000046, 27.81107918400005 ], [ 84.78004210000006, 27.810949482000069 ], [ 84.779885888000081, 27.810837559000049 ], [ 84.779751845000078, 27.810720999000068 ], [ 84.779617689000077, 27.810588646000042 ], [ 84.779521689000035, 27.810469615000045 ], [ 84.779419153000049, 27.810323547000053 ], [ 84.779175218000034, 27.809918826000057 ], [ 84.779101371000081, 27.809792901000037 ], [ 84.779024418000063, 27.809676018000062 ], [ 84.778984704000038, 27.809622095000066 ], [ 84.77892193100007, 27.809536718000061 ], [ 84.77881960600007, 27.809419978000051 ], [ 84.778672606000043, 27.809265136000079 ], [ 84.778146011000047, 27.808805603000053 ], [ 84.777731113000073, 27.808442452000065 ], [ 84.777373883000053, 27.808160194000038 ], [ 84.777230347000057, 27.808045941000046 ], [ 84.777179347000072, 27.80801013100006 ], [ 84.777083721000054, 27.807942986000057 ], [ 84.776940507000063, 27.807873852000057 ], [ 84.77677514100003, 27.807811611000091 ], [ 84.776578077000067, 27.807751805000066 ], [ 84.776400137000053, 27.807705427000087 ], [ 84.776241420000076, 27.807686014000069 ], [ 84.776003544000048, 27.807685095000068 ], [ 84.775794387000076, 27.80770883100007 ], [ 84.775585503000059, 27.807770919000063 ], [ 84.775345208000033, 27.807876048000082 ], [ 84.775114491000068, 27.807990148000044 ], [ 84.774994263000053, 27.808031433000053 ], [ 84.774845379000055, 27.808057085000087 ], [ 84.774728099000072, 27.80806676800006 ], [ 84.774575868000056, 27.808067621000077 ], [ 84.774575868000056, 27.808067621000077 ], [ 84.774401388000058, 27.808061832000078 ], [ 84.774268106000079, 27.808051298000066 ], [ 84.774150633000033, 27.808033908000084 ], [ 84.773947227000065, 27.807974133000073 ], [ 84.773406702000045, 27.807783136000069 ] ] ] } },
{ "type": "Feature", "properties": { "LENGTH": 867.2505, "TRANS_LN_": 370.0, "FEATURES": "Highway" }, "geometry": { "type": "MultiLineString", "coordinates": [ [ [ 84.761041857000066, 27.813419886000077 ], [ 84.760961732000055, 27.813300754000068 ], [ 84.760881199000039, 27.813122965000048 ], [ 84.760752416000059, 27.812848430000088 ], [ 84.760691400000042, 27.812740473000076 ], [ 84.760617746000037, 27.812639354000055 ], [ 84.760272273000055, 27.81221936500009 ], [ 84.760198556000034, 27.812109222000061 ], [ 84.760124604000055, 27.811965238000084 ], [ 84.759880139000074, 27.811474753000084 ], [ 84.759819266000079, 27.811387100000047 ], [ 84.759739223000054, 27.811279247000073 ], [ 84.759256502000028, 27.810733668000069 ], [ 84.75918303800006, 27.81065962100007 ], [ 84.759087468000075, 27.810599231000083 ], [ 84.758657708000044, 27.810371470000064 ], [ 84.758530265000047, 27.810288694000064 ], [ 84.758447319000084, 27.810219210000071 ], [ 84.758364201000063, 27.81012491000007 ], [ 84.758296893000079, 27.810023755000088 ], [ 84.758138856000073, 27.809645597000042 ], [ 84.758080875000076, 27.809517317000086 ], [ 84.757856190000041, 27.809132756000054 ], [ 84.757820740000057, 27.809051731000068 ], [ 84.757803865000028, 27.808905177000042 ], [ 84.757809738000049, 27.808837461000053 ], [ 84.757902942000044, 27.80855719300007 ], [ 84.757952339000042, 27.808362897000052 ], [ 84.757979458000079, 27.808157442000038 ], [ 84.75796912900006, 27.808040181000081 ], [ 84.75792733600008, 27.807959191000066 ], [ 84.757879356000046, 27.80790079500008 ], [ 84.757643242000029, 27.807696785000076 ], [ 84.75749363500006, 27.807618642000079 ], [ 84.75740459900004, 27.807585289000087 ], [ 84.757328420000078, 27.807576682000047 ], [ 84.757020959000045, 27.807603185000062 ], [ 84.756862448000049, 27.807613078000088 ], [ 84.756862448000049, 27.807613078000088 ], [ 84.756751399000052, 27.80760691800009 ], [ 84.756643412000074, 27.807584949000045 ], [ 84.756551158000036, 27.807544844000063 ] ] ] } },
{ "type": "Feature", "properties": { "LENGTH": 381.1342, "TRANS_LN_": 371.0, "FEATURES": "Highway" }, "geometry": { "type": "MultiLineString", "coordinates": [ [ [ 84.833844228000032, 27.806926126000064 ], [ 84.833851053000046, 27.806989255000076 ], [ 84.833895712000071, 27.807022827000083 ], [ 84.834647042000029, 27.80739505400004 ], [ 84.83487655700003, 27.807547080000063 ], [ 84.834959790000028, 27.807648101000041 ], [ 84.834973027000046, 27.807720216000064 ], [ 84.834967547000076, 27.807833053000081 ], [ 84.834930266000072, 27.807934802000091 ], [ 84.834630516000061, 27.808552524000049 ], [ 84.834555212000055, 27.808659015000046 ], [ 84.834084147000056, 27.809271003000049 ], [ 84.834009031000051, 27.809402309000063 ], [ 84.833927986000049, 27.809587797000063 ] ] ] } },
{ "type": "Feature", "properties": { "LENGTH": 3369.384, "TRANS_LN_": 374.0, "FEATURES": "Highway" }, "geometry": { "type": "MultiLineString", "coordinates": [ [ [ 84.829232326000067, 27.813796591000084 ], [ 84.828913262000071, 27.813798506000069 ], [ 84.828913262000071, 27.813798506000069 ], [ 84.828612286000066, 27.813759703000073 ], [ 84.827690947000065, 27.81355766900009 ], [ 84.827551175000053, 27.813529177000078 ], [ 84.827379703000076, 27.813503132000051 ], [ 84.827208437000081, 27.813504158000057 ], [ 84.826155723000056, 27.813544301000036 ], [ 84.826155723000056, 27.813544301000036 ], [ 84.825965341000028, 27.813534159000085 ], [ 84.825787339000044, 27.813483334000068 ], [ 84.825634642000068, 27.81342333200007 ], [ 84.825487981000038, 27.81332268500006 ], [ 84.825360350000039, 27.81322192500005 ], [ 84.825276985000073, 27.813102850000064 ], [ 84.825193637000041, 27.812986032000083 ], [ 84.825071156000035, 27.812727314000085 ], [ 84.825019047000069, 27.81254713900006 ], [ 84.824973060000048, 27.812337598000056 ], [ 84.824938668000073, 27.81198359800004 ], [ 84.824937509000051, 27.81183019100007 ], [ 84.824961995000081, 27.811712729000078 ], [ 84.825017549000052, 27.811509349000062 ], [ 84.82512657500007, 27.811246992000065 ], [ 84.825192410000056, 27.81114507500007 ], [ 84.825293438000074, 27.811083557000075 ], [ 84.825394757000083, 27.811060391000069 ], [ 84.825559591000058, 27.81104812500007 ], [ 84.825667508000038, 27.811058760000037 ], [ 84.826341186000036, 27.811228450000044 ], [ 84.826515757000038, 27.811245454000073 ], [ 84.826515757000038, 27.811245454000073 ], [ 84.826604475000067, 27.811233642000047 ], [ 84.826677164000046, 27.811199366000039 ], [ 84.826714915000082, 27.811158530000057 ], [ 84.826727208000079, 27.811106567000081 ], [ 84.826726542000074, 27.811018584000067 ], [ 84.826719345000072, 27.810905823000041 ], [ 84.82667422600008, 27.810811337000075 ], [ 84.82660385500003, 27.810732795000035 ], [ 84.826501939000082, 27.81067700300008 ], [ 84.826368394000042, 27.810632681000072 ], [ 84.82613955000005, 27.810568623000052 ], [ 84.825926274000039, 27.810466119000068 ], [ 84.825820966000038, 27.810381018000044 ], [ 84.825667693000071, 27.810244313000055 ], [ 84.825593912000045, 27.810134206000043 ], [ 84.825552, 27.810044213000083 ], [ 84.825483523000059, 27.809796453000047 ], [ 84.82544183300007, 27.809735788000069 ], [ 84.825400348000073, 27.809702195000057 ], [ 84.825333525000076, 27.809673265000072 ], [ 84.825219232000052, 27.809658155000079 ], [ 84.825016121000033, 27.809641320000082 ], [ 84.824816061000035, 27.80960867400006 ], [ 84.824669730000039, 27.809550889000036 ], [ 84.82451362900008, 27.809459322000066 ], [ 84.824350947000028, 27.809336208000047 ], [ 84.824251728000036, 27.80921722800008 ], [ 84.824200184000063, 27.809111500000085 ], [ 84.824038751000046, 27.808733441000072 ], [ 84.823955441000066, 27.808621133000088 ], [ 84.82385970200005, 27.808542741000053 ], [ 84.823770527000079, 27.808493639000062 ], [ 84.823611478000032, 27.808431418000055 ], [ 84.823242365000056, 27.808271180000077 ], [ 84.82313412700006, 27.808217679000052 ], [ 84.823025856000072, 27.808159666000051 ], [ 84.822904678000043, 27.808072401000061 ], [ 84.822687660000042, 27.807893207000063 ], [ 84.822307048000084, 27.80746907300005 ], [ 84.822185668000031, 27.807354735000047 ], [ 84.822070733000032, 27.807253895000088 ], [ 84.821959156000048, 27.807177853000042 ], [ 84.82185090300004, 27.807122095000068 ], [ 84.821679001000064, 27.807037386000047 ], [ 84.821523178000064, 27.806981911000037 ], [ 84.821348275000048, 27.80691978100009 ], [ 84.821170269000049, 27.806866693000075 ], [ 84.820973268000046, 27.80681823000009 ], [ 84.820747742000037, 27.806772193000086 ], [ 84.820496947000038, 27.806739841000081 ], [ 84.820195409000064, 27.806707791000065 ], [ 84.819947820000039, 27.806679932000065 ], [ 84.819690851000075, 27.806670177000058 ], [ 84.819418110000072, 27.806671795000057 ], [ 84.819189938000079, 27.806695709000053 ], [ 84.818987154000069, 27.80672172900006 ], [ 84.818518378000078, 27.80680347100008 ], [ 84.818182783000054, 27.806882166000037 ], [ 84.817992854000067, 27.806930669000053 ], [ 84.817853649000028, 27.806976615000053 ], [ 84.817701877000047, 27.807038428000055 ], [ 84.817490152000062, 27.80714120500005 ], [ 84.817360681000082, 27.807216422000067 ], [ 84.817240826000045, 27.807305119000091 ], [ 84.817143238000028, 27.807402708000041 ], [ 84.817033352000067, 27.80755226000008 ], [ 84.816939289000061, 27.807697206000057 ], [ 84.816842375000078, 27.807885034000037 ], [ 84.816746051000052, 27.80815182200007 ], [ 84.816519849000031, 27.808863828000085 ], [ 84.816506782000033, 27.808897746000071 ], [ 84.816242917000068, 27.809578388000091 ], [ 84.816000059000032, 27.810184455000069 ], [ 84.815925561000029, 27.810401479000063 ], [ 84.815885275000028, 27.810528058000045 ], [ 84.81587005800003, 27.810613879000073 ], [ 84.815851619000057, 27.810692951000078 ], [ 84.81584603500005, 27.810794508000072 ], [ 84.815786228000036, 27.811279920000061 ], [ 84.815761648000034, 27.811386101000039 ], [ 84.815727654000057, 27.81150587500008 ], [ 84.815683943000067, 27.811598633000074 ], [ 84.815630785000053, 27.811700470000062 ], [ 84.815574490000074, 27.811806839000042 ], [ 84.815514954000037, 27.811904202000051 ], [ 84.815458439000054, 27.811981243000048 ], [ 84.815379740000083, 27.81206067100004 ], [ 84.814648953000074, 27.812737297000069 ], [ 84.814529224000069, 27.812844040000073 ], [ 84.814399795000043, 27.812926022000056 ], [ 84.814244841000061, 27.81298785000007 ], [ 84.814055033000045, 27.813054396000041 ], [ 84.813482050000061, 27.813202162000039 ], [ 84.812773040000081, 27.813398104000044 ], [ 84.812598971000057, 27.813448762000064 ], [ 84.812440810000055, 27.813506095000037 ], [ 84.812270047000084, 27.813574782000046 ], [ 84.811950670000044, 27.813705257000038 ], [ 84.811018513000079, 27.814177744000062 ], [ 84.810667869000042, 27.814369315000079 ], [ 84.810468994000075, 27.81449682300007 ], [ 84.810273374000076, 27.814635592000059 ], [ 84.810125194000079, 27.814756034000084 ], [ 84.809989633000043, 27.814867378000088 ], [ 84.809895237000035, 27.814969455000039 ], [ 84.809838766000041, 27.815053262000049 ], [ 84.809763634000035, 27.815186811000046 ], [ 84.809566730000029, 27.815580525000087 ], [ 84.809500878000051, 27.815682435000042 ], [ 84.809444390000067, 27.815763985000046 ], [ 84.809378270000082, 27.815829800000074 ], [ 84.809312033000083, 27.815879822000056 ], [ 84.80920468100004, 27.815945877000047 ], [ 84.809021509000047, 27.816052987000035 ], [ 84.808648386000073, 27.816208586000073 ] ] ] } },
{ "type": "Feature", "properties": { "LENGTH": 10.73546, "TRANS_LN_": 376.0, "FEATURES": "Highway" }, "geometry": { "type": "MultiLineString", "coordinates": [ [ [ 84.834042288000035, 27.80628194600007 ], [ 84.833992200000068, 27.806367980000061 ] ] ] } },
{ "type": "Feature", "properties": { "LENGTH": 1839.537, "TRANS_LN_": 379.0, "FEATURES": "Highway" }, "geometry": { "type": "MultiLineString", "coordinates": [ [ [ 84.773406702000045, 27.807783136000069 ], [ 84.773110701000064, 27.807635891000075 ], [ 84.773008766000032, 27.80757329000005 ], [ 84.772963967000067, 27.807517139000083 ], [ 84.772944187000064, 27.80741121300008 ], [ 84.772949167000036, 27.80677045200008 ], [ 84.772929005000037, 27.806610381000041 ], [ 84.772896651000053, 27.806520318000082 ], [ 84.772835899000029, 27.806450719000054 ], [ 84.772756103000063, 27.806378970000083 ], [ 84.772682872000075, 27.806338770000082 ], [ 84.772584207000079, 27.806289688000049 ], [ 84.772469924000063, 27.806274534000067 ], [ 84.772393761000046, 27.806268192000061 ], [ 84.772301854000034, 27.80627773000009 ], [ 84.772229086000038, 27.806302954000046 ], [ 84.772156463000044, 27.806348482000089 ], [ 84.772074516000032, 27.80642113600004 ], [ 84.772027295000044, 27.806471034000083 ], [ 84.772002243000031, 27.806516296000041 ], [ 84.771980601000053, 27.80659538000009 ], [ 84.771997255000031, 27.806708092000065 ], [ 84.772052621000057, 27.806913088000044 ], [ 84.772078838000084, 27.80703251500006 ], [ 84.772092274000045, 27.80713847700008 ], [ 84.772093167000037, 27.807264814000064 ], [ 84.772093534000078, 27.807316702000037 ], [ 84.772078203000035, 27.807391239000083 ], [ 84.77204056000005, 27.807450108000069 ], [ 84.771983904000081, 27.807511339000087 ], [ 84.771886067000082, 27.80757956900004 ], [ 84.771778476000065, 27.807614012000045 ], [ 84.771677053000076, 27.807623603000081 ], [ 84.771501988000068, 27.807624581000084 ], [ 84.771442364000052, 27.807624914000087 ], [ 84.771442364000052, 27.807624914000087 ], [ 84.77122018600005, 27.80760133800004 ], [ 84.770623504000071, 27.807541497000045 ], [ 84.770474334000028, 27.807526537000058 ], [ 84.770287217000032, 27.807527580000055 ], [ 84.769796021000047, 27.807584465000048 ], [ 84.769517377000057, 27.807649189000074 ], [ 84.769223018000048, 27.807734304000064 ], [ 84.768881325000052, 27.807853524000052 ], [ 84.768625166000049, 27.807958731000042 ], [ 84.76841670500005, 27.808081720000075 ], [ 84.768277874000034, 27.808184017000087 ], [ 84.768180256000051, 27.808283829000061 ], [ 84.768085889000076, 27.808394903000078 ], [ 84.768023284000037, 27.808512568000083 ], [ 84.767982896000035, 27.80863236600004 ], [ 84.76795514500003, 27.808745326000064 ], [ 84.767910080000036, 27.809102040000084 ], [ 84.767885707000062, 27.809244310000054 ], [ 84.767817536000052, 27.80947255600006 ], [ 84.76772132800005, 27.809773152000048 ], [ 84.767630908000058, 27.809994753000069 ], [ 84.767558945000076, 27.810135031000073 ], [ 84.767468017000056, 27.810284439000043 ], [ 84.767329912000037, 27.810490512000058 ], [ 84.767251352000073, 27.810594729000059 ], [ 84.76716321400005, 27.810689975000059 ], [ 84.766920953000067, 27.810968821000074 ], [ 84.766725868000037, 27.811191002000044 ], [ 84.766600209000046, 27.811363163000067 ], [ 84.766352393000034, 27.811754844000063 ], [ 84.766176795000035, 27.812042344000076 ], [ 84.766098217000035, 27.812144304000071 ], [ 84.766035260000081, 27.812212336000073 ], [ 84.765956413000083, 27.812275945000067 ], [ 84.76584267800007, 27.812339746000077 ], [ 84.765652919000047, 27.812417506000088 ], [ 84.765501219000043, 27.812495054000067 ], [ 84.76538434400004, 27.81256338500009 ], [ 84.764452381000069, 27.81309196300009 ], [ 84.763305069000069, 27.813669103000052 ], [ 84.763079244000039, 27.813760595000076 ], [ 84.762941354000077, 27.813817759000074 ], [ 84.76292238700006, 27.81382688900004 ], [ 84.762773634000041, 27.813872832000072 ], [ 84.762634270000035, 27.81390067500007 ], [ 84.762517014000082, 27.813914859000079 ], [ 84.762298248000036, 27.81392734800005 ], [ 84.762298248000036, 27.81392734800005 ], [ 84.762095214000055, 27.813921700000037 ], [ 84.761914288000071, 27.813902393000035 ], [ 84.761742688000083, 27.813855962000048 ], [ 84.761580477000052, 27.813791429000048 ], [ 84.761427703000038, 27.813715564000063 ], [ 84.761300286000051, 27.813637303000064 ], [ 84.761163244000045, 27.813543302000085 ], [ 84.761041857000066, 27.813419886000077 ] ] ] } },
{ "type": "Feature", "properties": { "LENGTH": 349.1324, "TRANS_LN_": 382.0, "FEATURES": "Highway" }, "geometry": { "type": "MultiLineString", "coordinates": [ [ [ 84.756551158000036, 27.807544844000063 ], [ 84.756414284000073, 27.80747339800007 ], [ 84.755776585000035, 27.806985058000066 ], [ 84.755613764000032, 27.806830277000074 ], [ 84.755527432000065, 27.806729225000083 ], [ 84.755418463000069, 27.806565125000077 ], [ 84.755187841000065, 27.806236994000074 ], [ 84.755120695000073, 27.806158398000036 ], [ 84.755034364000039, 27.806057345000056 ], [ 84.754542472000082, 27.805554665000045 ], [ 84.754232351000041, 27.80519538100009 ] ] ] } },
{ "type": "Feature", "properties": { "LENGTH": 1114.337, "TRANS_LN_": 385.0, "FEATURES": "Highway" }, "geometry": { "type": "MultiLineString", "coordinates": [ [ [ 84.861297445000048, 27.804237625000042 ], [ 84.861104785000066, 27.80441931200005 ], [ 84.860942177000084, 27.804551178000054 ], [ 84.860437113000046, 27.804852127000061 ], [ 84.860298162000049, 27.804927443000054 ], [ 84.860153081000078, 27.805029870000055 ], [ 84.860039712000059, 27.805132099000048 ], [ 84.859561364000058, 27.805604340000059 ], [ 84.859140007000065, 27.80606494500006 ], [ 84.858913532000031, 27.80630324100008 ], [ 84.858781222000061, 27.806416868000042 ], [ 84.858598258000029, 27.806542089000061 ], [ 84.858465593000062, 27.806610596000041 ], [ 84.85834557700008, 27.806674512000086 ], [ 84.858181109000043, 27.806731936000062 ], [ 84.858003867000036, 27.806778159000089 ], [ 84.857839132000038, 27.806801743000051 ], [ 84.85759180000008, 27.80680779100004 ], [ 84.855670122000049, 27.806842270000061 ], [ 84.855410210000059, 27.806861929000036 ], [ 84.855213849000052, 27.806896986000083 ], [ 84.855027091000068, 27.806943263000051 ], [ 84.854821498000035, 27.807014474000084 ], [ 84.854442326000083, 27.807195050000075 ], [ 84.854120027000079, 27.807348201000082 ], [ 84.853876570000068, 27.807444462000035 ], [ 84.85364252100004, 27.807527127000071 ], [ 84.85337034500003, 27.807601003000059 ], [ 84.853113902000075, 27.807658989000061 ], [ 84.852854287000071, 27.807716995000078 ], [ 84.852540705000081, 27.807768564000071 ], [ 84.852226947000077, 27.807797574000062 ], [ 84.851316963000045, 27.807830258000081 ] ] ] } },
{ "type": "Feature", "properties": { "LENGTH": 273.7868, "TRANS_LN_": 393.0, "FEATURES": "Highway" }, "geometry": { "type": "MultiLineString", "coordinates": [ [ [ 84.754232351000041, 27.80519538100009 ], [ 84.754033500000048, 27.804966344000036 ], [ 84.753890425000066, 27.804822734000084 ], [ 84.753763934000062, 27.804692570000043 ], [ 84.752958792000072, 27.804017873000078 ], [ 84.75268148300006, 27.803816334000089 ], [ 84.752480754000032, 27.803682061000075 ], [ 84.752359744000046, 27.803610525000067 ], [ 84.752206897000065, 27.803521113000045 ] ] ] } },
{ "type": "Feature", "properties": { "LENGTH": 74.07133, "TRANS_LN_": 396.0, "FEATURES": "Highway" }, "geometry": { "type": "MultiLineString", "coordinates": [ [ [ 84.872128252000039, 27.802606208000043 ], [ 84.872667307000029, 27.803072066000084 ] ] ] } },
{ "type": "Feature", "properties": { "LENGTH": 194.8774, "TRANS_LN_": 401.0, "FEATURES": "Highway" }, "geometry": { "type": "MultiLineString", "coordinates": [ [ [ 84.752206897000065, 27.803521113000045 ], [ 84.752076436000038, 27.803458652000074 ], [ 84.751955598000052, 27.803411932000074 ], [ 84.751844383000048, 27.803380952000055 ], [ 84.75166024300006, 27.80335262400007 ], [ 84.751203101000044, 27.80328742800009 ], [ 84.751085621000072, 27.803267762000075 ], [ 84.75095536300006, 27.803234628000041 ], [ 84.750750740000058, 27.803179338000064 ], [ 84.750539218000029, 27.80313536500006 ], [ 84.750296694000042, 27.803102841000054 ] ] ] } },
{ "type": "Feature", "properties": { "LENGTH": 181.8822, "TRANS_LN_": 403.0, "FEATURES": "Highway" }, "geometry": { "type": "MultiLineString", "coordinates": [ [ [ 84.747686317000046, 27.80278760300007 ], [ 84.748584781000034, 27.803017372000056 ], [ 84.748730803000058, 27.803036886000086 ], [ 84.74887609700005, 27.803042867000045 ], [ 84.74887609700005, 27.803042867000045 ], [ 84.749123973000053, 27.803023474000042 ], [ 84.749314100000049, 27.802999881000062 ], [ 84.749491092000028, 27.803003433000072 ] ] ] } },
{ "type": "Feature", "properties": { "LENGTH": 1064.047, "TRANS_LN_": 408.0, "FEATURES": "Highway" }, "geometry": { "type": "MultiLineString", "coordinates": [ [ [ 84.851316963000045, 27.807830258000081 ], [ 84.850406890000045, 27.807851657000072 ], [ 84.850406890000045, 27.807851657000072 ], [ 84.850200555000072, 27.807828111000049 ], [ 84.850038549000033, 27.807795267000074 ], [ 84.84986049400004, 27.807737705000079 ], [ 84.849713995000059, 27.807659643000079 ], [ 84.849618150000083, 27.807569990000047 ], [ 84.849502698000038, 27.807406006000065 ], [ 84.849444701000039, 27.80728904700004 ], [ 84.849412022000081, 27.807165164000082 ], [ 84.849345172000028, 27.806725640000082 ], [ 84.849337777000073, 27.806590320000055 ], [ 84.849342804000059, 27.806421084000078 ], [ 84.849397906000036, 27.80616580800006 ], [ 84.849422364000077, 27.806048342000054 ], [ 84.849430720000043, 27.805899389000047 ], [ 84.849420083000041, 27.805755066000074 ], [ 84.849380746000065, 27.805590614000039 ], [ 84.849347945000034, 27.805450939000082 ], [ 84.849148374000038, 27.805073145000051 ], [ 84.849090466000064, 27.804967465000061 ], [ 84.849045138000065, 27.80484817100006 ], [ 84.848947105000036, 27.804476521000083 ], [ 84.848882100000083, 27.804273873000056 ], [ 84.848798471000066, 27.804123230000073 ], [ 84.848689595000053, 27.803988534000041 ], [ 84.848568244000035, 27.80388098800006 ], [ 84.848351422000064, 27.803731163000066 ], [ 84.848071122000079, 27.80357495800007 ], [ 84.847905619000073, 27.803499268000053 ], [ 84.847762578000072, 27.803457280000089 ], [ 84.847467018000032, 27.803377875000081 ], [ 84.84728562500004, 27.803297769000039 ], [ 84.847164504000034, 27.803219549000062 ], [ 84.847004837000043, 27.803078395000057 ], [ 84.846937541000045, 27.802988565000078 ], [ 84.84681577300006, 27.802826873000072 ], [ 84.846726225000054, 27.802730411000084 ], [ 84.846604808000052, 27.80261383900006 ], [ 84.846432458000038, 27.802472762000036 ], [ 84.846292224000081, 27.802383378000059 ], [ 84.846136185000034, 27.80230085900007 ], [ 84.845980287000032, 27.80223638800004 ], [ 84.845744915000068, 27.802147586000046 ], [ 84.845465077000028, 27.802050031000078 ], [ 84.844717809000031, 27.801792898000087 ] ] ] } },
{ "type": "Feature", "properties": { "LENGTH": 128.4202, "TRANS_LN_": 410.0, "FEATURES": "Highway" }, "geometry": { "type": "MultiLineString", "coordinates": [ [ [ 84.872179140000071, 27.802544973000067 ], [ 84.872202794000032, 27.802409459000046 ], [ 84.872283193000044, 27.802151759000083 ], [ 84.872376744000064, 27.801952634000088 ], [ 84.872489160000043, 27.80173308500008 ], [ 84.872667285000034, 27.80148153600004 ] ] ] } },
{ "type": "Feature", "properties": { "LENGTH": 211.6172, "TRANS_LN_": 414.0, "FEATURES": "Highway" }, "geometry": { "type": "MultiLineString", "coordinates": [ [ [ 84.869573419000062, 27.801178428000071 ], [ 84.86938284200005, 27.801141275000077 ], [ 84.868449162000047, 27.800977942000088 ], [ 84.867467212000065, 27.800805882000077 ] ] ] } },
{ "type": "Feature", "properties": { "LENGTH": 780.2775, "TRANS_LN_": 415.0, "FEATURES": "Highway" }, "geometry": { "type": "MultiLineString", "coordinates": [ [ [ 84.867467212000065, 27.800805882000077 ], [ 84.867096297000046, 27.800742785000068 ], [ 84.866810675000067, 27.80071750500008 ], [ 84.866645683000058, 27.800707259000035 ], [ 84.865941607000082, 27.800702651000051 ], [ 84.865624702000048, 27.800731710000036 ], [ 84.865377528000067, 27.800755819000074 ], [ 84.865181182000072, 27.800790890000087 ], [ 84.864972204000082, 27.800832808000052 ], [ 84.864782325000078, 27.800883630000044 ], [ 84.864643221000051, 27.800938647000066 ], [ 84.864459827000076, 27.801007477000041 ], [ 84.86428920700007, 27.801087507000091 ], [ 84.864137613000082, 27.801167418000091 ], [ 84.863954754000076, 27.80130392600006 ], [ 84.863822544000072, 27.80142883700006 ], [ 84.863413353000055, 27.801819440000088 ], [ 84.862854649000042, 27.802553899000088 ], [ 84.862710375000063, 27.802757847000066 ], [ 84.862528134000058, 27.802973312000063 ], [ 84.861297445000048, 27.804237625000042 ] ] ] } },
{ "type": "Feature", "properties": { "LENGTH": 1407.384, "TRANS_LN_": 416.0, "FEATURES": "Highway" }, "geometry": { "type": "MultiLineString", "coordinates": [ [ [ 84.844717809000031, 27.801792898000087 ], [ 84.844530096000028, 27.80171508300009 ], [ 84.844399743000054, 27.801673014000073 ], [ 84.843837040000039, 27.801495966000061 ], [ 84.843220392000035, 27.801314733000083 ], [ 84.841701502000035, 27.800929182000061 ], [ 84.841517310000029, 27.800896463000072 ], [ 84.841326863000063, 27.800875062000046 ], [ 84.841130109000062, 27.800858211000048 ], [ 84.84090803600003, 27.80084828300005 ], [ 84.840730448000045, 27.800849364000044 ], [ 84.840565684000069, 27.800868415000082 ], [ 84.840432753000073, 27.800903065000057 ], [ 84.840103727000042, 27.801006590000043 ], [ 84.839585241000066, 27.801217302000055 ], [ 84.839370378000069, 27.801320132000058 ], [ 84.839237758000081, 27.80139538800006 ], [ 84.839117771000076, 27.801463799000089 ], [ 84.838960075000045, 27.801577561000045 ], [ 84.838815151000063, 27.801702526000042 ], [ 84.838626297000076, 27.801888672000075 ], [ 84.838406214000031, 27.802138177000074 ], [ 84.837972740000055, 27.802765742000076 ], [ 84.837873497000032, 27.802892684000085 ], [ 84.837684264000075, 27.803112672000054 ], [ 84.837401391000071, 27.803446031000078 ], [ 84.837137682000048, 27.803797323000083 ], [ 84.837121999000033, 27.803819978000035 ], [ 84.836899394000056, 27.80415522800007 ], [ 84.836786575000076, 27.804331886000057 ], [ 84.83668659600005, 27.804528770000047 ], [ 84.836599268000043, 27.80472106600007 ], [ 84.836481228000082, 27.805044401000089 ], [ 84.836388714000066, 27.805387886000062 ], [ 84.836339009000028, 27.805523552000068 ], [ 84.836276670000075, 27.805666062000057 ], [ 84.836195424000039, 27.805824480000069 ], [ 84.835856835000072, 27.806338660000051 ], [ 84.83582922100004, 27.806377180000084 ], [ 84.835784498000066, 27.806418061000045 ], [ 84.835724501000072, 27.806452265000075 ], [ 84.835632599000064, 27.806461845000058 ], [ 84.835632599000064, 27.806461845000058 ], [ 84.835391333000075, 27.806431719000045 ], [ 84.835076813000057, 27.80636142700007 ], [ 84.834917848000032, 27.806310498000073 ], [ 84.834733735000043, 27.806289050000089 ], [ 84.834486109000068, 27.806256705000067 ], [ 84.83427662500003, 27.806235410000056 ], [ 84.834171918000038, 27.806229274000088 ], [ 84.834099080000044, 27.80624325000008 ], [ 84.834042288000035, 27.80628194600007 ] ] ] } },
{ "type": "Feature", "properties": { "LENGTH": 411.8939, "TRANS_LN_": 417.0, "FEATURES": "Highway" }, "geometry": { "type": "MultiLineString", "coordinates": [ [ [ 84.872667485000079, 27.800633252000068 ], [ 84.872649654000043, 27.800624341000059 ], [ 84.872499394000045, 27.800632058000076 ], [ 84.872391682000057, 27.800646275000076 ], [ 84.872322168000039, 27.800678299000083 ], [ 84.872177032000081, 27.800771714000064 ], [ 84.872070022000059, 27.800873913000089 ], [ 84.872000832000083, 27.800946544000055 ], [ 84.871950885000047, 27.801046126000074 ], [ 84.87191535200003, 27.801362201000074 ], [ 84.871878323000033, 27.801491030000079 ], [ 84.871834773000046, 27.801597341000047 ], [ 84.871734374000084, 27.801733339000066 ], [ 84.87160202900003, 27.80184020900009 ], [ 84.871507342000029, 27.801897208000071 ], [ 84.871431449000056, 27.801924760000077 ], [ 84.871431449000056, 27.801924760000077 ], [ 84.871348961000081, 27.801920768000059 ], [ 84.87125998700003, 27.801898769000047 ], [ 84.870877695000047, 27.80168234000007 ], [ 84.87075001900007, 27.801579366000055 ], [ 84.87062263100006, 27.801512487000082 ], [ 84.870412702000067, 27.801434847000053 ], [ 84.870190088000072, 27.801357287000087 ], [ 84.869967511000084, 27.80128423900004 ], [ 84.86977678900007, 27.801229038000088 ], [ 84.869573419000062, 27.801178428000071 ] ] ] } },
{ "type": "Feature", "properties": { "LENGTH": 216.3016, "TRANS_LN_": 675.0, "FEATURES": "Highway" }, "geometry": { "type": "MultiLineString", "coordinates": [ [ [ 84.831253450000077, 27.813141457000086 ], [ 84.831038127000056, 27.813271349000047 ], [ 84.831007817000057, 27.81328958000006 ], [ 84.830753886000082, 27.813430985000082 ], [ 84.830475815000057, 27.813568023000073 ], [ 84.830267005000053, 27.813636961000043 ], [ 84.830089790000045, 27.813689916000044 ], [ 84.829830233000052, 27.813759158000039 ], [ 84.829595740000059, 27.813787640000044 ], [ 84.829392809000069, 27.813795627000047 ], [ 84.829232326000067, 27.813796591000084 ] ] ] } },
{ "type": "Feature", "properties": { "LENGTH": 311.0147, "TRANS_LN_": 677.0, "FEATURES": "Highway" }, "geometry": { "type": "MultiLineString", "coordinates": [ [ [ 84.790452133000031, 27.811903280000081 ], [ 84.790388946000064, 27.811937483000065 ], [ 84.790303673000039, 27.81198760500007 ], [ 84.790224840000064, 27.812051226000051 ], [ 84.790149245000066, 27.812123854000049 ], [ 84.790010968000047, 27.812300620000087 ], [ 84.789850849000061, 27.812527146000036 ], [ 84.789703024000062, 27.81269945400004 ], [ 84.789611602000036, 27.812776684000085 ], [ 84.78953589200006, 27.812833520000083 ], [ 84.789478982000048, 27.812858662000053 ], [ 84.789406166000049, 27.812877127000036 ], [ 84.789347206000059, 27.812881976000085 ], [ 84.789330096000072, 27.812884330000088 ], [ 84.789330096000072, 27.812884330000088 ], [ 84.789247504000059, 27.812866753000037 ], [ 84.789158422000071, 27.812828909000075 ], [ 84.78905016300007, 27.812770869000076 ], [ 84.788817348000066, 27.812593967000055 ], [ 84.788673681000034, 27.81246393400005 ], [ 84.788459408000051, 27.812219244000062 ], [ 84.788366927000084, 27.812149833000035 ], [ 84.788297005000061, 27.812129927000058 ], [ 84.78821130700004, 27.812121392000051 ], [ 84.788132197000039, 27.812146660000053 ] ] ] } },
{ "type": "Feature", "properties": { "LENGTH": 240.4354, "TRANS_LN_": 24.0, "FEATURES": "Highway" }, "geometry": { "type": "MultiLineString", "coordinates": [ [ [ 84.615607027000067, 27.873034337000036 ], [ 84.615924337000081, 27.873026152000079 ], [ 84.61643183800004, 27.872978762000059 ], [ 84.618030180000062, 27.872779838000042 ] ] ] } },
{ "type": "Feature", "properties": { "LENGTH": 213.2654, "TRANS_LN_": 25.0, "FEATURES": "Highway" }, "geometry": { "type": "MultiLineString", "coordinates": [ [ [ 84.618030180000062, 27.872779838000042 ], [ 84.620173941000076, 27.872506248000036 ] ] ] } },
{ "type": "Feature", "properties": { "LENGTH": 251.1518, "TRANS_LN_": 29.0, "FEATURES": "Highway" }, "geometry": { "type": "MultiLineString", "coordinates": [ [ [ 84.620173941000076, 27.872506248000036 ], [ 84.622661551000078, 27.872206255000037 ], [ 84.622700863000034, 27.872199309000052 ] ] ] } },
{ "type": "Feature", "properties": { "LENGTH": 1211.672, "TRANS_LN_": 142.0, "FEATURES": "Highway" }, "geometry": { "type": "MultiLineString", "coordinates": [ [ [ 84.577464385000042, 27.86413418300009 ], [ 84.577662478000036, 27.864388297000062 ], [ 84.577777696000055, 27.864572818000056 ], [ 84.577880257000061, 27.86476415900006 ], [ 84.577963995000061, 27.864996190000056 ], [ 84.578054187000077, 27.865248499000074 ], [ 84.578112683000029, 27.865507710000088 ], [ 84.578145912000082, 27.865789587000052 ], [ 84.578159862000064, 27.866026423000051 ], [ 84.578148163000037, 27.866213731000073 ], [ 84.578111341000067, 27.866450779000047 ], [ 84.577619134000031, 27.868183296000041 ], [ 84.577513632000034, 27.868634965000069 ], [ 84.577446425000062, 27.86912708300008 ], [ 84.577412315000061, 27.869876262000048 ], [ 84.577445305000083, 27.87011301800004 ], [ 84.577510089000043, 27.870360921000042 ], [ 84.577606728000035, 27.870631252000067 ], [ 84.577715857000044, 27.870863177000047 ], [ 84.577875750000032, 27.871092633000046 ], [ 84.578048229000046, 27.871301730000084 ], [ 84.578239594000081, 27.871481418000087 ], [ 84.578545684000062, 27.871750871000074 ], [ 84.579425340000057, 27.872457859000065 ], [ 84.579648528000064, 27.872653205000063 ], [ 84.579840199000046, 27.872889293000071 ], [ 84.580491115000029, 27.873547601000041 ], [ 84.580624908000061, 27.873641795000083 ], [ 84.580771287000061, 27.873715631000039 ] ] ] } },
{ "type": "Feature", "properties": { "LENGTH": 1557.444, "TRANS_LN_": 226.0, "FEATURES": "Highway" }, "geometry": { "type": "MultiLineString", "coordinates": [ [ [ 84.563967596000055, 27.857624662000035 ], [ 84.564553986000078, 27.85774635100006 ], [ 84.564877790000082, 27.85777435600005 ], [ 84.566388343000028, 27.857802005000053 ], [ 84.566616979000059, 27.857834908000086 ], [ 84.566820372000052, 27.857894988000055 ], [ 84.567042991000051, 27.857991087000073 ], [ 84.567577441000083, 27.858252858000071 ], [ 84.569065597000076, 27.858851372000061 ], [ 84.57056022200004, 27.85947014900006 ], [ 84.571807217000071, 27.860062862000063 ], [ 84.57250029800008, 27.860314931000062 ], [ 84.572703853000064, 27.860404332000087 ], [ 84.572901180000031, 27.860516319000055 ], [ 84.573162267000043, 27.860684445000061 ], [ 84.573773768000081, 27.861110569000061 ], [ 84.573875903000044, 27.861222951000059 ], [ 84.57397818100003, 27.861362406000069 ], [ 84.574278836000076, 27.861812382000039 ], [ 84.574393701000076, 27.861931479000077 ], [ 84.574565707000033, 27.86205485000005 ], [ 84.575240887000064, 27.862519056000053 ], [ 84.576444830000071, 27.863360081000053 ], [ 84.576865128000065, 27.863629060000051 ], [ 84.577209247000042, 27.863893845000064 ], [ 84.577368650000039, 27.864033058000075 ], [ 84.577464385000042, 27.86413418300009 ] ] ] } },
{ "type": "Feature", "properties": { "LENGTH": 409.3046, "TRANS_LN_": 234.0, "FEATURES": "Highway" }, "geometry": { "type": "MultiLineString", "coordinates": [ [ [ 84.560191997000061, 27.856101357000057 ], [ 84.562195768000038, 27.857018224000058 ], [ 84.562666450000052, 27.857223870000041 ], [ 84.563130565000051, 27.857386674000054 ], [ 84.563664420000066, 27.857535655000049 ], [ 84.563967596000055, 27.857624662000035 ] ] ] } },
{ "type": "Feature", "properties": { "LENGTH": 442.2407, "TRANS_LN_": 964.0, "FEATURES": "Highway" }, "geometry": { "type": "MultiLineString", "coordinates": [ [ [ 84.580771287000061, 27.873715631000039 ], [ 84.581040163000068, 27.873788951000051 ], [ 84.581470508000052, 27.87390896800008 ], [ 84.581693077000068, 27.873986994000063 ], [ 84.581845828000041, 27.874065314000063 ], [ 84.582240732000059, 27.874323102000062 ], [ 84.582444357000043, 27.874419256000067 ], [ 84.582654112000057, 27.874474773000088 ], [ 84.582870034000052, 27.87449642200005 ], [ 84.582870034000052, 27.87449642200005 ], [ 84.583187291000058, 27.874477032000073 ], [ 84.583327084000075, 27.874505770000042 ], [ 84.583447980000074, 27.874561662000076 ], [ 84.583569022000063, 27.874644627000066 ], [ 84.583862742000065, 27.874970522000069 ], [ 84.583952086000068, 27.875060389000055 ], [ 84.584085835000053, 27.875145556000064 ], [ 84.584263941000074, 27.875216997000052 ], [ 84.58456265500007, 27.87529018400005 ], [ 84.584706452000034, 27.875355002000049 ] ] ] } },
{ "type": "Feature", "properties": { "LENGTH": 2204.489, "TRANS_LN_": 1069.0, "FEATURES": "Highway" }, "geometry": { "type": "MultiLineString", "coordinates": [ [ [ 84.594803694000063, 27.875356942000053 ], [ 84.595155398000031, 27.87513658000006 ], [ 84.595332746000054, 27.875068131000035 ], [ 84.595484990000045, 27.875051681000059 ], [ 84.595980558000065, 27.875139785000044 ], [ 84.596152016000076, 27.875154837000082 ], [ 84.596152016000076, 27.875154837000082 ], [ 84.596329611000044, 27.875131508000038 ], [ 84.596957170000053, 27.874982144000057 ], [ 84.597160091000035, 27.874947424000084 ], [ 84.597375867000039, 27.874941977000049 ], [ 84.59799134900004, 27.874905467000076 ], [ 84.598149927000065, 27.874886731000061 ], [ 84.598308356000075, 27.874840921000043 ], [ 84.598840431000042, 27.87464232800005 ], [ 84.599270915000034, 27.874437407000073 ], [ 84.599644236000074, 27.874225964000061 ], [ 84.599928709000039, 27.874017163000076 ], [ 84.600124435000055, 27.873829053000065 ], [ 84.600288338000041, 27.873625289000074 ], [ 84.600665674000084, 27.872991930000069 ], [ 84.600804349000043, 27.87281760400009 ], [ 84.600962152000079, 27.872658988000069 ], [ 84.60111388100006, 27.872550033000039 ], [ 84.601310138000031, 27.872458932000086 ], [ 84.604046483000047, 27.871449766000069 ], [ 84.604293348000056, 27.87132911000009 ], [ 84.604483103000064, 27.871210960000042 ], [ 84.605393163000031, 27.87050756900004 ], [ 84.605614512000045, 27.870364461000065 ], [ 84.605905624000059, 27.870212022000089 ], [ 84.606228620000081, 27.870086516000072 ], [ 84.606602541000029, 27.869987858000059 ], [ 84.607078110000032, 27.86990680100007 ], [ 84.607598357000029, 27.869870669000079 ], [ 84.608156937000047, 27.869879487000048 ], [ 84.608664969000074, 27.869929137000042 ], [ 84.609325753000064, 27.870054818000085 ], [ 84.609935803000042, 27.870187489000045 ], [ 84.610260058000051, 27.870287581000071 ], [ 84.61058450400003, 27.870421512000064 ], [ 84.610788336000041, 27.870551465000062 ], [ 84.611100494000084, 27.870757645000083 ], [ 84.611297917000059, 27.870876345000056 ], [ 84.611597485000061, 27.871100629000068 ], [ 84.611967339000046, 27.871408078000059 ], [ 84.612107477000052, 27.871497701000067 ], [ 84.612292208000042, 27.871616455000037 ], [ 84.612476775000061, 27.871705881000082 ], [ 84.61326546500004, 27.872000184000058 ], [ 84.613430993000065, 27.872089693000078 ], [ 84.61357113300005, 27.872179315000039 ], [ 84.613698707000083, 27.872291553000082 ], [ 84.61397346900003, 27.872617468000044 ], [ 84.61413925200003, 27.872752097000046 ] ] ] } },
{ "type": "Feature", "properties": { "LENGTH": 42.75352, "TRANS_LN_": 1070.0, "FEATURES": "Highway" }, "geometry": { "type": "MultiLineString", "coordinates": [ [ [ 84.615178276000051, 27.872977591000051 ], [ 84.615225955000028, 27.872990915000059 ], [ 84.615607027000067, 27.873034337000036 ] ] ] } },
{ "type": "Feature", "properties": { "LENGTH": 1186.501, "TRANS_LN_": 1098.0, "FEATURES": "Highway" }, "geometry": { "type": "MultiLineString", "coordinates": [ [ [ 84.584706452000034, 27.875355002000049 ], [ 84.584734452000077, 27.875368420000086 ], [ 84.584803444000045, 27.87556892300006 ], [ 84.584956442000077, 27.875692361000063 ], [ 84.586345796000046, 27.876622754000039 ], [ 84.586562147000052, 27.876723360000085 ], [ 84.586892932000069, 27.876857320000056 ], [ 84.587045812000042, 27.876958195000043 ], [ 84.587594595000041, 27.87749732900005 ], [ 84.587875031000067, 27.877710465000064 ], [ 84.588231269000062, 27.877855595000085 ], [ 84.588676066000062, 27.877943941000069 ], [ 84.588676066000062, 27.877943941000069 ], [ 84.588955346000034, 27.877942749000056 ], [ 84.589373899000066, 27.877873277000049 ], [ 84.590286866000042, 27.877677601000073 ], [ 84.590667395000082, 27.877619568000057 ], [ 84.591288997000049, 27.877537940000082 ], [ 84.591631319000044, 27.877457507000088 ], [ 84.591871963000074, 27.877354948000061 ], [ 84.592124932000047, 27.877184653000086 ], [ 84.592389919000084, 27.876890218000085 ], [ 84.592579415000046, 27.876720194000086 ], [ 84.592769155000042, 27.876595292000047 ], [ 84.593490460000055, 27.876174806000051 ], [ 84.594160489000046, 27.875664292000067 ], [ 84.594253509000055, 27.875612 ], [ 84.594787876000055, 27.87536603500007 ], [ 84.594803694000063, 27.875356942000053 ] ] ] } },
{ "type": "Feature", "properties": { "LENGTH": 28.75109, "TRANS_LN_": 9.0, "FEATURES": "Highway" }, "geometry": { "type": "MultiLineString", "coordinates": [ [ [ 85.138799028000051, 27.875244745000089 ], [ 85.13905671200007, 27.875366694000036 ] ] ] } },
{ "type": "Feature", "properties": { "LENGTH": 570.1027, "TRANS_LN_": 44.0, "FEATURES": "Highway" }, "geometry": { "type": "MultiLineString", "coordinates": [ [ [ 85.134175388000074, 27.872194464000074 ], [ 85.13498803400006, 27.872891633000052 ], [ 85.135747570000035, 27.873485461000087 ], [ 85.136380282000061, 27.87390662200005 ], [ 85.137207851000028, 27.874389339000061 ], [ 85.137870848000034, 27.874792196000044 ], [ 85.138229908000028, 27.875019338000072 ], [ 85.138677861000076, 27.875189348000049 ], [ 85.138799028000051, 27.875244745000089 ] ] ] } },
{ "type": "Feature", "properties": { "LENGTH": 121.9335, "TRANS_LN_": 51.0, "FEATURES": "Highway" }, "geometry": { "type": "MultiLineString", "coordinates": [ [ [ 85.13329217200004, 27.871423424000056 ], [ 85.134049244000039, 27.872087216000068 ], [ 85.134175388000074, 27.872194464000074 ] ] ] } },
{ "type": "Feature", "properties": { "LENGTH": 342.2811, "TRANS_LN_": 87.0, "FEATURES": "Highway" }, "geometry": { "type": "MultiLineString", "coordinates": [ [ [ 85.130884679000076, 27.869198519000065 ], [ 85.131042050000076, 27.86937996000006 ], [ 85.13228214600008, 27.870540621000089 ], [ 85.13329217200004, 27.871423424000056 ] ] ] } },
{ "type": "Feature", "properties": { "LENGTH": 156.0939, "TRANS_LN_": 102.0, "FEATURES": "Highway" }, "geometry": { "type": "MultiLineString", "coordinates": [ [ [ 85.129888358000073, 27.868103526000084 ], [ 85.130435695000074, 27.868681076000087 ], [ 85.130884679000076, 27.869198519000065 ] ] ] } },
{ "type": "Feature", "properties": { "LENGTH": 110.2311, "TRANS_LN_": 110.0, "FEATURES": "Highway" }, "geometry": { "type": "MultiLineString", "coordinates": [ [ [ 85.148200646000078, 27.867498836000038 ], [ 85.148166855000056, 27.867544236000072 ], [ 85.147988459000032, 27.867658519000088 ], [ 85.147734828000068, 27.867739588000063 ], [ 85.147734828000068, 27.867739588000063 ], [ 85.147444169000039, 27.867739750000055 ], [ 85.147257526000033, 27.867673625000066 ], [ 85.147206849000042, 27.867622160000053 ] ] ] } },
{ "type": "Feature", "properties": { "LENGTH": 339.6812, "TRANS_LN_": 136.0, "FEATURES": "Highway" }, "geometry": { "type": "MultiLineString", "coordinates": [ [ [ 85.127728123000054, 27.865718620000052 ], [ 85.127811785000063, 27.865830733000053 ], [ 85.128126457000064, 27.866250023000077 ], [ 85.128692952000051, 27.866840959000058 ], [ 85.128849658000036, 27.867020152000066 ], [ 85.129493741000033, 27.867687152000087 ], [ 85.129888358000073, 27.868103526000084 ] ] ] } },
{ "type": "Feature", "properties": { "LENGTH": 412.3779, "TRANS_LN_": 156.0, "FEATURES": "Highway" }, "geometry": { "type": "MultiLineString", "coordinates": [ [ [ 85.148441527000045, 27.863921162000054 ], [ 85.148426899000071, 27.864038593000089 ], [ 85.148246920000076, 27.864604077000081 ], [ 85.148347741000066, 27.864957421000042 ], [ 85.148384741000029, 27.865216546000056 ], [ 85.148101771000029, 27.865764840000054 ], [ 85.148124272000075, 27.866033110000046 ], [ 85.148271702000045, 27.866413137000052 ], [ 85.14834148500006, 27.866832161000048 ], [ 85.148342673000059, 27.867125423000061 ], [ 85.148261343000058, 27.867417117000059 ], [ 85.148200646000078, 27.867498836000038 ] ] ] } },
{ "type": "Feature", "properties": { "LENGTH": 555.6906, "TRANS_LN_": 166.0, "FEATURES": "Highway" }, "geometry": { "type": "MultiLineString", "coordinates": [ [ [ 85.124147255000082, 27.862057113000049 ], [ 85.124152097000035, 27.862280413000065 ], [ 85.124218677000044, 27.862521258000072 ], [ 85.124426034000066, 27.862751931000048 ], [ 85.124760396000056, 27.862990591000084 ], [ 85.125651636000043, 27.863506702000052 ], [ 85.126397338000061, 27.864001436000081 ], [ 85.126796162000062, 27.864397481000083 ], [ 85.127113509000083, 27.864769376000083 ], [ 85.127568533000044, 27.865505609000081 ], [ 85.127728123000054, 27.865718620000052 ] ] ] } },
{ "type": "Feature", "properties": { "LENGTH": 42.25227, "TRANS_LN_": 169.0, "FEATURES": "Highway" }, "geometry": { "type": "MultiLineString", "coordinates": [ [ [ 85.124138879000043, 27.861675925000043 ], [ 85.124147255000082, 27.862057113000049 ] ] ] } },
{ "type": "Feature", "properties": { "LENGTH": 1522.911, "TRANS_LN_": 179.0, "FEATURES": "Highway" }, "geometry": { "type": "MultiLineString", "coordinates": [ [ [ 85.156530683000028, 27.86055764200006 ], [ 85.156486434000044, 27.860573805000058 ], [ 85.156486434000044, 27.860573805000058 ], [ 85.156017433000045, 27.860510058000045 ], [ 85.155691452000042, 27.86052858100004 ], [ 85.155383871000083, 27.860666514000059 ], [ 85.155050821000032, 27.861095676000048 ], [ 85.154857562000075, 27.861183020000055 ], [ 85.154857562000075, 27.861183020000055 ], [ 85.154287177000072, 27.861133652000035 ], [ 85.154187540000066, 27.861312705000046 ], [ 85.154220783000028, 27.861515462000057 ], [ 85.154374382000071, 27.861877383000035 ], [ 85.154398702000037, 27.862256177000063 ], [ 85.154456911000068, 27.862359463000075 ], [ 85.154656478000049, 27.862448030000053 ], [ 85.154885104000073, 27.862464164000073 ], [ 85.155118770000058, 27.862536653000063 ], [ 85.155273034000061, 27.862661694000053 ], [ 85.155308280000042, 27.862753892000057 ], [ 85.155309139000053, 27.863074228000073 ], [ 85.155488438000077, 27.863345695000078 ], [ 85.155476680000049, 27.86343377500009 ], [ 85.15537327100003, 27.863556462000076 ], [ 85.155094882000071, 27.863755061000063 ], [ 85.154703375000054, 27.863938814000051 ], [ 85.154463683000074, 27.863956612000038 ], [ 85.154463683000074, 27.863956612000038 ], [ 85.154254414000036, 27.86391098900009 ], [ 85.153917016000037, 27.863751385000057 ], [ 85.153762903000029, 27.863820352000062 ], [ 85.153447761000052, 27.864204242000085 ], [ 85.153272001000062, 27.864266622000059 ], [ 85.152987517000042, 27.864309607000052 ], [ 85.152987517000042, 27.864309607000052 ], [ 85.152634324000076, 27.864276464000056 ], [ 85.15227597300003, 27.864175685000077 ], [ 85.15203738200006, 27.864177679000079 ], [ 85.151813356000048, 27.864296859000035 ], [ 85.151394577000076, 27.864783127000067 ], [ 85.15110125800004, 27.86501116900007 ], [ 85.150807548000046, 27.865142209000055 ], [ 85.150592766000045, 27.865175584000042 ], [ 85.150592766000045, 27.865175584000042 ], [ 85.150408292000066, 27.865134260000048 ], [ 85.150221682000051, 27.864950829000065 ], [ 85.150113687000044, 27.864759975000084 ], [ 85.149930392000044, 27.864229101000035 ], [ 85.149814640000045, 27.864024775000075 ], [ 85.14957281900007, 27.863780893000069 ], [ 85.148861411000041, 27.863358192000078 ], [ 85.148504588000037, 27.863401770000053 ], [ 85.148441527000045, 27.863921162000054 ] ] ] } },
{ "type": "Feature", "properties": { "LENGTH": 18.85913, "TRANS_LN_": 182.0, "FEATURES": "Highway" }, "geometry": { "type": "MultiLineString", "coordinates": [ [ [ 85.134544550000044, 27.860598110000069 ], [ 85.134402907000037, 27.860646649000046 ], [ 85.134402907000037, 27.860646649000046 ], [ 85.134363519000033, 27.860642461000054 ] ] ] } },
{ "type": "Feature", "properties": { "LENGTH": 213.7372, "TRANS_LN_": 183.0, "FEATURES": "Highway" }, "geometry": { "type": "MultiLineString", "coordinates": [ [ [ 85.122944106000034, 27.860399763000089 ], [ 85.123115265000081, 27.860628477000034 ], [ 85.123179008000079, 27.860779107000042 ], [ 85.123144560000071, 27.860946328000068 ], [ 85.123150158000044, 27.861119991000066 ], [ 85.123197356000048, 27.861266244000035 ], [ 85.123351553000077, 27.861449976000074 ], [ 85.12349339900004, 27.861543571000084 ], [ 85.124008408000066, 27.861577727000054 ], [ 85.124138879000043, 27.861675925000043 ] ] ] } },
{ "type": "Feature", "properties": { "LENGTH": 1634.202, "TRANS_LN_": 185.0, "FEATURES": "Highway" }, "geometry": { "type": "MultiLineString", "coordinates": [ [ [ 85.147206849000042, 27.867622160000053 ], [ 85.147022683000046, 27.867429680000043 ], [ 85.146588659000031, 27.866772298000058 ], [ 85.145772424000029, 27.865917312000079 ], [ 85.145161880000046, 27.865430587000048 ], [ 85.144505333000041, 27.865034478000041 ], [ 85.144221770000058, 27.864924034000069 ], [ 85.143997771000045, 27.864925892000088 ], [ 85.141922194000074, 27.865191247000041 ], [ 85.141127820000065, 27.865206845000046 ], [ 85.140634233000071, 27.865341773000068 ], [ 85.140445299000078, 27.86535912700009 ], [ 85.140445299000078, 27.86535912700009 ], [ 85.140340336000065, 27.865335179000056 ], [ 85.140014677000067, 27.865082950000044 ], [ 85.139343487000076, 27.864741080000044 ], [ 85.138127174000033, 27.863731434000044 ], [ 85.137916381000082, 27.863600073000043 ], [ 85.137475951000056, 27.863416462000089 ], [ 85.137200954000036, 27.863335259000053 ], [ 85.136607554000079, 27.863270216000046 ], [ 85.136434580000071, 27.863174636000053 ], [ 85.136382851000064, 27.863082568000038 ], [ 85.136237909000045, 27.86257166200005 ], [ 85.135950481000066, 27.862332643000059 ], [ 85.13581442900005, 27.862126216000036 ], [ 85.135795251000047, 27.861991017000037 ], [ 85.135812287000078, 27.861616389000062 ], [ 85.135481311000035, 27.86060844900004 ], [ 85.135248107000052, 27.86021332100006 ] ] ] } },
{ "type": "Feature", "properties": { "LENGTH": 603.6376, "TRANS_LN_": 186.0, "FEATURES": "Highway" }, "geometry": { "type": "MultiLineString", "coordinates": [ [ [ 85.128591096000036, 27.860746211000048 ], [ 85.127640408000048, 27.860555462000036 ], [ 85.127196297000069, 27.860319961000073 ], [ 85.126972591000083, 27.860287950000043 ], [ 85.126173847000075, 27.860368920000042 ], [ 85.12603972200003, 27.860408366000058 ], [ 85.125675052000076, 27.860675289000085 ], [ 85.12549886100004, 27.860697031000086 ], [ 85.12549886100004, 27.860697031000086 ], [ 85.125141627000062, 27.860578124000085 ], [ 85.124968376000083, 27.860577281000076 ], [ 85.124597701000084, 27.860693101000038 ], [ 85.124597701000084, 27.860693101000038 ], [ 85.12445049400003, 27.860633390000089 ], [ 85.124137739000048, 27.860396808000075 ], [ 85.12354947700004, 27.86039708900006 ], [ 85.123095256000056, 27.860287991000064 ], [ 85.122989946000075, 27.860291104000055 ], [ 85.122944106000034, 27.860399763000089 ] ] ] } },
{ "type": "Feature", "properties": { "LENGTH": 700.5951, "TRANS_LN_": 189.0, "FEATURES": "Highway" }, "geometry": { "type": "MultiLineString", "coordinates": [ [ [ 85.134363519000033, 27.860642461000054 ], [ 85.133431459000064, 27.860535070000083 ], [ 85.133254590000035, 27.860430493000081 ], [ 85.133041954000078, 27.860242740000047 ], [ 85.132841961000054, 27.860172193000039 ], [ 85.13260318600004, 27.860277927000084 ], [ 85.132341936000046, 27.860663584000065 ], [ 85.132167930000037, 27.860773298000083 ], [ 85.131972163000057, 27.860804232000078 ], [ 85.131972163000057, 27.860804232000078 ], [ 85.131553193000059, 27.860424158000058 ], [ 85.131335032000038, 27.860376316000043 ], [ 85.131150711000032, 27.860409411000035 ], [ 85.130822317000082, 27.86068507400006 ], [ 85.130669461000082, 27.860754006000036 ], [ 85.130669461000082, 27.860754006000036 ], [ 85.13056941800005, 27.860714219000045 ], [ 85.130542486000081, 27.860687368000072 ], [ 85.130293062000078, 27.860256269000047 ], [ 85.130121296000084, 27.860153903000082 ], [ 85.129795143000081, 27.860217485000078 ], [ 85.129247778000035, 27.860612247000063 ], [ 85.128955791000067, 27.860727435000058 ], [ 85.128591096000036, 27.860746211000048 ] ] ] } },
{ "type": "Feature", "properties": { "LENGTH": 134.5763, "TRANS_LN_": 196.0, "FEATURES": "Highway" }, "geometry": { "type": "MultiLineString", "coordinates": [ [ [ 85.157356008000079, 27.859695718000069 ], [ 85.157359396000061, 27.859715993000066 ], [ 85.157360308000079, 27.85992127600008 ], [ 85.157164779000084, 27.860153022000077 ], [ 85.156661576000033, 27.860513682000089 ], [ 85.156530683000028, 27.86055764200006 ] ] ] } },
{ "type": "Feature", "properties": { "LENGTH": 54.18, "TRANS_LN_": 198.0, "FEATURES": "Highway" }, "geometry": { "type": "MultiLineString", "coordinates": [ [ [ 85.157281694000062, 27.859211315000039 ], [ 85.157356008000079, 27.859695718000069 ] ] ] } },
{ "type": "Feature", "properties": { "LENGTH": 152.1777, "TRANS_LN_": 1062.0, "FEATURES": "Highway" }, "geometry": { "type": "MultiLineString", "coordinates": [ [ [ 85.001125612000067, 27.798794183000041 ], [ 85.000975940000046, 27.798795268000049 ], [ 85.000975940000046, 27.798795268000049 ], [ 85.000580434000028, 27.798477778000063 ], [ 85.00041247200005, 27.798005229000069 ], [ 85.000411261000067, 27.797734514000069 ] ] ] } },
{ "type": "Feature", "properties": { "LENGTH": 506.3147, "TRANS_LN_": 1078.0, "FEATURES": "Highway" }, "geometry": { "type": "MultiLineString", "coordinates": [ [ [ 85.000411261000067, 27.797734514000069 ], [ 85.000410119000037, 27.79754050400004 ], [ 85.000679824000031, 27.796726382000088 ], [ 85.000513062000039, 27.79638467400008 ], [ 84.999974341000041, 27.795802007000077 ], [ 84.999570218000031, 27.795511648000058 ], [ 84.99915827600006, 27.795406339000067 ], [ 84.998889996000059, 27.795406023000055 ], [ 84.998679596000045, 27.795493273000091 ], [ 84.997652215000073, 27.796125615000051 ] ] ] } },
{ "type": "Feature", "properties": { "LENGTH": 1181.074, "TRANS_LN_": 1125.0, "FEATURES": "Highway" }, "geometry": { "type": "MultiLineString", "coordinates": [ [ [ 85.009236070000043, 27.792037036000067 ], [ 85.009103345000028, 27.792155319000074 ], [ 85.007947640000054, 27.793510601000037 ], [ 85.00770927700006, 27.793934216000082 ], [ 85.007496719000073, 27.795093107000071 ], [ 85.007044944000029, 27.79582735300005 ], [ 85.006572110000036, 27.79641059700009 ], [ 85.006104959000083, 27.796853924000061 ], [ 85.005651758000056, 27.797159531000091 ], [ 85.005216190000056, 27.797313855000084 ], [ 85.002907419000053, 27.797711903000049 ], [ 85.002369119000036, 27.798006837000059 ], [ 85.001357117000055, 27.798794761000067 ], [ 85.001357117000055, 27.798794761000067 ], [ 85.001125612000067, 27.798794183000041 ] ] ] } },
{ "type": "Feature", "properties": { "LENGTH": 112.5203, "TRANS_LN_": 1132.0, "FEATURES": "Highway" }, "geometry": { "type": "MultiLineString", "coordinates": [ [ [ 85.009937403000038, 27.791271631000086 ], [ 85.009906645000058, 27.791443314000048 ], [ 85.009236070000043, 27.792037036000067 ] ] ] } },
{ "type": "Feature", "properties": { "LENGTH": 417.6528, "TRANS_LN_": 1161.0, "FEATURES": "Highway" }, "geometry": { "type": "MultiLineString", "coordinates": [ [ [ 85.010728425000082, 27.787656208000044 ], [ 85.010773870000037, 27.787838613000076 ], [ 85.010889769000073, 27.788370187000055 ], [ 85.010798850000072, 27.788756633000048 ], [ 85.010674650000055, 27.789041800000064 ], [ 85.01044276500005, 27.789546590000043 ], [ 85.010125605000042, 27.790225716000066 ], [ 85.009937403000038, 27.791271631000086 ] ] ] } },
{ "type": "Feature", "properties": { "LENGTH": 790.8282, "TRANS_LN_": 1237.0, "FEATURES": "Highway" }, "geometry": { "type": "MultiLineString", "coordinates": [ [ [ 85.013661821000028, 27.781399068000042 ], [ 85.013613953000061, 27.781981473000087 ], [ 85.013529279000068, 27.782629574000055 ], [ 85.013442031000068, 27.783000202000039 ], [ 85.01333001100005, 27.783366499000067 ], [ 85.01308249200008, 27.783824031000051 ], [ 85.01231381100007, 27.784294405000082 ], [ 85.012041834000058, 27.784713762000081 ], [ 85.011924957000076, 27.785172591000048 ], [ 85.011777667000047, 27.785771516000068 ], [ 85.011615927000037, 27.786111104000042 ], [ 85.011492603000079, 27.786353402000088 ], [ 85.011268340000072, 27.786652839000055 ], [ 85.010775300000034, 27.787033202000089 ], [ 85.010679362000076, 27.787151217000087 ], [ 85.010645457000066, 27.78732517900005 ], [ 85.010728425000082, 27.787656208000044 ] ] ] } },
{ "type": "Feature", "properties": { "LENGTH": 1305.059, "TRANS_LN_": 1280.0, "FEATURES": "Highway" }, "geometry": { "type": "MultiLineString", "coordinates": [ [ [ 85.024394316000041, 27.777773464000063 ], [ 85.024295548000055, 27.778128391000052 ], [ 85.02416928100007, 27.778526387000056 ], [ 85.023953522000056, 27.77905138300008 ], [ 85.023925072000054, 27.779128299000035 ], [ 85.023786693000034, 27.779384254000036 ], [ 85.023611218000042, 27.779674325000087 ], [ 85.023159659000044, 27.780007048000073 ], [ 85.022759969000049, 27.780190488000073 ], [ 85.021308420000082, 27.78052834600004 ], [ 85.02061537700007, 27.780535722000081 ], [ 85.02061537700007, 27.780535722000081 ], [ 85.020168977000083, 27.780471337000051 ], [ 85.019476058000066, 27.780083902000058 ], [ 85.019033466000053, 27.780019485000082 ], [ 85.017251233000081, 27.780258217000039 ], [ 85.016319793000036, 27.780269582000074 ], [ 85.016068069000028, 27.780409051000049 ], [ 85.01569190400005, 27.780669003000071 ], [ 85.015544490000082, 27.780773863000036 ], [ 85.015167407000035, 27.780866875000072 ], [ 85.015167407000035, 27.780866875000072 ], [ 85.01407499000004, 27.780820750000089 ], [ 85.013821653000036, 27.780991811000035 ], [ 85.013682285000073, 27.781143987000064 ], [ 85.013661821000028, 27.781399068000042 ] ] ] } },
{ "type": "Feature", "properties": { "LENGTH": 387.0423, "TRANS_LN_": 1344.0, "FEATURES": "Highway" }, "geometry": { "type": "MultiLineString", "coordinates": [ [ [ 85.026711218000059, 27.77404060300006 ], [ 85.026686617000053, 27.77405432200004 ], [ 85.026356046000046, 27.774302684000077 ], [ 85.026065335000055, 27.774541724000073 ], [ 85.02594171700008, 27.774680260000082 ], [ 85.025830039000084, 27.774807426000052 ], [ 85.025725971000043, 27.775002216000075 ], [ 85.025602924000054, 27.775269340000079 ], [ 85.025511411000082, 27.775585862000071 ], [ 85.025419431000046, 27.775852755000074 ], [ 85.025259649000077, 27.776192344000037 ], [ 85.02516143400004, 27.77640288200007 ], [ 85.025056560000053, 27.776579630000072 ], [ 85.024797543000034, 27.776886114000035 ], [ 85.024729191000063, 27.776967837000086 ] ] ] } },
{ "type": "Feature", "properties": { "LENGTH": 761.8626, "TRANS_LN_": 1352.0, "FEATURES": "Highway" }, "geometry": { "type": "MultiLineString", "coordinates": [ [ [ 85.033726544000046, 27.773334070000089 ], [ 85.033718968000073, 27.773471744000062 ], [ 85.033676354000079, 27.773659313000053 ], [ 85.033534258000032, 27.773854393000079 ], [ 85.033302670000069, 27.773973437000052 ], [ 85.033141498000077, 27.774028787000077 ], [ 85.033010675000071, 27.774074885000061 ], [ 85.032805710000048, 27.774126049000074 ], [ 85.032675244000075, 27.774142816000051 ], [ 85.032557417000078, 27.774154976000091 ], [ 85.032557417000078, 27.774154976000091 ], [ 85.03241405700004, 27.774149279000085 ], [ 85.032258607000074, 27.774139160000061 ], [ 85.031778577000068, 27.77400287100005 ], [ 85.03119037600004, 27.773826778000057 ], [ 85.030797383000049, 27.773707884000089 ], [ 85.030448714000045, 27.773649572000068 ], [ 85.029776383000069, 27.773562085000037 ], [ 85.029407047000063, 27.77353099600009 ], [ 85.028703778000079, 27.773524952000059 ], [ 85.028253792000044, 27.773548604000041 ], [ 85.027656794000052, 27.77365005300004 ], [ 85.027362744000072, 27.773735711000086 ], [ 85.027077148000046, 27.773843867000039 ], [ 85.026711218000059, 27.77404060300006 ] ] ] } },
{ "type": "Feature", "properties": { "LENGTH": 512.227, "TRANS_LN_": 1407.0, "FEATURES": "Highway" }, "geometry": { "type": "MultiLineString", "coordinates": [ [ [ 85.035703950000084, 27.769549459000075 ], [ 85.035568104000049, 27.769600109000066 ], [ 85.035232781000047, 27.769744750000086 ], [ 85.034929058000046, 27.76994555400006 ], [ 85.034601034000048, 27.770191659000091 ], [ 85.034186328000033, 27.770591822000085 ], [ 85.033949920000055, 27.770871081000053 ], [ 85.033740488000035, 27.771253915000045 ], [ 85.033599765000076, 27.771661051000081 ], [ 85.033545260000039, 27.771932181000068 ], [ 85.033517762000031, 27.772176037000065 ], [ 85.033544372000051, 27.772442048000073 ], [ 85.03361456500005, 27.772757366000064 ], [ 85.03367884000005, 27.773050168000054 ], [ 85.033729772000072, 27.773273134000078 ], [ 85.033726544000046, 27.773334070000089 ] ] ] } },
{ "type": "Feature", "properties": { "LENGTH": 34.09025, "TRANS_LN_": 1408.0, "FEATURES": "Highway" }, "geometry": { "type": "MultiLineString", "coordinates": [ [ [ 85.036025623000057, 27.769436503000065 ], [ 85.035812640000074, 27.769510292000064 ], [ 85.035703950000084, 27.769549459000075 ] ] ] } },
{ "type": "Feature", "properties": { "LENGTH": 140.3266, "TRANS_LN_": 1418.0, "FEATURES": "Highway" }, "geometry": { "type": "MultiLineString", "coordinates": [ [ [ 85.037190657000053, 27.768793825000046 ], [ 85.03717903900008, 27.768839033000063 ], [ 85.037068228000066, 27.76898876100006 ], [ 85.036968823000052, 27.769070724000073 ], [ 85.036845345000074, 27.769155123000075 ], [ 85.036303062000059, 27.769339671000068 ], [ 85.036025623000057, 27.769436503000065 ] ] ] } },
{ "type": "Feature", "properties": { "LENGTH": 302.1855, "TRANS_LN_": 1443.0, "FEATURES": "Highway" }, "geometry": { "type": "MultiLineString", "coordinates": [ [ [ 85.039314946000047, 27.76734304200005 ], [ 85.038958661000038, 27.767415657000072 ], [ 85.03863493700004, 27.767445162000058 ], [ 85.038218419000032, 27.767518227000039 ], [ 85.038023678000059, 27.767576090000091 ], [ 85.03783138700004, 27.767624910000052 ], [ 85.037595785000065, 27.767786856000043 ], [ 85.037379360000045, 27.768032130000051 ], [ 85.037268508000068, 27.768177348000052 ], [ 85.037234090000084, 27.768626554000036 ], [ 85.037190657000053, 27.768793825000046 ] ] ] } },
{ "type": "Feature", "properties": { "LENGTH": 447.1387, "TRANS_LN_": 1465.0, "FEATURES": "Highway" }, "geometry": { "type": "MultiLineString", "coordinates": [ [ [ 85.043571378000081, 27.766013767000061 ], [ 85.043380222000053, 27.766114474000062 ], [ 85.042881111000042, 27.76636865800009 ], [ 85.042620298000031, 27.766478914000061 ], [ 85.042464955000071, 27.766545510000071 ], [ 85.042272690000061, 27.766596593000088 ], [ 85.041688327000031, 27.766754406000075 ], [ 85.041008699000031, 27.766962567000064 ], [ 85.040206597000065, 27.767160366000041 ], [ 85.039352288000032, 27.767335993000074 ], [ 85.039314946000047, 27.76734304200005 ] ] ] } },
{ "type": "Feature", "properties": { "LENGTH": 371.4974, "TRANS_LN_": 1515.0, "FEATURES": "Highway" }, "geometry": { "type": "MultiLineString", "coordinates": [ [ [ 85.045504139000059, 27.763643881000064 ], [ 85.045605655000031, 27.764049196000087 ], [ 85.045631385000036, 27.764220459000057 ], [ 85.045644811000045, 27.764364743000044 ], [ 85.045614750000084, 27.764536428000042 ], [ 85.045584430000076, 27.764681042000063 ], [ 85.045492185000057, 27.764914110000063 ], [ 85.045405858000038, 27.765036587000054 ], [ 85.045225849000076, 27.76517556500005 ], [ 85.044677790000037, 27.765482014000042 ], [ 85.043907623000052, 27.765835259000085 ], [ 85.043571378000081, 27.766013767000061 ] ] ] } },
{ "type": "Feature", "properties": { "LENGTH": 677.0432, "TRANS_LN_": 28.0, "FEATURES": "Highway" }, "geometry": { "type": "MultiLineString", "coordinates": [ [ [ 85.203681982000035, 27.995681786000091 ], [ 85.20365735300004, 27.996038430000056 ], [ 85.203728205000061, 27.99635363200008 ], [ 85.203789888000074, 27.996472654000058 ], [ 85.204596694000031, 27.996747572000061 ], [ 85.205435716000068, 27.997290652000061 ], [ 85.205667885000082, 27.99748487700009 ], [ 85.20608388900007, 27.997697793000043 ], [ 85.20734221500004, 27.998007082000072 ], [ 85.207694812000057, 27.998060383000052 ], [ 85.207813786000031, 27.998131525000076 ], [ 85.207872380000083, 27.998200943000086 ], [ 85.207929163000074, 27.998335796000049 ], [ 85.207928810000055, 27.998532060000059 ], [ 85.207598650000079, 27.999351587000035 ] ] ] } },
{ "type": "Feature", "properties": { "LENGTH": 818.5896, "TRANS_LN_": 54.0, "FEATURES": "Highway" }, "geometry": { "type": "MultiLineString", "coordinates": [ [ [ 85.204020726000067, 27.99351769000009 ], [ 85.204129721000072, 27.993663368000057 ], [ 85.204241090000039, 27.993736837000085 ], [ 85.205090207000069, 27.994047476000048 ], [ 85.205262257000072, 27.99414973800009 ], [ 85.205386292000071, 27.994333633000053 ], [ 85.205450452000036, 27.99456091400009 ], [ 85.205483336000043, 27.995289273000083 ], [ 85.20555214400008, 27.995534560000067 ], [ 85.205694429000062, 27.995702503000075 ], [ 85.205909475000055, 27.995842738000078 ], [ 85.20628195900008, 27.995913914000084 ], [ 85.206435137000028, 27.995975734000069 ], [ 85.206513901000051, 27.996087837000061 ], [ 85.206513711000071, 27.996184841000058 ], [ 85.206457362000037, 27.996259780000059 ], [ 85.206320152000046, 27.996319636000067 ], [ 85.206127954000067, 27.996348393000062 ], [ 85.206127954000067, 27.996348393000062 ], [ 85.205704719000039, 27.99628442900007 ], [ 85.205546157000072, 27.996195584000077 ], [ 85.205446838000057, 27.996063358000072 ], [ 85.20525398500007, 27.995690574000037 ], [ 85.204878792000045, 27.995204337000075 ], [ 85.204706590000058, 27.99508854000004 ], [ 85.204404595000028, 27.995070883000039 ], [ 85.204068451000069, 27.995182109000041 ], [ 85.203909248000059, 27.995321112000056 ], [ 85.203681982000035, 27.995681786000091 ] ] ] } },
{ "type": "Feature", "properties": { "LENGTH": 252.7205, "TRANS_LN_": 66.0, "FEATURES": "Highway" }, "geometry": { "type": "MultiLineString", "coordinates": [ [ [ 85.202198688000067, 27.993590030000064 ], [ 85.202198982000084, 27.993502048000039 ], [ 85.20244892900007, 27.993066734000081 ], [ 85.202564781000035, 27.992914577000079 ], [ 85.202636778000056, 27.992875597000079 ], [ 85.202740716000051, 27.992852130000074 ], [ 85.203043256000058, 27.992919415000074 ], [ 85.203421386000059, 27.993213882000077 ], [ 85.203951722000056, 27.993425804000083 ], [ 85.204020726000067, 27.99351769000009 ] ] ] } },
{ "type": "Feature", "properties": { "LENGTH": 141.5166, "TRANS_LN_": 71.0, "FEATURES": "Highway" }, "geometry": { "type": "MultiLineString", "coordinates": [ [ [ 85.197980351000069, 27.992595910000091 ], [ 85.197972891000063, 27.992668163000076 ], [ 85.198048942000071, 27.992938206000076 ], [ 85.198212679000051, 27.993266137000035 ], [ 85.198246502000075, 27.993509478000078 ], [ 85.198201175000065, 27.993719669000086 ], [ 85.19816036800006, 27.993821540000056 ] ] ] } },
{ "type": "Feature", "properties": { "LENGTH": 1088.662, "TRANS_LN_": 84.0, "FEATURES": "Highway" }, "geometry": { "type": "MultiLineString", "coordinates": [ [ [ 85.200831458000039, 27.991761180000083 ], [ 85.200787670000068, 27.992339067000046 ], [ 85.200934765000056, 27.992827308000074 ], [ 85.200974317000032, 27.993185648000065 ], [ 85.200933212000052, 27.993546947000084 ], [ 85.200773841000057, 27.993900256000074 ], [ 85.200545181000052, 27.994193261000078 ], [ 85.200400070000057, 27.994514863000063 ], [ 85.200371543000074, 27.994864773000074 ], [ 85.200544543000035, 27.995454302000041 ], [ 85.200543941000035, 27.995686663000072 ], [ 85.200386282000068, 27.995965512000055 ], [ 85.20017090500005, 27.996138839000082 ], [ 85.199544058000072, 27.996392456000081 ], [ 85.199598302000084, 27.996585988000049 ], [ 85.19973556900004, 27.996645699000055 ], [ 85.200240234000034, 27.99666159800006 ], [ 85.200240234000034, 27.99666159800006 ], [ 85.200788992000071, 27.996528221000062 ], [ 85.201039286000082, 27.996352332000072 ], [ 85.201152677000039, 27.996206966000045 ], [ 85.201211331000081, 27.996053054000072 ], [ 85.201230910000049, 27.995698710000056 ], [ 85.201512856000079, 27.995283421000067 ], [ 85.202042534000043, 27.994175667000036 ], [ 85.202198803000044, 27.993657705000089 ], [ 85.202198688000067, 27.993590030000064 ] ] ] } },
{ "type": "Feature", "properties": { "LENGTH": 73.73653, "TRANS_LN_": 90.0, "FEATURES": "Highway" }, "geometry": { "type": "MultiLineString", "coordinates": [ [ [ 85.200496595000061, 27.991299393000077 ], [ 85.200667076000059, 27.991318207000063 ], [ 85.200794858000052, 27.991382512000087 ], [ 85.200817718000053, 27.991438709000079 ], [ 85.200831458000039, 27.991761180000083 ] ] ] } },
{ "type": "Feature", "properties": { "LENGTH": 826.3102, "TRANS_LN_": 91.0, "FEATURES": "Highway" }, "geometry": { "type": "MultiLineString", "coordinates": [ [ [ 85.19816036800006, 27.993821540000056 ], [ 85.198065762000056, 27.994056975000035 ], [ 85.198020400000075, 27.994551408000063 ], [ 85.197762029000046, 27.995433452000043 ], [ 85.197760473000073, 27.995580098000062 ], [ 85.197828714000082, 27.995660715000042 ], [ 85.197945786000048, 27.995675486000039 ], [ 85.197945786000048, 27.995675486000039 ], [ 85.198117891000038, 27.99561082200006 ], [ 85.198175390000074, 27.995409548000055 ], [ 85.198176007000029, 27.995005740000067 ], [ 85.198200657000029, 27.994879196000056 ], [ 85.198310763000052, 27.994781234000072 ], [ 85.198716881000053, 27.994619782000086 ], [ 85.199016531000041, 27.99402387300006 ], [ 85.199265777000051, 27.993868300000088 ], [ 85.199806623000029, 27.993710182000086 ], [ 85.19993549600008, 27.993528587000071 ], [ 85.20010269200003, 27.992791711000052 ], [ 85.200081684000054, 27.992214390000072 ], [ 85.200123899000062, 27.991780893000055 ], [ 85.200290507000034, 27.99145008000005 ], [ 85.200496595000061, 27.991299393000077 ] ] ] } },
{ "type": "Feature", "properties": { "LENGTH": 230.9105, "TRANS_LN_": 95.0, "FEATURES": "Highway" }, "geometry": { "type": "MultiLineString", "coordinates": [ [ [ 85.197654329000045, 27.99063387800004 ], [ 85.197573786000078, 27.990704512000036 ], [ 85.197532744000057, 27.990957528000081 ], [ 85.197610139000062, 27.991234327000086 ], [ 85.197981003000052, 27.991907861000072 ], [ 85.198024044000078, 27.992180447000067 ], [ 85.197980351000069, 27.992595910000091 ] ] ] } },
{ "type": "Feature", "properties": { "LENGTH": 45.17068, "TRANS_LN_": 102.0, "FEATURES": "Highway" }, "geometry": { "type": "MultiLineString", "coordinates": [ [ [ 85.197980262000044, 27.990346798000076 ], [ 85.197654329000045, 27.99063387800004 ] ] ] } },
{ "type": "Feature", "properties": { "LENGTH": 211.9187, "TRANS_LN_": 119.0, "FEATURES": "Highway" }, "geometry": { "type": "MultiLineString", "coordinates": [ [ [ 85.199589109000044, 27.989328906000082 ], [ 85.199498279000068, 27.989388351000059 ], [ 85.199365521000061, 27.989448162000087 ], [ 85.19890878700005, 27.989569451000079 ], [ 85.198775406000038, 27.989687919000062 ], [ 85.198652492000065, 27.989948417000051 ], [ 85.198560465000071, 27.990014640000084 ], [ 85.198402419000047, 27.990085949000047 ], [ 85.198117990000071, 27.990104219000045 ], [ 85.198028329000067, 27.990154629000074 ], [ 85.197980262000044, 27.990346798000076 ] ] ] } },
{ "type": "Feature", "properties": { "LENGTH": 219.581, "TRANS_LN_": 148.0, "FEATURES": "Highway" }, "geometry": { "type": "MultiLineString", "coordinates": [ [ [ 85.191050974000063, 27.987490132000062 ], [ 85.191077119000056, 27.987498929000083 ], [ 85.191077119000056, 27.987498929000083 ], [ 85.191154776000076, 27.987396742000044 ], [ 85.191170183000054, 27.98718004300008 ], [ 85.191131171000052, 27.98646301000008 ], [ 85.191188818000057, 27.986216619000061 ], [ 85.191285869000069, 27.98608719300006 ], [ 85.19140193800007, 27.986011743000063 ], [ 85.191714622000063, 27.98596391600006 ], [ 85.191761497000073, 27.985893578000059 ] ] ] } },
{ "type": "Feature", "properties": { "LENGTH": 1889.005, "TRANS_LN_": 152.0, "FEATURES": "Highway" }, "geometry": { "type": "MultiLineString", "coordinates": [ [ [ 85.209647545000053, 27.985615603000042 ], [ 85.209545239000079, 27.985670644000038 ], [ 85.209494287000041, 27.985716209000088 ], [ 85.20934255700007, 27.985782964000066 ], [ 85.208550571000046, 27.985862114000042 ], [ 85.207577880000031, 27.986258669000051 ], [ 85.207270845000039, 27.986299715000087 ], [ 85.205958689000056, 27.986336042000062 ], [ 85.205958689000056, 27.986336042000062 ], [ 85.204525290000049, 27.986267393000048 ], [ 85.204457986000079, 27.986385288000065 ], [ 85.204510110000058, 27.986502137000059 ], [ 85.204782434000037, 27.986653151000041 ], [ 85.205621199000063, 27.987008997000089 ], [ 85.206073638000078, 27.987131359000045 ], [ 85.206285404000027, 27.987149805000058 ], [ 85.206285404000027, 27.987149805000058 ], [ 85.206933242000048, 27.987132841000061 ], [ 85.207981299000039, 27.986828119000052 ], [ 85.208067612000036, 27.986876990000042 ], [ 85.208047195000063, 27.98698319600004 ], [ 85.207358055000043, 27.987512611000056 ], [ 85.206906029000038, 27.987712840000086 ], [ 85.206448074000036, 27.987780023000084 ], [ 85.20604869500005, 27.98780157300007 ], [ 85.20604869500005, 27.98780157300007 ], [ 85.204753020000055, 27.987779092000039 ], [ 85.204520247000062, 27.987699920000068 ], [ 85.204373669000063, 27.987601945000051 ], [ 85.204107312000076, 27.987301989000059 ], [ 85.20389825500007, 27.98718425800007 ], [ 85.203504009000028, 27.987210268000069 ], [ 85.202785065000057, 27.987575242000048 ], [ 85.201996172000065, 27.987877660000038 ], [ 85.20142783700004, 27.988189426000076 ], [ 85.200942313000041, 27.988349323000079 ], [ 85.200735071000054, 27.988452647000088 ], [ 85.200212132000047, 27.988791082000034 ], [ 85.199733537000043, 27.989232899000058 ], [ 85.199589109000044, 27.989328906000082 ] ] ] } },
{ "type": "Feature", "properties": { "LENGTH": 757.6659, "TRANS_LN_": 169.0, "FEATURES": "Highway" }, "geometry": { "type": "MultiLineString", "coordinates": [ [ [ 85.20518247800004, 27.984635147000063 ], [ 85.205318412000054, 27.984690352000086 ], [ 85.205318412000054, 27.984690352000086 ], [ 85.206160293000039, 27.98464236600006 ], [ 85.207377419000068, 27.984631686000057 ], [ 85.207868983000083, 27.984731140000065 ], [ 85.20811653800007, 27.984825968000052 ], [ 85.208220787000073, 27.984888217000048 ], [ 85.208251907000033, 27.984944341000073 ], [ 85.208217340000033, 27.985034879000068 ], [ 85.208086422000065, 27.985087915000065 ], [ 85.208086422000065, 27.985087915000065 ], [ 85.208035577000032, 27.98508610500005 ], [ 85.207096340000078, 27.98500637300009 ], [ 85.206948931000056, 27.985061808000069 ], [ 85.20687795200007, 27.985134619000064 ], [ 85.206877403000078, 27.985256441000047 ], [ 85.207139160000054, 27.98537144900007 ], [ 85.207627066000043, 27.985484472000053 ], [ 85.207627066000043, 27.985484472000053 ], [ 85.208913197000072, 27.985394216000088 ], [ 85.209238387000028, 27.985443243000077 ], [ 85.209545376000051, 27.985569128000066 ], [ 85.209647545000053, 27.985615603000042 ] ] ] } },
{ "type": "Feature", "properties": { "LENGTH": 367.6934, "TRANS_LN_": 171.0, "FEATURES": "Highway" }, "geometry": { "type": "MultiLineString", "coordinates": [ [ [ 85.191761497000073, 27.985893578000059 ], [ 85.192055303000075, 27.985457902000064 ], [ 85.192325260000075, 27.985164552000072 ], [ 85.192980804000058, 27.984694155000057 ], [ 85.193352526000069, 27.984584904000087 ], [ 85.193833858000062, 27.984506282000041 ], [ 85.194423589000053, 27.984521465000057 ], [ 85.194833806000076, 27.984619416000044 ] ] ] } },
{ "type": "Feature", "properties": { "LENGTH": 264.7823, "TRANS_LN_": 182.0, "FEATURES": "Highway" }, "geometry": { "type": "MultiLineString", "coordinates": [ [ [ 85.194833806000076, 27.984619416000044 ], [ 85.194914706000077, 27.984639016000074 ], [ 85.194914706000077, 27.984639016000074 ], [ 85.195174958000052, 27.984618708000085 ], [ 85.195528617000036, 27.984484793000036 ], [ 85.195709826000041, 27.984325306000073 ], [ 85.195759674000044, 27.984236893000059 ], [ 85.195963544000051, 27.983540308000045 ], [ 85.19602902500003, 27.983429200000046 ], [ 85.196143344000063, 27.983310900000049 ], [ 85.196289386000046, 27.983246465000036 ], [ 85.196331436000037, 27.983257379000065 ], [ 85.196542584000042, 27.983393151000087 ] ] ] } },
{ "type": "Feature", "properties": { "LENGTH": 687.9483, "TRANS_LN_": 184.0, "FEATURES": "Highway" }, "geometry": { "type": "MultiLineString", "coordinates": [ [ [ 85.202537372000052, 27.983173931000067 ], [ 85.202509177000081, 27.983266669000045 ], [ 85.202047161000053, 27.983539157000052 ], [ 85.201840449000031, 27.983861299000068 ], [ 85.201840449000031, 27.983861299000068 ], [ 85.20176546600004, 27.98385969800006 ], [ 85.201498510000079, 27.983733445000041 ], [ 85.201356192000048, 27.983732433000057 ], [ 85.201069993000033, 27.983933450000052 ], [ 85.200996459000066, 27.984062677000054 ], [ 85.201042051000059, 27.98416379400004 ], [ 85.201218278000056, 27.984243466000066 ], [ 85.20163640700008, 27.984309746000065 ], [ 85.20163640700008, 27.984309746000065 ], [ 85.201921105000054, 27.984259885000085 ], [ 85.202198685000042, 27.984083756000075 ], [ 85.202444583000045, 27.98402972100007 ], [ 85.203176756000062, 27.984057156000063 ], [ 85.203176756000062, 27.984057156000063 ], [ 85.203460182000072, 27.984007302000066 ], [ 85.203761103000033, 27.983873828000071 ], [ 85.204163118000054, 27.983804888000066 ], [ 85.20448080400007, 27.98386527100007 ], [ 85.204857593000042, 27.984270285000036 ], [ 85.20502738700003, 27.984571085000084 ], [ 85.20518247800004, 27.984635147000063 ] ] ] } },
{ "type": "Feature", "properties": { "LENGTH": 672.9675, "TRANS_LN_": 186.0, "FEATURES": "Highway" }, "geometry": { "type": "MultiLineString", "coordinates": [ [ [ 85.196542584000042, 27.983393151000087 ], [ 85.196623197000065, 27.983444335000058 ], [ 85.197946743000045, 27.984441192000077 ], [ 85.198124001000053, 27.98444190400005 ], [ 85.198124001000053, 27.98444190400005 ], [ 85.198776905000045, 27.984309885000073 ], [ 85.199054454000077, 27.984187904000066 ], [ 85.199343423000073, 27.984007170000041 ], [ 85.200227479000034, 27.983579864000035 ], [ 85.200651100000073, 27.983339299000079 ], [ 85.200927574000048, 27.983235370000045 ], [ 85.201203727000063, 27.983217167000078 ], [ 85.201370584000074, 27.983254060000036 ], [ 85.201592941000058, 27.983254373000079 ], [ 85.201592941000058, 27.983254373000079 ], [ 85.202297672000043, 27.983099327000048 ], [ 85.202498047000063, 27.983122389000073 ], [ 85.202545329000031, 27.983146791000081 ], [ 85.202537372000052, 27.983173931000067 ] ] ] } },
{ "type": "Feature", "properties": { "LENGTH": 749.1827, "TRANS_LN_": 197.0, "FEATURES": "Highway" }, "geometry": { "type": "MultiLineString", "coordinates": [ [ [ 85.193933532000074, 27.982193135000045 ], [ 85.19395002300007, 27.982190736000064 ], [ 85.194011627000066, 27.982246599000064 ], [ 85.194022188000076, 27.982282601000065 ], [ 85.193968339000037, 27.982411654000089 ], [ 85.193439534000049, 27.982562876000088 ], [ 85.19318284600007, 27.982675641000071 ], [ 85.19194286000004, 27.983378950000088 ], [ 85.191715830000078, 27.983647112000085 ], [ 85.191616143000033, 27.984229994000088 ], [ 85.191208159000041, 27.985086253000077 ], [ 85.190719154000078, 27.985970283000086 ], [ 85.190802015000031, 27.986341787000072 ], [ 85.190905545000078, 27.987322200000051 ], [ 85.190958563000038, 27.987463862000084 ], [ 85.191050974000063, 27.987490132000062 ] ] ] } },
{ "type": "Feature", "properties": { "LENGTH": 591.2516, "TRANS_LN_": 200.0, "FEATURES": "Highway" }, "geometry": { "type": "MultiLineString", "coordinates": [ [ [ 85.182507594000072, 27.981709826000042 ], [ 85.182566640000061, 27.981939419000071 ], [ 85.182843413000057, 27.98261831800005 ], [ 85.183088826000073, 27.983101224000052 ], [ 85.183539938000081, 27.98386208900007 ], [ 85.18375667600003, 27.984103860000062 ], [ 85.183957128000031, 27.984192370000073 ], [ 85.184334297000078, 27.984231984000075 ], [ 85.184334297000078, 27.984231984000075 ], [ 85.184675925000079, 27.984100456000078 ], [ 85.184803400000078, 27.983964005000075 ], [ 85.184868251000069, 27.983794254000088 ], [ 85.184949842000037, 27.983179950000078 ], [ 85.185035471000049, 27.982876923000049 ], [ 85.185361034000039, 27.982438731000059 ] ] ] } },
{ "type": "Feature", "properties": { "LENGTH": 2188.991, "TRANS_LN_": 223.0, "FEATURES": "Highway" }, "geometry": { "type": "MultiLineString", "coordinates": [ [ [ 85.185361034000039, 27.982438731000059 ], [ 85.185461851000071, 27.982304765000038 ], [ 85.185577179000063, 27.981696936000048 ], [ 85.185962458000063, 27.980910821000066 ], [ 85.186006898000073, 27.980675826000038 ], [ 85.185966570000062, 27.980531797000083 ], [ 85.185744414000055, 27.980317147000051 ], [ 85.185643980000066, 27.98013754100009 ], [ 85.18559375500007, 27.979959759000053 ], [ 85.185633329000041, 27.979686455000035 ], [ 85.185778140000082, 27.979509247000067 ], [ 85.186018042000057, 27.97937182600009 ], [ 85.186535928000069, 27.97926810000007 ], [ 85.186755589000029, 27.979254926000067 ], [ 85.187111494000078, 27.979152595000073 ], [ 85.187223144000029, 27.979138096000042 ], [ 85.187224700000058, 27.979280204000077 ], [ 85.18705682600006, 27.979439565000064 ], [ 85.18679542700005, 27.97958619800005 ], [ 85.186436468000068, 27.979699833000041 ], [ 85.186436019000041, 27.979832934000058 ], [ 85.187016193000034, 27.980021935000082 ], [ 85.187412426000037, 27.980237336000073 ], [ 85.18769418800008, 27.980557495000085 ], [ 85.187753244000078, 27.980787086000078 ], [ 85.18768573400007, 27.980945581000071 ], [ 85.187184453000043, 27.981231895000064 ], [ 85.187294490000056, 27.981997947000082 ], [ 85.187540841000043, 27.982216897000058 ], [ 85.187597854000046, 27.982317920000071 ], [ 85.187541038000063, 27.982814706000056 ], [ 85.187680968000052, 27.983061645000078 ], [ 85.187798378000082, 27.983166658000073 ], [ 85.188070985000081, 27.983288377000065 ], [ 85.188407249000079, 27.983305775000076 ], [ 85.188407249000079, 27.983305775000076 ], [ 85.189211198000066, 27.983158961000072 ], [ 85.189301443000033, 27.983104039000068 ], [ 85.189283516000046, 27.98297560900005 ], [ 85.189153144000045, 27.982963201000075 ], [ 85.188526363000051, 27.982986666000045 ], [ 85.188526363000051, 27.982986666000045 ], [ 85.188295442000083, 27.982900681000046 ], [ 85.188188831000048, 27.982795576000058 ], [ 85.188098985000067, 27.98253918100005 ], [ 85.188081943000043, 27.982259598000041 ], [ 85.188128987000084, 27.981972694000035 ], [ 85.188243530000079, 27.981642345000068 ], [ 85.18842677400005, 27.981494129000055 ], [ 85.188634535000062, 27.981438192000041 ], [ 85.189088361000074, 27.981459084000051 ], [ 85.189731377000044, 27.98158436500006 ], [ 85.189910711000039, 27.981774564000091 ], [ 85.190145114000074, 27.982119943000043 ], [ 85.190349919000028, 27.982546789000082 ], [ 85.190556719000028, 27.982750284000076 ], [ 85.190885600000058, 27.982905349000077 ], [ 85.190885600000058, 27.982905349000077 ], [ 85.191442990000041, 27.98286893900007 ], [ 85.19328854500003, 27.982293480000067 ], [ 85.193573118000074, 27.98223235800009 ], [ 85.193933532000074, 27.982193135000045 ] ] ] } },
{ "type": "Feature", "properties": { "LENGTH": 740.1921, "TRANS_LN_": 273.0, "FEATURES": "Highway" }, "geometry": { "type": "MultiLineString", "coordinates": [ [ [ 85.183923905000029, 27.975333775000081 ], [ 85.183906993000051, 27.975821193000058 ], [ 85.183818614000074, 27.97622124600008 ], [ 85.183659245000058, 27.976694099000042 ], [ 85.183433123000043, 27.977104361000045 ], [ 85.183326945000033, 27.977387261000047 ], [ 85.183246574000066, 27.977764686000057 ], [ 85.183169930000076, 27.978600025000048 ], [ 85.18308998100008, 27.979074450000041 ], [ 85.183087981000028, 27.979997126000058 ], [ 85.183011429000032, 27.980200815000046 ], [ 85.182623651000029, 27.980526742000052 ], [ 85.182439004000059, 27.980954692000068 ], [ 85.182415007000031, 27.981200791000049 ], [ 85.182455856000047, 27.981509497000047 ], [ 85.182507594000072, 27.981709826000042 ] ] ] } },
{ "type": "Feature", "properties": { "LENGTH": 195.5, "TRANS_LN_": 282.0, "FEATURES": "Highway" }, "geometry": { "type": "MultiLineString", "coordinates": [ [ [ 85.185547386000053, 27.974848311000073 ], [ 85.185340647000032, 27.974996726000086 ], [ 85.185161307000044, 27.975036621000072 ], [ 85.185161307000044, 27.975036621000072 ], [ 85.184909549000054, 27.975018487000057 ], [ 85.184535853000057, 27.974945005000052 ], [ 85.184340825000049, 27.974944428000072 ], [ 85.18412029600006, 27.974993700000084 ], [ 85.183931703000042, 27.975117142000045 ], [ 85.183923905000029, 27.975333775000081 ] ] ] } },
{ "type": "Feature", "properties": { "LENGTH": 68.48352, "TRANS_LN_": 303.0, "FEATURES": "Highway" }, "geometry": { "type": "MultiLineString", "coordinates": [ [ [ 85.18588790900003, 27.974270124000043 ], [ 85.185934561000067, 27.973947129000067 ], [ 85.185919100000035, 27.973753256000066 ], [ 85.185890116000053, 27.973658758000056 ] ] ] } },
{ "type": "Feature", "properties": { "LENGTH": 237.1092, "TRANS_LN_": 331.0, "FEATURES": "Highway" }, "geometry": { "type": "MultiLineString", "coordinates": [ [ [ 85.185890116000053, 27.973658758000056 ], [ 85.185870345000069, 27.973593508000079 ], [ 85.185450486000036, 27.972609046000059 ], [ 85.185264221000068, 27.972015095000074 ], [ 85.185113965000028, 27.971635144000061 ] ] ] } },
{ "type": "Feature", "properties": { "LENGTH": 106.0275, "TRANS_LN_": 343.0, "FEATURES": "Highway" }, "geometry": { "type": "MultiLineString", "coordinates": [ [ [ 85.185113965000028, 27.971635144000061 ], [ 85.18482132400004, 27.970897732000083 ], [ 85.184780706000083, 27.970726634000073 ] ] ] } },
{ "type": "Feature", "properties": { "LENGTH": 1431.078, "TRANS_LN_": 426.0, "FEATURES": "Highway" }, "geometry": { "type": "MultiLineString", "coordinates": [ [ [ 85.184780706000083, 27.970726634000073 ], [ 85.18471743300006, 27.97045872800004 ], [ 85.184630029000061, 27.970249682000087 ], [ 85.18448274800005, 27.970025361000069 ], [ 85.184306521000053, 27.969826104000049 ], [ 85.183972795000045, 27.969571804000054 ], [ 85.183335582000041, 27.969272741000054 ], [ 85.182439602000045, 27.969068390000075 ], [ 85.182217563000052, 27.969036460000041 ], [ 85.181595457000071, 27.96913204000009 ], [ 85.181197360000056, 27.969148994000079 ], [ 85.181197360000056, 27.969148994000079 ], [ 85.18073574400006, 27.96910783800007 ], [ 85.180330627000046, 27.968946634000076 ], [ 85.179848694000043, 27.968555986000069 ], [ 85.179517334000082, 27.967933944000038 ], [ 85.179312305000053, 27.967421357000035 ], [ 85.179139804000044, 27.967213037000079 ], [ 85.178615035000064, 27.966795681000065 ], [ 85.178232421000075, 27.966424479000068 ], [ 85.177618022000047, 27.965707852000037 ], [ 85.177341511000066, 27.965455302000066 ], [ 85.17677916100007, 27.965026980000061 ], [ 85.176520191000066, 27.964693066000052 ], [ 85.175342138000076, 27.964186533000088 ], [ 85.174432119000073, 27.963853662000076 ], [ 85.173990462000063, 27.963600258000042 ], [ 85.173893117000034, 27.963526644000069 ] ] ] } },
{ "type": "Feature", "properties": { "LENGTH": 582.7844, "TRANS_LN_": 449.0, "FEATURES": "Highway" }, "geometry": { "type": "MultiLineString", "coordinates": [ [ [ 85.173893117000034, 27.963526644000069 ], [ 85.172670418000052, 27.962589592000086 ], [ 85.172328070000049, 27.962296986000069 ], [ 85.171784693000063, 27.961681241000065 ], [ 85.170133087000067, 27.960195120000037 ], [ 85.169743810000057, 27.959790111000075 ] ] ] } },
{ "type": "Feature", "properties": { "LENGTH": 322.7595, "TRANS_LN_": 473.0, "FEATURES": "Highway" }, "geometry": { "type": "MultiLineString", "coordinates": [ [ [ 85.169743810000057, 27.959790111000075 ], [ 85.169680205000077, 27.959722975000091 ], [ 85.168747690000032, 27.95859392300008 ], [ 85.168405094000036, 27.957922316000065 ], [ 85.168263653000054, 27.957704694000086 ], [ 85.167969259000074, 27.957380087000047 ], [ 85.167953871000066, 27.957366682000043 ] ] ] } },
{ "type": "Feature", "properties": { "LENGTH": 662.2142, "TRANS_LN_": 564.0, "FEATURES": "Highway" }, "geometry": { "type": "MultiLineString", "coordinates": [ [ [ 85.167953871000066, 27.957366682000043 ], [ 85.167072447000066, 27.956555266000066 ], [ 85.166720214000065, 27.956285288000061 ], [ 85.166222379000033, 27.95600075200008 ], [ 85.165565334000064, 27.955735609000044 ], [ 85.165368231000059, 27.955538759000035 ], [ 85.164668774000063, 27.954398679000064 ], [ 85.164392060000068, 27.953825764000044 ], [ 85.164229008000063, 27.953427848000047 ], [ 85.164131902000065, 27.952842133000047 ], [ 85.164131176000069, 27.952774462000036 ] ] ] } },
{ "type": "Feature", "properties": { "LENGTH": 390.3619, "TRANS_LN_": 612.0, "FEATURES": "Highway" }, "geometry": { "type": "MultiLineString", "coordinates": [ [ [ 85.164131176000069, 27.952774462000036 ], [ 85.164120396000044, 27.950940500000058 ], [ 85.164467210000055, 27.94946445800008 ], [ 85.164460829000063, 27.949284040000066 ] ] ] } },
{ "type": "Feature", "properties": { "LENGTH": 72.85377, "TRANS_LN_": 622.0, "FEATURES": "Highway" }, "geometry": { "type": "MultiLineString", "coordinates": [ [ [ 85.164460829000063, 27.949284040000066 ], [ 85.164455373000067, 27.949130684000068 ], [ 85.16436526800004, 27.948901343000045 ], [ 85.164228782000066, 27.948670139000058 ] ] ] } },
{ "type": "Feature", "properties": { "LENGTH": 1837.148, "TRANS_LN_": 818.0, "FEATURES": "Highway" }, "geometry": { "type": "MultiLineString", "coordinates": [ [ [ 85.164228782000066, 27.948670139000058 ], [ 85.163900793000039, 27.948111192000056 ], [ 85.163820471000065, 27.947787020000078 ], [ 85.163644876000035, 27.947402744000044 ], [ 85.163313543000072, 27.946886685000038 ], [ 85.162379607000048, 27.945667359000083 ], [ 85.162182865000034, 27.945323866000081 ], [ 85.161649634000071, 27.944040241000039 ], [ 85.161315306000063, 27.94342043000006 ], [ 85.160787738000067, 27.942129986000054 ], [ 85.160153464000075, 27.940777273000037 ], [ 85.15990587400006, 27.940368783000054 ], [ 85.159528838000028, 27.939850843000045 ], [ 85.158473196000045, 27.938582882000048 ], [ 85.15797978300003, 27.937869652000074 ], [ 85.157839881000029, 27.937494090000087 ], [ 85.157799450000084, 27.937275606000071 ], [ 85.157829762000063, 27.935770656000045 ], [ 85.157803760000036, 27.934403789000044 ], [ 85.157734445000074, 27.93415622100008 ], [ 85.157439601000078, 27.933601488000079 ] ] ] } },
{ "type": "Feature", "properties": { "LENGTH": 708.2986, "TRANS_LN_": 865.0, "FEATURES": "Highway" }, "geometry": { "type": "MultiLineString", "coordinates": [ [ [ 85.157439601000078, 27.933601488000079 ], [ 85.157046888000082, 27.93286033600009 ], [ 85.156873371000074, 27.93260687500009 ], [ 85.156456197000068, 27.932132125000066 ], [ 85.156295646000046, 27.931903370000043 ], [ 85.156200503000036, 27.931495848000054 ], [ 85.156110541000032, 27.93133643300007 ], [ 85.155969270000071, 27.931188728000052 ], [ 85.155782786000032, 27.93108877700007 ], [ 85.153949985000054, 27.930592054000044 ], [ 85.153225486000053, 27.930295830000091 ], [ 85.152671955000073, 27.930013963000079 ], [ 85.15242868200005, 27.929767847000051 ], [ 85.152422993000073, 27.929650587000083 ] ] ] } },
{ "type": "Feature", "properties": { "LENGTH": 61.83789, "TRANS_LN_": 885.0, "FEATURES": "Highway" }, "geometry": { "type": "MultiLineString", "coordinates": [ [ [ 85.152422993000073, 27.929650587000083 ], [ 85.152406657000029, 27.929307824000091 ], [ 85.152311852000082, 27.929110096000045 ] ] ] } },
{ "type": "Feature", "properties": { "LENGTH": 119.1004, "TRANS_LN_": 901.0, "FEATURES": "Highway" }, "geometry": { "type": "MultiLineString", "coordinates": [ [ [ 85.152311852000082, 27.929110096000045 ], [ 85.152198251000073, 27.928876431000049 ], [ 85.152159704000042, 27.928594764000081 ], [ 85.152219091000063, 27.928386722000084 ], [ 85.152399642000034, 27.928107733000047 ] ] ] } },
{ "type": "Feature", "properties": { "LENGTH": 499.1329, "TRANS_LN_": 950.0, "FEATURES": "Highway" }, "geometry": { "type": "MultiLineString", "coordinates": [ [ [ 85.152399642000034, 27.928107733000047 ], [ 85.15284882800006, 27.927413662000049 ], [ 85.153071330000046, 27.926899705000039 ], [ 85.153096764000054, 27.926723530000061 ], [ 85.153066626000054, 27.926396674000046 ], [ 85.152875151000046, 27.925825273000044 ], [ 85.152778710000064, 27.925413247000051 ], [ 85.152779312000064, 27.925110948000054 ], [ 85.152854581000042, 27.924844119000056 ], [ 85.153058400000077, 27.924664195000048 ], [ 85.153692490000083, 27.924582184000087 ], [ 85.153798722000033, 27.924540687000047 ], [ 85.153798806000054, 27.924488800000063 ], [ 85.153773303000037, 27.924419080000064 ] ] ] } },
{ "type": "Feature", "properties": { "LENGTH": 315.5727, "TRANS_LN_": 989.0, "FEATURES": "Highway" }, "geometry": { "type": "MultiLineString", "coordinates": [ [ [ 85.153773303000037, 27.924419080000064 ], [ 85.153671360000033, 27.924146968000059 ], [ 85.153656279000074, 27.923982412000043 ], [ 85.153700998000033, 27.923709071000076 ], [ 85.153658736000068, 27.923556022000071 ], [ 85.153579518000072, 27.923450657000046 ], [ 85.153354598000078, 27.923317186000077 ], [ 85.152684187000034, 27.92302727200007 ], [ 85.152529083000047, 27.922890959000085 ], [ 85.152425411000081, 27.922395524000081 ], [ 85.152286146000051, 27.922195912000063 ] ] ] } },
{ "type": "Feature", "properties": { "LENGTH": 685.6462, "TRANS_LN_": 1027.0, "FEATURES": "Highway" }, "geometry": { "type": "MultiLineString", "coordinates": [ [ [ 85.152286146000051, 27.922195912000063 ], [ 85.152198461000069, 27.922070313000063 ], [ 85.152000248000036, 27.921880218000069 ], [ 85.151680317000057, 27.921648277000088 ], [ 85.15090630900005, 27.921167468000078 ], [ 85.150069401000053, 27.920802231000039 ], [ 85.149505971000053, 27.92029935100004 ], [ 85.149349242000028, 27.920248773000083 ], [ 85.148418556000081, 27.920261047000054 ], [ 85.148418556000081, 27.920261047000054 ], [ 85.147909881000032, 27.920132188000082 ], [ 85.14743263400004, 27.919912828000065 ], [ 85.146568947000048, 27.919775640000069 ], [ 85.146191782000074, 27.919774268000083 ] ] ] } },
{ "type": "Feature", "properties": { "LENGTH": 145.3582, "TRANS_LN_": 1033.0, "FEATURES": "Highway" }, "geometry": { "type": "MultiLineString", "coordinates": [ [ [ 85.146191782000074, 27.919774268000083 ], [ 85.145599651000055, 27.919558113000051 ], [ 85.145298342000046, 27.919344049000074 ], [ 85.145018209000057, 27.91903054900007 ] ] ] } },
{ "type": "Feature", "properties": { "LENGTH": 38.38233, "TRANS_LN_": 1041.0, "FEATURES": "Highway" }, "geometry": { "type": "MultiLineString", "coordinates": [ [ [ 85.145018209000057, 27.91903054900007 ], [ 85.144775352000067, 27.918759600000044 ] ] ] } },
{ "type": "Feature", "properties": { "LENGTH": 296.2757, "TRANS_LN_": 1071.0, "FEATURES": "Highway" }, "geometry": { "type": "MultiLineString", "coordinates": [ [ [ 85.144775352000067, 27.918759600000044 ], [ 85.144292863000032, 27.918222186000037 ], [ 85.143945702000053, 27.917934055000046 ], [ 85.143559518000075, 27.917738740000061 ], [ 85.143225615000063, 27.917624203000059 ], [ 85.142758029000049, 27.917416026000069 ], [ 85.142493530000081, 27.917199395000068 ], [ 85.142461147000063, 27.917138753000074 ] ] ] } },
{ "type": "Feature", "properties": { "LENGTH": 314.5391, "TRANS_LN_": 1107.0, "FEATURES": "Highway" }, "geometry": { "type": "MultiLineString", "coordinates": [ [ [ 85.142461147000063, 27.917138753000074 ], [ 85.141993699000068, 27.916278609000074 ], [ 85.141869677000045, 27.915835219000087 ], [ 85.141832338000029, 27.915544513000043 ], [ 85.141899916000057, 27.915268730000037 ], [ 85.142204240000069, 27.914925561000075 ], [ 85.142525505000037, 27.91474467900008 ], [ 85.142583319000039, 27.914687801000071 ] ] ] } },
{ "type": "Feature", "properties": { "LENGTH": 83.94479, "TRANS_LN_": 1117.0, "FEATURES": "Highway" }, "geometry": { "type": "MultiLineString", "coordinates": [ [ [ 85.142583319000039, 27.914687801000071 ], [ 85.14276305900006, 27.914512604000038 ], [ 85.143011085000069, 27.914129294000077 ], [ 85.143028054000069, 27.914052452000078 ] ] ] } },
{ "type": "Feature", "properties": { "LENGTH": 112.3187, "TRANS_LN_": 1130.0, "FEATURES": "Highway" }, "geometry": { "type": "MultiLineString", "coordinates": [ [ [ 85.143028054000069, 27.914052452000078 ], [ 85.14312140800007, 27.913632074000077 ], [ 85.143181947000073, 27.913049542000067 ] ] ] } },
{ "type": "Feature", "properties": { "LENGTH": 213.6478, "TRANS_LN_": 1144.0, "FEATURES": "Highway" }, "geometry": { "type": "MultiLineString", "coordinates": [ [ [ 85.143181947000073, 27.913049542000067 ], [ 85.143211382000061, 27.912769562000051 ], [ 85.143322545000046, 27.91247311300009 ], [ 85.143528950000075, 27.912117219000038 ], [ 85.143749118000073, 27.911862727000084 ], [ 85.144096483000055, 27.911568828000043 ], [ 85.144183579000071, 27.911398910000059 ] ] ] } },
{ "type": "Feature", "properties": { "LENGTH": 559.6079, "TRANS_LN_": 1205.0, "FEATURES": "Highway" }, "geometry": { "type": "MultiLineString", "coordinates": [ [ [ 85.144183579000071, 27.911398910000059 ], [ 85.144325423000055, 27.911122508000062 ], [ 85.144426679000048, 27.910790046000045 ], [ 85.144468249000056, 27.910336258000086 ], [ 85.144368815000064, 27.909635490000085 ], [ 85.144389763000049, 27.909393932000057 ], [ 85.144479318000037, 27.909156315000075 ], [ 85.144698032000065, 27.90900560700004 ], [ 85.144883201000084, 27.908925111000087 ], [ 85.145270503000063, 27.90886774900008 ], [ 85.145401950000064, 27.908810258000074 ], [ 85.145531693000066, 27.90865126500006 ], [ 85.145548843000029, 27.90853155800005 ], [ 85.145417202000033, 27.908329618000039 ], [ 85.14505983600003, 27.907973896000044 ], [ 85.144946963000052, 27.90780563900006 ], [ 85.14487248100005, 27.907605480000086 ], [ 85.144857813000044, 27.907418360000065 ], [ 85.144877751000081, 27.907201625000084 ] ] ] } },
{ "type": "Feature", "properties": { "LENGTH": 350.5341, "TRANS_LN_": 1242.0, "FEATURES": "Highway" }, "geometry": { "type": "MultiLineString", "coordinates": [ [ [ 85.144877751000081, 27.907201625000084 ], [ 85.144905579000067, 27.906890075000035 ], [ 85.145066763000045, 27.906581929000083 ], [ 85.145560006000039, 27.905975496000053 ], [ 85.145803862000037, 27.90556063300005 ], [ 85.145954109000058, 27.905058567000083 ], [ 85.145994834000078, 27.904284444000041 ] ] ] } },
{ "type": "Feature", "properties": { "LENGTH": 367.9231, "TRANS_LN_": 1286.0, "FEATURES": "Highway" }, "geometry": { "type": "MultiLineString", "coordinates": [ [ [ 85.145994834000078, 27.904284444000041 ], [ 85.146055688000047, 27.903131157000075 ], [ 85.146122350000041, 27.902408704000038 ], [ 85.146174470000062, 27.900968986000066 ] ] ] } },
{ "type": "Feature", "properties": { "LENGTH": 399.7418, "TRANS_LN_": 1343.0, "FEATURES": "Highway" }, "geometry": { "type": "MultiLineString", "coordinates": [ [ [ 85.146174470000062, 27.900968986000066 ], [ 85.146220754000069, 27.899698511000054 ], [ 85.14644695100003, 27.897790366000038 ], [ 85.146489548000034, 27.897374920000061 ] ] ] } },
{ "type": "Feature", "properties": { "LENGTH": 64.32923, "TRANS_LN_": 1352.0, "FEATURES": "Highway" }, "geometry": { "type": "MultiLineString", "coordinates": [ [ [ 85.146489548000034, 27.897374920000061 ], [ 85.146549476000075, 27.896796903000052 ] ] ] } },
{ "type": "Feature", "properties": { "LENGTH": 107.2586, "TRANS_LN_": 1373.0, "FEATURES": "Highway" }, "geometry": { "type": "MultiLineString", "coordinates": [ [ [ 85.146549476000075, 27.896796903000052 ], [ 85.14656387000008, 27.896656915000051 ], [ 85.14675851100003, 27.896152223000058 ], [ 85.147058093000055, 27.896027909000054 ] ] ] } },
{ "type": "Feature", "properties": { "LENGTH": 406.0973, "TRANS_LN_": 1426.0, "FEATURES": "Highway" }, "geometry": { "type": "MultiLineString", "coordinates": [ [ [ 85.147058093000055, 27.896027909000054 ], [ 85.147255299000051, 27.895947310000054 ], [ 85.147490502000039, 27.895737806000056 ], [ 85.147571900000059, 27.89545062500008 ], [ 85.147384682000052, 27.894552066000074 ], [ 85.14738529400006, 27.894369330000075 ], [ 85.147605911000028, 27.894101294000052 ], [ 85.147877741000059, 27.893934347000084 ], [ 85.148318756000037, 27.893738919000043 ], [ 85.14843779000006, 27.893649946000039 ], [ 85.148588854000081, 27.893468212000073 ], [ 85.148674493000044, 27.893282512000042 ], [ 85.148789432000058, 27.893166501000053 ] ] ] } },
{ "type": "Feature", "properties": { "LENGTH": 171.534, "TRANS_LN_": 1432.0, "FEATURES": "Highway" }, "geometry": { "type": "MultiLineString", "coordinates": [ [ [ 85.148789432000058, 27.893166501000053 ], [ 85.149060545000054, 27.893112355000085 ], [ 85.149679699000046, 27.89307560900005 ], [ 85.15042760700004, 27.892728722000072 ] ] ] } },
{ "type": "Feature", "properties": { "LENGTH": 36.94046, "TRANS_LN_": 1438.0, "FEATURES": "Highway" }, "geometry": { "type": "MultiLineString", "coordinates": [ [ [ 85.15042760700004, 27.892728722000072 ], [ 85.150366365000082, 27.892399867000051 ] ] ] } },
{ "type": "Feature", "properties": { "LENGTH": 1267.721, "TRANS_LN_": 1571.0, "FEATURES": "Highway" }, "geometry": { "type": "MultiLineString", "coordinates": [ [ [ 85.150366365000082, 27.892399867000051 ], [ 85.150354225000058, 27.89233229000007 ], [ 85.149909125000079, 27.891539660000035 ], [ 85.149836064000056, 27.891233463000049 ], [ 85.149888581000027, 27.890917194000053 ], [ 85.150160909000078, 27.890378009000074 ], [ 85.150260813000045, 27.890041042000064 ], [ 85.150194863000081, 27.889806975000056 ], [ 85.150061516000051, 27.889562191000039 ], [ 85.149966719000076, 27.889301293000074 ], [ 85.14998864100005, 27.888913090000074 ], [ 85.150086050000084, 27.888400180000076 ], [ 85.150086807000037, 27.888111414000036 ], [ 85.150033347000033, 27.887917850000065 ], [ 85.149961538000071, 27.887789861000044 ], [ 85.149519075000057, 27.887364923000064 ], [ 85.149370857000065, 27.887154101000078 ], [ 85.149267510000072, 27.886744383000064 ], [ 85.149166919000038, 27.88653541900004 ], [ 85.148794795000072, 27.886098614000048 ], [ 85.148638885000082, 27.885820177000085 ], [ 85.148498207000046, 27.885000188000049 ], [ 85.14842638600004, 27.884750378000035 ], [ 85.148202212000058, 27.884258195000086 ], [ 85.147821564000083, 27.883613911000054 ], [ 85.147405007000032, 27.882994740000072 ], [ 85.14663317000003, 27.882028852000076 ] ] ] } },
{ "type": "Feature", "properties": { "LENGTH": 153.4384, "TRANS_LN_": 1593.0, "FEATURES": "Highway" }, "geometry": { "type": "MultiLineString", "coordinates": [ [ [ 85.14663317000003, 27.882028852000076 ], [ 85.146587492000037, 27.88197057800005 ], [ 85.145939483000063, 27.88131046400008 ], [ 85.145595351000054, 27.880997492000063 ] ] ] } },
{ "type": "Feature", "properties": { "LENGTH": 86.13274, "TRANS_LN_": 1599.0, "FEATURES": "Highway" }, "geometry": { "type": "MultiLineString", "coordinates": [ [ [ 85.145595351000054, 27.880997492000063 ], [ 85.14540308100004, 27.880820871000083 ], [ 85.144936251000047, 27.880488613000068 ] ] ] } },
{ "type": "Feature", "properties": { "LENGTH": 812.3586, "TRANS_LN_": 1661.0, "FEATURES": "Highway" }, "geometry": { "type": "MultiLineString", "coordinates": [ [ [ 85.144936251000047, 27.880488613000068 ], [ 85.144866552000053, 27.880439562000049 ], [ 85.143870467000056, 27.879994385000089 ], [ 85.143531006000046, 27.879762584000048 ], [ 85.143307354000058, 27.879498238000053 ], [ 85.143056503000082, 27.878577638000081 ], [ 85.142892051000047, 27.878148116000091 ], [ 85.142547276000073, 27.877469680000047 ], [ 85.142144625000071, 27.876960917000076 ], [ 85.141552785000044, 27.876386041000046 ], [ 85.141302660000065, 27.876198613000042 ], [ 85.141069911000045, 27.876094510000087 ], [ 85.139909007000028, 27.875844678000078 ], [ 85.139486269000031, 27.875658673000089 ] ] ] } },
{ "type": "Feature", "properties": { "LENGTH": 53.78497, "TRANS_LN_": 1668.0, "FEATURES": "Highway" }, "geometry": { "type": "MultiLineString", "coordinates": [ [ [ 85.139055419000044, 27.875364449000074 ], [ 85.139138040000034, 27.875435956000047 ], [ 85.139154118000079, 27.875456127000064 ], [ 85.139467136000064, 27.875649808000048 ], [ 85.139486269000031, 27.875658673000089 ] ] ] } },
{ "type": "Feature", "properties": { "LENGTH": 35.38361, "TRANS_LN_": 1697.0, "FEATURES": "Highway" }, "geometry": { "type": "MultiLineString", "coordinates": [ [ [ 85.208349422000083, 28.00035336500008 ], [ 85.208082707000074, 28.000139146000038 ] ] ] } },
{ "type": "Feature", "properties": { "LENGTH": 1665.587, "TRANS_LN_": 46.0, "FEATURES": "District Road" }, "geometry": { "type": "MultiLineString", "coordinates": [ [ [ 85.235723886000073, 28.071306871000047 ], [ 85.23607535900004, 28.071351079000067 ], [ 85.236420305000081, 28.07143594900009 ], [ 85.236711636000052, 28.071613791000061 ], [ 85.237152301000037, 28.072117383000091 ], [ 85.237389762000078, 28.072365640000044 ], [ 85.237714910000079, 28.072498059000054 ], [ 85.238047161000054, 28.072528900000066 ], [ 85.239222899000083, 28.072538591000068 ], [ 85.239754358000027, 28.072642072000065 ], [ 85.240105305000043, 28.072695297000053 ], [ 85.240708657000084, 28.072913172000085 ], [ 85.24116728100006, 28.072985723000045 ], [ 85.241631316000053, 28.073031154000034 ], [ 85.241823664000037, 28.073115136000069 ], [ 85.241928252000037, 28.073308191000081 ], [ 85.242101683000044, 28.074069093000048 ], [ 85.242324317000055, 28.074795712000082 ], [ 85.242768162000061, 28.075461676000089 ], [ 85.243197689000056, 28.076098442000045 ], [ 85.24338103000008, 28.076559227000075 ], [ 85.243368695000072, 28.076868387000047 ], [ 85.243245179000041, 28.077406394000036 ], [ 85.243222968000055, 28.077686319000065 ], [ 85.243341369000063, 28.077863457000035 ], [ 85.243669784000076, 28.077946202000078 ], [ 85.244088414000032, 28.077967222000041 ], [ 85.244536242000038, 28.078094 ], [ 85.245967488000076, 28.078640458000052 ], [ 85.246654068000055, 28.078848526000058 ], [ 85.247142420000046, 28.078904996000063 ], [ 85.247142420000046, 28.078904996000063 ], [ 85.247561273000031, 28.078889910000044 ], [ 85.247613173000047, 28.078869135000048 ] ] ] } },
{ "type": "Feature", "properties": { "LENGTH": 621.776, "TRANS_LN_": 50.0, "FEATURES": "District Road" }, "geometry": { "type": "MultiLineString", "coordinates": [ [ [ 85.230711996000082, 28.068870479000054 ], [ 85.230870050000078, 28.06895929600006 ], [ 85.231134018000034, 28.069247932000053 ], [ 85.231283999000084, 28.069632335000051 ], [ 85.231387340000083, 28.069996854000067 ], [ 85.231511577000049, 28.070298022000088 ], [ 85.231760799000028, 28.070575510000083 ], [ 85.232085763000043, 28.07074854800004 ], [ 85.232470705000082, 28.070828558000073 ], [ 85.233367196000074, 28.070940065000059 ], [ 85.233977476000064, 28.071042860000091 ], [ 85.234634604000064, 28.071183579000035 ], [ 85.23547876300006, 28.07127749600005 ], [ 85.235723886000073, 28.071306871000047 ] ] ] } },
{ "type": "Feature", "properties": { "LENGTH": 798.778, "TRANS_LN_": 54.0, "FEATURES": "District Road" }, "geometry": { "type": "MultiLineString", "coordinates": [ [ [ 85.223883873000034, 28.066432058000089 ], [ 85.223931329000038, 28.066524124000068 ], [ 85.224136092000037, 28.066695998000057 ], [ 85.224573406000047, 28.066910915000051 ], [ 85.225110628000039, 28.067077565000091 ], [ 85.225535201000071, 28.067233940000051 ], [ 85.225917975000073, 28.067460618000041 ], [ 85.226109141000052, 28.067666448000068 ], [ 85.22627949200006, 28.067998791000036 ], [ 85.226448577000042, 28.06838754100005 ], [ 85.226620264000076, 28.068557451000061 ], [ 85.226865287000066, 28.068690612000069 ], [ 85.226865287000066, 28.068690612000069 ], [ 85.227331376000052, 28.068639072000053 ], [ 85.228236840000079, 28.068423435000057 ], [ 85.228583333000074, 28.068366194000077 ], [ 85.229087999000058, 28.06835265300009 ], [ 85.229453165000052, 28.068371941000066 ], [ 85.229923341000074, 28.068512102000057 ], [ 85.230506615000081, 28.068757273000074 ], [ 85.230711996000082, 28.068870479000054 ] ] ] } },
{ "type": "Feature", "properties": { "LENGTH": 691.4319, "TRANS_LN_": 63.0, "FEATURES": "District Road" }, "geometry": { "type": "MultiLineString", "coordinates": [ [ [ 85.227758907000066, 28.061448133000056 ], [ 85.227476342000045, 28.061870246000069 ], [ 85.227026931000069, 28.062435969000035 ], [ 85.226674246000073, 28.063345970000057 ], [ 85.226425514000084, 28.063724919000038 ], [ 85.225983274000043, 28.064139433000037 ], [ 85.225501844000064, 28.064518202000045 ], [ 85.224812547000056, 28.065124408000088 ], [ 85.224565781000081, 28.065397311000083 ], [ 85.224244712000029, 28.065677644000061 ], [ 85.224003483000047, 28.065878309000084 ], [ 85.223852448000059, 28.06607140300008 ], [ 85.223820828000044, 28.066310804000068 ], [ 85.223883873000034, 28.066432058000089 ] ] ] } },
{ "type": "Feature", "properties": { "LENGTH": 763.9285, "TRANS_LN_": 102.0, "FEATURES": "District Road" }, "geometry": { "type": "MultiLineString", "coordinates": [ [ [ 85.217744426000081, 28.033228626000039 ], [ 85.217583152000032, 28.033469177000086 ], [ 85.217528137000045, 28.033720065000068 ], [ 85.217762514000071, 28.034327069000085 ], [ 85.217958686000031, 28.034758454000041 ], [ 85.218246326000042, 28.03535370600008 ], [ 85.218566279000072, 28.03610883500005 ], [ 85.218729562000078, 28.036497650000058 ], [ 85.219170658000053, 28.037059956000064 ], [ 85.219503587000077, 28.037724734000051 ], [ 85.219750240000053, 28.038516605000041 ], [ 85.219767175000072, 28.038890926000079 ], [ 85.219706340000073, 28.03902005000009 ], [ 85.219451915000036, 28.039229848000048 ], [ 85.219291246000068, 28.039411743000073 ], [ 85.219278306000035, 28.039504347000047 ] ] ] } },
{ "type": "Feature", "properties": { "LENGTH": 540.4196, "TRANS_LN_": 108.0, "FEATURES": "District Road" }, "geometry": { "type": "MultiLineString", "coordinates": [ [ [ 85.221531071000072, 28.030341349000082 ], [ 85.221513099000049, 28.030382114000076 ], [ 85.221372400000064, 28.03047360000005 ], [ 85.221019872000056, 28.030548921000047 ], [ 85.220799580000062, 28.030627577000075 ], [ 85.22043319800008, 28.030770696000047 ], [ 85.220259197000075, 28.030952710000065 ], [ 85.220164534000048, 28.031181392000065 ], [ 85.220226465000053, 28.03176962100008 ], [ 85.220112430000029, 28.031915009000045 ], [ 85.219845767000038, 28.031996332000062 ], [ 85.219845767000038, 28.031996332000062 ], [ 85.219667136000055, 28.031993406000083 ], [ 85.219493945000067, 28.032022014000063 ], [ 85.219246881000061, 28.032150535000085 ], [ 85.218611487000032, 28.032675020000056 ], [ 85.217765068000062, 28.033199117000038 ], [ 85.217744426000081, 28.033228626000039 ] ] ] } },
{ "type": "Feature", "properties": { "LENGTH": 2047.411, "TRANS_LN_": 151.0, "FEATURES": "District Road" }, "geometry": { "type": "MultiLineString", "coordinates": [ [ [ 85.214093597000044, 28.016973617000076 ], [ 85.21426742400007, 28.017003663000082 ], [ 85.214914858000043, 28.017444602000069 ], [ 85.215245353000057, 28.017617637000058 ], [ 85.215245353000057, 28.017617637000058 ], [ 85.21586396400005, 28.017528698000035 ], [ 85.216196652000065, 28.017500940000048 ], [ 85.216494542000078, 28.017543421000084 ], [ 85.216708959000073, 28.01767913000009 ], [ 85.216887106000058, 28.017810649000069 ], [ 85.217049802000076, 28.017867860000081 ], [ 85.217049802000076, 28.017867860000081 ], [ 85.217641927000045, 28.017797195000071 ], [ 85.217841631000056, 28.017811216000041 ], [ 85.218032793000077, 28.017969688000051 ], [ 85.218125082000029, 28.018095199000072 ], [ 85.218109293000055, 28.018442741000058 ], [ 85.217948189000083, 28.01903520500008 ], [ 85.217972204000034, 28.01930569600006 ], [ 85.218038213000057, 28.019411136000087 ], [ 85.218374690000076, 28.019719462000069 ], [ 85.219393233000062, 28.020380419000048 ], [ 85.219986924000068, 28.020842112000082 ], [ 85.220546434000028, 28.021540972000082 ], [ 85.221024614000044, 28.022296949000065 ], [ 85.221353534000059, 28.02260984600008 ], [ 85.221817273000056, 28.022817774000089 ], [ 85.222055804000036, 28.02294874800009 ], [ 85.222247211000081, 28.023127514000066 ], [ 85.222389135000071, 28.023539074000041 ], [ 85.22251222500006, 28.023971104000054 ], [ 85.222833587000082, 28.02451416200006 ], [ 85.22301570500008, 28.024995295000053 ], [ 85.223143056000083, 28.025747617000036 ], [ 85.223036430000036, 28.026659933000076 ], [ 85.222915950000072, 28.027640047000091 ], [ 85.222839628000031, 28.028028734000088 ], [ 85.222709494000071, 28.028492343000039 ], [ 85.22246758600005, 28.028907318000051 ], [ 85.222192853000081, 28.029117301000042 ], [ 85.221925845000044, 28.029279842000051 ], [ 85.221772009000063, 28.029502284000046 ], [ 85.22164908700006, 28.029929734000063 ], [ 85.221607379000034, 28.030175993000057 ], [ 85.221531071000072, 28.030341349000082 ] ] ] } },
{ "type": "Feature", "properties": { "LENGTH": 1424.525, "TRANS_LN_": 215.0, "FEATURES": "District Road" }, "geometry": { "type": "MultiLineString", "coordinates": [ [ [ 85.216160707000029, 28.008419146000051 ], [ 85.216072516000054, 28.008431206000068 ], [ 85.215744301000029, 28.008515320000072 ], [ 85.215535937000084, 28.008747262000043 ], [ 85.215394643000081, 28.009010191000073 ], [ 85.215204307000079, 28.009602911000059 ], [ 85.215006259000063, 28.010414518000061 ], [ 85.214807420000056, 28.011212597000053 ], [ 85.214748446000044, 28.011959809000075 ], [ 85.214723931000037, 28.012266824000051 ], [ 85.21461626100006, 28.012412151000035 ], [ 85.214363693000053, 28.012556502000052 ], [ 85.213945917000046, 28.012758709000082 ], [ 85.213718558000039, 28.012941186000035 ], [ 85.213461961000064, 28.013293111000053 ], [ 85.213340024000047, 28.013526542000079 ], [ 85.213012698000057, 28.013748250000049 ], [ 85.212679428000058, 28.013893311000061 ], [ 85.212406214000055, 28.014067167000064 ], [ 85.212260209000078, 28.014251180000088 ], [ 85.212191976000042, 28.014457066000091 ], [ 85.212138488000051, 28.015355373000091 ], [ 85.21208383000004, 28.015525045000061 ], [ 85.211983169000064, 28.015672564000056 ], [ 85.211722687000076, 28.01579216600004 ], [ 85.211490446000028, 28.01587993600009 ], [ 85.211383, 28.015989165000065 ], [ 85.21140207500008, 28.016160442000057 ], [ 85.211545656000055, 28.016497557000037 ], [ 85.211920245000044, 28.016977009000072 ], [ 85.212173961000076, 28.017331198000079 ], [ 85.212457556000061, 28.017515933000084 ], [ 85.212610287000075, 28.017534888000057 ], [ 85.212610287000075, 28.017534888000057 ], [ 85.212870440000074, 28.017442358000039 ], [ 85.213516543000082, 28.01708473900004 ], [ 85.21374245700008, 28.016999277000082 ], [ 85.214081498000041, 28.016971468000065 ], [ 85.214093597000044, 28.016973617000076 ] ] ] } },
{ "type": "Feature", "properties": { "LENGTH": 12.37437, "TRANS_LN_": 217.0, "FEATURES": "District Road" }, "geometry": { "type": "MultiLineString", "coordinates": [ [ [ 85.216285064000033, 28.008402255000078 ], [ 85.216160707000029, 28.008419146000051 ] ] ] } },
{ "type": "Feature", "properties": { "LENGTH": 1275.298, "TRANS_LN_": 218.0, "FEATURES": "District Road" }, "geometry": { "type": "MultiLineString", "coordinates": [ [ [ 85.211043989000075, 28.008407926000075 ], [ 85.210941976000072, 28.008661482000036 ], [ 85.210912514000029, 28.009038472000043 ], [ 85.210837566000066, 28.009325627000067 ], [ 85.210648827000057, 28.009665670000061 ], [ 85.210546197000042, 28.009977884000079 ], [ 85.210479913000029, 28.01086953500004 ], [ 85.210391366000067, 28.01113425200009 ], [ 85.210050132000049, 28.011419240000066 ], [ 85.209789799000077, 28.011665165000068 ], [ 85.209614503000068, 28.011957715000051 ], [ 85.209479821000059, 28.012245396000083 ], [ 85.20922562700008, 28.012586013000089 ], [ 85.208911845000046, 28.012769243000037 ], [ 85.208542505000082, 28.012928146000036 ], [ 85.208339162000073, 28.013042727000084 ], [ 85.208244222000076, 28.013133796000091 ], [ 85.208195863000071, 28.013298900000052 ], [ 85.208394577000035, 28.013452808000068 ], [ 85.208734517000039, 28.013506215000064 ], [ 85.208734517000039, 28.013506215000064 ], [ 85.208920849000037, 28.013461715000062 ], [ 85.20932390400003, 28.013191977000076 ], [ 85.209665321000045, 28.012922780000054 ], [ 85.209952274000045, 28.012613456000054 ], [ 85.210223189000033, 28.012290737000058 ], [ 85.210398338000061, 28.012212495000085 ], [ 85.210644522000052, 28.012178745000085 ], [ 85.21124327800004, 28.012135120000039 ], [ 85.211376313000073, 28.012041457000066 ], [ 85.211463019000064, 28.011896317000037 ], [ 85.21152345400003, 28.011618313000042 ], [ 85.211598907000052, 28.011376270000085 ], [ 85.211740159000044, 28.011165229000085 ], [ 85.212259248000066, 28.010874156000057 ], [ 85.212532147000047, 28.010729629000082 ], [ 85.21272179500005, 28.01041439100004 ], [ 85.212776674000054, 28.010321416000068 ] ] ] } },
{ "type": "Feature", "properties": { "LENGTH": 26.82883, "TRANS_LN_": 219.0, "FEATURES": "District Road" }, "geometry": { "type": "MultiLineString", "coordinates": [ [ [ 85.214901199000053, 28.008017461000065 ], [ 85.214998311000045, 28.008007579000036 ], [ 85.215172581000047, 28.008021829000086 ] ] ] } },
{ "type": "Feature", "properties": { "LENGTH": 574.303, "TRANS_LN_": 220.0, "FEATURES": "District Road" }, "geometry": { "type": "MultiLineString", "coordinates": [ [ [ 85.212776674000054, 28.010321416000068 ], [ 85.21299811800003, 28.009951755000088 ], [ 85.21334295500003, 28.00913885500006 ], [ 85.213491760000068, 28.008751788000041 ], [ 85.213587571000062, 28.008399027000053 ], [ 85.213668454000072, 28.008188517000065 ], [ 85.213735529000076, 28.008106714000064 ], [ 85.213889092000045, 28.008030914000074 ], [ 85.214069185000028, 28.007997741000054 ], [ 85.214115081000045, 28.008067268000048 ], [ 85.21410701800005, 28.008198180000079 ], [ 85.214005316000055, 28.008478805000038 ], [ 85.213930534000042, 28.008666703000074 ], [ 85.213889810000069, 28.008831741000051 ], [ 85.213915143000065, 28.008937543000059 ], [ 85.214027653000073, 28.008997458000067 ], [ 85.214027653000073, 28.008997458000067 ], [ 85.21413414500006, 28.00897395800007 ], [ 85.21422816200004, 28.008858079000049 ], [ 85.214282991000061, 28.008704195000064 ], [ 85.214324635000082, 28.008451170000058 ], [ 85.214426282000034, 28.008222430000046 ], [ 85.214591638000059, 28.008121710000069 ], [ 85.214759051000044, 28.008034508000037 ], [ 85.214901199000053, 28.008017461000065 ] ] ] } },
{ "type": "Feature", "properties": { "LENGTH": 285.282, "TRANS_LN_": 221.0, "FEATURES": "District Road" }, "geometry": { "type": "MultiLineString", "coordinates": [ [ [ 85.215172581000047, 28.008021829000086 ], [ 85.215369116000034, 28.008038139000064 ], [ 85.215369116000034, 28.008038139000064 ], [ 85.215543007000065, 28.008018554000046 ], [ 85.216236385000059, 28.007915418000039 ], [ 85.216615452000042, 28.007889505000037 ], [ 85.216915805000042, 28.007983849000084 ], [ 85.217036956000072, 28.008077522000065 ], [ 85.217049152000072, 28.008201487000065 ], [ 85.216926495000052, 28.008313110000074 ], [ 85.216391656000042, 28.008387776000063 ], [ 85.216285064000033, 28.008402255000078 ] ] ] } },
{ "type": "Feature", "properties": { "LENGTH": 721.4342, "TRANS_LN_": 278.0, "FEATURES": "District Road" }, "geometry": { "type": "MultiLineString", "coordinates": [ [ [ 85.210063492000074, 28.002095613000051 ], [ 85.210028608000073, 28.002271878000045 ], [ 85.210110182000051, 28.002862198000059 ], [ 85.210177688000044, 28.003615065000076 ], [ 85.210239160000071, 28.004225864000091 ], [ 85.210343560000069, 28.004527232000044 ], [ 85.210546719000035, 28.004852544000073 ], [ 85.210763837000059, 28.005119081000089 ], [ 85.210960746000069, 28.005453471000067 ], [ 85.210973373000058, 28.006412104000049 ], [ 85.211029273000065, 28.006865041000083 ], [ 85.211111936000066, 28.007324510000046 ], [ 85.211140039000043, 28.008019070000046 ], [ 85.211084788000051, 28.00830605200008 ], [ 85.211043989000075, 28.008407926000075 ] ] ] } },
{ "type": "Feature", "properties": { "LENGTH": 358.6841, "TRANS_LN_": 281.0, "FEATURES": "District Road" }, "geometry": { "type": "MultiLineString", "coordinates": [ [ [ 85.21351648600006, 28.00205615200008 ], [ 85.213511298000071, 28.002103572000067 ], [ 85.213363942000058, 28.002222177000078 ], [ 85.213011272000074, 28.002277175000074 ], [ 85.21214707200005, 28.002329915000075 ], [ 85.21214707200005, 28.002329915000075 ], [ 85.211403516000075, 28.002318422000087 ], [ 85.21090653400006, 28.002196472000037 ], [ 85.210482239000044, 28.002040041000043 ], [ 85.21029001200003, 28.002010152000082 ], [ 85.210130208000066, 28.002038629000083 ], [ 85.210063492000074, 28.002095613000051 ] ] ] } },
{ "type": "Feature", "properties": { "LENGTH": 465.6288, "TRANS_LN_": 287.0, "FEATURES": "District Road" }, "geometry": { "type": "MultiLineString", "coordinates": [ [ [ 85.209166973000038, 28.001074824000057 ], [ 85.209637546000067, 28.001165431000061 ], [ 85.209836710000047, 28.001190749000045 ], [ 85.21025164100007, 28.001419451000061 ], [ 85.21116392700003, 28.00186033500006 ], [ 85.211433913000064, 28.001968494000039 ], [ 85.211433913000064, 28.001968494000039 ], [ 85.212999479000075, 28.00190506000007 ], [ 85.213318854000079, 28.001884195000059 ], [ 85.213472910000064, 28.001909906000037 ], [ 85.213525691000029, 28.001970348000043 ], [ 85.21351648600006, 28.00205615200008 ] ] ] } },
{ "type": "Feature", "properties": { "LENGTH": 122.1377, "TRANS_LN_": 298.0, "FEATURES": "District Road" }, "geometry": { "type": "MultiLineString", "coordinates": [ [ [ 85.208350693000057, 28.000353354000083 ], [ 85.208336621000058, 28.000515901000085 ], [ 85.208639697000081, 28.000799732000075 ], [ 85.209068904000048, 28.00105538400004 ], [ 85.209166973000038, 28.001074824000057 ] ] ] } },
{ "type": "Feature", "properties": { "LENGTH": 3006.03, "TRANS_LN_": 337.0, "FEATURES": "District Road" }, "geometry": { "type": "MultiLineString", "coordinates": [ [ [ 85.219278306000035, 28.039504347000047 ], [ 85.21927007000005, 28.039563073000068 ], [ 85.219467097000063, 28.039899702000071 ], [ 85.219531723000046, 28.040106667000089 ], [ 85.219566887000042, 28.040688365000051 ], [ 85.21967692100003, 28.041088930000058 ], [ 85.219768369000064, 28.041306936000069 ], [ 85.219973203000052, 28.041433700000084 ], [ 85.220289976000061, 28.041622634000078 ], [ 85.220525171000077, 28.042017574000056 ], [ 85.220585425000081, 28.04211855200009 ], [ 85.220966151000084, 28.042791924000085 ], [ 85.221164309000073, 28.043171401000052 ], [ 85.221290900000042, 28.043517677000068 ], [ 85.221842591000041, 28.044412855000076 ], [ 85.221890090000045, 28.044678623000038 ], [ 85.221777907000046, 28.045045069000082 ], [ 85.221786228000042, 28.045275092000054 ], [ 85.222082122000074, 28.045640163000087 ], [ 85.222713673000044, 28.046175946000062 ], [ 85.223104274000036, 28.046427379000079 ], [ 85.224243491000038, 28.046717257000068 ], [ 85.224541826000063, 28.046847692000085 ], [ 85.225044229000048, 28.047204147000059 ], [ 85.225336206000065, 28.047278241000072 ], [ 85.225947838000081, 28.04728857300006 ], [ 85.226112498000077, 28.047458548000066 ], [ 85.226194460000045, 28.048071407000066 ], [ 85.226324747000035, 28.048237176000043 ], [ 85.226556779000077, 28.048350152000069 ], [ 85.226822214000038, 28.048381619000054 ], [ 85.227527061000046, 28.048427205000053 ], [ 85.227744604000065, 28.048551588000066 ], [ 85.227881994000029, 28.048782712000047 ], [ 85.228012074000048, 28.049153763000049 ], [ 85.228163320000078, 28.049373484000057 ], [ 85.228611996000041, 28.049698824000075 ], [ 85.228743688000066, 28.049875858000064 ], [ 85.228778274000035, 28.049954503000038 ], [ 85.228777741000044, 28.04996353100006 ], [ 85.228739770000061, 28.050369923000062 ], [ 85.228576013000065, 28.050951141000041 ], [ 85.228600527000083, 28.051262229000088 ], [ 85.228821909000033, 28.051835489000041 ], [ 85.229181256000061, 28.052689494000049 ], [ 85.229222739000079, 28.05331850400006 ], [ 85.22910470100004, 28.05395119700006 ], [ 85.22877550700008, 28.054407569000091 ], [ 85.22854075500004, 28.054727744000047 ], [ 85.228499275000047, 28.054881512000065 ], [ 85.228546595000068, 28.055688682000039 ], [ 85.228439796000032, 28.05585657000006 ], [ 85.22812491600007, 28.056118809000054 ], [ 85.22805081100006, 28.056254823000074 ], [ 85.22797829600006, 28.057090134000077 ], [ 85.227901299000052, 28.057587109000053 ], [ 85.227833149000048, 28.057799768000052 ], [ 85.227832196000065, 28.05793963900004 ], [ 85.227877447000083, 28.05811744600004 ], [ 85.22819230500005, 28.058635730000049 ], [ 85.228395927000065, 28.058931679000068 ], [ 85.228420823000079, 28.059220205000088 ], [ 85.228379218000043, 28.059419091000052 ], [ 85.228123585000048, 28.059804872000086 ], [ 85.227854729000057, 28.060202049000054 ], [ 85.227778581000052, 28.06055013100007 ], [ 85.227806839000039, 28.061190538000062 ], [ 85.227778915000044, 28.061418628000069 ], [ 85.227758907000066, 28.061448133000056 ] ] ] } },
{ "type": "Feature", "properties": { "LENGTH": 252.9241, "TRANS_LN_": 35.0, "FEATURES": "District Road" }, "geometry": { "type": "MultiLineString", "coordinates": [ [ [ 85.283541077000052, 28.099751411000057 ], [ 85.283878236000078, 28.100079859000061 ], [ 85.284497013000077, 28.100504924000063 ], [ 85.285495855000079, 28.101228702000071 ] ] ] } },
{ "type": "Feature", "properties": { "LENGTH": 273.9388, "TRANS_LN_": 45.0, "FEATURES": "District Road" }, "geometry": { "type": "MultiLineString", "coordinates": [ [ [ 85.281834927000034, 28.096875423000085 ], [ 85.282075378000059, 28.097308546000079 ], [ 85.282552281000051, 28.098319201000038 ], [ 85.28283005000003, 28.098788067000044 ], [ 85.283023383000057, 28.099108838000063 ] ] ] } },
{ "type": "Feature", "properties": { "LENGTH": 21.12611, "TRANS_LN_": 47.0, "FEATURES": "District Road" }, "geometry": { "type": "MultiLineString", "coordinates": [ [ [ 85.281695834000061, 28.096730095000055 ], [ 85.281834927000034, 28.096875423000085 ] ] ] } },
{ "type": "Feature", "properties": { "LENGTH": 964.7559, "TRANS_LN_": 53.0, "FEATURES": "District Road" }, "geometry": { "type": "MultiLineString", "coordinates": [ [ [ 85.276504084000067, 28.089812565000045 ], [ 85.276181507000047, 28.090550961000076 ], [ 85.276071086000059, 28.090946755000061 ], [ 85.275981755000032, 28.091351376000091 ], [ 85.276072824000039, 28.091792668000039 ], [ 85.276230192000071, 28.092032576000065 ], [ 85.276603549000072, 28.092360706000079 ], [ 85.277071042000046, 28.092690215000061 ], [ 85.27713471800007, 28.092804669000088 ], [ 85.277139134000038, 28.093285115000072 ], [ 85.277253604000066, 28.093446468000081 ], [ 85.277613285000029, 28.093639374000077 ], [ 85.277836597000032, 28.093808735000039 ], [ 85.27801540400003, 28.094032651000077 ], [ 85.278144481000083, 28.094245750000084 ], [ 85.278265404000081, 28.094522088000076 ], [ 85.27845171000007, 28.094734653000046 ], [ 85.278854140000078, 28.094992576000038 ], [ 85.279487802000062, 28.09533631700009 ], [ 85.28000632800007, 28.095516456000041 ], [ 85.280279882000059, 28.095685345000049 ], [ 85.280574649000073, 28.095980360000055 ], [ 85.281092591000061, 28.096325174000071 ] ] ] } },
{ "type": "Feature", "properties": { "LENGTH": 223.3642, "TRANS_LN_": 55.0, "FEATURES": "District Road" }, "geometry": { "type": "MultiLineString", "coordinates": [ [ [ 85.27509574000004, 28.08756984900009 ], [ 85.275736349000056, 28.088021824000066 ], [ 85.276281400000073, 28.088458894000041 ], [ 85.276546834000044, 28.088749680000035 ], [ 85.276639338000052, 28.088936052000065 ], [ 85.27665402000008, 28.088994566000054 ] ] ] } },
{ "type": "Feature", "properties": { "LENGTH": 266.036, "TRANS_LN_": 58.0, "FEATURES": "District Road" }, "geometry": { "type": "MultiLineString", "coordinates": [ [ [ 85.271982105000063, 28.085875309000073 ], [ 85.272443613000064, 28.086024425000062 ], [ 85.273197728000071, 28.086558825000054 ], [ 85.273744450000038, 28.08686956400004 ], [ 85.274262084000043, 28.087139967000041 ] ] ] } },
{ "type": "Feature", "properties": { "LENGTH": 594.8347, "TRANS_LN_": 62.0, "FEATURES": "District Road" }, "geometry": { "type": "MultiLineString", "coordinates": [ [ [ 85.260553273000028, 28.081198446000087 ], [ 85.26056642900005, 28.081344954000087 ], [ 85.260332456000071, 28.081728337000072 ], [ 85.260076566000066, 28.08219538600008 ], [ 85.260061804000031, 28.082292522000046 ], [ 85.260146595000037, 28.082420325000044 ], [ 85.260419769000066, 28.082562189000043 ], [ 85.260646801000064, 28.082618755000055 ], [ 85.260646801000064, 28.082618755000055 ], [ 85.261022780000076, 28.082525067000063 ], [ 85.261870190000081, 28.082235299000047 ], [ 85.262289562000035, 28.082100604000061 ], [ 85.262556203000031, 28.082064313000046 ], [ 85.262744187000067, 28.08209867700009 ], [ 85.263031750000039, 28.082220100000086 ], [ 85.263620828000057, 28.08273125900007 ], [ 85.263727881000079, 28.08275057600008 ], [ 85.264248129000066, 28.082759318000058 ] ] ] } },
{ "type": "Feature", "properties": { "LENGTH": 609.8269, "TRANS_LN_": 64.0, "FEATURES": "District Road" }, "geometry": { "type": "MultiLineString", "coordinates": [ [ [ 85.255361014000073, 28.077444981000042 ], [ 85.255678313000033, 28.077500729000064 ], [ 85.255799290000084, 28.077788368000085 ], [ 85.255925479000041, 28.078141378000055 ], [ 85.256183172000078, 28.078484160000073 ], [ 85.256520581000075, 28.078792375000035 ], [ 85.257116699000051, 28.079147847000058 ], [ 85.257764056000042, 28.07948028900006 ], [ 85.258376779000059, 28.07967769600009 ], [ 85.258822585000075, 28.079847305000044 ], [ 85.259289734000049, 28.080156578000071 ], [ 85.259771670000077, 28.080425109000089 ], [ 85.260072806000039, 28.080674996000084 ] ] ] } },
{ "type": "Feature", "properties": { "LENGTH": 731.8652, "TRANS_LN_": 66.0, "FEATURES": "District Road" }, "geometry": { "type": "MultiLineString", "coordinates": [ [ [ 85.247613173000047, 28.078869135000048 ], [ 85.247770092000053, 28.078802290000056 ], [ 85.247995666000065, 28.078788959000065 ], [ 85.248235038000075, 28.078649177000045 ], [ 85.248452486000076, 28.07859305900007 ], [ 85.248806654000077, 28.07853795200009 ], [ 85.24922567200008, 28.07848225400005 ], [ 85.249544130000061, 28.078418447000047 ], [ 85.250015168000061, 28.078242714000055 ], [ 85.251166209000075, 28.077652477000072 ], [ 85.251753657000052, 28.077371909000078 ], [ 85.252447886000084, 28.077088108000055 ], [ 85.252824332000046, 28.076980904000038 ], [ 85.253048611000054, 28.076911181000071 ], [ 85.253214574000083, 28.076911921000089 ], [ 85.253430232000028, 28.076921231000085 ], [ 85.254504145000055, 28.077247536000073 ] ] ] } },
{ "type": "Feature", "properties": { "LENGTH": 667.3281, "TRANS_LN_": 234.0, "FEATURES": "District Road" }, "geometry": { "type": "MultiLineString", "coordinates": [ [ [ 85.295105083000067, 28.113371489000087 ], [ 85.29526969300008, 28.113360911000086 ], [ 85.295515814000055, 28.11325256300006 ], [ 85.296184119000031, 28.112761251000052 ], [ 85.296872470000039, 28.112244933000056 ], [ 85.297249567000051, 28.112027065000063 ], [ 85.29756343300005, 28.111893259000055 ], [ 85.297799971000074, 28.111834626000075 ], [ 85.298243802000059, 28.111665751000089 ], [ 85.298654735000071, 28.111458839000079 ], [ 85.299136128000043, 28.111346 ], [ 85.299372610000034, 28.111282853000034 ], [ 85.299629272000061, 28.111099957000079 ], [ 85.299841726000068, 28.110890411000071 ], [ 85.30004617600008, 28.110597475000077 ], [ 85.300104569000041, 28.110481876000051 ], [ 85.300230027000055, 28.110442338000041 ], [ 85.30045603800005, 28.110460497000076 ], [ 85.300658263000059, 28.110510462000036 ], [ 85.30067699500006, 28.11058698100004 ] ] ] } },
{ "type": "Feature", "properties": { "LENGTH": 1753.681, "TRANS_LN_": 235.0, "FEATURES": "District Road" }, "geometry": { "type": "MultiLineString", "coordinates": [ [ [ 85.286337126000035, 28.101750928000058 ], [ 85.286617263000039, 28.101989672000059 ], [ 85.286745031000066, 28.102144123000073 ], [ 85.286809208000079, 28.102299172000073 ], [ 85.287003095000046, 28.102504886000077 ], [ 85.287347150000073, 28.102770098000065 ], [ 85.287576456000068, 28.103065711000056 ], [ 85.287726256000042, 28.103413954000075 ], [ 85.287803061000034, 28.103774161000047 ], [ 85.287828533000038, 28.104362686000059 ], [ 85.287703205000071, 28.104785698000057 ], [ 85.287534132000076, 28.105220399000075 ], [ 85.287482559000068, 28.106547294000052 ], [ 85.28738760300007, 28.106744440000057 ], [ 85.286929780000037, 28.107179596000037 ], [ 85.286921355000061, 28.107326302000047 ], [ 85.287001531000044, 28.107436084000085 ], [ 85.287231543000075, 28.107630179000068 ], [ 85.288965550000057, 28.108606444000088 ], [ 85.28913792700007, 28.108767241000066 ], [ 85.289273215000037, 28.108964479000065 ], [ 85.289345074000039, 28.109069826000052 ], [ 85.289509643000031, 28.109269045000076 ], [ 85.289754248000065, 28.109512627000072 ], [ 85.290350370000056, 28.109951411000054 ], [ 85.290940395000064, 28.11035866900005 ], [ 85.291256815000054, 28.110597060000089 ], [ 85.291414083000063, 28.110823414000038 ], [ 85.291564477000065, 28.111112996000088 ], [ 85.291929991000075, 28.111414085000035 ], [ 85.292692459000079, 28.11193250000008 ], [ 85.293354328000078, 28.112388697000085 ], [ 85.294015932000036, 28.112822335000089 ], [ 85.294447235000064, 28.113145354000039 ], [ 85.294771409000077, 28.113286664000043 ], [ 85.295105083000067, 28.113371489000087 ] ] ] } },
{ "type": "Feature", "properties": { "LENGTH": 694.3461, "TRANS_LN_": 239.0, "FEATURES": "District Road" }, "geometry": { "type": "MultiLineString", "coordinates": [ [ [ 85.264828633000036, 28.083243481000068 ], [ 85.265345405000062, 28.083606415000077 ], [ 85.26543913200004, 28.083682249000049 ], [ 85.26653120800006, 28.084572244000071 ], [ 85.266790912000033, 28.084648800000082 ], [ 85.267007168000077, 28.084707711000078 ], [ 85.267007168000077, 28.084707711000078 ], [ 85.268292073000055, 28.08468907200006 ], [ 85.268594643000029, 28.084733647000064 ], [ 85.268954490000056, 28.084890482000048 ], [ 85.269458513000075, 28.085194867000041 ], [ 85.269941131000053, 28.085409215000084 ], [ 85.270538516000045, 28.08559542900008 ], [ 85.271045242000071, 28.085696759000086 ] ] ] } },
{ "type": "Feature", "properties": { "LENGTH": 1982.928, "TRANS_LN_": 18.0, "FEATURES": "Other Road" }, "geometry": { "type": "MultiLineString", "coordinates": [ [ [ 85.312556974000074, 28.109242119000044 ], [ 85.312419243000079, 28.109317879000059 ], [ 85.312231048000058, 28.109427957000037 ], [ 85.312121426000033, 28.109618493000085 ], [ 85.312054514000067, 28.109921408000048 ], [ 85.311958960000084, 28.110170459000074 ], [ 85.311799097000062, 28.110361475000047 ], [ 85.311544947000073, 28.110539857000049 ], [ 85.311319821000041, 28.110803682000039 ], [ 85.311209304000045, 28.111077689000069 ], [ 85.311150419000057, 28.11125645900006 ], [ 85.311084960000073, 28.111365363000061 ], [ 85.31081600400006, 28.11163411800004 ], [ 85.310656691000077, 28.11181835900004 ], [ 85.310525299000062, 28.112049705000061 ], [ 85.310444450000034, 28.112305382000045 ], [ 85.310411837000061, 28.112971151000067 ], [ 85.31034595400007, 28.113149988000089 ], [ 85.310228721000044, 28.113342850000038 ], [ 85.310040149000031, 28.113527371000089 ], [ 85.309894297000028, 28.11372050600005 ], [ 85.309856779000029, 28.113930653000068 ], [ 85.309812041000043, 28.114174706000085 ], [ 85.309846718000074, 28.114411232000066 ], [ 85.309995763000074, 28.11489931400007 ], [ 85.310282132000054, 28.115329689000077 ], [ 85.310389121000071, 28.11554973300008 ], [ 85.310401924000075, 28.11581804900004 ], [ 85.310307256000044, 28.115983627000048 ], [ 85.310015600000042, 28.116374409000059 ], [ 85.309833371000082, 28.116662635000068 ], [ 85.309715081000036, 28.117135224000037 ], [ 85.309681509000029, 28.117931838000061 ], [ 85.309585604000063, 28.118257587000073 ], [ 85.309395794000068, 28.118550397000035 ], [ 85.30914795800004, 28.118936247000079 ], [ 85.309000966000042, 28.119350460000078 ], [ 85.308868327000027, 28.119741977000047 ], [ 85.308620837000035, 28.120209032000048 ], [ 85.308401889000038, 28.120617163000077 ], [ 85.30838635300006, 28.120804542000087 ], [ 85.308396471000037, 28.121533064000062 ], [ 85.308359229000075, 28.121713882000051 ], [ 85.30823470200005, 28.12198802100005 ], [ 85.308110031000069, 28.122302765000086 ], [ 85.308080085000029, 28.122508327000048 ], [ 85.307912559000044, 28.122751295000057 ], [ 85.307701459000043, 28.122915725000041 ], [ 85.307512724000048, 28.123140848000048 ], [ 85.307375013000069, 28.123324880000041 ], [ 85.307040802000074, 28.123670947000051 ], [ 85.306923648000065, 28.123766807000038 ], [ 85.306787516000043, 28.123923754000089 ], [ 85.306687302000057, 28.124105172000043 ], [ 85.306640960000038, 28.124270286000069 ], [ 85.306640967000078, 28.124847767000063 ], [ 85.306626693000055, 28.125087017000055 ], [ 85.30654817900006, 28.125326878000067 ], [ 85.306536313000038, 28.125345038000034 ] ] ] } },
{ "type": "Feature", "properties": { "LENGTH": 74.53588, "TRANS_LN_": 20.0, "FEATURES": "Bridge Road" }, "geometry": { "type": "MultiLineString", "coordinates": [ [ [ 85.312525261000076, 28.108570198000052 ], [ 85.312556974000074, 28.109242119000044 ] ] ] } },
{ "type": "Feature", "properties": { "LENGTH": 98.30564, "TRANS_LN_": 21.0, "FEATURES": "Other Road" }, "geometry": { "type": "MultiLineString", "coordinates": [ [ [ 85.312269019000041, 28.107740265000075 ], [ 85.312365838000062, 28.10785663900009 ], [ 85.312340103000054, 28.10809374300004 ], [ 85.312404069000081, 28.108280361000084 ], [ 85.312525261000076, 28.108570198000052 ] ] ] } },
{ "type": "Feature", "properties": { "LENGTH": 62.35596, "TRANS_LN_": 22.0, "FEATURES": "Bridge Road" }, "geometry": { "type": "MultiLineString", "coordinates": [ [ [ 85.311685025000031, 28.107520273000091 ], [ 85.312269019000041, 28.107740265000075 ] ] ] } },
{ "type": "Feature", "properties": { "LENGTH": 2400.817, "TRANS_LN_": 23.0, "FEATURES": "Other Road" }, "geometry": { "type": "MultiLineString", "coordinates": [ [ [ 85.30067699500006, 28.11058698100004 ], [ 85.300225013000045, 28.111186797000073 ], [ 85.299953894000055, 28.111489388000052 ], [ 85.299455597000076, 28.111782853000079 ], [ 85.299026037000033, 28.112080176000063 ], [ 85.298730256000056, 28.112342395000042 ], [ 85.298516329000051, 28.112694069000042 ], [ 85.29845742200007, 28.112872834000086 ], [ 85.298485992000053, 28.112974074000078 ], [ 85.298548225000047, 28.113018601000078 ], [ 85.298548225000047, 28.113018601000078 ], [ 85.298697489000062, 28.113001397000062 ], [ 85.298813437000035, 28.112964206000072 ], [ 85.298905485000034, 28.11284377700008 ], [ 85.29900299600007, 28.112648855000089 ], [ 85.299100348000081, 28.112546422000037 ], [ 85.299273843000037, 28.112481616000082 ], [ 85.299496227000077, 28.112409579000087 ], [ 85.299742015000049, 28.112274157000058 ], [ 85.30042360200008, 28.111884210000085 ], [ 85.300911357000075, 28.111613400000067 ], [ 85.30132201300006, 28.111383924000052 ], [ 85.301520062000066, 28.111298580000039 ], [ 85.301693690000036, 28.111245048000058 ], [ 85.301910227000064, 28.111215923000088 ], [ 85.302108330000067, 28.111135089000072 ], [ 85.302378497000063, 28.111017478000065 ], [ 85.302716502000067, 28.110829292000062 ], [ 85.303199676000077, 28.110443472000043 ], [ 85.303519634000054, 28.110183271000039 ], [ 85.303935582000065, 28.109813878000068 ], [ 85.304056567000032, 28.109720240000058 ], [ 85.30422059700004, 28.10966228500007 ], [ 85.304471226000032, 28.10961252900006 ], [ 85.305227075000062, 28.109580523000091 ], [ 85.305559550000055, 28.109514196000077 ], [ 85.305912382000031, 28.109395791000054 ], [ 85.306901563000054, 28.10898934800008 ], [ 85.307113450000031, 28.108944468000061 ], [ 85.30782141800006, 28.108793347000073 ], [ 85.308274302000029, 28.108743912000079 ], [ 85.308736834000058, 28.108703406000075 ], [ 85.309213806000059, 28.108595086000037 ], [ 85.309832057000051, 28.108336534000046 ], [ 85.31010679700006, 28.108230143000071 ], [ 85.310347770000078, 28.108171446000085 ], [ 85.310613013000079, 28.108173423000039 ], [ 85.310660200000029, 28.108288017000064 ], [ 85.310547890000066, 28.108519181000077 ], [ 85.310218936000069, 28.108822344000089 ], [ 85.30943220000006, 28.109190785000067 ], [ 85.309031254000047, 28.109379588000081 ], [ 85.308832539000036, 28.109566460000053 ], [ 85.308788536000066, 28.109661623000079 ], [ 85.30880224100008, 28.109742700000083 ], [ 85.308927551000068, 28.109743760000072 ], [ 85.308927551000068, 28.109743760000072 ], [ 85.309222229000056, 28.109655227000076 ], [ 85.309618137000029, 28.109522866000077 ], [ 85.310075507000079, 28.10942375400009 ], [ 85.310384311000064, 28.109346363000043 ], [ 85.310702905000028, 28.10923729600006 ], [ 85.31099744800008, 28.109085598000036 ], [ 85.311287905000029, 28.108859498000072 ], [ 85.311529479000058, 28.108588749000035 ], [ 85.311632778000046, 28.108296764000045 ], [ 85.311629518000075, 28.107976473000065 ], [ 85.311601299000074, 28.107852675000061 ], [ 85.31156885300004, 28.107695080000042 ], [ 85.311612551000053, 28.10757510500008 ], [ 85.311685025000031, 28.107520273000091 ] ] ] } },
{ "type": "Feature", "properties": { "LENGTH": 803.6438, "TRANS_LN_": 8.0, "FEATURES": "Main Trail" }, "geometry": { "type": "MultiLineString", "coordinates": [ [ [ 85.360665334000032, 28.234294046000059 ], [ 85.361032038000076, 28.234037755000088 ], [ 85.361326750000046, 28.233477658000083 ], [ 85.361646105000034, 28.233003031000067 ], [ 85.361741865000056, 28.23257123400009 ], [ 85.361891737000064, 28.231737380000084 ], [ 85.361782351000045, 28.230845202000069 ], [ 85.361753216000068, 28.230155241000091 ], [ 85.361970823000036, 28.228939493000041 ], [ 85.36202189100004, 28.228347985000084 ], [ 85.362035042000059, 28.22737789200005 ] ] ] } },
{ "type": "Feature", "properties": { "LENGTH": 508.8159, "TRANS_LN_": 75.0, "FEATURES": "Local Trails" }, "geometry": { "type": "MultiLineString", "coordinates": [ [ [ 85.337019836000081, 28.164337484000043 ], [ 85.337135139000054, 28.164501028000075 ], [ 85.337372841000047, 28.164579915000047 ], [ 85.337747501000081, 28.16461911500005 ], [ 85.338707090000071, 28.164668388000052 ], [ 85.339658783000061, 28.164798938000047 ], [ 85.340271616000052, 28.164903474000084 ], [ 85.340811543000029, 28.165080905000082 ], [ 85.341128473000083, 28.165134196000054 ], [ 85.34122940900005, 28.165216670000063 ], [ 85.341164885000069, 28.165298509000081 ], [ 85.341114943000036, 28.165529086000049 ], [ 85.341438287000074, 28.165688333000048 ] ] ] } },
{ "type": "Feature", "properties": { "LENGTH": 621.2831, "TRANS_LN_": 85.0, "FEATURES": "Other Road" }, "geometry": { "type": "MultiLineString", "coordinates": [ [ [ 85.334716327000081, 28.159573230000035 ], [ 85.335277370000028, 28.159865522000075 ], [ 85.335846575000062, 28.160148709000055 ], [ 85.33611344500008, 28.160373938000077 ], [ 85.336263472000041, 28.160618352000085 ], [ 85.336463316000049, 28.161184853000066 ], [ 85.336611430000062, 28.161736069000085 ], [ 85.336872057000051, 28.162994494000088 ], [ 85.336961326000051, 28.163828254000066 ], [ 85.336988672000075, 28.164082887000063 ], [ 85.337102983000079, 28.164268999000058 ], [ 85.337019836000081, 28.164337484000043 ] ] ] } },
{ "type": "Feature", "properties": { "LENGTH": 315.7507, "TRANS_LN_": 88.0, "FEATURES": "Other Road" }, "geometry": { "type": "MultiLineString", "coordinates": [ [ [ 85.332280885000046, 28.157805866000047 ], [ 85.332330425000066, 28.158003892000067 ], [ 85.332675965000078, 28.158314081000071 ], [ 85.333273337000037, 28.158766187000083 ], [ 85.33374159300007, 28.159068412000067 ], [ 85.334643956000036, 28.15953558800004 ], [ 85.334716327000081, 28.159573230000035 ] ] ] } },
{ "type": "Feature", "properties": { "LENGTH": 118.7879, "TRANS_LN_": 95.0, "FEATURES": "Bridge Road" }, "geometry": { "type": "MultiLineString", "coordinates": [ [ [ 85.332280885000046, 28.157805866000047 ], [ 85.332237080000084, 28.156734805000042 ] ] ] } },
{ "type": "Feature", "properties": { "LENGTH": 2167.422, "TRANS_LN_": 113.0, "FEATURES": "Other Road" }, "geometry": { "type": "MultiLineString", "coordinates": [ [ [ 85.320244647000038, 28.139510803000064 ], [ 85.320333124000058, 28.139514462000079 ], [ 85.320548163000069, 28.139618412000061 ], [ 85.320756343000028, 28.139837471000078 ], [ 85.320854254000039, 28.140247078000073 ], [ 85.320891427000049, 28.140424926000037 ], [ 85.321067969000069, 28.140657825000062 ], [ 85.321389606000082, 28.140893835000043 ], [ 85.321999775000052, 28.14120827000005 ], [ 85.322363623000058, 28.141513800000041 ], [ 85.322728053000048, 28.141762929000038 ], [ 85.323030776000053, 28.141908887000056 ], [ 85.323266012000033, 28.141999102000057 ], [ 85.32348111500005, 28.142159440000057 ], [ 85.323778063000077, 28.142404707000082 ], [ 85.324094788000082, 28.142654293000078 ], [ 85.324262514000054, 28.142790274000049 ], [ 85.324285562000057, 28.143008861000055 ], [ 85.324222641000063, 28.143065863000061 ], [ 85.324135572000046, 28.143073472000083 ], [ 85.324135572000046, 28.143073472000083 ], [ 85.323929594000049, 28.142931093000072 ], [ 85.323445284000059, 28.142608685000084 ], [ 85.323094818000072, 28.142409050000083 ], [ 85.322897391000083, 28.142341027000043 ], [ 85.322421552000037, 28.14213809000006 ], [ 85.322181089000082, 28.142036645000076 ], [ 85.322051316000056, 28.14203789700008 ], [ 85.321994313000062, 28.142058749000057 ], [ 85.32205626800004, 28.142130336000037 ], [ 85.322373429000038, 28.142260366000073 ], [ 85.322661964000076, 28.142390671000044 ], [ 85.32281524900003, 28.142490701000042 ], [ 85.323083709000059, 28.142747523000082 ], [ 85.323495253000033, 28.14320598200004 ], [ 85.323553035000032, 28.143300166000074 ], [ 85.323557187000063, 28.143379078000066 ], [ 85.32349888400006, 28.143449570000087 ], [ 85.323387752000031, 28.143466434000061 ], [ 85.323387752000031, 28.143466434000061 ], [ 85.323243981000076, 28.143415940000068 ], [ 85.323056757000074, 28.143298192000088 ], [ 85.322912983000037, 28.143143932000044 ], [ 85.322702301000049, 28.142877529000089 ], [ 85.322558695000055, 28.142736801000069 ], [ 85.322404940000069, 28.142650310000079 ], [ 85.322298897000053, 28.142615241000044 ], [ 85.322149680000052, 28.142639239000061 ], [ 85.322052987000063, 28.142692055000055 ], [ 85.32202353200006, 28.142780314000049 ], [ 85.322065990000056, 28.142922018000036 ], [ 85.322354638000036, 28.143061346000081 ], [ 85.322579562000044, 28.143296031000091 ], [ 85.322842215000037, 28.143546142000048 ], [ 85.32300067500006, 28.143652889000066 ], [ 85.323087359000056, 28.14371747000007 ], [ 85.323091069000043, 28.143864059000066 ], [ 85.322999217000074, 28.143948410000064 ], [ 85.322709767000049, 28.143951204000075 ], [ 85.322709767000049, 28.143951204000075 ], [ 85.322284228000058, 28.143492878000075 ], [ 85.322150468000075, 28.143376869000065 ], [ 85.322030263000045, 28.143328402000066 ], [ 85.321851781000078, 28.143300799000087 ], [ 85.321726654000031, 28.143317796000076 ], [ 85.32167792000007, 28.143390451000073 ], [ 85.32176839400006, 28.143556505000049 ], [ 85.322133329000053, 28.143846235000069 ], [ 85.32231018300007, 28.144052059000046 ], [ 85.322400520000031, 28.14420683600008 ], [ 85.322409622000066, 28.14432630400006 ], [ 85.322356270000057, 28.144385469000042 ], [ 85.322356270000057, 28.144385469000042 ], [ 85.322120229000063, 28.144385491000037 ], [ 85.321822092000048, 28.144302648000064 ], [ 85.32139047000004, 28.143918818000088 ], [ 85.321165741000073, 28.143751803000043 ], [ 85.32107413500006, 28.143700803000058 ], [ 85.320929535000062, 28.143738290000044 ], [ 85.320914296000069, 28.143844458000046 ], [ 85.320966987000077, 28.143990575000089 ], [ 85.321090928000046, 28.14418788800009 ], [ 85.32129668500005, 28.144415993000052 ], [ 85.321636811000076, 28.144705963000035 ], [ 85.322111776000042, 28.144992375000072 ], [ 85.322592275000034, 28.145211059000076 ], [ 85.322653320000029, 28.145260097000062 ] ] ] } },
{ "type": "Feature", "properties": { "LENGTH": 883.4273, "TRANS_LN_": 117.0, "FEATURES": "Local Trails" }, "geometry": { "type": "MultiLineString", "coordinates": [ [ [ 85.316532347000077, 28.135707188000083 ], [ 85.316748076000067, 28.136336733000064 ], [ 85.316937959000029, 28.136621392000052 ], [ 85.317270884000038, 28.137885939000057 ], [ 85.317266162000067, 28.138592042000084 ], [ 85.317144997000071, 28.139452657000049 ], [ 85.317454065000049, 28.139702333000059 ], [ 85.317751357000077, 28.139769404000049 ], [ 85.317751357000077, 28.139769404000049 ], [ 85.318195624000055, 28.139733550000074 ], [ 85.318478263000031, 28.139487207000059 ], [ 85.318801922000034, 28.138798336000036 ], [ 85.319251829000052, 28.138600009000072 ], [ 85.31966475400003, 28.138602800000058 ], [ 85.319945892000078, 28.138753485000052 ], [ 85.320285387000069, 28.139097604000085 ], [ 85.320244647000038, 28.139510803000064 ] ] ] } },
{ "type": "Feature", "properties": { "LENGTH": 558.2218, "TRANS_LN_": 121.0, "FEATURES": "Local Trails" }, "geometry": { "type": "MultiLineString", "coordinates": [ [ [ 85.315609321000068, 28.131130054000039 ], [ 85.316111230000047, 28.131389161000072 ], [ 85.316509290000056, 28.131791379000049 ], [ 85.316610654000044, 28.132381419000069 ], [ 85.316289519000065, 28.13364097200008 ], [ 85.316366260000052, 28.133777837000082 ], [ 85.316337950000047, 28.134220242000083 ], [ 85.316438657000049, 28.135432883000078 ], [ 85.316532347000077, 28.135707188000083 ] ] ] } },
{ "type": "Feature", "properties": { "LENGTH": 1617.566, "TRANS_LN_": 122.0, "FEATURES": "Other Road" }, "geometry": { "type": "MultiLineString", "coordinates": [ [ [ 85.315609321000068, 28.131130054000039 ], [ 85.31552795500005, 28.13118723000008 ], [ 85.315378279000072, 28.131276642000046 ], [ 85.315290828000059, 28.131356433000064 ], [ 85.315289906000032, 28.131541416000061 ], [ 85.315457714000047, 28.131686431000048 ], [ 85.31566371200006, 28.131885218000036 ], [ 85.315812466000068, 28.132032671000047 ], [ 85.315894429000082, 28.132232649000059 ], [ 85.315892560000066, 28.132600359000037 ], [ 85.315852282000037, 28.132844369000054 ], [ 85.315787141000044, 28.133084107000059 ], [ 85.315666576000069, 28.133369493000089 ], [ 85.315565037000056, 28.133650184000089 ], [ 85.315399247000073, 28.13403525800004 ], [ 85.31483722300004, 28.135470815000076 ], [ 85.31460316700003, 28.135944518000088 ], [ 85.314522783000029, 28.136186657000053 ], [ 85.314529105000076, 28.136391872000047 ], [ 85.314592790000063, 28.136553678000041 ], [ 85.315045209000061, 28.136977935000061 ], [ 85.315245405000042, 28.137273776000086 ], [ 85.31528776600004, 28.137460599000065 ], [ 85.315314967000063, 28.137760356000058 ], [ 85.315343282000072, 28.137890920000075 ], [ 85.315572103000079, 28.138238369000078 ], [ 85.315780071000063, 28.138597296000057 ], [ 85.315871715000071, 28.13891222500007 ], [ 85.315976901000056, 28.139502228000083 ], [ 85.316047778000041, 28.139731637000068 ], [ 85.316162689000066, 28.139920018000055 ], [ 85.316390968000064, 28.140170473000069 ], [ 85.316851876000044, 28.140506666000078 ], [ 85.317102973000033, 28.140802015000077 ], [ 85.317331891000038, 28.141104344000041 ], [ 85.317482652000081, 28.14120666000008 ], [ 85.317779230000042, 28.141215087000035 ], [ 85.317779230000042, 28.141215087000035 ], [ 85.318133782000075, 28.141125958000089 ], [ 85.318430942000077, 28.14102610100008 ], [ 85.318662691000043, 28.140884012000072 ], [ 85.319004409000058, 28.140578450000078 ], [ 85.31946289900003, 28.140041673000042 ], [ 85.319819106000068, 28.139672807000068 ], [ 85.320043936000047, 28.139537551000046 ], [ 85.32018161600007, 28.139506899000082 ], [ 85.320244647000038, 28.139510803000064 ] ] ] } },
{ "type": "Feature", "properties": { "LENGTH": 1144.859, "TRANS_LN_": 130.0, "FEATURES": "Other Road" }, "geometry": { "type": "MultiLineString", "coordinates": [ [ [ 85.305934708000052, 28.126460617000077 ], [ 85.305927814000029, 28.126521589000049 ], [ 85.305952571000034, 28.126674747000038 ], [ 85.306041795000056, 28.126793453000062 ], [ 85.306423236000057, 28.126983816000063 ], [ 85.306797963000065, 28.127144916000077 ], [ 85.307498292000048, 28.127560069000083 ], [ 85.308055394000064, 28.127809657000057 ], [ 85.308283317000075, 28.127877411000043 ], [ 85.308565256000065, 28.127888255000073 ], [ 85.308565256000065, 28.127888255000073 ], [ 85.309325321000074, 28.127878741000075 ], [ 85.309457205000058, 28.127895527000078 ], [ 85.309751970000036, 28.127967152000053 ], [ 85.31010100900005, 28.128160069000046 ], [ 85.310470604000045, 28.128578367000046 ], [ 85.310774, 28.128940903000057 ], [ 85.311058303000038, 28.129145716000039 ], [ 85.311394742000061, 28.129295890000037 ], [ 85.311750131000053, 28.12938272100007 ], [ 85.311897694000038, 28.129433192000079 ], [ 85.312182390000032, 28.129617696000082 ], [ 85.312637298000084, 28.129884034000042 ], [ 85.313199378000036, 28.130070391000061 ], [ 85.314122220000058, 28.13031419400005 ], [ 85.314530934000061, 28.13039148200005 ], [ 85.314949047000084, 28.130561167000053 ], [ 85.315367519000063, 28.130760171000077 ], [ 85.315582507000045, 28.130861874000061 ], [ 85.315645061000055, 28.130931202000056 ], [ 85.315673041000082, 28.131086583000069 ], [ 85.315609321000068, 28.131130054000039 ] ] ] } },
{ "type": "Feature", "properties": { "LENGTH": 3049.503, "TRANS_LN_": 143.0, "FEATURES": "Main Trail" }, "geometry": { "type": "MultiLineString", "coordinates": [ [ [ 85.362077529000032, 28.22646164400004 ], [ 85.362194045000081, 28.225709327000061 ], [ 85.361860284000045, 28.222288458000037 ], [ 85.361406818000034, 28.22147414300008 ], [ 85.360166767000067, 28.220987965000063 ], [ 85.359368772000039, 28.220215417000077 ], [ 85.358706852000068, 28.219227217000082 ], [ 85.35793564800008, 28.218607783000039 ], [ 85.357718006000084, 28.218212935000054 ], [ 85.357388152000055, 28.216395834000082 ], [ 85.357116819000055, 28.213617209000063 ], [ 85.356704669000067, 28.21198589100004 ], [ 85.355745659000036, 28.209647179000058 ], [ 85.355704682000066, 28.208670852000068 ], [ 85.355699353000034, 28.20855135100004 ], [ 85.355833202000042, 28.207656754000084 ], [ 85.355918904000077, 28.207637859000045 ], [ 85.355797479000046, 28.206743535000044 ], [ 85.355233627000075, 28.204991903000064 ], [ 85.353518251000082, 28.201221501000077 ] ] ] } },
{ "type": "Feature", "properties": { "LENGTH": 1757.1, "TRANS_LN_": 153.0, "FEATURES": "Local Trails" }, "geometry": { "type": "MultiLineString", "coordinates": [ [ [ 85.341438287000074, 28.165688333000048 ], [ 85.341689338000037, 28.166734800000086 ], [ 85.341674927000042, 28.167007887000068 ], [ 85.341597615000069, 28.168513233000056 ], [ 85.341957595000054, 28.169567654000048 ], [ 85.342106667000053, 28.170651211000063 ], [ 85.342050975000063, 28.171542779000049 ], [ 85.342131695000035, 28.173421030000043 ], [ 85.342066170000066, 28.17362694600007 ], [ 85.342244122000068, 28.174270347000061 ], [ 85.342077342000039, 28.176408179000077 ], [ 85.342128227000046, 28.176558816000068 ], [ 85.342028738000067, 28.176950036000051 ], [ 85.341885768000054, 28.178548509000052 ], [ 85.34190114200004, 28.180544698000062 ], [ 85.341807321000033, 28.181186251000042 ], [ 85.341933693000044, 28.181367728000055 ] ] ] } },
{ "type": "Feature", "properties": { "LENGTH": 2435.889, "TRANS_LN_": 163.0, "FEATURES": "Other Road" }, "geometry": { "type": "MultiLineString", "coordinates": [ [ [ 85.322653320000029, 28.145260097000062 ], [ 85.322784371000068, 28.145362597000087 ], [ 85.322880101000067, 28.14543836900009 ], [ 85.323004103000073, 28.145640191000041 ], [ 85.323055777000036, 28.145858502000067 ], [ 85.323082971000076, 28.14605223500007 ], [ 85.323053794000032, 28.146163050000041 ], [ 85.322995518000027, 28.146235797000088 ], [ 85.322903717000031, 28.146272776000046 ], [ 85.322903717000031, 28.146272776000046 ], [ 85.322802926000065, 28.146251192000079 ], [ 85.322731146000081, 28.14610526000007 ], [ 85.322646559000077, 28.145900801000039 ], [ 85.322502560000032, 28.14572849700005 ], [ 85.322277438000071, 28.145529906000036 ], [ 85.321984414000042, 28.14539738700006 ], [ 85.321531880000066, 28.145279941000069 ], [ 85.321209236000072, 28.145222147000084 ], [ 85.320915911000043, 28.14522046400009 ], [ 85.320718563000071, 28.14526297000009 ], [ 85.320554462000075, 28.145318690000067 ], [ 85.320433121000065, 28.145385277000059 ], [ 85.32039409500004, 28.145471372000088 ], [ 85.320437409000078, 28.145527349000076 ], [ 85.320677962000048, 28.145583681000062 ], [ 85.320986335000043, 28.145619056000044 ], [ 85.321303449000084, 28.145692695000037 ], [ 85.321712614000035, 28.145853419000048 ], [ 85.321995406000042, 28.14603340900004 ], [ 85.32210466500004, 28.146278233000089 ], [ 85.322207733000027, 28.146692301000087 ], [ 85.322364847000074, 28.147051708000049 ], [ 85.322656445000064, 28.147482001000071 ], [ 85.322886360000041, 28.147759497000038 ], [ 85.323134640000035, 28.14797816500004 ], [ 85.323360156000035, 28.148156448000066 ], [ 85.323393711000051, 28.148246355000083 ], [ 85.323325036000028, 28.148404922000054 ], [ 85.323213486000043, 28.148491719000049 ], [ 85.32310284700003, 28.148497299000041 ], [ 85.32310284700003, 28.148497299000041 ], [ 85.323006561000057, 28.148428300000035 ], [ 85.322940779000078, 28.148201102000087 ], [ 85.322855251000078, 28.148075605000088 ], [ 85.322735371000078, 28.148002322000082 ], [ 85.32261969700005, 28.147960579000085 ], [ 85.322538018000046, 28.147992948000081 ], [ 85.322561145000066, 28.148114537000083 ], [ 85.322607840000046, 28.148341919000075 ], [ 85.322736384000052, 28.148654230000091 ], [ 85.322979442000076, 28.148965435000036 ], [ 85.323330012000042, 28.14917183600005 ], [ 85.323714577000032, 28.149348582000073 ], [ 85.324080717000072, 28.149423996000053 ], [ 85.324623884000061, 28.149511232000066 ], [ 85.324835600000029, 28.149601671000084 ], [ 85.325257322000084, 28.149902121000082 ], [ 85.325803941000061, 28.150320916000055 ], [ 85.326542678000067, 28.150943124000037 ], [ 85.326896863000059, 28.151235200000087 ], [ 85.327231582000081, 28.151599647000069 ], [ 85.327608363000081, 28.152175728000088 ], [ 85.327928848000056, 28.152623775000052 ], [ 85.328334587000029, 28.153070995000064 ], [ 85.328831033000029, 28.153546658000039 ], [ 85.329268720000073, 28.153901078000047 ], [ 85.329620912000053, 28.154287907000082 ], [ 85.329941914000074, 28.154776548000086 ], [ 85.330157124000038, 28.155097033000061 ], [ 85.330602077000037, 28.155523562000042 ], [ 85.330933077000054, 28.155791038000075 ], [ 85.33096970400004, 28.155820007000045 ], [ 85.331739980000066, 28.156362927000089 ], [ 85.332186728000067, 28.156676645000061 ], [ 85.332237080000084, 28.156734805000042 ] ] ] } },
{ "type": "Feature", "properties": { "LENGTH": 213.7903, "TRANS_LN_": 169.0, "FEATURES": "Local Trails" }, "geometry": { "type": "MultiLineString", "coordinates": [ [ [ 85.307575085000053, 28.12534415600004 ], [ 85.307470152000064, 28.125451179000038 ], [ 85.307155243000068, 28.125973013000078 ], [ 85.306883630000073, 28.12613125200005 ], [ 85.306478636000065, 28.126306552000074 ], [ 85.306007444000045, 28.126426087000084 ], [ 85.305934708000052, 28.126460617000077 ] ] ] } },
{ "type": "Feature", "properties": { "LENGTH": 2974.878, "TRANS_LN_": 171.0, "FEATURES": "Main Trail" }, "geometry": { "type": "MultiLineString", "coordinates": [ [ [ 85.353325813000083, 28.20014516100008 ], [ 85.352859675000047, 28.199170780000088 ], [ 85.352232623000077, 28.198003993000043 ], [ 85.351652931000046, 28.19700817100005 ], [ 85.351000789000068, 28.195868695000058 ], [ 85.350635269000065, 28.195046701000081 ], [ 85.350181576000068, 28.194349643000066 ], [ 85.35007908700004, 28.194095755000035 ], [ 85.349761120000039, 28.193460516000073 ], [ 85.349730118000082, 28.193424730000061 ], [ 85.348471594000046, 28.190473089000079 ], [ 85.347017720000053, 28.188484304000042 ], [ 85.346505942000078, 28.18756673900009 ], [ 85.346465486000056, 28.187030270000037 ], [ 85.346054976000062, 28.186269609000078 ], [ 85.34597827500005, 28.185837260000085 ], [ 85.345504174000041, 28.18523286900006 ], [ 85.345141549000061, 28.185042439000085 ], [ 85.344501531000049, 28.183893784000077 ], [ 85.343970812000066, 28.182374110000069 ], [ 85.34384225000008, 28.18161067300008 ], [ 85.34458443300008, 28.179480725000076 ], [ 85.34529943900003, 28.176757778000081 ], [ 85.34545190700004, 28.175515618000077 ] ] ] } },
{ "type": "Feature", "properties": { "LENGTH": 2077.619, "TRANS_LN_": 188.0, "FEATURES": "Main Trail" }, "geometry": { "type": "MultiLineString", "coordinates": [ [ [ 85.365950429000065, 28.250338158000091 ], [ 85.365831071000059, 28.24991753200004 ], [ 85.365402189000065, 28.249495487000047 ], [ 85.36463189300008, 28.248467806000065 ], [ 85.364332907000062, 28.247893326000053 ], [ 85.364335438000069, 28.247491783000044 ], [ 85.363822775000074, 28.246590101000038 ], [ 85.36317934200008, 28.24607093700007 ], [ 85.362682378000045, 28.245701442000041 ], [ 85.361923126000079, 28.245187938000072 ], [ 85.360990295000079, 28.244594951000067 ], [ 85.359903928000051, 28.243845585000088 ], [ 85.359232440000028, 28.24286876900004 ], [ 85.359064050000029, 28.242144100000075 ], [ 85.359108233000029, 28.240354873000058 ], [ 85.359370015000081, 28.239556 ], [ 85.359413259000064, 28.23894878100009 ], [ 85.359328589000029, 28.237745066000059 ], [ 85.359960767000075, 28.23602668500007 ], [ 85.360287868000057, 28.235509126000068 ], [ 85.360347337000064, 28.235127317000035 ], [ 85.360712399000079, 28.234640959000046 ], [ 85.360665334000032, 28.234294046000059 ] ] ] } },
{ "type": "Feature", "properties": { "LENGTH": 102.5773, "TRANS_LN_": 14.0, "FEATURES": "Bridge Trails &Tracks" }, "geometry": { "type": "MultiLineString", "coordinates": [ [ [ 85.378241512000045, 28.279529916000058 ], [ 85.378677230000051, 28.278688654000064 ] ] ] } },
{ "type": "Feature", "properties": { "LENGTH": 1473.433, "TRANS_LN_": 22.0, "FEATURES": "Main Trail" }, "geometry": { "type": "MultiLineString", "coordinates": [ [ [ 85.376749406000044, 28.266337820000047 ], [ 85.376716388000034, 28.266940426000076 ], [ 85.37657796700006, 28.267519281000091 ], [ 85.376700261000053, 28.268262431000039 ], [ 85.376930763000075, 28.268751852000037 ], [ 85.377216929000042, 28.268963260000078 ], [ 85.377526755000076, 28.269429323000054 ], [ 85.377914285000031, 28.269944226000064 ], [ 85.378062040000032, 28.270734488000073 ], [ 85.378579018000039, 28.271408239000039 ], [ 85.378728082000066, 28.272151117000078 ], [ 85.378716108000049, 28.273150514000065 ], [ 85.37857351100007, 28.274146718000054 ], [ 85.378115205000029, 28.275161897000089 ], [ 85.377952662000041, 28.275598887000058 ], [ 85.377839258000051, 28.276339901000085 ], [ 85.377830020000033, 28.277106933000084 ], [ 85.377951990000042, 28.277872641000044 ], [ 85.378156060000038, 28.278384882000069 ], [ 85.378572743000063, 28.278687453000089 ], [ 85.378677230000051, 28.278688654000064 ] ] ] } },
{ "type": "Feature", "properties": { "LENGTH": 2109.485, "TRANS_LN_": 34.0, "FEATURES": "Main Trail" }, "geometry": { "type": "MultiLineString", "coordinates": [ [ [ 85.365952339000046, 28.250338139000064 ], [ 85.366006844000083, 28.250966939000079 ], [ 85.36610322100006, 28.251732920000052 ], [ 85.366150247000064, 28.252174570000079 ], [ 85.366382734000069, 28.252476767000076 ], [ 85.366561318000038, 28.252896801000077 ], [ 85.366475710000032, 28.253475120000076 ], [ 85.366443366000055, 28.253985235000073 ], [ 85.366644562000033, 28.254729864000069 ], [ 85.366792496000073, 28.255542698000056 ], [ 85.366783466000072, 28.256282662000046 ], [ 85.366929335000066, 28.257282740000051 ], [ 85.367159418000028, 28.257794741000055 ], [ 85.367783143000054, 28.258309569000062 ], [ 85.368175445000077, 28.25840714900005 ], [ 85.36864534800003, 28.258596435000072 ], [ 85.369141679000052, 28.258810267000058 ], [ 85.369505084000082, 28.259138215000064 ], [ 85.370155637000039, 28.259558023000068 ], [ 85.370542715000056, 28.260142882000082 ], [ 85.371087474000035, 28.260656231000041 ], [ 85.371736359000067, 28.261242970000069 ], [ 85.372411302000046, 28.261874559000034 ], [ 85.37317039900006, 28.262760193000076 ], [ 85.373638619000076, 28.263114144000042 ], [ 85.374000633000037, 28.263579692000064 ], [ 85.374491873000068, 28.264188303000083 ], [ 85.374777674000029, 28.264422277000051 ], [ 85.37519261500006, 28.264842175000069 ], [ 85.375660822000043, 28.265193863000036 ], [ 85.376286712000081, 28.265523660000042 ], [ 85.376304747000063, 28.265539268000055 ] ] ] } },
{ "type": "Feature", "properties": { "LENGTH": 143.3513, "TRANS_LN_": 114.0, "FEATURES": "Other Road" }, "geometry": { "type": "MultiLineString", "coordinates": [ [ [ 85.124117894000051, 27.867575414000044 ], [ 85.124414143000081, 27.867624886000044 ], [ 85.125493065000057, 27.867629621000049 ], [ 85.125493065000057, 27.867629621000049 ], [ 85.125566536000065, 27.867615486000091 ] ] ] } },
{ "type": "Feature", "properties": { "LENGTH": 54.99451, "TRANS_LN_": 117.0, "FEATURES": "Other Road" }, "geometry": { "type": "MultiLineString", "coordinates": [ [ [ 85.125566536000065, 27.867615486000091 ], [ 85.125897837000082, 27.867556383000078 ], [ 85.126102059000061, 27.867482525000071 ] ] ] } },
{ "type": "Feature", "properties": { "LENGTH": 86.26537, "TRANS_LN_": 119.0, "FEATURES": "Other Road" }, "geometry": { "type": "MultiLineString", "coordinates": [ [ [ 85.123491809000029, 27.867050367000047 ], [ 85.123686494000083, 27.867159323000067 ], [ 85.12394400800008, 27.867452754000055 ], [ 85.124085484000034, 27.867571166000062 ], [ 85.124117894000051, 27.867575414000044 ] ] ] } },
{ "type": "Feature", "properties": { "LENGTH": 87.50862, "TRANS_LN_": 123.0, "FEATURES": "Other Road" }, "geometry": { "type": "MultiLineString", "coordinates": [ [ [ 85.122634728000037, 27.866894918000071 ], [ 85.123115991000077, 27.866915815000084 ], [ 85.123418414000071, 27.867010358000073 ], [ 85.123491809000029, 27.867050367000047 ] ] ] } },
{ "type": "Feature", "properties": { "LENGTH": 6.109675, "TRANS_LN_": 127.0, "FEATURES": "Local Trails" }, "geometry": { "type": "MultiLineString", "coordinates": [ [ [ 85.122666839000033, 27.866623942000047 ], [ 85.122634622000078, 27.866576829000053 ] ] ] } },
{ "type": "Feature", "properties": { "LENGTH": 233.4838, "TRANS_LN_": 134.0, "FEATURES": "Other Road" }, "geometry": { "type": "MultiLineString", "coordinates": [ [ [ 85.126102059000061, 27.867482525000071 ], [ 85.126293002000068, 27.86741328700009 ], [ 85.12658708500004, 27.867192058000057 ], [ 85.12692781800007, 27.866695221000043 ], [ 85.127178924000077, 27.866307401000086 ], [ 85.127366442000039, 27.866091553000047 ], [ 85.127519923000079, 27.865959453000073 ], [ 85.127608976000033, 27.865918118000081 ] ] ] } },
{ "type": "Feature", "properties": { "LENGTH": 2.76134, "TRANS_LN_": 107.0, "FEATURES": "Other Road" }, "geometry": { "type": "MultiLineString", "coordinates": [ [ [ 85.122606783000037, 27.866892889000042 ], [ 85.122634728000037, 27.866894918000071 ] ] ] } },
{ "type": "Feature", "properties": { "LENGTH": 63.50049, "TRANS_LN_": 108.0, "FEATURES": "Main Trail" }, "geometry": { "type": "MultiLineString", "coordinates": [ [ [ 85.121962033000045, 27.866895880000072 ], [ 85.122606783000037, 27.866892889000042 ] ] ] } },
{ "type": "Feature", "properties": { "LENGTH": 243.3652, "TRANS_LN_": 109.0, "FEATURES": "Local Trails" }, "geometry": { "type": "MultiLineString", "coordinates": [ [ [ 85.121962033000045, 27.866895880000072 ], [ 85.121870469000044, 27.86706356500008 ], [ 85.121807060000037, 27.867253581000057 ], [ 85.121807819000082, 27.86738893200004 ], [ 85.121687252000072, 27.86775988900007 ], [ 85.121210398000073, 27.868352571000059 ], [ 85.12100175900008, 27.86855279100007 ], [ 85.120830878000049, 27.868660209000041 ], [ 85.12077723200008, 27.868750884000065 ] ] ] } },
{ "type": "Feature", "properties": { "LENGTH": 489.3102, "TRANS_LN_": 122.0, "FEATURES": "Other Road" }, "geometry": { "type": "MultiLineString", "coordinates": [ [ [ 85.12077723200008, 27.868750884000065 ], [ 85.120352959000058, 27.868533247000073 ], [ 85.11945307700006, 27.868166067000061 ], [ 85.118861534000075, 27.867974599000036 ], [ 85.11839419000006, 27.867579086000035 ], [ 85.117780935000042, 27.866941110000084 ], [ 85.117334517000074, 27.866543167000088 ], [ 85.117009431000042, 27.866094610000061 ], [ 85.116985697000075, 27.86606998600007 ] ] ] } },
{ "type": "Feature", "properties": { "LENGTH": 218.5578, "TRANS_LN_": 134.0, "FEATURES": "Other Road" }, "geometry": { "type": "MultiLineString", "coordinates": [ [ [ 85.116985697000075, 27.86606998600007 ], [ 85.116777853000031, 27.865852842000038 ], [ 85.115646377000076, 27.865548421000085 ], [ 85.115204635000055, 27.865233904000036 ], [ 85.115136781000047, 27.865114887000061 ] ] ] } },
{ "type": "Feature", "properties": { "LENGTH": 162.3983, "TRANS_LN_": 157.0, "FEATURES": "Other Road" }, "geometry": { "type": "MultiLineString", "coordinates": [ [ [ 85.115136781000047, 27.865114887000061 ], [ 85.114937099000031, 27.86476457200007 ], [ 85.114414276000048, 27.864092010000036 ], [ 85.114206856000067, 27.863915465000048 ] ] ] } },
{ "type": "Feature", "properties": { "LENGTH": 121.7405, "TRANS_LN_": 172.0, "FEATURES": "Other Road" }, "geometry": { "type": "MultiLineString", "coordinates": [ [ [ 85.114206856000067, 27.863915465000048 ], [ 85.11356984300005, 27.863370155000041 ], [ 85.113387497000076, 27.863224990000049 ], [ 85.113311927000041, 27.863157921000038 ] ] ] } },
{ "type": "Feature", "properties": { "LENGTH": 60.4512, "TRANS_LN_": 181.0, "FEATURES": "Other Road" }, "geometry": { "type": "MultiLineString", "coordinates": [ [ [ 85.112803031000055, 27.86285296200009 ], [ 85.113311927000041, 27.863157921000038 ] ] ] } },
{ "type": "Feature", "properties": { "LENGTH": 481.0135, "TRANS_LN_": 257.0, "FEATURES": "Other Road" }, "geometry": { "type": "MultiLineString", "coordinates": [ [ [ 85.112803031000055, 27.86285296200009 ], [ 85.112812725000083, 27.862683687000072 ], [ 85.112547608000057, 27.862076716000047 ], [ 85.112170525000067, 27.861504488000037 ], [ 85.111755663000054, 27.860898723000048 ], [ 85.111397749000048, 27.860400784000035 ], [ 85.111206172000038, 27.860158684000055 ], [ 85.110707976000072, 27.859594194000067 ], [ 85.110321665000072, 27.859173184000042 ] ] ] } },
{ "type": "Feature", "properties": { "LENGTH": 18.21668, "TRANS_LN_": 266.0, "FEATURES": "Other Road" }, "geometry": { "type": "MultiLineString", "coordinates": [ [ [ 85.109335111000064, 27.859070579000047 ], [ 85.109294593000072, 27.859079929000075 ], [ 85.109158559000036, 27.859119374000045 ] ] ] } },
{ "type": "Feature", "properties": { "LENGTH": 105.5324, "TRANS_LN_": 267.0, "FEATURES": "Other Road" }, "geometry": { "type": "MultiLineString", "coordinates": [ [ [ 85.110321665000072, 27.859173184000042 ], [ 85.110106876000032, 27.859019251000063 ], [ 85.109947738000074, 27.858970901000077 ], [ 85.10976116300003, 27.858970146000047 ], [ 85.109335111000064, 27.859070579000047 ] ] ] } },
{ "type": "Feature", "properties": { "LENGTH": 95.13477, "TRANS_LN_": 277.0, "FEATURES": "Bridge Trails &Tracks" }, "geometry": { "type": "MultiLineString", "coordinates": [ [ [ 85.10877739700004, 27.858330596000087 ], [ 85.109158559000036, 27.859119374000045 ] ] ] } },
{ "type": "Feature", "properties": { "LENGTH": 82.40224, "TRANS_LN_": 280.0, "FEATURES": "Main Trail" }, "geometry": { "type": "MultiLineString", "coordinates": [ [ [ 85.10877739700004, 27.858330596000087 ], [ 85.108686086000034, 27.858274931000039 ], [ 85.108167517000084, 27.858263306000083 ], [ 85.107962160000056, 27.858287515000086 ] ] ] } },
{ "type": "Feature", "properties": { "LENGTH": 1045.093, "TRANS_LN_": 288.0, "FEATURES": "Main Trail" }, "geometry": { "type": "MultiLineString", "coordinates": [ [ [ 85.09163467500008, 27.859390013000052 ], [ 85.091701435000061, 27.859466188000056 ], [ 85.092569774000083, 27.859614974000067 ], [ 85.092569774000083, 27.859614974000067 ], [ 85.094371024000054, 27.859517225000047 ], [ 85.096863089000067, 27.859016910000037 ], [ 85.098314840000057, 27.858495511000058 ], [ 85.099100090000036, 27.858396762000041 ], [ 85.099722119000035, 27.858096272000068 ], [ 85.101636369000062, 27.857629805000045 ], [ 85.101812922000079, 27.857581020000055 ], [ 85.10182035400004, 27.857562913000038 ] ] ] } },
{ "type": "Feature", "properties": { "LENGTH": 758.4141, "TRANS_LN_": 307.0, "FEATURES": "Main Trail" }, "geometry": { "type": "MultiLineString", "coordinates": [ [ [ 85.107962160000056, 27.858287515000086 ], [ 85.107704840000054, 27.858318909000047 ], [ 85.107704840000054, 27.858318909000047 ], [ 85.107063785000037, 27.85811876300005 ], [ 85.106085682000071, 27.858097281000084 ], [ 85.105305458000032, 27.85781477200004 ], [ 85.104606720000049, 27.857933167000056 ], [ 85.104606720000049, 27.857933167000056 ], [ 85.103765003000035, 27.857718820000059 ], [ 85.103306899000074, 27.857724741000084 ], [ 85.103306899000074, 27.857724741000084 ], [ 85.102685681000082, 27.857477040000049 ], [ 85.102082587000041, 27.857452532000082 ], [ 85.101858782000079, 27.857472367000071 ], [ 85.101858782000079, 27.857472367000071 ], [ 85.101848964000055, 27.857379951000041 ], [ 85.101748838000049, 27.857267953000076 ], [ 85.101655922000077, 27.856864877000078 ], [ 85.102105972000061, 27.856439417000047 ] ] ] } },
{ "type": "Feature", "properties": { "LENGTH": 476.3077, "TRANS_LN_": 317.0, "FEATURES": "Main Trail" }, "geometry": { "type": "MultiLineString", "coordinates": [ [ [ 85.08936957800006, 27.85574648000005 ], [ 85.08956620400005, 27.85586449300007 ], [ 85.089754819000063, 27.856260054000074 ], [ 85.090351234000082, 27.857076515000074 ], [ 85.090783243000033, 27.857379912000056 ], [ 85.090960469000038, 27.858348577000072 ], [ 85.09122065400004, 27.858919535000041 ], [ 85.09163467500008, 27.859390013000052 ] ] ] } },
{ "type": "Feature", "properties": { "LENGTH": 48.98037, "TRANS_LN_": 342.0, "FEATURES": "Main Trail" }, "geometry": { "type": "MultiLineString", "coordinates": [ [ [ 85.080547829000068, 27.854658545000063 ], [ 85.080710772000032, 27.854580565000049 ], [ 85.080887294000036, 27.854464128000075 ], [ 85.080973297000071, 27.854434126000058 ] ] ] } },
{ "type": "Feature", "properties": { "LENGTH": 126.745, "TRANS_LN_": 343.0, "FEATURES": "Main Trail" }, "geometry": { "type": "MultiLineString", "coordinates": [ [ [ 85.080973297000071, 27.854434126000058 ], [ 85.081036546000064, 27.854413327000088 ], [ 85.081157827000084, 27.854421400000035 ], [ 85.081316842000035, 27.854587096000046 ], [ 85.081514652000067, 27.854953269000077 ], [ 85.081749123000066, 27.85517702900006 ], [ 85.08178435700006, 27.855210592000049 ] ] ] } },
{ "type": "Feature", "properties": { "LENGTH": 870.9608, "TRANS_LN_": 351.0, "FEATURES": "Main Trail" }, "geometry": { "type": "MultiLineString", "coordinates": [ [ [ 85.08178435700006, 27.855210592000049 ], [ 85.081956042000058, 27.855373932000077 ], [ 85.082256877000077, 27.855506930000047 ], [ 85.083180778000042, 27.85550419100008 ], [ 85.083180778000042, 27.85550419100008 ], [ 85.085382, 27.854221289000066 ], [ 85.086132823000071, 27.853980759000081 ], [ 85.086631905000047, 27.854012924000074 ], [ 85.087590485000078, 27.854370838000079 ], [ 85.08909950900005, 27.855581670000049 ], [ 85.08936957800006, 27.85574648000005 ] ] ] } },
{ "type": "Feature", "properties": { "LENGTH": 451.0494, "TRANS_LN_": 358.0, "FEATURES": "Main Trail" }, "geometry": { "type": "MultiLineString", "coordinates": [ [ [ 85.055070623000063, 27.853856341000039 ], [ 85.056569883000066, 27.854948044000082 ], [ 85.057739433000052, 27.855214312000044 ], [ 85.057739433000052, 27.855214312000044 ], [ 85.05868655200004, 27.855184487000088 ], [ 85.058985016000065, 27.855141588000038 ], [ 85.059159661000081, 27.855090616000041 ] ] ] } },
{ "type": "Feature", "properties": { "LENGTH": 1138.87, "TRANS_LN_": 362.0, "FEATURES": "Main Trail" }, "geometry": { "type": "MultiLineString", "coordinates": [ [ [ 85.059159661000081, 27.855090616000041 ], [ 85.060884069000053, 27.854599097000062 ], [ 85.063001954000072, 27.853854112000079 ], [ 85.064382045000059, 27.853976575000047 ], [ 85.064382045000059, 27.853976575000047 ], [ 85.065316912000071, 27.853863328000045 ], [ 85.067939314000057, 27.853775373000076 ], [ 85.06824423200004, 27.853809108000064 ], [ 85.06824423200004, 27.853809108000064 ], [ 85.069116145000066, 27.853488773000038 ], [ 85.070236153000053, 27.853425945000083 ], [ 85.070375368000043, 27.853386514000078 ] ] ] } },
{ "type": "Feature", "properties": { "LENGTH": 574.8256, "TRANS_LN_": 368.0, "FEATURES": "Main Trail" }, "geometry": { "type": "MultiLineString", "coordinates": [ [ [ 85.049718833000043, 27.852284134000058 ], [ 85.049912382000059, 27.852219493000064 ], [ 85.051069460000065, 27.852512986000079 ], [ 85.051069460000065, 27.852512986000079 ], [ 85.051946636000082, 27.852404781000075 ], [ 85.053517824000039, 27.852999652000051 ], [ 85.054744051000057, 27.85361744700009 ], [ 85.055070623000063, 27.853856341000039 ] ] ] } },
{ "type": "Feature", "properties": { "LENGTH": 729.6953, "TRANS_LN_": 371.0, "FEATURES": "Main Trail" }, "geometry": { "type": "MultiLineString", "coordinates": [ [ [ 85.042546839000067, 27.852054261000035 ], [ 85.044375470000034, 27.852502909000066 ], [ 85.044375470000034, 27.852502909000066 ], [ 85.04480803000007, 27.852481586000067 ], [ 85.045616520000067, 27.852290469000081 ], [ 85.04705591000004, 27.852710447000049 ], [ 85.04705591000004, 27.852710447000049 ], [ 85.048886408000044, 27.852558927000075 ], [ 85.049718833000043, 27.852284134000058 ] ] ] } },
{ "type": "Feature", "properties": { "LENGTH": 1174.528, "TRANS_LN_": 373.0, "FEATURES": "Main Trail" }, "geometry": { "type": "MultiLineString", "coordinates": [ [ [ 85.070375368000043, 27.853386514000078 ], [ 85.071512559000041, 27.853070873000036 ], [ 85.07352654500005, 27.852353607000055 ], [ 85.073933175000036, 27.852084237000042 ], [ 85.075643915000057, 27.851698673000044 ], [ 85.076170324000032, 27.851800599000057 ], [ 85.076858433000041, 27.852083995000044 ], [ 85.077615854000044, 27.85257439600008 ], [ 85.078923404000079, 27.854086961000064 ], [ 85.079742923000083, 27.854694175000077 ], [ 85.080123913000079, 27.854783687000065 ], [ 85.080123913000079, 27.854783687000065 ], [ 85.080431637000061, 27.854715854000062 ], [ 85.080547829000068, 27.854658545000063 ] ] ] } },
{ "type": "Feature", "properties": { "LENGTH": 101.8143, "TRANS_LN_": 377.0, "FEATURES": "Main Trail" }, "geometry": { "type": "MultiLineString", "coordinates": [ [ [ 85.041607323000051, 27.85168235000009 ], [ 85.042229444000043, 27.851975443000072 ], [ 85.042546839000067, 27.852054261000035 ] ] ] } },
{ "type": "Feature", "properties": { "LENGTH": 236.2075, "TRANS_LN_": 380.0, "FEATURES": "Main Trail" }, "geometry": { "type": "MultiLineString", "coordinates": [ [ [ 85.039310583000031, 27.851117625000086 ], [ 85.039715061000038, 27.851279265000073 ], [ 85.040529536000065, 27.851449092000053 ], [ 85.041351175000045, 27.85157148400009 ], [ 85.041607323000051, 27.85168235000009 ] ] ] } },
{ "type": "Feature", "properties": { "LENGTH": 160.8769, "TRANS_LN_": 388.0, "FEATURES": "Main Trail" }, "geometry": { "type": "MultiLineString", "coordinates": [ [ [ 85.037724983000032, 27.850797928000077 ], [ 85.037793745000045, 27.850822227000037 ], [ 85.039077453000061, 27.851024629000051 ], [ 85.039310583000031, 27.851117625000086 ] ] ] } },
{ "type": "Feature", "properties": { "LENGTH": 114.226, "TRANS_LN_": 396.0, "FEATURES": "Main Trail" }, "geometry": { "type": "MultiLineString", "coordinates": [ [ [ 85.036643980000065, 27.850424792000069 ], [ 85.037724983000032, 27.850797928000077 ] ] ] } },
{ "type": "Feature", "properties": { "LENGTH": 172.116, "TRANS_LN_": 399.0, "FEATURES": "Main Trail" }, "geometry": { "type": "MultiLineString", "coordinates": [ [ [ 85.034972766000067, 27.849974859000042 ], [ 85.036344124000038, 27.850321013000041 ], [ 85.036643980000065, 27.850424792000069 ] ] ] } },
{ "type": "Feature", "properties": { "LENGTH": 93.20728, "TRANS_LN_": 402.0, "FEATURES": "Local Trails" }, "geometry": { "type": "MultiLineString", "coordinates": [ [ [ 85.034035711000058, 27.849857805000056 ], [ 85.034972766000067, 27.849974859000042 ] ] ] } },
{ "type": "Feature", "properties": { "LENGTH": 689.8703, "TRANS_LN_": 428.0, "FEATURES": "Main Trail" }, "geometry": { "type": "MultiLineString", "coordinates": [ [ [ 85.028144797000039, 27.846980310000049 ], [ 85.028614041000083, 27.847418989000062 ], [ 85.028857656000071, 27.847683380000035 ], [ 85.029538407000075, 27.848210718000075 ], [ 85.030008154000029, 27.848432812000055 ], [ 85.030488806000051, 27.848532999000042 ], [ 85.030488806000051, 27.848532999000042 ], [ 85.031147504000046, 27.848471678000067 ], [ 85.031922644000076, 27.848578683000085 ], [ 85.033854937000058, 27.84979824800007 ], [ 85.034035711000058, 27.849857805000056 ] ] ] } },
{ "type": "Feature", "properties": { "LENGTH": 59.13346, "TRANS_LN_": 429.0, "FEATURES": "Main Trail" }, "geometry": { "type": "MultiLineString", "coordinates": [ [ [ 85.028144797000039, 27.846980310000049 ], [ 85.027720689000034, 27.847357965000072 ] ] ] } },
{ "type": "Feature", "properties": { "LENGTH": 911.319, "TRANS_LN_": 480.0, "FEATURES": "Local Trails" }, "geometry": { "type": "MultiLineString", "coordinates": [ [ [ 85.027720689000034, 27.847357965000072 ], [ 85.027389417000052, 27.847150624000051 ], [ 85.026489130000073, 27.846554973000082 ], [ 85.02626207000003, 27.846498006000047 ], [ 85.025953877000063, 27.846315306000065 ], [ 85.024780362000058, 27.84581191400008 ], [ 85.024413315000061, 27.845577759000037 ], [ 85.023870944000066, 27.845322344000067 ], [ 85.02371452400007, 27.845152049000035 ], [ 85.022946771000079, 27.844544110000072 ], [ 85.022703833000037, 27.844281958000067 ], [ 85.022192582000059, 27.843622482000058 ], [ 85.022136750000072, 27.843284495000034 ], [ 85.022185539000077, 27.84300664500006 ], [ 85.022102807000067, 27.842506425000067 ], [ 85.02215764500005, 27.842129267000075 ], [ 85.022120868000059, 27.842064115000085 ], [ 85.022386703000052, 27.841859105000083 ], [ 85.022437205000074, 27.841831659000036 ] ] ] } },
{ "type": "Feature", "properties": { "LENGTH": 58.02023, "TRANS_LN_": 483.0, "FEATURES": "Local Trails" }, "geometry": { "type": "MultiLineString", "coordinates": [ [ [ 85.022437205000074, 27.841831659000036 ], [ 85.022940342000084, 27.841559466000035 ] ] ] } },
{ "type": "Feature", "properties": { "LENGTH": 907.361, "TRANS_LN_": 590.0, "FEATURES": "Main Trail" }, "geometry": { "type": "MultiLineString", "coordinates": [ [ [ 85.023605134000036, 27.833701387000076 ], [ 85.023899841000059, 27.834209058000056 ], [ 85.023924228000055, 27.834576606000041 ], [ 85.023684766000031, 27.835088240000061 ], [ 85.02387636800006, 27.835898980000081 ], [ 85.023787096000035, 27.836729852000076 ], [ 85.023862956000073, 27.837106042000073 ], [ 85.023754334000046, 27.838038577000077 ], [ 85.023859530000038, 27.838633382000069 ], [ 85.023643635000042, 27.838817720000065 ], [ 85.02352705100003, 27.839105097000072 ], [ 85.023384741000029, 27.840504874000089 ], [ 85.023118599000043, 27.841285169000059 ], [ 85.022940342000084, 27.841559466000035 ] ] ] } },
{ "type": "Feature", "properties": { "LENGTH": 543.1151, "TRANS_LN_": 655.0, "FEATURES": "Main Trail" }, "geometry": { "type": "MultiLineString", "coordinates": [ [ [ 85.022153218000028, 27.829064773000084 ], [ 85.022201385000074, 27.829872067000053 ], [ 85.022139425000034, 27.830301167000073 ], [ 85.022386960000063, 27.831125033000035 ], [ 85.023033722000037, 27.832304644000089 ], [ 85.023286576000032, 27.833153284000048 ], [ 85.023605134000036, 27.833701387000076 ] ] ] } },
{ "type": "Feature", "properties": { "LENGTH": 1289.124, "TRANS_LN_": 813.0, "FEATURES": "Main Trail" }, "geometry": { "type": "MultiLineString", "coordinates": [ [ [ 85.017790688000048, 27.818493757000056 ], [ 85.017941028000052, 27.818765627000062 ], [ 85.018108548000043, 27.819314858000041 ], [ 85.018205825000052, 27.820426355000052 ], [ 85.018891211000039, 27.821610217000057 ], [ 85.018892889000028, 27.821993726000073 ], [ 85.018717021000043, 27.822793652000087 ], [ 85.019032036000056, 27.82330795300004 ], [ 85.019733892000033, 27.824078839000038 ], [ 85.019742223000037, 27.82483454000004 ], [ 85.02103960200003, 27.827144128000043 ], [ 85.021967478000079, 27.828335202000062 ], [ 85.022140447000083, 27.828852803000075 ], [ 85.022153218000028, 27.829064773000084 ] ] ] } },
{ "type": "Feature", "properties": { "LENGTH": 978.7566, "TRANS_LN_": 926.0, "FEATURES": "Main Trail" }, "geometry": { "type": "MultiLineString", "coordinates": [ [ [ 85.014575896000053, 27.810727397000051 ], [ 85.014565239000035, 27.810741012000051 ], [ 85.014379654000038, 27.810974745000067 ], [ 85.014296448000039, 27.811099437000053 ], [ 85.014250953000044, 27.811323117000086 ], [ 85.014224024000043, 27.811497028000076 ], [ 85.014123914000038, 27.81226029600009 ], [ 85.014609633000077, 27.813743442000089 ], [ 85.015135575000045, 27.814434430000063 ], [ 85.015466298000035, 27.815278004000049 ], [ 85.015830751000067, 27.815791950000062 ], [ 85.016292920000069, 27.816172072000086 ], [ 85.016705075000061, 27.816766881000035 ], [ 85.01722176800007, 27.818164060000072 ], [ 85.017585261000079, 27.81836893500008 ], [ 85.017790688000048, 27.818493757000056 ] ] ] } },
{ "type": "Feature", "properties": { "LENGTH": 43.71237, "TRANS_LN_": 929.0, "FEATURES": "Main Trail" }, "geometry": { "type": "MultiLineString", "coordinates": [ [ [ 85.014759100000049, 27.81037411300008 ], [ 85.014695002000053, 27.810575369000048 ], [ 85.014575896000053, 27.810727397000051 ] ] ] } },
{ "type": "Feature", "properties": { "LENGTH": 85.97931, "TRANS_LN_": 935.0, "FEATURES": "Bridge Trails &Tracks" }, "geometry": { "type": "MultiLineString", "coordinates": [ [ [ 85.014759100000049, 27.81037411300008 ], [ 85.01497984000008, 27.809623493000061 ] ] ] } },
{ "type": "Feature", "properties": { "LENGTH": 1788.318, "TRANS_LN_": 1041.0, "FEATURES": "Main Trail" }, "geometry": { "type": "MultiLineString", "coordinates": [ [ [ 85.015002700000082, 27.809284923000064 ], [ 85.015001054000038, 27.809244327000044 ], [ 85.014990905000047, 27.80897142300006 ], [ 85.015017146000048, 27.808655388000091 ], [ 85.015099541000041, 27.808307356000057 ], [ 85.015172254000049, 27.807941347000053 ], [ 85.015171336000037, 27.807774408000057 ], [ 85.015124202000038, 27.807616834000044 ], [ 85.015002080000045, 27.807444018000069 ], [ 85.013646283000071, 27.806522240000049 ], [ 85.012924167000051, 27.806148527000062 ], [ 85.011455201000047, 27.805536631000052 ], [ 85.010467486000039, 27.805110704000072 ], [ 85.00984489800004, 27.804934776000039 ], [ 85.009229298000037, 27.804691113000047 ], [ 85.008959382000057, 27.804584796000086 ], [ 85.008031515000084, 27.804456210000069 ], [ 85.007108494000079, 27.804165148000038 ], [ 85.006857483000033, 27.804045153000061 ], [ 85.006160777000048, 27.803395984000076 ], [ 85.004508411000074, 27.802489809000065 ], [ 85.004078642000081, 27.802242515000046 ], [ 85.00358333500003, 27.801903199000037 ], [ 85.003465486000039, 27.801847655000074 ], [ 85.002933920000032, 27.801427383000089 ], [ 85.002137029000039, 27.800984218000053 ], [ 85.001787996000076, 27.800894252000035 ], [ 85.001576485000044, 27.800792009000077 ], [ 85.001221505000046, 27.800537396000038 ] ] ] } },
{ "type": "Feature", "properties": { "LENGTH": 10.00488, "TRANS_LN_": 1042.0, "FEATURES": "Main Trail" }, "geometry": { "type": "MultiLineString", "coordinates": [ [ [ 85.001221505000046, 27.800537396000038 ], [ 85.001141711000059, 27.80048157300007 ] ] ] } },
{ "type": "Feature", "properties": { "LENGTH": 67.69482, "TRANS_LN_": 1044.0, "FEATURES": "Bridge Trails &Tracks" }, "geometry": { "type": "MultiLineString", "coordinates": [ [ [ 85.000487556000053, 27.800317111000084 ], [ 85.000880016000053, 27.800370668000085 ], [ 85.001141711000059, 27.80048157300007 ] ] ] } },
{ "type": "Feature", "properties": { "LENGTH": 309.6338, "TRANS_LN_": 1063.0, "FEATURES": "Other Road" }, "geometry": { "type": "MultiLineString", "coordinates": [ [ [ 85.000411261000067, 27.797734514000069 ], [ 85.000184741000055, 27.797862492000036 ], [ 85.000081786000067, 27.797978295000064 ], [ 85.00005313500003, 27.798104839000075 ], [ 85.000088129000062, 27.798463294000044 ], [ 85.000121801000034, 27.798677373000089 ], [ 85.000184640000043, 27.798821304000057 ], [ 85.000210124000034, 27.798972273000061 ], [ 85.00021197500007, 27.799312919000045 ], [ 85.00021354200004, 27.799691920000043 ], [ 85.000230513000076, 27.799813623000091 ], [ 85.00029337400008, 27.799959809000086 ], [ 85.000393943000063, 27.800137307000057 ], [ 85.000487556000053, 27.800317111000084 ] ] ] } },
{ "type": "Feature", "properties": { "LENGTH": 116.0296, "TRANS_LN_": 4.0, "FEATURES": "Bridge Road" }, "geometry": { "type": "MultiLineString", "coordinates": [ [ [ 85.207598650000079, 27.999351587000035 ], [ 85.207546275000084, 27.999555075000046 ], [ 85.207539041000075, 27.999704027000064 ], [ 85.207572725000034, 27.999818780000055 ], [ 85.207686562000049, 27.999941853000053 ], [ 85.207820353000045, 28.000030913000046 ], [ 85.207968146000042, 28.000122105000059 ], [ 85.208082707000074, 28.000139146000038 ] ] ] } }
]
}
