{
"type": "FeatureCollection",
"name": "landsat_drone_sen",
"crs": { "type": "name", "properties": { "name": "urn:ogc:def:crs:OGC:1.3:CRS84" } },
"features": [
{ "type": "Feature", "properties": { "NoteType": 0, "Name": null, "Notes": null, "created_us": "LENOVO", "created_da": "2026-08-27", "last_edite": "LENOVO", "last_edi_1": "2026-08-27", "Shape_Leng": 2.8820961825500002, "Shape_Area": 0.00289791862 }, "geometry": { "type": "MultiPolygon", "coordinates": [ [ [ [ 85.138889137011802, 27.895386492714863, 0.0 ], [ 85.139216447500587, 27.8947187793176, 0.0 ], [ 85.139405048940432, 27.89410945158852, 0.0 ], [ 85.139405048940432, 27.893398569237661, 0.0 ], [ 85.139158416288183, 27.892673179083886, 0.0 ], [ 85.138621627574423, 27.891788203096269, 0.0 ], [ 85.138592611968193, 27.891062812942437, 0.0 ], [ 85.138476549543611, 27.889495970210078, 0.0 ], [ 85.138353528132598, 27.889013859274939, 0.0 ], [ 85.137724724497104, 27.888437896281175, 0.0 ], [ 85.136859300334038, 27.88787296661917, 0.0 ], [ 85.136222251991626, 27.887368135857287, 0.0 ], [ 85.135525104749092, 27.886851285315345, 0.0 ], [ 85.134767858606324, 27.886238276532936, 0.0 ], [ 85.134046671803617, 27.885661327090986, 0.0 ], [ 85.132387869131492, 27.883833114784068, 0.0 ], [ 85.130203721686371, 27.88196128970975, 0.0 ], [ 85.128386722913262, 27.878235543874894, 0.0 ], [ 85.128235191427734, 27.875942714201017, 0.0 ], [ 85.127856485080372, 27.87538441515278, 0.0 ], [ 85.127123278497663, 27.874627169010012, 0.0 ], [ 85.126378052134896, 27.874182437148363, 0.0 ], [ 85.125464548851596, 27.873797804187006, 0.0 ], [ 85.123913997225827, 27.872848241563418, 0.0 ], [ 85.122868276361942, 27.872271292121241, 0.0 ], [ 85.121678318137583, 27.871718382239294, 0.0 ], [ 85.120692696173933, 27.871393848178172, 0.0 ], [ 85.119743133550401, 27.870949116316524, 0.0 ], [ 85.119154164328222, 27.870456305334642, 0.0 ], [ 85.118759920312129, 27.870152543551796, 0.0 ], [ 85.117483414902495, 27.869590881171519, 0.0 ], [ 85.116762228099901, 27.869326446010632, 0.0 ], [ 85.115812665476369, 27.868629298768155, 0.0 ], [ 85.11569614920154, 27.868376846839112, 0.0 ], [ 85.115621291289813, 27.868343965871304, 0.0 ], [ 85.112596257758241, 27.863049453283452, 0.0 ], [ 85.112456691252362, 27.862202162872109, 0.0 ], [ 85.112086855747748, 27.861466894666535, 0.0 ], [ 85.11169514506463, 27.860596426481891, 0.0 ], [ 85.111390481200033, 27.860045129964988, 0.0 ], [ 85.111419496806093, 27.85940678662962, 0.0 ], [ 85.11230447279388, 27.858899013521977, 0.0 ], [ 85.112986339538452, 27.85852181064206, 0.0 ], [ 85.113131417569093, 27.858202638974433, 0.0 ], [ 85.113320019009166, 27.857839943897432, 0.0 ], [ 85.113334526812309, 27.857607819048155, 0.0 ], [ 85.112797738098379, 27.857274139577441, 0.0 ], [ 85.112551203771943, 27.857239624771694, 0.0 ], [ 85.11064093448573, 27.858056074853096, 0.0 ], [ 85.109966148148885, 27.857951877813264, 0.0 ], [ 85.109081588651577, 27.858075931889118, 0.0 ], [ 85.10787961064716, 27.858292287929885, 0.0 ], [ 85.106942067803629, 27.858316327489945, 0.0 ], [ 85.106268960121156, 27.858184109909587, 0.0 ], [ 85.105692010679149, 27.858039872549057, 0.0 ], [ 85.105018902996449, 27.857979773648765, 0.0 ], [ 85.104225597513675, 27.857895635188527, 0.0 ], [ 85.10248340072701, 27.857627604913546, 0.0 ], [ 85.099896979925916, 27.857908464951379, 0.0 ], [ 85.093744555818489, 27.859447248603658, 0.0 ], [ 85.091296855849748, 27.858076238625756, 0.0 ], [ 85.089870010621098, 27.856069142968636, 0.0 ], [ 85.089483698554659, 27.855794343663717, 0.0 ], [ 85.088900635694131, 27.855285001394577, 0.0 ], [ 85.088221519686954, 27.854691750629797, 0.0 ], [ 85.08759768415473, 27.854314547749823, 0.0 ], [ 85.087104418850231, 27.854067915097573, 0.0 ], [ 85.086163659737281, 27.854020877141977, 0.0 ], [ 85.085943794604077, 27.854009883885226, 0.0 ], [ 85.084609076721051, 27.854706258432941, 0.0 ], [ 85.083738608536407, 27.855301078359048, 0.0 ], [ 85.08310026520104, 27.855417140783572, 0.0 ], [ 85.081697051696722, 27.855011252579857, 0.0 ], [ 85.081483340589955, 27.854949435317565, 0.0 ], [ 85.081344821028779, 27.85490936767593, 0.0 ], [ 85.080532384056539, 27.854720766236028, 0.0 ], [ 85.080409403829776, 27.854585063916829, 0.0 ], [ 85.08037642517337, 27.854573874729795, 0.0 ], [ 85.079311008384991, 27.853961826787497, 0.0 ], [ 85.078494944461852, 27.85325910507612, 0.0 ], [ 85.077628080776151, 27.852307439507911, 0.0 ], [ 85.076477743252781, 27.851769298778038, 0.0 ], [ 85.075623523807565, 27.851760013784144, 0.0 ], [ 85.074871439296089, 27.851880718705729, 0.0 ], [ 85.073952224893162, 27.852112843555062, 0.0 ], [ 85.071686686364842, 27.852911353036347, 0.0 ], [ 85.070832466919626, 27.853152762879574, 0.0 ], [ 85.069727552637232, 27.853496307656371, 0.0 ], [ 85.069198307981139, 27.853617012577956, 0.0 ], [ 85.063311621804928, 27.855939421694359, 0.0 ], [ 85.062513692635605, 27.856374655786681, 0.0 ], [ 85.061701255663365, 27.856925952303584, 0.0 ], [ 85.06096135770639, 27.857274139577441, 0.0 ], [ 85.059945811491104, 27.85744823321437, 0.0 ], [ 85.058930265275819, 27.85712906154663, 0.0 ], [ 85.058059797091175, 27.856548749423609, 0.0 ], [ 85.057116789891211, 27.855388125177512, 0.0 ], [ 85.057099143725793, 27.85536132914865, 0.0 ], [ 85.056690926951944, 27.855051182288776, 0.0 ], [ 85.055191220387542, 27.85351615279842, 0.0 ], [ 85.05428776829126, 27.853313509337681, 0.0 ], [ 85.052648386543751, 27.852733197214491, 0.0 ], [ 85.05201004320827, 27.852559103577562, 0.0 ], [ 85.050399677066821, 27.852326978728456, 0.0 ], [ 85.049587240094581, 27.852065838273063, 0.0 ], [ 85.048673248500677, 27.851703143196062, 0.0 ], [ 85.04690352730853, 27.85116298733027, 0.0 ], [ 85.043955670538821, 27.851091785238395, 0.0 ], [ 85.0429716818918, 27.851732158802349, 0.0 ], [ 85.042594479011655, 27.852573611380706, 0.0 ], [ 85.042420385374896, 27.853052368882288, 0.0 ], [ 85.041999659085548, 27.853342524943741, 0.0 ], [ 85.041651471811861, 27.853357032746885, 0.0 ], [ 85.040911573854942, 27.853139415700753, 0.0 ], [ 85.040374785141012, 27.852892783048276, 0.0 ], [ 85.03993955104869, 27.852747705017634, 0.0 ], [ 85.039170637485654, 27.852834751836099, 0.0 ], [ 85.038169599073456, 27.853211954716073, 0.0 ], [ 85.037835919602742, 27.853313509337681, 0.0 ], [ 85.034948866790444, 27.853182939109956, 0.0 ], [ 85.034034875196596, 27.853124907897609, 0.0 ], [ 85.033120883602919, 27.852820244032955, 0.0 ], [ 85.032787204131978, 27.852486564562241, 0.0 ], [ 85.032627618298193, 27.851964283651455, 0.0 ], [ 85.032584094888989, 27.851180862285446, 0.0 ], [ 85.032402796576605, 27.850318132384984, 0.0 ], [ 85.031011672101442, 27.848899106280726, 0.0 ], [ 85.029649123858519, 27.84806329365324, 0.0 ], [ 85.028304292981431, 27.847539403713256, 0.0 ], [ 85.027404809190671, 27.846988107196239, 0.0 ], [ 85.026461801990706, 27.8465238574978, 0.0 ], [ 85.025852474261455, 27.84616116242097, 0.0 ], [ 85.024358170544645, 27.845276186433182, 0.0 ], [ 85.02283485122166, 27.844420226051852, 0.0 ], [ 85.022283554704813, 27.844043023171764, 0.0 ], [ 85.021616195763329, 27.843158047184147, 0.0 ], [ 85.021558164550981, 27.842360118014994, 0.0 ], [ 85.021848320612492, 27.841895868316385, 0.0 ], [ 85.022472156144659, 27.841634727860992, 0.0 ], [ 85.022527562015171, 27.841614806649318, 0.0 ], [ 85.023415084575674, 27.840850916679699, 0.0 ], [ 85.023748842815564, 27.838660628230457, 0.0 ], [ 85.023879413043232, 27.836339379738149, 0.0 ], [ 85.023821381830885, 27.834467873141364, 0.0 ], [ 85.023545733572519, 27.833336264501327, 0.0 ], [ 85.022254539098697, 27.831160094039888, 0.0 ], [ 85.02205142985548, 27.829680298126164, 0.0 ], [ 85.021848320612492, 27.829085478200057, 0.0 ], [ 85.020977852427848, 27.827663713498566, 0.0 ], [ 85.020121892046291, 27.82660464387402, 0.0 ], [ 85.019643134544935, 27.825879253720188, 0.0 ], [ 85.019265931664791, 27.82406577833558, 0.0 ], [ 85.018758158557148, 27.822397380981783, 0.0 ], [ 85.018685619541827, 27.82149789719108, 0.0 ], [ 85.018511525904898, 27.820975616280293, 0.0 ], [ 85.017989244994112, 27.820148671505024, 0.0 ], [ 85.017757120145006, 27.8193507423357, 0.0 ], [ 85.017089761203351, 27.818697891197246, 0.0 ], [ 85.016451417868041, 27.818335196120415, 0.0 ], [ 85.015885613547994, 27.817653329375844, 0.0 ], [ 85.014971621954317, 27.815346588686737, 0.0 ], [ 85.01440581763427, 27.814635706335878, 0.0 ], [ 85.013810997708163, 27.813808761560438, 0.0 ], [ 85.013651411874378, 27.813213941634501, 0.0 ], [ 85.013578872858886, 27.812677152920571, 0.0 ], [ 85.013317732403493, 27.811937254963652, 0.0 ], [ 85.013433794828245, 27.811095802385296, 0.0 ], [ 85.013723950889698, 27.810588029277653, 0.0 ], [ 85.014101153769673, 27.810341396625176, 0.0 ], [ 85.014247570054977, 27.810331181535616, 0.0 ], [ 85.014724989301897, 27.810297873216143, 0.0 ], [ 85.015261778015827, 27.810428443443641, 0.0 ], [ 85.015972660366458, 27.810428443443641, 0.0 ], [ 85.016277324231112, 27.810167302988418, 0.0 ], [ 85.016233800821851, 27.809848131320678, 0.0 ], [ 85.016030691578862, 27.809572483062311, 0.0 ], [ 85.015319809228174, 27.809325850409891, 0.0 ], [ 85.015101559449192, 27.809062831445601, 0.0 ], [ 85.015161326232544, 27.808974065465804, 0.0 ], [ 85.015120366910935, 27.808119436816867, 0.0 ], [ 85.014565403468112, 27.807207711160856, 0.0 ], [ 85.013375763615841, 27.806540352219372, 0.0 ], [ 85.011460733609795, 27.805887501080917, 0.0 ], [ 85.010271093757581, 27.805365220170131, 0.0 ], [ 85.009357102163733, 27.804915478274665, 0.0 ], [ 85.00687626783764, 27.804335166151702, 0.0 ], [ 85.005657612379139, 27.80389993205938, 0.0 ], [ 85.004467972526925, 27.802710292207109, 0.0 ], [ 85.003133254643842, 27.801303035308763, 0.0 ], [ 85.001914599185568, 27.800780754397977, 0.0 ], [ 85.000971591985547, 27.800490598336467, 0.0 ], [ 84.999054281036649, 27.800928840839049, 0.0 ], [ 84.998940499554806, 27.800954848034905, 0.0 ], [ 84.997605781671894, 27.801593191370216, 0.0 ], [ 84.996503188637973, 27.802304073720904, 0.0 ], [ 84.996256301550659, 27.80240140420733, 0.0 ], [ 84.994994377117962, 27.802898893647182, 0.0 ], [ 84.994138416736632, 27.802768323419343, 0.0 ], [ 84.993325979764222, 27.802507182964121, 0.0 ], [ 84.992194371124356, 27.802202519099467, 0.0 ], [ 84.991585043395105, 27.802260550311701, 0.0 ], [ 84.99091768445362, 27.802449151751716, 0.0 ], [ 84.990047216268977, 27.80331961993619, 0.0 ], [ 84.98891560762894, 27.804291642742442, 0.0 ], [ 84.9881031706567, 27.80468335342556, 0.0 ], [ 84.987073116638271, 27.804509259788631, 0.0 ], [ 84.984345649659929, 27.803595268194726, 0.0 ], [ 84.983431658066252, 27.80275381561637, 0.0 ], [ 84.981792276318572, 27.801810808416406, 0.0 ], [ 84.980544605253954, 27.801839824022466, 0.0 ], [ 84.979601598053989, 27.801433605536431, 0.0 ], [ 84.977599521229479, 27.800664691973395, 0.0 ], [ 84.97603267849729, 27.800534121745727, 0.0 ], [ 84.97493008546337, 27.800780754397977, 0.0 ], [ 84.974204695309538, 27.801012879247253, 0.0 ], [ 84.973174641291109, 27.801259511899502, 0.0 ], [ 84.972115571666563, 27.80165122258262, 0.0 ], [ 84.971426217331384, 27.802437086524719, 0.0 ], [ 84.971375848750768, 27.802606619796222, 0.0 ], [ 84.971185911645421, 27.803245920296774, 0.0 ], [ 84.971204481633492, 27.803552325097655, 0.0 ], [ 84.9714071720947, 27.803853465211375, 0.0 ], [ 84.971529456422218, 27.804035144784109, 0.0 ], [ 84.971445891476549, 27.804360119573062, 0.0 ], [ 84.971093061705801, 27.80486150924736, 0.0 ], [ 84.970710859084079, 27.805029937521169, 0.0 ], [ 84.969504167112802, 27.806148641536311, 0.0 ], [ 84.969406323789713, 27.806173608453207, 0.0 ], [ 84.969356767833574, 27.806421388234071, 0.0 ], [ 84.969171067954278, 27.806904207920525, 0.0 ], [ 84.968994653068876, 27.807489162540548, 0.0 ], [ 84.968836808171375, 27.808018407196812, 0.0 ], [ 84.968743958231755, 27.808482656895251, 0.0 ], [ 84.968539688364388, 27.809067611515275, 0.0 ], [ 84.968251853551351, 27.809606141165489, 0.0 ], [ 84.967973303732208, 27.80991254596637, 0.0 ], [ 84.967685468919171, 27.810061105869806, 0.0 ], [ 84.96732335415436, 27.810088960851772, 0.0 ], [ 84.967100514299148, 27.810070390863871, 0.0 ], [ 84.966867121286157, 27.810054831329637, 0.0 ], [ 84.966821964480005, 27.810051820875856, 0.0 ], [ 84.966339144793778, 27.810051820875856, 0.0 ], [ 84.966105125337663, 27.810055366625136, 0.0 ], [ 84.965726335191732, 27.810061105869806, 0.0 ], [ 84.964788550801018, 27.810683200465689, 0.0 ], [ 84.964370726072389, 27.81111031018844, 0.0 ], [ 84.964287161126663, 27.811565274892928, 0.0 ], [ 84.964277876132599, 27.81193667465169, 0.0 ], [ 84.964110746241147, 27.812224509464727, 0.0 ], [ 84.9639157613679, 27.812568054241524, 0.0 ], [ 84.962950121995163, 27.813905093373023, 0.0 ], [ 84.962560152248386, 27.815102857595036, 0.0 ], [ 84.962142327519757, 27.815632102251129, 0.0 ], [ 84.961770927760995, 27.816068496967773, 0.0 ], [ 84.959802509039662, 27.817136271274251, 0.0 ], [ 84.958744019727078, 27.817424106087117, 0.0 ], [ 84.957880515288139, 27.817284831177687, 0.0 ], [ 84.956905590921451, 27.817015566352666, 0.0 ], [ 84.954222227664388, 27.815399977402024, 0.0 ], [ 84.952625208701761, 27.814833592769844, 0.0 ], [ 84.9525612155781, 27.814795882536373, 0.0 ], [ 84.951473869449558, 27.81496358268538, 0.0 ], [ 84.950563940040581, 27.815511397329715, 0.0 ], [ 84.949969700426436, 27.815827087124546, 0.0 ], [ 84.949654010631605, 27.815892082082428, 0.0 ], [ 84.948614091307093, 27.815567107293475, 0.0 ], [ 84.947787726843842, 27.814842877763795, 0.0 ], [ 84.946515682670224, 27.812948738994237, 0.0 ], [ 84.946134997917341, 27.812382354362057, 0.0 ], [ 84.945642893237107, 27.811964529633485, 0.0 ], [ 84.944770103804046, 27.811620984856631, 0.0 ], [ 84.944083014250282, 27.81136100502556, 0.0 ], [ 84.943804464431309, 27.811063885218573, 0.0 ], [ 84.943507344624152, 27.809958970936236, 0.0 ], [ 84.943200939823271, 27.808928336605618, 0.0 ], [ 84.942810970076607, 27.808306242009678, 0.0 ], [ 84.941789620739939, 27.807089907799821, 0.0 ], [ 84.940786841391343, 27.805465033855285, 0.0 ], [ 84.940016186891853, 27.804647954386098, 0.0 ], [ 84.940044589853244, 27.804610779921916, 0.0 ], [ 84.939774777048797, 27.804322979597146, 0.0 ], [ 84.939236247398583, 27.804202274675561, 0.0 ], [ 84.938790567687988, 27.804211559669454, 0.0 ], [ 84.937992058206703, 27.804415829536822, 0.0 ], [ 84.937304968652938, 27.804508679476442, 0.0 ], [ 84.936664304069154, 27.804490109488597, 0.0 ], [ 84.936032924479321, 27.804276554627336, 0.0 ], [ 84.93344241116182, 27.802614540706884, 0.0 ], [ 84.931576127374228, 27.801119656677884, 0.0 ], [ 84.930833327856703, 27.800906101816622, 0.0 ], [ 84.930536208049716, 27.80059041202162, 0.0 ], [ 84.929979108411487, 27.800051882371406, 0.0 ], [ 84.927834274804752, 27.798649848282025, 0.0 ], [ 84.925262331475324, 27.797526364011787, 0.0 ], [ 84.924129562211192, 27.797192104228941, 0.0 ], [ 84.922866803031297, 27.797043544325504, 0.0 ], [ 84.921808313718884, 27.797322094144647, 0.0 ], [ 84.92148287395753, 27.797467062765747, 0.0 ], [ 84.921226850293579, 27.797508741036552, 0.0 ], [ 84.920865295309738, 27.797662594221151, 0.0 ], [ 84.920342194482203, 27.797847218042591, 0.0 ], [ 84.920172955979353, 27.798039534523411, 0.0 ], [ 84.920137866742948, 27.798066202343023, 0.0 ], [ 84.919765615045776, 27.798232023553453, 0.0 ], [ 84.919152805443787, 27.798751983215823, 0.0 ], [ 84.918753550703002, 27.799160522950444, 0.0 ], [ 84.918140741101183, 27.799615487654933, 0.0 ], [ 84.91762078143887, 27.799940462443715, 0.0 ], [ 84.917156531740432, 27.800200442274786, 0.0 ], [ 84.916478727180788, 27.800367572166408, 0.0 ], [ 84.914389603537813, 27.801732466279873, 0.0 ], [ 84.914018203779051, 27.802280280924037, 0.0 ], [ 84.913851073887599, 27.802725960634405, 0.0 ], [ 84.913683943996148, 27.803106645387118, 0.0 ], [ 84.913451819146871, 27.803468760151929, 0.0 ], [ 84.91328468925542, 27.803728739983001, 0.0 ], [ 84.912996854442383, 27.804072284760025, 0.0 ], [ 84.912541889737895, 27.804341549585047, 0.0 ], [ 84.912003360087681, 27.804527249464513, 0.0 ], [ 84.911678385298899, 27.804387974554857, 0.0 ], [ 84.911409120473706, 27.80424869964537, 0.0 ], [ 84.908577197313207, 27.803348055230344, 0.0 ], [ 84.907843682789576, 27.803301630260478, 0.0 ], [ 84.907268013163673, 27.803292345266584, 0.0 ], [ 84.90688732841096, 27.803357340224238, 0.0 ], [ 84.906627348579718, 27.803635890043381, 0.0 ], [ 84.906515928652198, 27.803951579838383, 0.0 ], [ 84.906608778591874, 27.804332264591096, 0.0 ], [ 84.906748053501303, 27.805084349102572, 0.0 ], [ 84.906478788676282, 27.805669303722595, 0.0 ], [ 84.906163098881279, 27.806114983433133, 0.0 ], [ 84.905587429255206, 27.806495668185846, 0.0 ], [ 84.905039614611042, 27.806820642974799, 0.0 ], [ 84.904881769713541, 27.807006342854095, 0.0 ], [ 84.904658929858329, 27.807052767823905, 0.0 ], [ 84.904176110171875, 27.807052767823905, 0.0 ], [ 84.903600440545972, 27.806699938053157, 0.0 ], [ 84.901864146673745, 27.805919998559773, 0.0 ], [ 84.900917077288852, 27.805808578632082, 0.0 ], [ 84.90049925256028, 27.80573429868025, 0.0 ], [ 84.899960722910066, 27.805725013686356, 0.0 ], [ 84.899245778374507, 27.805882858583857, 0.0 ], [ 84.898456553887115, 27.806124268427084, 0.0 ], [ 84.897899454249057, 27.806282113324585, 0.0 ], [ 84.894835406239281, 27.807192042733561, 0.0 ], [ 84.893303382234365, 27.807693432407859, 0.0 ], [ 84.892003483078781, 27.807656292432, 0.0 ], [ 84.891139978639615, 27.807869847293262, 0.0 ], [ 84.890471459073865, 27.808399091949525, 0.0 ], [ 84.889802939508115, 27.808640501792581, 0.0 ], [ 84.889310834827711, 27.808900481623823, 0.0 ], [ 84.888308055479115, 27.809030471539359, 0.0 ], [ 84.887796241092474, 27.809056944697431, 0.0 ], [ 84.887761612209431, 27.809054535731605, 0.0 ], [ 84.887663778080196, 27.809047729879182, 0.0 ], [ 84.886917590134999, 27.808932339990804, 0.0 ], [ 84.886286792078181, 27.808586170325441, 0.0 ], [ 84.885902159116768, 27.808347697889303, 0.0 ], [ 84.885242795539341, 27.807847969704255, 0.0 ], [ 84.885114017553747, 27.807786282347536, 0.0 ], [ 84.88472404780714, 27.807739857377726, 0.0 ], [ 84.884241228120686, 27.807823422323395, 0.0 ], [ 84.882987753934913, 27.808101972142538, 0.0 ], [ 84.882532789230424, 27.808259817039868, 0.0 ], [ 84.882319234369163, 27.808491941889145, 0.0 ], [ 84.882152104477711, 27.808705496750406, 0.0 ], [ 84.881975689592309, 27.809030471539359, 0.0 ], [ 84.881706424767117, 27.809271881382585, 0.0 ], [ 84.881037905201367, 27.809374016316156, 0.0 ], [ 84.879561591160439, 27.80842694693132, 0.0 ], [ 84.878633091763561, 27.808139112118283, 0.0 ], [ 84.877583887444985, 27.807953412238987, 0.0 ], [ 84.875076939073381, 27.807832707317345, 0.0 ], [ 84.873145660327964, 27.806959917884285, 0.0 ], [ 84.872764975575251, 27.806764933010868, 0.0 ], [ 84.872189305949121, 27.806374963264261, 0.0 ], [ 84.872161450967155, 27.805957138535632, 0.0 ], [ 84.872737120593285, 27.805307188957727, 0.0 ], [ 84.873254390012903, 27.80497383755403, 0.0 ], [ 84.873572770050487, 27.80476865930757, 0.0 ], [ 84.873767754923847, 27.804536534458407, 0.0 ], [ 84.873749184935832, 27.804304409609131, 0.0 ], [ 84.873510672051339, 27.804026144577335, 0.0 ], [ 84.87285782551487, 27.803264490284619, 0.0 ], [ 84.872282155888797, 27.802911660513871, 0.0 ], [ 84.871873616154119, 27.802568115736904, 0.0 ], [ 84.871492931401406, 27.802354560875642, 0.0 ], [ 84.871149386624609, 27.80217814599024, 0.0 ], [ 84.870053757336336, 27.801695326303786, 0.0 ], [ 84.869413092752382, 27.801528196412391, 0.0 ], [ 84.868818853138407, 27.80136106652111, 0.0 ], [ 84.868401028409835, 27.801333211539145, 0.0 ], [ 84.868038913644966, 27.801398206496856, 0.0 ], [ 84.867556093958513, 27.801398206496856, 0.0 ], [ 84.8669339993628, 27.801277501575385, 0.0 ], [ 84.866098349905599, 27.801119656677884, 0.0 ], [ 84.865355550388074, 27.801045376726108, 0.0 ], [ 84.863916376322834, 27.801574621382372, 0.0 ], [ 84.863247856757084, 27.802438125821368, 0.0 ], [ 84.862913596974181, 27.802967370477631, 0.0 ], [ 84.862570052197384, 27.803459475158036, 0.0 ], [ 84.86207794751698, 27.803979434820178, 0.0 ], [ 84.861938672607323, 27.804415829536822, 0.0 ], [ 84.860991603222658, 27.805725013686356, 0.0 ], [ 84.860415933596528, 27.806114983433133, 0.0 ], [ 84.859830978976504, 27.806430673227965, 0.0 ], [ 84.85832680995361, 27.806904207920525, 0.0 ], [ 84.857611865417994, 27.806894922926574, 0.0 ], [ 84.856942400001913, 27.806956584214731, 0.0 ], [ 84.856200546334719, 27.80702491284211, 0.0 ], [ 84.855745774110574, 27.807129860278451, 0.0 ], [ 84.854027857746019, 27.807526302516237, 0.0 ], [ 84.853080788361183, 27.807832707317345, 0.0 ], [ 84.850880244790517, 27.808148397112348, 0.0 ], [ 84.850211725224767, 27.808139112118283, 0.0 ], [ 84.849598915622778, 27.807906987269121, 0.0 ], [ 84.84929251082184, 27.807674862419844, 0.0 ], [ 84.849218230870065, 27.807173472745546, 0.0 ], [ 84.849171805900255, 27.806551378149607, 0.0 ], [ 84.84921058285363, 27.806479789928233, 0.0 ], [ 84.848769212230536, 27.804948504092806, 0.0 ], [ 84.848096104548063, 27.80422731729027, 0.0 ], [ 84.846858067203414, 27.80331381400697, 0.0 ], [ 84.846112840840703, 27.802905141485383, 0.0 ], [ 84.845355594697935, 27.802508488743968, 0.0 ], [ 84.844754605695698, 27.802183954682619, 0.0 ], [ 84.844081498013225, 27.801823361281436, 0.0 ], [ 84.842711243088218, 27.801498827220144, 0.0 ], [ 84.839833761847729, 27.801310482993529, 0.0 ], [ 84.839011035421038, 27.801595701967813, 0.0 ], [ 84.837106482729837, 27.804216093139416, 0.0 ], [ 84.835136928140344, 27.806047534480797, 0.0 ], [ 84.833559056708964, 27.804375358466075, 0.0 ], [ 84.83239598346006, 27.802910234594606, 0.0 ], [ 84.830816398154468, 27.804031462503303, 0.0 ], [ 84.831754268353393, 27.80547873720036, 0.0 ], [ 84.833386284812434, 27.8071279071562, 0.0 ], [ 84.831383794327223, 27.807908241427867, 0.0 ], [ 84.827272309516616, 27.809419391438496, 0.0 ], [ 84.825303450864169, 27.811202940109013, 0.0 ], [ 84.824753257019893, 27.81186278956659, 0.0 ], [ 84.825043037121134, 27.813490898921486, 0.0 ], [ 84.826757267621815, 27.813708902945905, 0.0 ], [ 84.829011243952891, 27.813792121756251, 0.0 ], [ 84.83120774258532, 27.814065406313034, 0.0 ], [ 84.832356072576204, 27.81303291267966, 0.0 ], [ 84.83393293796081, 27.812054884712779, 0.0 ], [ 84.833250769726192, 27.813954236037034, 0.0 ], [ 84.831762278403119, 27.815888670431377, 0.0 ], [ 84.829799061061863, 27.81738586073925, 0.0 ], [ 84.826402294525906, 27.818048680687525, 0.0 ], [ 84.824166322419615, 27.817058426100061, 0.0 ], [ 84.823142991870782, 27.814511475872109, 0.0 ], [ 84.822530157659855, 27.812926019530039, 0.0 ], [ 84.823162622308701, 27.810834939659742, 0.0 ], [ 84.823528533196054, 27.808644150776615, 0.0 ], [ 84.82184392044951, 27.806946288536665, 0.0 ], [ 84.818267173791696, 27.80649686019126, 0.0 ], [ 84.81669151220774, 27.808083553383199, 0.0 ], [ 84.816123616180846, 27.809626483233785, 0.0 ], [ 84.814945750654488, 27.811458200712423, 0.0 ], [ 84.813235746966654, 27.813042721889303, 0.0 ], [ 84.810038481046206, 27.815140830393318, 0.0 ], [ 84.80806589482421, 27.816422671533701, 0.0 ], [ 84.806398900542206, 27.815858991338928, 0.0 ], [ 84.804014119670398, 27.814269167797136, 0.0 ], [ 84.802668312754008, 27.814426816788227, 0.0 ], [ 84.798986885924649, 27.813890656445665, 0.0 ], [ 84.79572141524875, 27.812704469332289, 0.0 ], [ 84.791242039840938, 27.811797231715389, 0.0 ], [ 84.789473059196098, 27.812962681691545, 0.0 ], [ 84.787438023846278, 27.814004466417771, 0.0 ], [ 84.785507598539766, 27.81319756377809, 0.0 ], [ 84.782425454212046, 27.81290933122915, 0.0 ], [ 84.779633615189198, 27.811551315006511, 0.0 ], [ 84.777657803314014, 27.809516987161146, 0.0 ], [ 84.776019836047794, 27.808201348213458, 0.0 ], [ 84.773286817790222, 27.80791854180103, 0.0 ], [ 84.770585076728423, 27.808734444044603, 0.0 ], [ 84.768723709300446, 27.81047113206148, 0.0 ], [ 84.768035559504085, 27.812608768654854, 0.0 ], [ 84.768472855586992, 27.814860099961493, 0.0 ], [ 84.766715789612476, 27.816741690542074, 0.0 ], [ 84.763745344022368, 27.817553098450048, 0.0 ], [ 84.761234730659623, 27.816891647278567, 0.0 ], [ 84.759613532979699, 27.814764338987061, 0.0 ], [ 84.757423434878092, 27.811577271514011, 0.0 ], [ 84.756992263452958, 27.809039513606194, 0.0 ], [ 84.754949649891842, 27.806523309211343, 0.0 ], [ 84.75342331182577, 27.805018229756854, 0.0 ], [ 84.751032220896946, 27.803785551640431, 0.0 ], [ 84.749600545084888, 27.802902724556986, 0.0 ], [ 84.748598333594941, 27.80202688697409, 0.0 ], [ 84.74932569484298, 27.8006062465995, 0.0 ], [ 84.744248843418177, 27.79942515297023, 0.0 ], [ 84.742122804383769, 27.800966149084218, 0.0 ], [ 84.739040049689208, 27.799435461039991, 0.0 ], [ 84.739170445407296, 27.800917839158899, 0.0 ], [ 84.740532518340274, 27.802563627756228, 0.0 ], [ 84.742028649921963, 27.802922351973166, 0.0 ], [ 84.745517873145559, 27.802979370326568, 0.0 ], [ 84.748888918509124, 27.803559623069646, 0.0 ], [ 84.749332502085906, 27.804235353942886, 0.0 ], [ 84.747011112441101, 27.804312092125087, 0.0 ], [ 84.74508805796404, 27.803822299005219, 0.0 ], [ 84.744329256469541, 27.803122306228772, 0.0 ], [ 84.74206520162727, 27.803543697289683, 0.0 ], [ 84.739295286652009, 27.803498370617831, 0.0 ], [ 84.738659426700451, 27.803086859727046, 0.0 ], [ 84.737975770771413, 27.801872367389763, 0.0 ], [ 84.738271403490785, 27.800043619818609, 0.0 ], [ 84.737791690084919, 27.798316770051258, 0.0 ], [ 84.735764905917563, 27.796621860167363, 0.0 ], [ 84.732958115861379, 27.795257917785193, 0.0 ], [ 84.729867562870595, 27.795149847015296, 0.0 ], [ 84.729144746874738, 27.795825557180251, 0.0 ], [ 84.727435478407529, 27.7974591237151, 0.0 ], [ 84.726110252956005, 27.79921359030277, 0.0 ], [ 84.724937683338283, 27.799824569162809, 0.0 ], [ 84.722403258222641, 27.800508578965548, 0.0 ], [ 84.721107007896876, 27.800869186367265, 0.0 ], [ 84.720173542624536, 27.801856514212147, 0.0 ], [ 84.71892795727905, 27.802361184774213, 0.0 ], [ 84.718019403078131, 27.802155173929748, 0.0 ], [ 84.716536358647431, 27.801175667831444, 0.0 ], [ 84.713775066427274, 27.79969749490715, 0.0 ], [ 84.710394380952607, 27.799593728598893, 0.0 ], [ 84.707507385535507, 27.801551291808039, 0.0 ], [ 84.706003911306993, 27.804104773757103, 0.0 ], [ 84.704594193465311, 27.804749830675746, 0.0 ], [ 84.702791622812072, 27.806200070104012, 0.0 ], [ 84.699670366777639, 27.8065181527611, 0.0 ], [ 84.698090987827129, 27.806611199796976, 0.0 ], [ 84.696715427211871, 27.806588256915802, 0.0 ], [ 84.695384755918383, 27.806028874419894, 0.0 ], [ 84.695429013149862, 27.80552228096758, 0.0 ], [ 84.694149707115571, 27.805709821225548, 0.0 ], [ 84.69423838374928, 27.806278320397553, 0.0 ], [ 84.695454543449671, 27.807492349821189, 0.0 ], [ 84.694437316638641, 27.807982697006821, 0.0 ], [ 84.693044086840416, 27.808795026653911, 0.0 ], [ 84.691436803116687, 27.808618942235569, 0.0 ], [ 84.688871788858989, 27.809292255275579, 0.0 ], [ 84.686149110722397, 27.809485389296015, 0.0 ], [ 84.683791054858716, 27.809893487951683, 0.0 ], [ 84.681676043528398, 27.811499343085359, 0.0 ], [ 84.679359659591455, 27.813101777302279, 0.0 ], [ 84.67796816527914, 27.813824446882677, 0.0 ], [ 84.676026607552103, 27.815158322869934, 0.0 ], [ 84.673931734639268, 27.815809418778485, 0.0 ], [ 84.672614914272231, 27.816175176272623, 0.0 ], [ 84.67066249561401, 27.816440667139432, 0.0 ], [ 84.669666111081426, 27.815946364132913, 0.0 ], [ 84.668602631376643, 27.815450920975479, 0.0 ], [ 84.668618973177217, 27.81625695033307, 0.0 ], [ 84.66873214854445, 27.817243671549079, 0.0 ], [ 84.666699839500552, 27.818104609194677, 0.0 ], [ 84.666272315269794, 27.81926124513177, 0.0 ], [ 84.666406260838528, 27.820845171771055, 0.0 ], [ 84.66698790049395, 27.821899499407607, 0.0 ], [ 84.666426781162329, 27.823024033472393, 0.0 ], [ 84.665628211366425, 27.824263918582574, 0.0 ], [ 84.664729893138258, 27.823890607628641, 0.0 ], [ 84.66438604076609, 27.824272742503013, 0.0 ], [ 84.664744286541861, 27.824786130356472, 0.0 ], [ 84.664365598285997, 27.825227360737756, 0.0 ], [ 84.661501550216883, 27.827297678188017, 0.0 ], [ 84.660848814927647, 27.828134621069239, 0.0 ], [ 84.659948192795014, 27.829432423002174, 0.0 ], [ 84.66018207754837, 27.831047887779789, 0.0 ], [ 84.660884490971966, 27.832730981624024, 0.0 ], [ 84.661925063006038, 27.834300433552755, 0.0 ], [ 84.662951594355548, 27.836526177412054, 0.0 ], [ 84.663163787091094, 27.839155918180268, 0.0 ], [ 84.663196369981279, 27.840767968563966, 0.0 ], [ 84.661552211038952, 27.842291917476075, 0.0 ], [ 84.661044681265537, 27.844561291652155, 0.0 ], [ 84.660937218805429, 27.846439547793523, 0.0 ], [ 84.660421238679078, 27.848579456303128, 0.0 ], [ 84.659177746930766, 27.850199692530055, 0.0 ], [ 84.657102193839421, 27.851477514926557, 0.0 ], [ 84.653531017821194, 27.852043487457649, 0.0 ], [ 84.649769372682726, 27.852098799550504, 0.0 ], [ 84.647336080861351, 27.852833208549896, 0.0 ], [ 84.646407803433476, 27.853528411174409, 0.0 ], [ 84.646101133907564, 27.855289841103797, 0.0 ], [ 84.647938462213631, 27.857278849509612, 0.0 ], [ 84.648922767092643, 27.858966806637454, 0.0 ], [ 84.647452130389752, 27.859896675649281, 0.0 ], [ 84.646267532082845, 27.860019701041324, 0.0 ], [ 84.643590559646555, 27.859591994541915, 0.0 ], [ 84.641823482130462, 27.859323044824691, 0.0 ], [ 84.640158652049536, 27.859294560551803, 0.0 ], [ 84.638597092930183, 27.859458814962238, 0.0 ], [ 84.635099071626655, 27.859733092559281, 0.0 ], [ 84.632792660603229, 27.862033135002207, 0.0 ], [ 84.632491965015333, 27.863508140313854, 0.0 ], [ 84.632677474715024, 27.867331114922763, 0.0 ], [ 84.632703160248923, 27.868620734425861, 0.0 ], [ 84.630864290140096, 27.869238505910459, 0.0 ], [ 84.628628014036963, 27.870154998088424, 0.0 ], [ 84.626438023941034, 27.872027193286442, 0.0 ], [ 84.625384105709372, 27.874157663414394, 0.0 ], [ 84.624066794054102, 27.876044846967261, 0.0 ], [ 84.622841337885916, 27.876799606199484, 0.0 ], [ 84.620541616899288, 27.87753581030762, 0.0 ], [ 84.61936498881505, 27.879126952577508, 0.0 ], [ 84.618298561796223, 27.87875042387202, 0.0 ], [ 84.617576990247528, 27.877962063043697, 0.0 ], [ 84.615794259147037, 27.876558508100629, 0.0 ], [ 84.615425409533941, 27.875000350342475, 0.0 ], [ 84.615131550031379, 27.873085387045705, 0.0 ], [ 84.613808420527789, 27.872167231460196, 0.0 ], [ 84.611342689492119, 27.871288951599638, 0.0 ], [ 84.607455354390822, 27.870923113015465, 0.0 ], [ 84.605295199274678, 27.87142275216388, 0.0 ], [ 84.604333882793355, 27.871997908286914, 0.0 ], [ 84.603942963364773, 27.872975890114219, 0.0 ], [ 84.603546781731154, 27.874192512609056, 0.0 ], [ 84.602486435856747, 27.875069322771083, 0.0 ], [ 84.600723748838732, 27.875814532177799, 0.0 ], [ 84.59985029145497, 27.875829165387302, 0.0 ], [ 84.59827385643473, 27.875742019523273, 0.0 ], [ 84.596869222914847, 27.875478801682505, 0.0 ], [ 84.595045949879704, 27.875924463796821, 0.0 ], [ 84.593716967783621, 27.876796514277373, 0.0 ], [ 84.592375425062642, 27.878235321087232, 0.0 ], [ 84.590640251448065, 27.879249450011741, 0.0 ], [ 84.589536405663694, 27.879051097607544, 0.0 ], [ 84.588573454551749, 27.878556786874412, 0.0 ], [ 84.587278123603824, 27.877907443630704, 0.0 ], [ 84.586356040912563, 27.877085577323044, 0.0 ], [ 84.58480344376801, 27.875924401196755, 0.0 ], [ 84.583246243360804, 27.874972018375445, 0.0 ], [ 84.580992757900901, 27.873619461525095, 0.0 ], [ 84.579207949530655, 27.872334785291969, 0.0 ], [ 84.577852919588338, 27.871356054732075, 0.0 ], [ 84.577112437857863, 27.870153681615648, 0.0 ], [ 84.577395544074875, 27.868296553985147, 0.0 ], [ 84.578008832718922, 27.866087129445475, 0.0 ], [ 84.577649050671766, 27.864147083510375, 0.0 ], [ 84.575115898748493, 27.862097207224906, 0.0 ], [ 84.571691973304041, 27.860246459725488, 0.0 ], [ 84.567383703498422, 27.858308412629356, 0.0 ], [ 84.562478102262389, 27.8578636782687, 0.0 ], [ 84.560066398950539, 27.857606163972264, 0.0 ], [ 84.559040104584938, 27.856656952474964, 0.0 ], [ 84.557648005456315, 27.85405402024287, 0.0 ], [ 84.557886137649234, 27.850620529265484, 0.0 ], [ 84.558837900558103, 27.847701002541271, 0.0 ], [ 84.557642911133712, 27.848440796176192, 0.0 ], [ 84.556883506354097, 27.849967151886801, 0.0 ], [ 84.556411608530368, 27.851247931034948, 0.0 ], [ 84.556438357634249, 27.853647637708661, 0.0 ], [ 84.556734050498392, 27.854834588884444, 0.0 ], [ 84.557008873845064, 27.856952215086267, 0.0 ], [ 84.557795908869593, 27.857789774915602, 0.0 ], [ 84.55793373277902, 27.858830689886702, 0.0 ], [ 84.556394429465229, 27.859197320184933, 0.0 ], [ 84.557030006529658, 27.859602487125642, 0.0 ], [ 84.558238280315209, 27.859623891509329, 0.0 ], [ 84.559222549939591, 27.858853511831398, 0.0 ], [ 84.560038486995268, 27.858402430820092, 0.0 ], [ 84.562248829789212, 27.858656386292921, 0.0 ], [ 84.566874133184967, 27.859024564956826, 0.0 ], [ 84.56771113232594, 27.859433238781946, 0.0 ], [ 84.569469697683417, 27.860073014796683, 0.0 ], [ 84.571493868963785, 27.860848750032346, 0.0 ], [ 84.572927873566869, 27.861590195231827, 0.0 ], [ 84.57408487675383, 27.862708722097466, 0.0 ], [ 84.575671534378841, 27.86383479657502, 0.0 ], [ 84.576786569659134, 27.86442735584086, 0.0 ], [ 84.577297061541856, 27.865629984980217, 0.0 ], [ 84.577053563740719, 27.866914854397123, 0.0 ], [ 84.576446866894855, 27.867620382855932, 0.0 ], [ 84.576249477154079, 27.868643456294478, 0.0 ], [ 84.576137036504008, 27.870073865857194, 0.0 ], [ 84.576664301808705, 27.871730381486771, 0.0 ], [ 84.577534547375308, 27.872461872665667, 0.0 ], [ 84.579039753255245, 27.873634229704692, 0.0 ], [ 84.580944630371221, 27.874956826006496, 0.0 ], [ 84.582617400007621, 27.875845609938608, 0.0 ], [ 84.584214399948792, 27.876518187984857, 0.0 ], [ 84.585002580806247, 27.877319816517115, 0.0 ], [ 84.586504761026504, 27.878635283984863, 0.0 ], [ 84.587695814105018, 27.879443953417081, 0.0 ], [ 84.589447694316448, 27.880405663871841, 0.0 ], [ 84.5909785038574, 27.880432432945895, 0.0 ], [ 84.592528323738918, 27.879600080324792, 0.0 ], [ 84.593427244130396, 27.87904282314696, 0.0 ], [ 84.595755243949782, 27.877181234136344, 0.0 ], [ 84.596604523709345, 27.876680384292968, 0.0 ], [ 84.59769770050417, 27.876814035617144, 0.0 ], [ 84.59942530832484, 27.877417098440446, 0.0 ], [ 84.601045492538844, 27.877044238374083, 0.0 ], [ 84.602218278356645, 27.876491687421321, 0.0 ], [ 84.604367935959829, 27.87549774075984, 0.0 ], [ 84.60535741342801, 27.874483606053332, 0.0 ], [ 84.605516559438115, 27.873111263723217, 0.0 ], [ 84.606430217014577, 27.872611467889328, 0.0 ], [ 84.608377600391464, 27.872015013716009, 0.0 ], [ 84.609662848289759, 27.872209197384791, 0.0 ], [ 84.612287760706067, 27.873056842417725, 0.0 ], [ 84.613684354286988, 27.874055066852577, 0.0 ], [ 84.61365798241053, 27.875257833065234, 0.0 ], [ 84.613629097057583, 27.876575148173799, 0.0 ], [ 84.614110824865634, 27.878130489079297, 0.0 ], [ 84.614545687289763, 27.878882869013296, 0.0 ], [ 84.614983066180571, 27.879520698681461, 0.0 ], [ 84.616010594598265, 27.879710366858092, 0.0 ], [ 84.617218953221368, 27.880476117972023, 0.0 ], [ 84.619197053300695, 27.881427049084721, 0.0 ], [ 84.620615110500523, 27.881451541156366, 0.0 ], [ 84.623333575208278, 27.880982783934144, 0.0 ], [ 84.625876145347036, 27.879708789690369, 0.0 ], [ 84.627712142435996, 27.878307991454562, 0.0 ], [ 84.62798869181745, 27.877453301992432, 0.0 ], [ 84.628292964816922, 27.874586543521104, 0.0 ], [ 84.627736587538095, 27.873920444132295, 0.0 ], [ 84.627691555484319, 27.872905040640717, 0.0 ], [ 84.628144203521572, 27.872166780144426, 0.0 ], [ 84.629505795057071, 27.871324784440162, 0.0 ], [ 84.630460000819312, 27.870684666090369, 0.0 ], [ 84.632756275569932, 27.870097437332106, 0.0 ], [ 84.634071273092729, 27.869851435379815, 0.0 ], [ 84.634851119554583, 27.869506713064538, 0.0 ], [ 84.635039698062258, 27.868555000834817, 0.0 ], [ 84.634758327203031, 27.867595225481068, 0.0 ], [ 84.634154253074882, 27.866033069466937, 0.0 ], [ 84.634144093777479, 27.865017069379803, 0.0 ], [ 84.634312063405559, 27.863468161340847, 0.0 ], [ 84.634997118413651, 27.861301438635962, 0.0 ], [ 84.636219725688477, 27.860665877978704, 0.0 ], [ 84.639079257592698, 27.860416451919662, 0.0 ], [ 84.641086076545832, 27.86077906600957, 0.0 ], [ 84.642746276198238, 27.861643043604772, 0.0 ], [ 84.644418764025772, 27.861940209334705, 0.0 ], [ 84.647280257591092, 27.861601120151477, 0.0 ], [ 84.649372940955629, 27.861099653489475, 0.0 ], [ 84.650334669740062, 27.860101407576906, 0.0 ], [ 84.650896814274915, 27.858947135012045, 0.0 ], [ 84.650427033021344, 27.858185909673296, 0.0 ], [ 84.649737617634003, 27.85745794392875, 0.0 ], [ 84.648362034460206, 27.855852846862263, 0.0 ], [ 84.647408001057556, 27.85494130349349, 0.0 ], [ 84.647259510934077, 27.854043500466389, 0.0 ], [ 84.648078564401089, 27.853430783588067, 0.0 ], [ 84.64919324119586, 27.853121524732387, 0.0 ], [ 84.651783414451643, 27.852897074614134, 0.0 ], [ 84.653730736323951, 27.852900378363074, 0.0 ], [ 84.65571098199041, 27.852934056694323, 0.0 ], [ 84.658283614323693, 27.851963123750693, 0.0 ], [ 84.660130686269724, 27.850568005509444, 0.0 ], [ 84.661087762129, 27.849151800718346, 0.0 ], [ 84.661557677198914, 27.847906383866587, 0.0 ], [ 84.661792081249757, 27.846370484043973, 0.0 ], [ 84.662300711643525, 27.845197341758251, 0.0 ], [ 84.663129212457818, 27.844137049902315, 0.0 ], [ 84.663887126532416, 27.842610012772525, 0.0 ], [ 84.66460781410143, 27.840939095622275, 0.0 ], [ 84.664162993123853, 27.839137030340225, 0.0 ], [ 84.663882056151351, 27.838147467908584, 0.0 ], [ 84.66381462363131, 27.836594511772773, 0.0 ], [ 84.663605286697191, 27.835397263277969, 0.0 ], [ 84.663155932514371, 27.834434689864452, 0.0 ], [ 84.662278651016436, 27.833076911395949, 0.0 ], [ 84.661804076052022, 27.831725953414718, 0.0 ], [ 84.661508810875659, 27.829840866884638, 0.0 ], [ 84.661795173816301, 27.829010127669449, 0.0 ], [ 84.663939896869863, 27.827614010359355, 0.0 ], [ 84.666261280752508, 27.825803047794523, 0.0 ], [ 84.667696526037389, 27.823987015784439, 0.0 ], [ 84.668257893476152, 27.822850543436232, 0.0 ], [ 84.668281360730418, 27.821752729024183, 0.0 ], [ 84.668086000499898, 27.820842210275828, 0.0 ], [ 84.667679981476113, 27.819737138141022, 0.0 ], [ 84.668342573422422, 27.818888864432893, 0.0 ], [ 84.66916009119592, 27.818329693575151, 0.0 ], [ 84.670302767644102, 27.817632761399011, 0.0 ], [ 84.67336993089782, 27.817350261673198, 0.0 ], [ 84.674509520330389, 27.816796486202179, 0.0 ], [ 84.675967137939608, 27.816439050093209, 0.0 ], [ 84.677291552401584, 27.816031608059859, 0.0 ], [ 84.678522299264785, 27.814977972157976, 0.0 ], [ 84.68063626155589, 27.814058539442556, 0.0 ], [ 84.681622846100936, 27.813120141825891, 0.0 ], [ 84.683727636746539, 27.811364903165668, 0.0 ], [ 84.684729872352534, 27.810951978906985, 0.0 ], [ 84.688536394170967, 27.810613886194574, 0.0 ], [ 84.691243765578918, 27.810193643206105, 0.0 ], [ 84.694109140143553, 27.809919232073696, 0.0 ], [ 84.696384940040218, 27.808954501387063, 0.0 ], [ 84.698525576891996, 27.808667900659373, 0.0 ], [ 84.701071077729807, 27.808280573710931, 0.0 ], [ 84.704297235716297, 27.808083578589219, 0.0 ], [ 84.70631706081457, 27.807794846042896, 0.0 ], [ 84.708167599848593, 27.80725617130679, 0.0 ], [ 84.708861157272679, 27.80619332714565, 0.0 ], [ 84.709036681977125, 27.80422658634501, 0.0 ], [ 84.708795833190209, 27.802909487012698, 0.0 ], [ 84.709557703798055, 27.801788084413431, 0.0 ], [ 84.711453962690882, 27.800983916404846, 0.0 ], [ 84.714137874969254, 27.801028375702401, 0.0 ], [ 84.715456111903109, 27.802184239719168, 0.0 ], [ 84.716503483062468, 27.803454985873486, 0.0 ], [ 84.717959716550581, 27.804434050222028, 0.0 ], [ 84.718700312248984, 27.804326916137882, 0.0 ], [ 84.719985184626523, 27.803870646956511, 0.0 ], [ 84.721088676058059, 27.80245638315921, 0.0 ], [ 84.722851921013103, 27.801590172881504, 0.0 ], [ 84.724943170419124, 27.801087464925843, 0.0 ], [ 84.727776208516218, 27.800417872641674, 0.0 ], [ 84.729229942027928, 27.798293056273678, 0.0 ], [ 84.730066113275541, 27.796814628850484, 0.0 ], [ 84.731613041500509, 27.796660987781763, 0.0 ], [ 84.733952737390155, 27.797117211947409, 0.0 ], [ 84.73567373746414, 27.798279499136754, 0.0 ], [ 84.736239264857431, 27.800139073502862, 0.0 ], [ 84.736522803844935, 27.802650582035199, 0.0 ], [ 84.737498389352425, 27.804158750997544, 0.0 ], [ 84.739763762121584, 27.80497178923747, 0.0 ], [ 84.744796385437724, 27.805054087237011, 0.0 ], [ 84.745310372252959, 27.805518095341313, 0.0 ], [ 84.746529284995461, 27.806301994254738, 0.0 ], [ 84.74825302163066, 27.806043619882871, 0.0 ], [ 84.750252047965546, 27.805455460167479, 0.0 ], [ 84.751529597213619, 27.806001521981386, 0.0 ], [ 84.754022213653059, 27.807522345215659, 0.0 ], [ 84.755498835619449, 27.808835610989831, 0.0 ], [ 84.755898861494984, 27.810274615227343, 0.0 ], [ 84.755830151173996, 27.81361599946581, 0.0 ], [ 84.75591200050701, 27.814858830291428, 0.0 ], [ 84.758078829086685, 27.816565292593566, 0.0 ], [ 84.760831401305893, 27.818519977752032, 0.0 ], [ 84.764786764027349, 27.819443593863411, 0.0 ], [ 84.766951922067221, 27.818619138933002, 0.0 ], [ 84.768752943420623, 27.817215759714998, 0.0 ], [ 84.770191761654246, 27.815138000284549, 0.0 ], [ 84.769954541806726, 27.813606159467156, 0.0 ], [ 84.770143887506208, 27.812224460300854, 0.0 ], [ 84.770973550177075, 27.81104410240016, 0.0 ], [ 84.773695794947798, 27.809225768148849, 0.0 ], [ 84.775300494486373, 27.809538139743211, 0.0 ], [ 84.775938921768784, 27.81049149706962, 0.0 ], [ 84.777521290191032, 27.811901743719545, 0.0 ], [ 84.779209130179879, 27.813409171452633, 0.0 ], [ 84.781080404740464, 27.813821268295499, 0.0 ], [ 84.781169337398637, 27.814729956810652, 0.0 ], [ 84.780711682658591, 27.816107362643265, 0.0 ], [ 84.781831371822591, 27.816507364791107, 0.0 ], [ 84.782707847119354, 27.815661938629489, 0.0 ], [ 84.783748280226689, 27.814675887288274, 0.0 ], [ 84.785141251694597, 27.814841497331656, 0.0 ], [ 84.787876425503327, 27.815028610294462, 0.0 ], [ 84.789705683559987, 27.81486691159563, 0.0 ], [ 84.790755713073622, 27.813403451434908, 0.0 ], [ 84.792588804494301, 27.813050771713222, 0.0 ], [ 84.794456277750896, 27.813653630852684, 0.0 ], [ 84.795733207154001, 27.814247036452571, 0.0 ], [ 84.797971272108668, 27.814784140790664, 0.0 ], [ 84.800661889247579, 27.815185168681694, 0.0 ], [ 84.801982025223936, 27.815635954310608, 0.0 ], [ 84.803215873126362, 27.816371859619949, 0.0 ], [ 84.804367042510876, 27.817213878809241, 0.0 ], [ 84.806368167176515, 27.817854521042364, 0.0 ], [ 84.809306259028233, 27.817972811577079, 0.0 ], [ 84.810123108428627, 27.817412762307697, 0.0 ], [ 84.810382674500033, 27.816521549236882, 0.0 ], [ 84.810771014865566, 27.816071090192111, 0.0 ], [ 84.8117920480164, 27.815371015190408, 0.0 ], [ 84.813147426512614, 27.814735918182691, 0.0 ], [ 84.814837147730145, 27.814165789134904, 0.0 ], [ 84.816462130127491, 27.813475236759245, 0.0 ], [ 84.81749623077917, 27.812118745233931, 0.0 ], [ 84.817457760323578, 27.810685602541582, 0.0 ], [ 84.818234123819195, 27.808787827744709, 0.0 ], [ 84.819721215223126, 27.808274120105295, 0.0 ], [ 84.821933372684441, 27.808428416337961, 0.0 ], [ 84.821911939713857, 27.809502481171819, 0.0 ], [ 84.821466414199392, 27.811644256457839, 0.0 ], [ 84.820753617400385, 27.813722120805608, 0.0 ], [ 84.821462052868014, 27.815225528294263, 0.0 ], [ 84.822950854637554, 27.817994712456255, 0.0 ], [ 84.824807425553558, 27.819158075362168, 0.0 ], [ 84.827615527536864, 27.819739504018287, 0.0 ], [ 84.829440681010567, 27.81911163872735, 0.0 ], [ 84.831781517958461, 27.817757672938058, 0.0 ], [ 84.83380314568825, 27.816022613217456, 0.0 ], [ 84.835445096852084, 27.814472573503281, 0.0 ], [ 84.835787114126845, 27.813475155519541, 0.0 ], [ 84.835617801893079, 27.811180430378954, 0.0 ], [ 84.83647137786653, 27.808758484075724, 0.0 ], [ 84.837947391508862, 27.807444564354626, 0.0 ], [ 84.838682170765537, 27.805593758394195, 0.0 ], [ 84.839489500822708, 27.802789050488627, 0.0 ], [ 84.841646289708876, 27.802345265180065, 0.0 ], [ 84.843680611668276, 27.802663559695418, 0.0 ], [ 84.84623766253037, 27.803706255090333, 0.0 ], [ 84.847429107660844, 27.805921414301395, 0.0 ], [ 84.848568793794414, 27.808040254544949, 0.0 ], [ 84.849514463032051, 27.809105526336054, 0.0 ], [ 84.851771206963349, 27.809045157526214, 0.0 ], [ 84.853929023611215, 27.80855344752672, 0.0 ], [ 84.85587019994108, 27.80815384227509, 0.0 ], [ 84.859357733013724, 27.807768643772647, 0.0 ], [ 84.860984243559756, 27.806982070229992, 0.0 ], [ 84.862732123338048, 27.805481075464343, 0.0 ], [ 84.863778311151066, 27.804160209842678, 0.0 ], [ 84.864819805132981, 27.803078022678619, 0.0 ], [ 84.866013933827901, 27.802427954305813, 0.0 ], [ 84.867891960801842, 27.802504718297769, 0.0 ], [ 84.86822061713633, 27.80263743063523, 0.0 ], [ 84.868293662143003, 27.802624359423419, 0.0 ], [ 84.869009079451359, 27.802685900697327, 0.0 ], [ 84.870124515039493, 27.802947451111038, 0.0 ], [ 84.871093790102236, 27.803439781301677, 0.0 ], [ 84.87187074868433, 27.803885955536828, 0.0 ], [ 84.87203998718735, 27.804078272017648, 0.0 ], [ 84.872101528461087, 27.804432134342164, 0.0 ], [ 84.871701510181254, 27.804962927828797, 0.0 ], [ 84.871063019465339, 27.806016822143192, 0.0 ], [ 84.87092455159916, 27.806239909260682, 0.0 ], [ 84.870809161710781, 27.806516844992984, 0.0 ], [ 84.871096916279214, 27.807141860292063, 0.0 ], [ 84.872301925539034, 27.807682224887458, 0.0 ], [ 84.874273483155775, 27.808476629796587, 0.0 ], [ 84.874939457166306, 27.808616605300699, 0.0 ], [ 84.875809390209213, 27.808586170325441, 0.0 ], [ 84.877440233965615, 27.808940032649957, 0.0 ], [ 84.878424894346779, 27.809224661041355, 0.0 ], [ 84.879017229107376, 27.80945544081834, 0.0 ], [ 84.879478788661174, 27.809716991232051, 0.0 ], [ 84.880153012964399, 27.809999600221374, 0.0 ], [ 84.880741913984764, 27.810008642658772, 0.0 ], [ 84.882240568592863, 27.810270401725461, 0.0 ], [ 84.88299591754884, 27.810090977507571, 0.0 ], [ 84.883481224532261, 27.809555480193353, 0.0 ], [ 84.884040535583608, 27.80945544081834, 0.0 ], [ 84.884509787796503, 27.80945544081834, 0.0 ], [ 84.884940576713234, 27.809470826136589, 0.0 ], [ 84.885194434467792, 27.80950928943281, 0.0 ], [ 84.885322592081195, 27.809620941899084, 0.0 ], [ 84.885844076185776, 27.810075265171974, 0.0 ], [ 84.886109875738271, 27.810138693575993, 0.0 ], [ 84.887401184385681, 27.810015202864292, 0.0 ], [ 84.889881954880479, 27.809480113477434, 0.0 ], [ 84.893300477365813, 27.808731112674195, 0.0 ], [ 84.893617896322894, 27.808478473096329, 0.0 ], [ 84.89411022651359, 27.808332312570883, 0.0 ], [ 84.894510244793423, 27.808109225453222, 0.0 ], [ 84.895048730939379, 27.808078454816325, 0.0 ], [ 84.895155696293671, 27.808075048276407, 0.0 ], [ 84.896256478438204, 27.808039991520104, 0.0 ], [ 84.896579570125823, 27.808078454816325, 0.0 ], [ 84.896879583835698, 27.807893830994828, 0.0 ], [ 84.897210368182641, 27.807686129195815, 0.0 ], [ 84.897679620395536, 27.807447656759678, 0.0 ], [ 84.898623139351685, 27.80712158770865, 0.0 ], [ 84.898725822050437, 27.807086101775894, 0.0 ], [ 84.899348927447932, 27.807055331138997, 0.0 ], [ 84.90033270424982, 27.807298081258921, 0.0 ], [ 84.902877438235862, 27.807439723388768, 0.0 ], [ 84.90460741640652, 27.808241971551752, 0.0 ], [ 84.906150967667941, 27.808265389725818, 0.0 ], [ 84.907233896042783, 27.807804281642746, 0.0 ], [ 84.907856331794449, 27.807423027195853, 0.0 ], [ 84.908190609922315, 27.806922848071451, 0.0 ], [ 84.908210037881474, 27.805908963366164, 0.0 ], [ 84.908223677261901, 27.805814500957808, 0.0 ], [ 84.908064710353869, 27.8055167992934, 0.0 ], [ 84.908164714923828, 27.8051090883543, 0.0 ], [ 84.908187792901572, 27.805062932398755, 0.0 ], [ 84.908344167188432, 27.804980022541997, 0.0 ], [ 84.908607239987134, 27.804840540990881, 0.0 ], [ 84.910445216042774, 27.804868370171278, 0.0 ], [ 84.911750021877538, 27.805544280692288, 0.0 ], [ 84.912080278470967, 27.805539877270974, 0.0 ], [ 84.912395677499489, 27.805593725885615, 0.0 ], [ 84.913095709489198, 27.805424487382595, 0.0 ], [ 84.913441879154561, 27.805324482812637, 0.0 ], [ 84.913718814886693, 27.805162936968713, 0.0 ], [ 84.914277356988521, 27.804778366997141, 0.0 ], [ 84.914479745644883, 27.804511530591867, 0.0 ], [ 84.914909751819948, 27.803085437444508, 0.0 ], [ 84.915632853518787, 27.801852225994935, 0.0 ], [ 84.91681126389642, 27.801208910125354, 0.0 ], [ 84.917672841730052, 27.800839662482417, 0.0 ], [ 84.918157479261424, 27.800693501957142, 0.0 ], [ 84.918503648926787, 27.8006396533425, 0.0 ], [ 84.918772891999765, 27.800516570794798, 0.0 ], [ 84.919065213050317, 27.800347332291778, 0.0 ], [ 84.919642162492494, 27.799955006671212, 0.0 ], [ 84.919972946839437, 27.799778075508868, 0.0 ], [ 84.920249882571568, 27.799531910413634, 0.0 ], [ 84.920368085651262, 27.799376933042424, 0.0 ], [ 84.921228920660951, 27.798885104898545, 0.0 ], [ 84.923194602275714, 27.798188827314505, 0.0 ], [ 84.92477524984713, 27.798542318390218, 0.0 ], [ 84.925324108947734, 27.79866366979951, 0.0 ], [ 84.926680945686485, 27.799393442547512, 0.0 ], [ 84.927604064793854, 27.800139630492708, 0.0 ], [ 84.928273448349216, 27.800410571455529, 0.0 ], [ 84.928760855572762, 27.800751047655126, 0.0 ], [ 84.93014492395713, 27.801392592461355, 0.0 ], [ 84.930617878536964, 27.801716463677792, 0.0 ], [ 84.93128054049231, 27.801994176779544, 0.0 ], [ 84.931566092002925, 27.802176338950062, 0.0 ], [ 84.93188118332489, 27.802432350648985, 0.0 ], [ 84.932126452977627, 27.802749509682826, 0.0 ], [ 84.932212469233434, 27.802808412145282, 0.0 ], [ 84.933848760189846, 27.804313256612261, 0.0 ], [ 84.93593686931564, 27.80528100411982, 0.0 ], [ 84.936296769721991, 27.805532184611707, 0.0 ], [ 84.937112191600136, 27.805562955248718, 0.0 ], [ 84.937604521790774, 27.805416794723271, 0.0 ], [ 84.938166085914531, 27.805162936968713, 0.0 ], [ 84.93865841610517, 27.805024469102761, 0.0 ], [ 84.938927659177978, 27.805016776443438, 0.0 ], [ 84.939452787537618, 27.80520339230668, 0.0 ], [ 84.940205195213878, 27.806127347070912, 0.0 ], [ 84.940872534099753, 27.807760914647929, 0.0 ], [ 84.942279409379978, 27.810050174041521, 0.0 ], [ 84.943218407356085, 27.811520643763913, 0.0 ], [ 84.945180162393456, 27.814295676161919, 0.0 ], [ 84.946230215087326, 27.815576767088203, 0.0 ], [ 84.947391272866639, 27.81666848789763, 0.0 ], [ 84.947719121981606, 27.816826309643659, 0.0 ], [ 84.94903128607848, 27.817296833133014, 0.0 ], [ 84.949174281270302, 27.817348109186639, 0.0 ], [ 84.949666611460998, 27.8174173431197, 0.0 ], [ 84.950651271842105, 27.817394265141957, 0.0 ], [ 84.951028212144365, 27.817271182594254, 0.0 ], [ 84.951289762558076, 27.81719425600204, 0.0 ], [ 84.951774400089391, 27.81704040281744, 0.0 ], [ 84.952174418369452, 27.816901934951318, 0.0 ], [ 84.95278213844847, 27.816678847833657, 0.0 ], [ 84.953172917296683, 27.816485284478972, 0.0 ], [ 84.954020656584191, 27.81681731569978, 0.0 ], [ 84.954420674864025, 27.817017324839696, 0.0 ], [ 84.955166862809222, 27.817601966941197, 0.0 ], [ 84.955843816821357, 27.818194301701624, 0.0 ], [ 84.956289991056508, 27.818578934663037, 0.0 ], [ 84.956574619447963, 27.81870201721074, 0.0 ], [ 84.956989784209725, 27.818698326857259, 0.0 ], [ 84.957080379363163, 27.818752213067114, 0.0 ], [ 84.959062640790876, 27.818662153369417, 0.0 ], [ 84.960450863506139, 27.818026060752118, 0.0 ], [ 84.962963244083141, 27.816511166670296, 0.0 ], [ 84.964500125250538, 27.815101227371997, 0.0 ], [ 84.965274580279697, 27.813172650408262, 0.0 ], [ 84.965381996774056, 27.812850673753701, 0.0 ], [ 84.965490411493761, 27.812686357694247, 0.0 ], [ 84.965628879359713, 27.812417114621269, 0.0 ], [ 84.965921200410492, 27.811970940385947, 0.0 ], [ 84.966313526031172, 27.811617078061431, 0.0 ], [ 84.967093910979145, 27.811668480662718, 0.0 ], [ 84.967509430417351, 27.812131112565794, 0.0 ], [ 84.968680627867684, 27.812327427306286, 0.0 ], [ 84.969537897751195, 27.811355116611367, 0.0 ], [ 84.970173011969507, 27.809693072660878, 0.0 ], [ 84.970047396863606, 27.807422919124633, 0.0 ], [ 84.970886827302706, 27.806107303375654, 0.0 ], [ 84.97218709099127, 27.805496054734476, 0.0 ], [ 84.972222543559951, 27.805435525265182, 0.0 ], [ 84.972290825927814, 27.805409323891524, 0.0 ], [ 84.972606515722816, 27.805186484036142, 0.0 ], [ 84.972736505638181, 27.804880079235204, 0.0 ], [ 84.972723644151017, 27.804579977868514, 0.0 ], [ 84.972708650656386, 27.804230129657356, 0.0 ], [ 84.972758844859868, 27.804031743043538, 0.0 ], [ 84.972903635529804, 27.803459475158036, 0.0 ], [ 84.972912920523754, 27.803125215375132, 0.0 ], [ 84.972921506165278, 27.802764618428171, 0.0 ], [ 84.972922205517648, 27.802735245628355, 0.0 ], [ 84.973117190391065, 27.802530975761158, 0.0 ], [ 84.973878559896491, 27.802233855954, 0.0 ], [ 84.974141542434438, 27.802229945433055, 0.0 ], [ 84.974485908249619, 27.802079029344327, 0.0 ], [ 84.974955619196862, 27.80202958608686, 0.0 ], [ 84.975956763322188, 27.801856769541416, 0.0 ], [ 84.977628837181442, 27.8019396307173, 0.0 ], [ 84.97873200196176, 27.802217820096587, 0.0 ], [ 84.979329279573335, 27.80262091261983, 0.0 ], [ 84.979650179428802, 27.802625606059792, 0.0 ], [ 84.979932375964097, 27.802790955592286, 0.0 ], [ 84.980368770680741, 27.802930230501715, 0.0 ], [ 84.981176565155977, 27.803060220417251, 0.0 ], [ 84.981928649667452, 27.803162355351049, 0.0 ], [ 84.982392899365834, 27.80343162017607, 0.0 ], [ 84.982820009088528, 27.803784449946932, 0.0 ], [ 84.983089273913549, 27.804025859789988, 0.0 ], [ 84.983599948581968, 27.804480824494476, 0.0 ], [ 84.983980633334681, 27.804712949343809, 0.0 ], [ 84.984427095268416, 27.804856154115043, 0.0 ], [ 84.984747755518924, 27.805103761068096, 0.0 ], [ 84.98547032817703, 27.805511880810002, 0.0 ], [ 84.98578192216462, 27.80568787371061, 0.0 ], [ 84.986831126483025, 27.805892143577807, 0.0 ], [ 84.98752750103057, 27.806049988475309, 0.0 ], [ 84.987936040765419, 27.806133553421034, 0.0 ], [ 84.988199038494599, 27.806091231947391, 0.0 ], [ 84.988743835240655, 27.806003563505442, 0.0 ], [ 84.989226654926938, 27.805882858583857, 0.0 ], [ 84.989284649343858, 27.805870707372776, 0.0 ], [ 84.990038923039094, 27.805470553597786, 0.0 ], [ 84.990044462991023, 27.805460579234762, 0.0 ], [ 84.990136584335914, 27.805446463867383, 0.0 ], [ 84.990442989136966, 27.805112204084367, 0.0 ], [ 84.990990803781131, 27.804675809367893, 0.0 ], [ 84.991538618425238, 27.804109424735884, 0.0 ], [ 84.991900733190107, 27.803877299886608, 0.0 ], [ 84.99228141794282, 27.803840159910692, 0.0 ], [ 84.992875657556738, 27.804016574796094, 0.0 ], [ 84.993442042188917, 27.804202274675561, 0.0 ], [ 84.994054851790736, 27.80424869964537, 0.0 ], [ 84.994334204321547, 27.804261794295201, 0.0 ], [ 84.995706001925214, 27.804326097307865, 0.0 ], [ 84.996182755838902, 27.804299139219324, 0.0 ], [ 84.997805009065075, 27.80369231487208, 0.0 ], [ 84.999499020200517, 27.802685373787654, 0.0 ], [ 85.001307172295412, 27.802482336348703, 0.0 ], [ 85.002845036854296, 27.802963029480736, 0.0 ], [ 85.003659546771587, 27.804235524059266, 0.0 ], [ 85.00455682831705, 27.804699521678572, 0.0 ], [ 85.005738404576618, 27.805386024086374, 0.0 ], [ 85.006115344878879, 27.805586033226291, 0.0 ], [ 85.006515363158712, 27.805701423114726, 0.0 ], [ 85.006776913572423, 27.805786042366208, 0.0 ], [ 85.007169239193104, 27.805824505662429, 0.0 ], [ 85.007552905589364, 27.805821725471219, 0.0 ], [ 85.009482822686607, 27.806497198051886, 0.0 ], [ 85.010961494987669, 27.807081321483281, 0.0 ], [ 85.011600210908682, 27.807524583351892, 0.0 ], [ 85.012123311736218, 27.807755363128706, 0.0 ], [ 85.012323320876135, 27.807824597061767, 0.0 ], [ 85.012785043700546, 27.807869643191111, 0.0 ], [ 85.012941678383584, 27.807945850534963, 0.0 ], [ 85.013089089427126, 27.808166967100249, 0.0 ], [ 85.013162085842964, 27.808721739860573, 0.0 ], [ 85.013188900736395, 27.808925533050569, 0.0 ], [ 85.012924993652462, 27.80931832498959, 0.0 ], [ 85.012773399632124, 27.809364731322262, 0.0 ], [ 85.012529942239212, 27.809358151392587, 0.0 ], [ 85.01242985485527, 27.809355446328311, 0.0 ], [ 85.012104880066374, 27.809420441286022, 0.0 ], [ 85.011931127186529, 27.809655007673825, 0.0 ], [ 85.011873764865243, 27.80968344444284, 0.0 ], [ 85.011521339847377, 27.811340225679317, 0.0 ], [ 85.012067841887983, 27.813181868779736, 0.0 ], [ 85.013385492431667, 27.815149220524575, 0.0 ], [ 85.013981742237831, 27.816611725705002, 0.0 ], [ 85.01491835199181, 27.819798221382598, 0.0 ], [ 85.015369613930602, 27.820440558196367, 0.0 ], [ 85.015585008388939, 27.821217516778461, 0.0 ], [ 85.0158080955066, 27.823486851250834, 0.0 ], [ 85.015954256032046, 27.823917640167565, 0.0 ], [ 85.016092723898055, 27.824471511631941, 0.0 ], [ 85.015938870713455, 27.825048461074118, 0.0 ], [ 85.015693140830592, 27.825875007043749, 0.0 ], [ 85.015685012958897, 27.825902346248427, 0.0 ], [ 85.015691473823097, 27.825966647230416, 0.0 ], [ 85.015784609205184, 27.826893566033277, 0.0 ], [ 85.016929234261397, 27.828055491568591, 0.0 ], [ 85.018982014365008, 27.829636995853832, 0.0 ], [ 85.020083118383127, 27.831861444718754, 0.0 ], [ 85.020784295675128, 27.833308118649995, 0.0 ], [ 85.020930826205074, 27.83405324688573, 0.0 ], [ 85.02072370475355, 27.833910404505332, 0.0 ], [ 85.019846741601498, 27.833495000907021, 0.0 ], [ 85.019254406840844, 27.83344115229238, 0.0 ], [ 85.018708228035734, 27.833318069744678, 0.0 ], [ 85.018131278593557, 27.833202679856299, 0.0 ], [ 85.01755432915138, 27.833294991767104, 0.0 ], [ 85.017338934693043, 27.833618083454553, 0.0 ], [ 85.017300471396823, 27.833702702706091, 0.0 ], [ 85.017454324581422, 27.834033487053034, 0.0 ], [ 85.017923576794374, 27.834579665858143, 0.0 ], [ 85.018192819867352, 27.834864294249599, 0.0 ], [ 85.01885438856101, 27.835172000618741, 0.0 ], [ 85.019285177477911, 27.835233541892535, 0.0 ], [ 85.020400613065931, 27.835525862943257, 0.0 ], [ 85.020777553368191, 27.835733564742497, 0.0 ], [ 85.021381793646242, 27.836229351637257, 0.0 ], [ 85.021426150740581, 27.836421367149512, 0.0 ], [ 85.020870020338407, 27.8374639899925, 0.0 ], [ 85.019484849619857, 27.839784082223389, 0.0 ], [ 85.018589942690483, 27.841729164508649, 0.0 ], [ 85.018291019287119, 27.843396275542261, 0.0 ], [ 85.018960612240505, 27.844981788483778, 0.0 ], [ 85.020970408748894, 27.84672979595075, 0.0 ], [ 85.023847461296725, 27.848060413330586, 0.0 ], [ 85.027428041958785, 27.849114508690946, 0.0 ], [ 85.028808170240836, 27.850041575025557, 0.0 ], [ 85.028889730537799, 27.85221557205756, 0.0 ], [ 85.029867742561919, 27.853841261346361, 0.0 ], [ 85.031855117442944, 27.855361966125315, 0.0 ], [ 85.034537697674807, 27.855579302200681, 0.0 ], [ 85.037885299851609, 27.856164209275619, 0.0 ], [ 85.041299016471953, 27.856809668657206, 0.0 ], [ 85.043839868110013, 27.857442666487884, 0.0 ], [ 85.045621752806483, 27.857117152778244, 0.0 ], [ 85.046540601448498, 27.855953929497502, 0.0 ], [ 85.047382054027025, 27.855315586162192, 0.0 ], [ 85.048426615848427, 27.855257554949787, 0.0 ], [ 85.049209409781042, 27.85550085576682, 0.0 ], [ 85.049500193276117, 27.855591234420501, 0.0 ], [ 85.050138536611428, 27.855663773436049, 0.0 ], [ 85.051154082826713, 27.855750820254514, 0.0 ], [ 85.05196651979918, 27.856142530937575, 0.0 ], [ 85.052488800709796, 27.856519733817549, 0.0 ], [ 85.053141651848307, 27.856954967909871, 0.0 ], [ 85.054128182457475, 27.857665850260503, 0.0 ], [ 85.055129220869844, 27.857956006322013, 0.0 ], [ 85.055615756574014, 27.858020486957628, 0.0 ], [ 85.055849639545272, 27.858149738737382, 0.0 ], [ 85.057978157957677, 27.859313909538173, 0.0 ], [ 85.059503441257334, 27.860409867916303, 0.0 ], [ 85.061035172768015, 27.860351111466116, 0.0 ], [ 85.062223536574152, 27.860639949891265, 0.0 ], [ 85.064298152413983, 27.860683473300355, 0.0 ], [ 85.065574839084832, 27.860668965497382, 0.0 ], [ 85.066140643404708, 27.860843059134311, 0.0 ], [ 85.066474322875592, 27.861075183983417, 0.0 ], [ 85.066880541361627, 27.861466894666535, 0.0 ], [ 85.067098158407816, 27.861844097546452, 0.0 ], [ 85.067228728635484, 27.862424409669643, 0.0 ], [ 85.06738831446927, 27.862583995503428, 0.0 ], [ 85.067475361287734, 27.862540472094167, 0.0 ], [ 85.067649454924663, 27.862308347245062, 0.0 ], [ 85.067910595380056, 27.861539433681855, 0.0 ], [ 85.068128212426245, 27.86108969178656, 0.0 ], [ 85.06824427485077, 27.860843059134311, 0.0 ], [ 85.069245313263139, 27.860712488906586, 0.0 ], [ 85.069970703416914, 27.860814043528194, 0.0 ], [ 85.071290913496853, 27.860175700192656, 0.0 ], [ 85.071668116376827, 27.859435802235907, 0.0 ], [ 85.071900241226103, 27.8588409823098, 0.0 ], [ 85.07199724075133, 27.858650328070553, 0.0 ], [ 85.072320967515282, 27.85801403753436, 0.0 ], [ 85.072727186001373, 27.857274139577441, 0.0 ], [ 85.073201504974577, 27.856686550401719, 0.0 ], [ 85.073235743846226, 27.856567107349292, 0.0 ], [ 85.072537157808142, 27.855053056568522, 0.0 ], [ 85.073669020293664, 27.854853971633531, 0.0 ], [ 85.07611031657791, 27.854888043913434, 0.0 ], [ 85.077539773903254, 27.85567303403775, 0.0 ], [ 85.078477054913037, 27.856425334523806, 0.0 ], [ 85.081596870692408, 27.857758161322238, 0.0 ], [ 85.084984943616348, 27.857590350483974, 0.0 ], [ 85.087326032327837, 27.8581835465842, 0.0 ], [ 85.088262809706862, 27.859109303053003, 0.0 ], [ 85.088237131076255, 27.860572431373896, 0.0 ], [ 85.088932201270211, 27.862301261316759, 0.0 ], [ 85.089802654492985, 27.862609848318073, 0.0 ], [ 85.090020487268418, 27.862772596943501, 0.0 ], [ 85.091848470456171, 27.863701096340321, 0.0 ], [ 85.09241427477599, 27.863773635355642, 0.0 ], [ 85.092980079096037, 27.863672080734204, 0.0 ], [ 85.093356997151204, 27.863307321325919, 0.0 ], [ 85.093428507748115, 27.863294733847852, 0.0 ], [ 85.094656046736816, 27.862237201837786, 0.0 ], [ 85.096607544867197, 27.861261285774106, 0.0 ], [ 85.097399379226658, 27.860842412886427, 0.0 ], [ 85.099288986047043, 27.860331220142996, 0.0 ], [ 85.102801627971928, 27.859185698672832, 0.0 ], [ 85.106353339148257, 27.859652377017142, 0.0 ], [ 85.109106330786858, 27.863570307215014, 0.0 ], [ 85.11161469559886, 27.86611185919827, 0.0 ], [ 85.112846166824681, 27.868695592143183, 0.0 ], [ 85.11368301583326, 27.87079635892718, 0.0 ], [ 85.114323585711475, 27.872595963104857, 0.0 ], [ 85.11525508959528, 27.87364005647521, 0.0 ], [ 85.115512958691625, 27.873738479794497, 0.0 ], [ 85.115670283107534, 27.873798527281451, 0.0 ], [ 85.116613290307498, 27.873696972659843, 0.0 ], [ 85.118020547205901, 27.87394360531232, 0.0 ], [ 85.118217294430622, 27.87401577891734, 0.0 ], [ 85.11972534221951, 27.874878449688595, 0.0 ], [ 85.121252528571631, 27.875914083115958, 0.0 ], [ 85.123529844804807, 27.876303270272956, 0.0 ], [ 85.124637662324687, 27.878288276452508, 0.0 ], [ 85.126097881797307, 27.882503440838207, 0.0 ], [ 85.127688910769905, 27.883742838325588, 0.0 ], [ 85.129757426131732, 27.885346868194688, 0.0 ], [ 85.133341474880012, 27.887902645580539, 0.0 ], [ 85.135298860728085, 27.891295940895816, 0.0 ], [ 85.135077485360057, 27.894803008166036, 0.0 ], [ 85.13544123875954, 27.897100216316119, 0.0 ], [ 85.135967455679179, 27.899327987581728, 0.0 ], [ 85.136497373560871, 27.901340905322854, 0.0 ], [ 85.137206942840976, 27.90228174202025, 0.0 ], [ 85.137650145813836, 27.904651652734003, 0.0 ], [ 85.137454560313813, 27.90665475705589, 0.0 ], [ 85.136699545190709, 27.908363758720327, 0.0 ], [ 85.135707034230165, 27.910849018064766, 0.0 ], [ 85.134464952344103, 27.912742434333552, 0.0 ], [ 85.133425408157905, 27.914578887743119, 0.0 ], [ 85.133474143158651, 27.915654053681124, 0.0 ], [ 85.134996897472945, 27.91698796755378, 0.0 ], [ 85.136023309304051, 27.917760459554643, 0.0 ], [ 85.136036490254583, 27.917740764542657, 0.0 ], [ 85.136133086703296, 27.917810861080625, 0.0 ], [ 85.136312910737558, 27.917863492505205, 0.0 ], [ 85.13705415810449, 27.918339734336939, 0.0 ], [ 85.137392874684451, 27.918440755071288, 0.0 ], [ 85.137684052095494, 27.918987455516174, 0.0 ], [ 85.137892035960306, 27.919237036154129, 0.0 ], [ 85.138105962221346, 27.919474731999514, 0.0 ], [ 85.138308003690099, 27.91962923429918, 0.0 ], [ 85.138563526724113, 27.91972431263747, 0.0 ], [ 85.138712086627663, 27.91972431263747, 0.0 ], [ 85.138943840077161, 27.919647061487638, 0.0 ], [ 85.139300383845523, 27.919308344907677, 0.0 ], [ 85.139502425314276, 27.919290517719276, 0.0 ], [ 85.140031298570761, 27.919248920946302, 0.0 ], [ 85.140438471554262, 27.919278632927103, 0.0 ], [ 85.140689478367278, 27.919426955134611, 0.0 ], [ 85.14098231964897, 27.919582883609337, 0.0 ], [ 85.141206704527292, 27.91970838701593, 0.0 ], [ 85.141488136408498, 27.919906149959388, 0.0 ], [ 85.142130865974934, 27.920354919715862, 0.0 ], [ 85.142279188182613, 27.920548879525825, 0.0 ], [ 85.142640485867901, 27.920883555276589, 0.0 ], [ 85.142887689547308, 27.92101286181645, 0.0 ], [ 85.143146302627372, 27.921145971490148, 0.0 ], [ 85.143374490639189, 27.921229640427725, 0.0 ], [ 85.143614088051493, 27.921271474896571, 0.0 ], [ 85.143819457262168, 27.921294293697827, 0.0 ], [ 85.144150329879153, 27.921260065496028, 0.0 ], [ 85.144823484513893, 27.921385568902451, 0.0 ], [ 85.145044066258606, 27.921389372035947, 0.0 ], [ 85.145420576478045, 27.921495859774893, 0.0 ], [ 85.145781874163504, 27.921674607050704, 0.0 ], [ 85.146200218851675, 27.921731654053588, 0.0 ], [ 85.146778295148181, 27.92190659819596, 0.0 ], [ 85.147143395967078, 27.922009282801298, 0.0 ], [ 85.147755700465382, 27.922267895881419, 0.0 ], [ 85.147885007005243, 27.922537918361854, 0.0 ], [ 85.148025722945874, 27.922807940842517, 0.0 ], [ 85.148094179349414, 27.923066553922638, 0.0 ], [ 85.148124604417774, 27.923363198337768, 0.0 ], [ 85.148075163681824, 27.92361800828445, 0.0 ], [ 85.148109544009003, 27.923879359620571, 0.0 ], [ 85.148102241992603, 27.924001059893556, 0.0 ], [ 85.148238546298217, 27.924198214335661, 0.0 ], [ 85.1482823583965, 27.924305310575789, 0.0 ], [ 85.148287226407376, 27.924427010848774, 0.0 ], [ 85.148258018341949, 27.92453167308355, 0.0 ], [ 85.148204470221856, 27.924631467307449, 0.0 ], [ 85.148146054090716, 27.924845659787763, 0.0 ], [ 85.148175262156371, 27.924913811940655, 0.0 ], [ 85.148691271313567, 27.925768147856786, 0.0 ], [ 85.148752121450059, 27.925921490200608, 0.0 ], [ 85.14878619752659, 27.926101606604675, 0.0 ], [ 85.148820273602951, 27.926814770204146, 0.0 ], [ 85.148859217690358, 27.927014358651775, 0.0 ], [ 85.148873821722987, 27.927157964973844, 0.0 ], [ 85.14886895371211, 27.927289401268581, 0.0 ], [ 85.148842179651979, 27.927430573585241, 0.0 ], [ 85.148788631531943, 27.927547405847179, 0.0 ], [ 85.148696139324613, 27.927688578163838, 0.0 ], [ 85.148530626953345, 27.927861392551506, 0.0 ], [ 85.148287226407376, 27.928029338928127, 0.0 ], [ 85.14819230019458, 27.92807558503182, 0.0 ], [ 85.148053561883387, 27.928087755059096, 0.0 ], [ 85.147929427604879, 27.928085321053743, 0.0 ], [ 85.147817463353874, 27.92812426514098, 0.0 ], [ 85.147705499102699, 27.928211889337604, 0.0 ], [ 85.147539986731601, 27.928447987867116, 0.0 ], [ 85.147428060799257, 27.9285972224435, 0.0 ], [ 85.147444446549741, 27.928622986202072, 0.0 ], [ 85.147371583978838, 27.928676175878707, 0.0 ], [ 85.147268899373501, 27.928858726288183, 0.0 ], [ 85.147219458637721, 27.929064095498916, 0.0 ], [ 85.147234671171702, 27.929265661575982, 0.0 ], [ 85.14705972702933, 27.929722037599504, 0.0 ], [ 85.146949436157115, 27.929786690869435, 0.0 ], [ 85.146892389154061, 27.929942619344217, 0.0 ], [ 85.147033105094806, 27.930292507628963, 0.0 ], [ 85.147200442969961, 27.930478861171878, 0.0 ], [ 85.147504693652365, 27.931463872755955, 0.0 ], [ 85.147565543788858, 27.931661635699584, 0.0 ], [ 85.147634000192397, 27.932007720850891, 0.0 ], [ 85.14771006286287, 27.932300562132582, 0.0 ], [ 85.147824156868978, 27.932608615948482, 0.0 ], [ 85.148208273355465, 27.93355559619738, 0.0 ], [ 85.148295745426651, 27.933753359141008, 0.0 ], [ 85.148444067634159, 27.934057609823242, 0.0 ], [ 85.14848970523667, 27.934335238570952, 0.0 ], [ 85.148523933438241, 27.934578639116921, 0.0 ], [ 85.148681535291814, 27.934961386475322, 0.0 ], [ 85.148783763521067, 27.935024670617167, 0.0 ], [ 85.148937105865002, 27.93503440663909, 0.0 ], [ 85.149243790552816, 27.934944348437, 0.0 ], [ 85.149394698891228, 27.934890800316907, 0.0 ], [ 85.149498064753629, 27.934855729756578, 0.0 ], [ 85.149913503351797, 27.934930904359987, 0.0 ], [ 85.150127429612837, 27.935091349055938, 0.0 ], [ 85.150359183062335, 27.935269620940119, 0.0 ], [ 85.150620648492463, 27.935483547200988, 0.0 ], [ 85.151054443410658, 27.935673703877569, 0.0 ], [ 85.151304024048613, 27.935792551800319, 0.0 ], [ 85.151708106986234, 27.935964881288442, 0.0 ], [ 85.152177556281288, 27.936190692341654, 0.0 ], [ 85.152319031034438, 27.936287427215859, 0.0 ], [ 85.15235537051683, 27.936344564766728, 0.0 ], [ 85.152825277460579, 27.93652204035061, 0.0 ], [ 85.153247425282302, 27.936906156836983, 0.0 ], [ 85.153487022694662, 27.937100116646945, 0.0 ], [ 85.153791273377067, 27.93727125765588, 0.0 ], [ 85.153966217519439, 27.937453808065356, 0.0 ], [ 85.154224830599389, 27.937628752207729, 0.0 ], [ 85.155353144255002, 27.938505298423593, 0.0 ], [ 85.15574501913386, 27.93886309722609, 0.0 ], [ 85.156180706111058, 27.939289048181479, 0.0 ], [ 85.156548240935308, 27.939556788781829, 0.0 ], [ 85.156718621317452, 27.93972473515845, 0.0 ], [ 85.156808679519429, 27.939829397393282, 0.0 ], [ 85.156874397666797, 27.939938927638934, 0.0 ], [ 85.156944983825213, 27.940050891889939, 0.0 ], [ 85.157000965950829, 27.940148252108315, 0.0 ], [ 85.157129968240042, 27.940398954670684, 0.0 ], [ 85.157125100229166, 27.940523088949021, 0.0 ], [ 85.157108062190957, 27.940834641647825, 0.0 ], [ 85.157078854125302, 27.940929567860678, 0.0 ], [ 85.157188384371011, 27.941102382248403, 0.0 ], [ 85.157290612600434, 27.941236252548663, 0.0 ], [ 85.157317386660395, 27.941445577018044, 0.0 ], [ 85.157307650638586, 27.941499125138137, 0.0 ], [ 85.157220026442019, 27.94158431532918, 0.0 ], [ 85.157013135977934, 27.941698713585765, 0.0 ], [ 85.156957153852545, 27.941754695711381, 0.0 ], [ 85.156930379792414, 27.941832583886026, 0.0 ], [ 85.15698636191803, 27.941968888191809, 0.0 ], [ 85.157129968240042, 27.942044342360987, 0.0 ], [ 85.157220026442019, 27.941993228246247, 0.0 ], [ 85.157285744589387, 27.941942114131677, 0.0 ], [ 85.157327122682318, 27.941920208082479, 0.0 ], [ 85.157397708840563, 27.941925076093526, 0.0 ], [ 85.1575291451353, 27.942063814404662, 0.0 ], [ 85.158013512221657, 27.942309648955984, 0.0 ], [ 85.158161986554603, 27.942312082961507, 0.0 ], [ 85.158310460887662, 27.94232181898326, 0.0 ], [ 85.158364009007755, 27.942421613207159, 0.0 ], [ 85.158359140996879, 27.942482463343651, 0.0 ], [ 85.158339668953147, 27.942599295605589, 0.0 ], [ 85.158332366936747, 27.942703957840365, 0.0 ], [ 85.158376179035031, 27.94282565811335, 0.0 ], [ 85.158544125411652, 27.943171286888514, 0.0 ], [ 85.158726675821129, 27.943735976154869, 0.0 ], [ 85.158843508083237, 27.943903922531717, 0.0 ], [ 85.158901924214149, 27.944011018771846, 0.0 ], [ 85.159091874000183, 27.944122690942208, 0.0 ], [ 85.15916197335747, 27.944209925697976, 0.0 ], [ 85.159193128627294, 27.94433610454098, 0.0 ], [ 85.159207148498751, 27.944488765363303, 0.0 ], [ 85.159224283897117, 27.944616501969847, 0.0 ], [ 85.159230514951162, 27.944890668344783, 0.0 ], [ 85.159271016801938, 27.945035540349636, 0.0 ], [ 85.159353578267144, 27.945139910503769, 0.0 ], [ 85.159450159603864, 27.945273878164187, 0.0 ], [ 85.159990703536153, 27.946111954923822, 0.0 ], [ 85.160074822764727, 27.94643596973043, 0.0 ], [ 85.160015627752102, 27.946523204486027, 0.0 ], [ 85.15996422155672, 27.946560590809952, 0.0 ], [ 85.159842716004221, 27.946515415668614, 0.0 ], [ 85.159774174410529, 27.946448431838405, 0.0 ], [ 85.15967603531044, 27.946403256697124, 0.0 ], [ 85.15958724279119, 27.946353408265395, 0.0 ], [ 85.159489103691101, 27.946331599576354, 0.0 ], [ 85.159317749706759, 27.946312906414448, 0.0 ], [ 85.159241419295654, 27.946337830630398, 0.0 ], [ 85.159179108755779, 27.946392352352632, 0.0 ], [ 85.159152626776518, 27.946443758547844, 0.0 ], [ 85.15915574230354, 27.946568379627536, 0.0 ], [ 85.159244534822676, 27.946685211889474, 0.0 ], [ 85.159319307470298, 27.946722598213341, 0.0 ], [ 85.15944237078628, 27.946769331118219, 0.0 ], [ 85.159568549629284, 27.946803601915065, 0.0 ], [ 85.159666688729374, 27.946833199421349, 0.0 ], [ 85.159869197983539, 27.946950031683457, 0.0 ], [ 85.159967337083742, 27.947010784459621, 0.0 ], [ 85.160216579242729, 27.947274046490065, 0.0 ], [ 85.160285120836477, 27.947305201759946, 0.0 ], [ 85.160369240065052, 27.947328568212356, 0.0 ], [ 85.160459590347671, 27.947375301117177, 0.0 ], [ 85.160529689704902, 27.947457862582382, 0.0 ], [ 85.16064652196701, 27.947573137080951, 0.0 ], [ 85.160715063560758, 27.947626101039702, 0.0 ], [ 85.160794509498942, 27.947680622761936, 0.0 ], [ 85.160842800167075, 27.94773670224771, 0.0 ], [ 85.160892648598974, 27.947814590422354, 0.0 ], [ 85.160961190192722, 27.948043581656009, 0.0 ], [ 85.160997018753108, 27.948107449959366, 0.0 ], [ 85.161062444819777, 27.94820870458642, 0.0 ], [ 85.16111852430555, 27.948288150524604, 0.0 ], [ 85.16116837273745, 27.948415887130977, 0.0 ], [ 85.161160583919809, 27.948493775305622, 0.0 ], [ 85.161196412480194, 27.94863397402014, 0.0 ], [ 85.16128676276287, 27.94870718890445, 0.0 ], [ 85.161321033559716, 27.948836483274306, 0.0 ], [ 85.161311686978763, 27.948925275793442, 0.0 ], [ 85.161297667107306, 27.94901251054921, 0.0 ], [ 85.16130389816135, 27.949141804919066, 0.0 ], [ 85.161361535410663, 27.949370796152721, 0.0 ], [ 85.161370881991616, 27.949429991165516, 0.0 ], [ 85.161440981348846, 27.949500090522747, 0.0 ], [ 85.161483040963105, 27.949574863170369, 0.0 ], [ 85.161493945307598, 27.949898877977034, 0.0 ], [ 85.161484598726645, 27.949970535097805, 0.0 ], [ 85.161546909266463, 27.950057769853402, 0.0 ], [ 85.161596757698192, 27.950127869210633, 0.0 ], [ 85.161613893096501, 27.950229123837687, 0.0 ], [ 85.161595199934652, 27.950328820701259, 0.0 ], [ 85.161556255847415, 27.950411382166521, 0.0 ], [ 85.161531331631465, 27.950484597050774, 0.0 ], [ 85.161556255847415, 27.950610775893608, 0.0 ], [ 85.161641932839473, 27.950917655302078, 0.0 ], [ 85.161644811912993, 27.950950604697653, 0.0 ], [ 85.161662401007447, 27.950978260506474, 0.0 ], [ 85.161660626001378, 27.951028256510085, 0.0 ], [ 85.161652837183965, 27.95113574219107, 0.0 ], [ 85.161631028495037, 27.951222976946838, 0.0 ], [ 85.161635701785599, 27.951383426586574, 0.0 ], [ 85.161648163893403, 27.951487796740707, 0.0 ], [ 85.161715147723612, 27.951673170596507, 0.0 ], [ 85.161713589960243, 27.951749501007669, 0.0 ], [ 85.161694896798224, 27.95186633326972, 0.0 ], [ 85.161669972582445, 27.952112459901684, 0.0 ], [ 85.161708916669681, 27.952237080981206, 0.0 ], [ 85.161724494304735, 27.952333662317756, 0.0 ], [ 85.161741629703045, 27.952430243654419, 0.0 ], [ 85.161743187466584, 27.952657677124535, 0.0 ], [ 85.161750713961908, 27.95265541645216, 0.0 ], [ 85.161749418520628, 27.952657677124535, 0.0 ], [ 85.16171203219676, 27.95274023858974, 0.0 ], [ 85.161691781271202, 27.952816569000902, 0.0 ], [ 85.161631028495037, 27.952966114296316, 0.0 ], [ 85.161609219806166, 27.953036213653434, 0.0 ], [ 85.161585853353699, 27.953106313010665, 0.0 ], [ 85.161564044664829, 27.953193547766432, 0.0 ], [ 85.161582737826677, 27.953439674398396, 0.0 ], [ 85.161598315461674, 27.953582988639766, 0.0 ], [ 85.161601430988526, 27.953668665632051, 0.0 ], [ 85.161606104279088, 27.953732533935181, 0.0 ], [ 85.161587411117239, 27.953794844475055, 0.0 ], [ 85.161456558983673, 27.953983333857707, 0.0 ], [ 85.161344400012126, 27.95404097110702, 0.0 ], [ 85.161291436053432, 27.954084588484818, 0.0 ], [ 85.161250934202485, 27.954150014551487, 0.0 ], [ 85.161227567750075, 27.954215440618214, 0.0 ], [ 85.161246260912094, 27.954330715116782, 0.0 ], [ 85.161244703148554, 27.954403930001035, 0.0 ], [ 85.16123224104058, 27.95448960699315, 0.0 ], [ 85.161227567750075, 27.954547244242406, 0.0 ], [ 85.161307013688429, 27.954684327429902, 0.0 ], [ 85.161369324228076, 27.954759100077524, 0.0 ], [ 85.161402037261439, 27.954819852853859, 0.0 ], [ 85.161434750294745, 27.954903972082604, 0.0 ], [ 85.161434750294745, 27.954939800642762, 0.0 ], [ 85.161465905564796, 27.955003668946119, 0.0 ], [ 85.161509522942595, 27.955064421722454, 0.0 ], [ 85.161546909266463, 27.955150098714569, 0.0 ], [ 85.161593642171113, 27.95536351231317, 0.0 ], [ 85.161674645872836, 27.955452304832249, 0.0 ], [ 85.161679124442912, 27.955774567155061, 0.0 ], [ 85.161584198230059, 27.955906003449797, 0.0 ], [ 85.161506310055358, 27.956015533695449, 0.0 ], [ 85.161445459918866, 27.956120195930282, 0.0 ], [ 85.161370005749575, 27.956244330208563, 0.0 ], [ 85.161282381553121, 27.956404974568954, 0.0 ], [ 85.161236135449315, 27.956482862743655, 0.0 ], [ 85.16115581326909, 27.95660212901106, 0.0 ], [ 85.161092529127302, 27.956718961273168, 0.0 ], [ 85.16112417119831, 27.957018343944696, 0.0 ], [ 85.161170417301946, 27.957069458059266, 0.0 ], [ 85.161228833432915, 27.957093798113817, 0.0 ], [ 85.161331061662338, 27.957076760075665, 0.0 ], [ 85.161564726186327, 27.956891775660836, 0.0 ], [ 85.161691294470188, 27.956804151464269, 0.0 ], [ 85.161812994743173, 27.956733565305797, 0.0 ], [ 85.161939563027033, 27.956597261000184, 0.0 ], [ 85.16198580913067, 27.956463390699923, 0.0 ], [ 85.162015017196325, 27.956290576312426, 0.0 ], [ 85.162156189512814, 27.955986325629965, 0.0 ], [ 85.162207303627554, 27.955869493367913, 0.0 ], [ 85.162265719758523, 27.955755095111329, 0.0 ], [ 85.162319267878559, 27.955662602904056, 0.0 ], [ 85.162389854036803, 27.955618790805715, 0.0 ], [ 85.162557800413651, 27.955628526827468, 0.0 ], [ 85.162740350823071, 27.955767265138661, 0.0 ], [ 85.162859617090533, 27.955908437455321, 0.0 ], [ 85.16298375136887, 27.956005797673697, 0.0 ], [ 85.163061639543685, 27.956078817837465, 0.0 ], [ 85.163139527718329, 27.956297878328826, 0.0 ], [ 85.163088413603646, 27.956414710590764, 0.0 ], [ 85.163034865483553, 27.956638639092944, 0.0 ], [ 85.16307380957079, 27.956911247704397, 0.0 ], [ 85.163120055674653, 27.957030513971802, 0.0 ], [ 85.163227151914782, 27.957161950266766, 0.0 ], [ 85.163324512133158, 27.957273914517771, 0.0 ], [ 85.163390230280527, 27.957351802692415, 0.0 ], [ 85.163455948427895, 27.957439426889039, 0.0 ], [ 85.163580082706403, 27.957519749069263, 0.0 ], [ 85.163696914968284, 27.957565995172899, 0.0 ], [ 85.163789407175784, 27.957614675282059, 0.0 ], [ 85.163889201399684, 27.957673091413028, 0.0 ], [ 85.164010901672668, 27.957743677571273, 0.0 ], [ 85.164281076278542, 27.957865377844428, 0.0 ], [ 85.164422248595258, 27.957901887926312, 0.0 ], [ 85.164629139059116, 27.957994380133641, 0.0 ], [ 85.164806821457717, 27.958057664275657, 0.0 ], [ 85.165022279620985, 27.958108291589213, 0.0 ], [ 85.165087705687711, 27.958153466730494, 0.0 ], [ 85.165164036098872, 27.958232912668677, 0.0 ], [ 85.165209211240153, 27.958296780971864, 0.0 ], [ 85.165279310597441, 27.958380900200609, 0.0 ], [ 85.165366545353038, 27.958444768503796, 0.0 ], [ 85.165430413656395, 27.958500847989569, 0.0 ], [ 85.165500513013455, 27.958536676549954, 0.0 ], [ 85.166062865634785, 27.958729839223167, 0.0 ], [ 85.1661485426269, 27.958753205675578, 0.0 ], [ 85.166606525094096, 27.958891846626386, 0.0 ], [ 85.166693759849693, 27.958944810585308, 0.0 ], [ 85.166752530140229, 27.958981608199679, 0.0 ], [ 85.167039583345229, 27.959161339710988, 0.0 ], [ 85.167111240465999, 27.959253247757147, 0.0 ], [ 85.167161088897899, 27.959362291201614, 0.0 ], [ 85.167184455350309, 27.959430832795363, 0.0 ], [ 85.167201590748675, 27.959532087422417, 0.0 ], [ 85.167220283910694, 27.959605302306727, 0.0 ], [ 85.167267016815515, 27.959694094825863, 0.0 ], [ 85.167310634193313, 27.959765751946406, 0.0 ], [ 85.167486661468047, 27.959982281072087, 0.0 ], [ 85.167524047791915, 27.960072631354706, 0.0 ], [ 85.167692286249235, 27.960381068526544, 0.0 ], [ 85.16775148126203, 27.960504131842526, 0.0 ], [ 85.168028763163818, 27.960826588885766, 0.0 ], [ 85.168133133317951, 27.960994827343086, 0.0 ], [ 85.168154942006879, 27.961085177625705, 0.0 ], [ 85.168162499584355, 27.961198541287843, 0.0 ], [ 85.168172077405359, 27.961342208602161, 0.0 ], [ 85.168218810310009, 27.961440347702364, 0.0 ], [ 85.168310718356167, 27.96159300852463, 0.0 ], [ 85.168251523343542, 27.961753458164537, 0.0 ], [ 85.168229714654501, 27.961829788575699, 0.0 ], [ 85.168186097276703, 27.961871848190128, 0.0 ], [ 85.168131575554412, 27.961901445696469, 0.0 ], [ 85.168086400413131, 27.961959082945725, 0.0 ], [ 85.168137806608343, 27.962083704025247, 0.0 ], [ 85.168181423986312, 27.962150687855456, 0.0 ], [ 85.16841664627384, 27.96256505294474, 0.0 ], [ 85.168376144422894, 27.962678769679769, 0.0 ], [ 85.168349662443632, 27.962759773381492, 0.0 ], [ 85.168341873625991, 27.962868816826131, 0.0 ], [ 85.168341873625991, 27.963164791889824, 0.0 ], [ 85.16834498915307, 27.963264488753396, 0.0 ], [ 85.168341873625991, 27.963345492455232, 0.0 ], [ 85.168327853754704, 27.963403129704375, 0.0 ], [ 85.168326295991164, 27.963516846439404, 0.0 ], [ 85.168401068638843, 27.963691315950769, 0.0 ], [ 85.168419761800862, 27.963778550706365, 0.0 ], [ 85.168517900900895, 27.963903171785887, 0.0 ], [ 85.168573980386668, 27.96395302021773, 0.0 ], [ 85.168661215142265, 27.96397794443368, 0.0 ], [ 85.168773374113812, 27.963999753122607, 0.0 ], [ 85.168933823753662, 27.96407141024315, 0.0 ], [ 85.169022616272798, 27.964077641297251, 0.0 ], [ 85.169337284498681, 27.964099449986122, 0.0 ], [ 85.169441654652644, 27.96414462512746, 0.0 ], [ 85.169532004935263, 27.964248995281594, 0.0 ], [ 85.169550698097282, 27.964323767929216, 0.0 ], [ 85.169639490616419, 27.964482659805583, 0.0 ], [ 85.169902752646919, 27.964583914432637, 0.0 ], [ 85.169977525294541, 27.964610396412127, 0.0 ], [ 85.170085010975697, 27.964629089573975, 0.0 ], [ 85.170161341386802, 27.964649340499363, 0.0 ], [ 85.170234556271112, 27.964686726823288, 0.0 ], [ 85.170271942594866, 27.964750595126418, 0.0 ], [ 85.170270384831326, 27.964812905666292, 0.0 ], [ 85.1702548071965, 27.964862754098135, 0.0 ], [ 85.170209632055162, 27.96494687332671, 0.0 ], [ 85.170195612183704, 27.964999837285461, 0.0 ], [ 85.170211189818701, 27.965046570190282, 0.0 ], [ 85.170237671797963, 27.965083956514206, 0.0 ], [ 85.170273500358348, 27.965097976385664, 0.0 ], [ 85.170366966168046, 27.965085514277689, 0.0 ], [ 85.170540895489637, 27.96493815749119, 0.0 ], [ 85.170591284111083, 27.964895467131498, 0.0 ], [ 85.170652036887418, 27.964865869624987, 0.0 ], [ 85.170740829406554, 27.964865869624987, 0.0 ], [ 85.170817159817659, 27.964872100679088, 0.0 ], [ 85.171000975909976, 27.964940642272666, 0.0 ], [ 85.171099115010009, 27.964984259650635, 0.0 ], [ 85.171197254110098, 27.965021645974502, 0.0 ], [ 85.171287604392717, 27.965057474534717, 0.0 ], [ 85.171348357169052, 27.965087072041229, 0.0 ], [ 85.171395090073872, 27.965129131655488, 0.0 ], [ 85.171429360870718, 27.965192999958674, 0.0 ], [ 85.171440265215153, 27.965241290627034, 0.0 ], [ 85.171437149688131, 27.965333198673193, 0.0 ], [ 85.171486998120031, 27.965502994893995, 0.0 ], [ 85.17152905773429, 27.965569978724204, 0.0 ], [ 85.171580463929672, 27.96563540479093, 0.0 ], [ 85.171594483801016, 27.965702388621139, 0.0 ], [ 85.171568001821697, 27.965778719032471, 0.0 ], [ 85.171535288788391, 27.965897109057892, 0.0 ], [ 85.171549308659678, 27.96596565065164, 0.0 ], [ 85.171611619199496, 27.966027961191458, 0.0 ], [ 85.171596041564499, 27.966065347515155, 0.0 ], [ 85.171572675112088, 27.966115195947054, 0.0 ], [ 85.171533731024851, 27.966155697797831, 0.0 ], [ 85.171468304957955, 27.966189968594676, 0.0 ], [ 85.171430918634258, 27.966227354918601, 0.0 ], [ 85.171418456526283, 27.966272530059882, 0.0 ], [ 85.171438707451671, 27.966345744944192, 0.0 ], [ 85.171445652123509, 27.96636073081487, 0.0 ], [ 85.171468304957955, 27.966409613247379, 0.0 ], [ 85.171474536012056, 27.966465692733152, 0.0 ], [ 85.171471420485034, 27.966534234326843, 0.0 ], [ 85.171525942207268, 27.96664795106193, 0.0 ], [ 85.171566444058215, 27.966675990804731, 0.0 ], [ 85.171645175647825, 27.966674447048149, 0.0 ], [ 85.171645889996398, 27.966674433041362, 0.0 ], [ 85.171712873826607, 27.966665086460239, 0.0 ], [ 85.171790762001251, 27.966697799493772, 0.0 ], [ 85.171842168196633, 27.966747647925501, 0.0 ], [ 85.171892016628362, 27.966850460316095, 0.0 ], [ 85.171951211641158, 27.966878500058897, 0.0 ], [ 85.172046235214168, 27.966900308747938, 0.0 ], [ 85.172131912206396, 27.966919001909844, 0.0 ], [ 85.172244071177943, 27.966962619287642, 0.0 ], [ 85.17232974817, 27.967015583246337, 0.0 ], [ 85.172413867398745, 27.967076336022672, 0.0 ], [ 85.172476177938449, 27.967158897487877, 0.0 ], [ 85.172515122025857, 27.967211861446629, 0.0 ], [ 85.172599241254602, 27.967300653965708, 0.0 ], [ 85.172786172873771, 27.967356733451481, 0.0 ], [ 85.172859387758024, 27.967386330957993, 0.0 ], [ 85.172898331845261, 27.967461103605615, 0.0 ], [ 85.172931044878624, 27.967542107307338, 0.0 ], [ 85.172951295804182, 27.967598186793111, 0.0 ], [ 85.17301983739776, 27.967629342062935, 0.0 ], [ 85.173102398862966, 27.967644919697932, 0.0 ], [ 85.173222346652096, 27.96764180417091, 0.0 ], [ 85.1734201826157, 27.96766517062332, 0.0 ], [ 85.173521437242755, 27.96766517062332, 0.0 ], [ 85.173705253335072, 27.967676074967756, 0.0 ], [ 85.173792488090669, 27.967683863785169, 0.0 ], [ 85.173873491792392, 27.967648035224954, 0.0 ], [ 85.17394203338614, 27.967627784299395, 0.0 ], [ 85.174172582383278, 27.967671401677364, 0.0 ], [ 85.174276952537355, 27.967702556947188, 0.0 ], [ 85.174498154953426, 27.967738385507573, 0.0 ], [ 85.17459940958048, 27.967743058797964, 0.0 ], [ 85.174703779734614, 27.967785118412223, 0.0 ], [ 85.174872018191877, 27.967794464993347, 0.0 ], [ 85.17504804546661, 27.967875468694899, 0.0 ], [ 85.175160204438157, 27.96794712581567, 0.0 ], [ 85.175301960916158, 27.968000089774364, 0.0 ], [ 85.175411004360683, 27.968049938206264, 0.0 ], [ 85.175501354643302, 27.968110690982598, 0.0 ], [ 85.175650899938717, 27.968254005223912, 0.0 ], [ 85.175674266391127, 27.96832254681766, 0.0 ], [ 85.175694517316515, 27.968409781573257, 0.0 ], [ 85.175703863897638, 27.968476765403466, 0.0 ], [ 85.17575371232931, 27.968554653578167, 0.0 ], [ 85.175809791815084, 27.968637215043373, 0.0 ], [ 85.17583953217104, 27.968660694271875, 0.0 ], [ 85.175906681480114, 27.968650543794809, 0.0 ], [ 85.17635642337541, 27.969056762280843, 0.0 ], [ 85.176893212089283, 27.969303394933092, 0.0 ], [ 85.17806834413841, 27.969695105616211, 0.0 ], [ 85.178793734292185, 27.969883707056283, 0.0 ], [ 85.179519124446188, 27.970014277283951, 0.0 ], [ 85.180302545812197, 27.97047852698239, 0.0 ], [ 85.180694256495315, 27.97101531569615, 0.0 ], [ 85.18110047498152, 27.971595627819283, 0.0 ], [ 85.180737779904518, 27.972350033579175, 0.0 ], [ 85.180621717479937, 27.972915837899222, 0.0 ], [ 85.181056951572089, 27.974743821086804, 0.0 ], [ 85.181013428163055, 27.975875429726841, 0.0 ], [ 85.180621717479937, 27.976731390108341, 0.0 ], [ 85.18002689755383, 27.978211186022065, 0.0 ], [ 85.179891366202526, 27.97878041769701, 0.0 ], [ 85.179939850735366, 27.978776990342055, 0.0 ], [ 85.178991065389425, 27.979949646387581, 0.0 ], [ 85.179353385733691, 27.98660039836534, 0.0 ], [ 85.179446585430696, 27.986930375671079, 0.0 ], [ 85.180244514599849, 27.98900499151091, 0.0 ], [ 85.1808538423291, 27.989701366058625, 0.0 ], [ 85.181376123239886, 27.992269247203126, 0.0 ], [ 85.181796849529064, 27.9935024104646, 0.0 ], [ 85.182188560212126, 27.994488941073826, 0.0 ], [ 85.182551255289127, 27.995504487289111, 0.0 ], [ 85.183450739079888, 27.996694127141325, 0.0 ], [ 85.183929496581413, 27.997811227978218, 0.0 ], [ 85.183842449762949, 27.999087914649124, 0.0 ], [ 85.183479754685948, 27.999740765787578, 0.0 ], [ 85.183189598624494, 28.000408124729063, 0.0 ], [ 85.183204106427468, 28.001771858218206, 0.0 ], [ 85.183146075215234, 28.002758388827374, 0.0 ], [ 85.183117059609003, 28.005427824593539, 0.0 ], [ 85.182841411350637, 28.006994667325728, 0.0 ], [ 85.182304622636707, 28.008909697331717, 0.0 ], [ 85.181883896347529, 28.01056358688237, 0.0 ], [ 85.181753326119804, 28.011550117491765, 0.0 ], [ 85.181796849529064, 28.011970843780944, 0.0 ], [ 85.18227560703059, 28.013407116285464, 0.0 ], [ 85.183566801504412, 28.01420504545456, 0.0 ], [ 85.184147113627432, 28.014799865380667, 0.0 ], [ 85.184887011584351, 28.016265153491474, 0.0 ], [ 85.185531066653198, 28.017553263629281, 0.0 ], [ 85.18506110522128, 28.018368784937536, 0.0 ], [ 85.184582347719754, 28.019021636076047, 0.0 ], [ 85.184263176052127, 28.019688995017475, 0.0 ], [ 85.184060066808968, 28.020414385171307, 0.0 ], [ 85.184089082415198, 28.021415423583619, 0.0 ], [ 85.184132605824459, 28.022416461995988, 0.0 ], [ 85.184422761885969, 28.023315945786692, 0.0 ], [ 85.184696243003714, 28.023887769942007, 0.0 ], [ 85.18474193355371, 28.023983304728176, 0.0 ], [ 85.185255896930812, 28.025137745544498, 0.0 ], [ 85.185535329034394, 28.025471261281155, 0.0 ], [ 85.185733158534731, 28.025747023614997, 0.0 ], [ 85.18745489272942, 28.026884865343561, 0.0 ], [ 85.188586501369286, 28.027552224284989, 0.0 ], [ 85.189819664630761, 28.028234091029617, 0.0 ], [ 85.190487023572359, 28.02849523148501, 0.0 ], [ 85.191357491757003, 28.028944973380419, 0.0 ], [ 85.192445576987609, 28.030410261491227, 0.0 ], [ 85.192909826686048, 28.031730471571109, 0.0 ], [ 85.192960071409459, 28.032743740158537, 0.0 ], [ 85.192983083371587, 28.032848179063933, 0.0 ], [ 85.193045743528785, 28.032940080627782, 0.0 ], [ 85.19307524244698, 28.033117074137749, 0.0 ], [ 85.19307524244698, 28.033271943458885, 0.0 ], [ 85.193043285285569, 28.033419438050487, 0.0 ], [ 85.192930206098708, 28.033724260206668, 0.0 ], [ 85.192841709343725, 28.033923377905353, 0.0 ], [ 85.192883499478057, 28.034016791146541, 0.0 ], [ 85.192819585155007, 28.034151994522347, 0.0 ], [ 85.192760587318332, 28.034233116547739, 0.0 ], [ 85.192777795020618, 28.034348653977816, 0.0 ], [ 85.192851542316362, 28.03447156613754, 0.0 ], [ 85.19287366650525, 28.034564979378956, 0.0 ], [ 85.19294987204421, 28.034786221266359, 0.0 ], [ 85.192905623666775, 28.035022212613001, 0.0 ], [ 85.192854000559578, 28.035223788554902, 0.0 ], [ 85.192839251100509, 28.035526152467639, 0.0 ], [ 85.192758129075116, 28.035929304351441, 0.0 ], [ 85.192669632320133, 28.036052216511166, 0.0 ], [ 85.192699131238442, 28.036182503400369, 0.0 ], [ 85.192736004886228, 28.03629312434407, 0.0 ], [ 85.192743379615877, 28.036376704612792, 0.0 ], [ 85.192649573055689, 28.036524002544866, 0.0 ], [ 85.192662159260806, 28.036577493916752, 0.0 ], [ 85.192710930805674, 28.036671890455352, 0.0 ], [ 85.19272037045954, 28.036741114583833, 0.0 ], [ 85.19269519804925, 28.037000705064997, 0.0 ], [ 85.192709357530077, 28.03706520936646, 0.0 ], [ 85.192725090286558, 28.037110834360192, 0.0 ], [ 85.192701491151979, 28.037180058488502, 0.0 ], [ 85.192676318741519, 28.037265015373237, 0.0 ], [ 85.192545736863053, 28.037585963604613, 0.0 ], [ 85.192487525664319, 28.037777903233234, 0.0 ], [ 85.192481232561761, 28.03788331270141, 0.0 ], [ 85.192503258420743, 28.0381240238749, 0.0 ], [ 85.192629120472191, 28.038249885926348, 0.0 ], [ 85.192805327344445, 28.038405640215103, 0.0 ], [ 85.192846232511158, 28.038550381574453, 0.0 ], [ 85.192899723882988, 28.038750187581172, 0.0 ], [ 85.192883991126564, 28.038861890151964, 0.0 ], [ 85.192846232511158, 28.038938980658543, 0.0 ], [ 85.192792741139272, 28.039025510818988, 0.0 ], [ 85.192791167863561, 28.039074282363856, 0.0 ], [ 85.192854098889427, 28.039146653043417, 0.0 ], [ 85.192923323017737, 28.039244196133495, 0.0 ], [ 85.193027159210203, 28.039455015069677, 0.0 ], [ 85.193145154883496, 28.039582450396836, 0.0 ], [ 85.193258430729827, 28.03978697623063, 0.0 ], [ 85.193285176415827, 28.039900252076905, 0.0 ], [ 85.193286749691367, 28.040063872743985, 0.0 ], [ 85.193250564351672, 28.040191308071144, 0.0 ], [ 85.193271835038388, 28.040304017538347, 0.0 ], [ 85.193368497094013, 28.040429879589794, 0.0 ], [ 85.193413807432592, 28.040509424406366, 0.0 ], [ 85.193449048806883, 28.04057285888041, 0.0 ], [ 85.193609145336495, 28.04081250022648, 0.0 ], [ 85.193781324622989, 28.041072279500838, 0.0 ], [ 85.194017945279711, 28.04128574154015, 0.0 ], [ 85.194098496992751, 28.041348169117782, 0.0 ], [ 85.194192653591927, 28.041463122349967, 0.0 ], [ 85.194322027996236, 28.041657286316251, 0.0 ], [ 85.194390496952281, 28.041809327674457, 0.0 ], [ 85.194443862462151, 28.041940224208076, 0.0 ], [ 85.194507296936195, 28.042021782817528, 0.0 ], [ 85.194671421051339, 28.042165769004384, 0.0 ], [ 85.194856689991127, 28.042285589677419, 0.0 ], [ 85.194990607214038, 28.04242152069304, 0.0 ], [ 85.195116469265486, 28.042497037924079, 0.0 ], [ 85.195297710619627, 28.042666196521225, 0.0 ], [ 85.195389338193252, 28.042699424102807, 0.0 ], [ 85.19556856575457, 28.042757824094849, 0.0 ], [ 85.195646096778319, 28.042831327532895, 0.0 ], [ 85.195751820901648, 28.042896775799591, 0.0 ], [ 85.195819282961224, 28.042911879245878, 0.0 ], [ 85.19589077260656, 28.042980348201922, 0.0 ], [ 85.195919972602383, 28.043058886122083, 0.0 ], [ 85.195965282940961, 28.04313339645654, 0.0 ], [ 85.196001531211834, 28.043168637830945, 0.0 ], [ 85.196070000167879, 28.04320790679094, 0.0 ], [ 85.196092151888877, 28.043208913687408, 0.0 ], [ 85.196378110469936, 28.043372030906312, 0.0 ], [ 85.196474772525562, 28.043437479173065, 0.0 ], [ 85.196554317342134, 28.043484803304295, 0.0 ], [ 85.19662379319459, 28.043529106746462, 0.0 ], [ 85.196696289736167, 28.043596568806038, 0.0 ], [ 85.196924855221823, 28.043791906710112, 0.0 ], [ 85.19712422071143, 28.043925823932852, 0.0 ], [ 85.197267200001875, 28.044020472195598, 0.0 ], [ 85.197372924125204, 28.044043630813235, 0.0 ], [ 85.197512720196983, 28.04406611549615, 0.0 ], [ 85.197513889623508, 28.044065782534403, 0.0 ], [ 85.19751492897592, 28.04406647075416, 0.0 ], [ 85.197518744193928, 28.044068997047304, 0.0 ], [ 85.197588399957965, 28.044115120458684, 0.0 ], [ 85.197724960284006, 28.0441984411367, 0.0 ], [ 85.197787891309758, 28.044217320444432, 0.0 ], [ 85.197828796476472, 28.044277104918876, 0.0 ], [ 85.197869701643185, 28.044310143707435, 0.0 ], [ 85.197935779220188, 28.044338462669032, 0.0 ], [ 85.197982096455235, 28.044365837665168, 0.0 ], [ 85.19801935162252, 28.044396044557629, 0.0 ], [ 85.198068689546687, 28.044427258346332, 0.0 ], [ 85.198115006781507, 28.04445142386021, 0.0 ], [ 85.198152261948849, 28.044481630752614, 0.0 ], [ 85.198192537805426, 28.044531975573193, 0.0 ], [ 85.198409020533916, 28.04476960312661, 0.0 ], [ 85.198461379147318, 28.044889423799589, 0.0 ], [ 85.198512730864365, 28.044945809998637, 0.0 ], [ 85.198549986031651, 28.045012265161745, 0.0 ], [ 85.198595296370229, 28.045065630671616, 0.0 ], [ 85.198645641190808, 28.045142154799123, 0.0 ], [ 85.198692965322266, 28.04518444444841, 0.0 ], [ 85.198736261868021, 28.045229754786817, 0.0 ], [ 85.198897365293874, 28.045288154778859, 0.0 ], [ 85.198937641150337, 28.045323396153321, 0.0 ], [ 85.199044372170079, 28.045403947866191, 0.0 ], [ 85.199099751472659, 28.045467382340178, 0.0 ], [ 85.199142041122116, 28.045528803021341, 0.0 ], [ 85.199190372149815, 28.045593244391625, 0.0 ], [ 85.199370606607602, 28.04574025126783, 0.0 ], [ 85.199452165217053, 28.045795630570581, 0.0 ], [ 85.19952667555151, 28.045842954701868, 0.0 ], [ 85.199745046210808, 28.045973096063165, 0.0 ], [ 85.199836296198328, 28.046014001229878, 0.0 ], [ 85.19992754618562, 28.046040746915935, 0.0 ], [ 85.200050261685931, 28.046155596037977, 0.0 ], [ 85.200132072019358, 28.046232686544556, 0.0 ], [ 85.200218602179859, 28.04627516498681, 0.0 ], [ 85.200297265961979, 28.046328656358696, 0.0 ], [ 85.200344464231307, 28.046372708076717, 0.0 ], [ 85.200430994391752, 28.046493850301317, 0.0 ], [ 85.200525390930352, 28.046577233910511, 0.0 ], [ 85.200737783142245, 28.046806932154539, 0.0 ], [ 85.200766102103842, 28.046896608866291, 0.0 ], [ 85.20077082193086, 28.047016177815181, 0.0 ], [ 85.200811727097573, 28.047096414873067, 0.0 ], [ 85.200869938296421, 28.04718766486036, 0.0 ], [ 85.201074464130045, 28.04761716911122, 0.0 ], [ 85.201121662399316, 28.047725725130647, 0.0 ], [ 85.201205046008511, 28.047826414771976, 0.0 ], [ 85.201463063214135, 28.048142643176334, 0.0 ], [ 85.201527567515598, 28.04822130695851, 0.0 ], [ 85.201585778714502, 28.048271651779089, 0.0 ], [ 85.201727373522374, 28.048537535363039, 0.0 ], [ 85.201796597650684, 28.048606759491349, 0.0 ], [ 85.201898860567553, 28.048683849997929, 0.0 ], [ 85.201975951074132, 28.048765660331355, 0.0 ], [ 85.201938192458726, 28.048930854273976, 0.0 ], [ 85.201982244176747, 28.049029970639594, 0.0 ], [ 85.20204674847821, 28.049168418896159, 0.0 ], [ 85.202095520023022, 28.049228203370774, 0.0 ], [ 85.202172610529658, 28.049369798178645, 0.0 ], [ 85.202267007068201, 28.049552298153458, 0.0 ], [ 85.202309485510682, 28.049640401589443, 0.0 ], [ 85.202595821677903, 28.049994388609434, 0.0 ], [ 85.202643019947175, 28.050077772218401, 0.0 ], [ 85.20272955010762, 28.050327923045927, 0.0 ], [ 85.202733350166227, 28.050346310426107, 0.0 ], [ 85.202778321652659, 28.050563914392569, 0.0 ], [ 85.202897890601548, 28.050892729002101, 0.0 ], [ 85.202941942319569, 28.05094622037393, 0.0 ], [ 85.203042631960898, 28.051067362598531, 0.0 ], [ 85.203047541874412, 28.051065691138604, 0.0 ], [ 85.203048925063456, 28.051072082425549, 0.0 ], [ 85.203140175050748, 28.051144453105167, 0.0 ], [ 85.203327394852352, 28.051323806528615, 0.0 ], [ 85.203376166397391, 28.051391457381214, 0.0 ], [ 85.203423364666719, 28.051460681509695, 0.0 ], [ 85.203483149141107, 28.051539345291815, 0.0 ], [ 85.203539787064301, 28.051602276317567, 0.0 ], [ 85.203541147414001, 28.051602329781076, 0.0 ], [ 85.203542178443286, 28.051605422868818, 0.0 ], [ 85.203671061184025, 28.051695036649619, 0.0 ], [ 85.203718385315483, 28.051745381470198, 0.0 ], [ 85.203764702550359, 28.05180176766919, 0.0 ], [ 85.203829143920814, 28.051866209039645, 0.0 ], [ 85.203884523223394, 28.051917560756635, 0.0 ], [ 85.204031530099712, 28.052081684871837, 0.0 ], [ 85.204066771474004, 28.052132029692416, 0.0 ], [ 85.204133226637339, 28.052185395202287, 0.0 ], [ 85.204171488700865, 28.052208553819696, 0.0 ], [ 85.204228881796496, 28.052283064154324, 0.0 ], [ 85.204443350732276, 28.052516664121811, 0.0 ], [ 85.204503764516971, 28.052558953771268, 0.0 ], [ 85.204561157612432, 28.052596208938382, 0.0 ], [ 85.204594385194014, 28.052621381348672, 0.0 ], [ 85.204646743807416, 28.052672733065663, 0.0 ], [ 85.204701116213755, 28.052728112368413, 0.0 ], [ 85.204731669546959, 28.052751876072136, 0.0 ], [ 85.204930796124415, 28.052991583527444, 0.0 ], [ 85.205143143738724, 28.053160070929266, 0.0 ], [ 85.20523879889771, 28.053257739881303, 0.0 ], [ 85.205285116132757, 28.053345339869168, 0.0 ], [ 85.205408555125643, 28.053566707129733, 0.0 ], [ 85.205436150594664, 28.05361619500394, 0.0 ], [ 85.205466198903025, 28.053636098385141, 0.0 ], [ 85.205749295378723, 28.05382361566484, 0.0 ], [ 85.205807695370765, 28.053863891521473, 0.0 ], [ 85.205901336737099, 28.053901146688588, 0.0 ], [ 85.205985916035672, 28.05396357426622, 0.0 ], [ 85.206182260835988, 28.054188112166116, 0.0 ], [ 85.206245695310031, 28.054286788014565, 0.0 ], [ 85.206304095301903, 28.054374388002316, 0.0 ], [ 85.206361488397476, 28.054466015575883, 0.0 ], [ 85.206425929767761, 28.054601946591504, 0.0 ], [ 85.206484329759633, 28.054641215551669, 0.0 ], [ 85.206546757337264, 28.054674443133251, 0.0 ], [ 85.206612205604131, 28.054732843125123, 0.0 ], [ 85.206657515942538, 28.054777146567289, 0.0 ], [ 85.206679667663707, 28.054849643108867, 0.0 ], [ 85.206681681456416, 28.054927174132558, 0.0 ], [ 85.206656509046127, 28.054981546538897, 0.0 ], [ 85.206600122847135, 28.055085256869347, 0.0 ], [ 85.206622274568133, 28.055151712032512, 0.0 ], [ 85.206673626285124, 28.055235284434843, 0.0 ], [ 85.206780357304865, 28.055488015434321, 0.0 ], [ 85.20682164005774, 28.055558498183018, 0.0 ], [ 85.206865943499906, 28.05562293955353, 0.0 ], [ 85.206918302113365, 28.055662208513525, 0.0 ], [ 85.206967640037647, 28.055708525748514, 0.0 ], [ 85.207077391746566, 28.055935077441291, 0.0 ], [ 85.207098536571095, 28.05601361536128, 0.0 ], [ 85.207163984837791, 28.056084098110205, 0.0 ], [ 85.207201240005134, 28.056139477412898, 0.0 ], [ 85.207269708961121, 28.0562824567034, 0.0 ], [ 85.207280784821705, 28.056356967037971, 0.0 ], [ 85.207294881371411, 28.056422415304723, 0.0 ], [ 85.20732206757458, 28.05648584977871, 0.0 ], [ 85.20732206757458, 28.056579491145044, 0.0 ], [ 85.20729186068229, 28.056810070423353, 0.0 ], [ 85.207292867578758, 28.056982249710018, 0.0 ], [ 85.207310991714166, 28.057069849697712, 0.0 ], [ 85.207361273603738, 28.057283374668259, 0.0 ], [ 85.207392739116642, 28.057368331552993, 0.0 ], [ 85.207413191699914, 28.057481607399438, 0.0 ], [ 85.207391165840875, 28.057601176348328, 0.0 ], [ 85.207293622751024, 28.057829301316644, 0.0 ], [ 85.207257437411158, 28.057906391823281, 0.0 ], [ 85.207225971898254, 28.058002361637591, 0.0 ], [ 85.20730463568043, 28.058189581439194, 0.0 ], [ 85.207364420155045, 28.058334322798373, 0.0 ], [ 85.207361273603567, 28.05838938744597, 0.0 ], [ 85.207370713257603, 28.058450745196126, 0.0 ], [ 85.207353407225469, 28.058537275356571, 0.0 ], [ 85.207332954642197, 28.058589193452747, 0.0 ], [ 85.207318795161314, 28.058669430510633, 0.0 ], [ 85.207262157238176, 28.05901712442801, 0.0 ], [ 85.207246424481752, 28.059119387344879, 0.0 ], [ 85.207295196026735, 28.059289301114347, 0.0 ], [ 85.207296769302332, 28.059356951967061, 0.0 ], [ 85.207260583962409, 28.05944820195441, 0.0 ], [ 85.207205519314812, 28.059511132980106, 0.0 ], [ 85.207112696051979, 28.059561477800855, 0.0 ], [ 85.207068644333958, 28.059638568307264, 0.0 ], [ 85.206983687449053, 28.059882426032232, 0.0 ], [ 85.206920756423358, 28.059945357057984, 0.0 ], [ 85.206816920230892, 28.060006714807969, 0.0 ], [ 85.206755562480737, 28.060046046699142, 0.0 ], [ 85.206713084038256, 28.06010583117353, 0.0 ], [ 85.2066989245576, 28.060192361334032, 0.0 ], [ 85.206693846691962, 28.060192323293847, 0.0 ], [ 85.206665332664386, 28.06028142963055, 0.0 ], [ 85.206649968644285, 28.060365931740421, 0.0 ], [ 85.206611558594375, 28.060408182795186, 0.0 ], [ 85.206550102514541, 28.06044659284504, 0.0 ], [ 85.206438713369892, 28.060519571940006, 0.0 ], [ 85.206319642215135, 28.060657848119661, 0.0 ], [ 85.20627086772032, 28.060763145737781, 0.0 ], [ 85.206253750481324, 28.060823559522476, 0.0 ], [ 85.2062728815132, 28.060883973307227, 0.0 ], [ 85.20627086772032, 28.060947407781043, 0.0 ], [ 85.206279929788025, 28.061030980183205, 0.0 ], [ 85.206249722895734, 28.061113545689125, 0.0 ], [ 85.206227571174566, 28.061178993955821, 0.0 ], [ 85.206249722895734, 28.061245449119156, 0.0 ], [ 85.206277915995145, 28.061306869800319, 0.0 ], [ 85.206310136680486, 28.061416621509181, 0.0 ], [ 85.206295033234142, 28.061648207683959, 0.0 ], [ 85.206271874616732, 28.061787159388871, 0.0 ], [ 85.206284964270196, 28.062030828320644, 0.0 ], [ 85.206241667724271, 28.062105338655101, 0.0 ], [ 85.206210453935569, 28.062158704164972, 0.0 ], [ 85.206156081529457, 28.062229186913839, 0.0 ], [ 85.206089626366122, 28.062295642077004, 0.0 ], [ 85.205932550525802, 28.062377200686456, 0.0 ], [ 85.205915433286805, 28.062410428268038, 0.0 ], [ 85.205935571215093, 28.062469835156321, 0.0 ], [ 85.205951681557679, 28.06252622135537, 0.0 ], [ 85.205916440183216, 28.062577573072531, 0.0 ], [ 85.205839916055936, 28.062615835136114, 0.0 ], [ 85.205776481581893, 28.062631945478643, 0.0 ], [ 85.205699957454556, 28.062667186853105, 0.0 ], [ 85.205665722976562, 28.06271048339886, 0.0 ], [ 85.205676798837146, 28.062747738566145, 0.0 ], [ 85.205714054004488, 28.062780966147727, 0.0 ], [ 85.205805681577885, 28.062806138558017, 0.0 ], [ 85.205894288462218, 28.062817214418601, 0.0 ], [ 85.206000012585548, 28.062847421310892, 0.0 ], [ 85.206015116031665, 28.062907835095587, 0.0 ], [ 85.20605841257742, 28.063018593700917, 0.0 ], [ 85.206080564298418, 28.063081021278492, 0.0 ], [ 85.206085598780589, 28.063164593680824, 0.0 ], [ 85.206082200505136, 28.063331046243832, 0.0 ], [ 85.206046015165271, 28.063466347949145, 0.0 ], [ 85.206017696203673, 28.063554451385357, 0.0 ], [ 85.205959485004769, 28.063659860853534, 0.0 ], [ 85.205902847081632, 28.06388798582185, 0.0 ], [ 85.205835196229089, 28.063999688392641, 0.0 ], [ 85.205767545376318, 28.064087791828626, 0.0 ], [ 85.205673148837548, 28.064208934053227, 0.0 ], [ 85.205621230741428, 28.064372554720308, 0.0 ], [ 85.205605497985005, 28.064430765918985, 0.0 ], [ 85.205569312645139, 28.064493696944908, 0.0 ], [ 85.205421424734652, 28.064767446906785, 0.0 ], [ 85.205375799740921, 28.064876002926269, 0.0 ], [ 85.205363213535804, 28.065020744285619, 0.0 ], [ 85.20537265318967, 28.065140313234508, 0.0 ], [ 85.205301855785592, 28.065620162306061, 0.0 ], [ 85.205246791137995, 28.06569567953693, 0.0 ], [ 85.205172847182894, 28.065871886408956, 0.0 ], [ 85.205164980804568, 28.065961563120709, 0.0 ], [ 85.205153967875162, 28.066170808781351, 0.0 ], [ 85.204947868765828, 28.066553114762883, 0.0 ], [ 85.20489123084252, 28.066660097506769, 0.0 ], [ 85.204817286887362, 28.066782813006967, 0.0 ], [ 85.204762222239765, 28.066900808680259, 0.0 ], [ 85.20472618127809, 28.067167511796924, 0.0 ], [ 85.204715023970493, 28.067250075873233, 0.0 ], [ 85.204696144662762, 28.067330312931119, 0.0 ], [ 85.204659959322896, 28.067419989642644, 0.0 ], [ 85.204612761053568, 28.067506519803146, 0.0 ], [ 85.204551403303412, 28.067602489617457, 0.0 ], [ 85.204560842957278, 28.067715765463902, 0.0 ], [ 85.204584442092028, 28.067811735278042, 0.0 ], [ 85.204611187777857, 28.067899838714254, 0.0 ], [ 85.20460646795101, 28.068000528355412, 0.0 ], [ 85.204578148989413, 28.068058739554317, 0.0 ], [ 85.204575002438162, 28.068175161951899, 0.0 ], [ 85.204604894675299, 28.068266411939192, 0.0 ], [ 85.204614334329165, 28.068374967958619, 0.0 ], [ 85.204620627431723, 28.068455205016505, 0.0 ], [ 85.204645799842183, 28.068541735177007, 0.0 ], [ 85.204724463624359, 28.06863613171555, 0.0 ], [ 85.204749636034649, 28.068711648946419, 0.0 ], [ 85.204792114477073, 28.068917748055753, 0.0 ], [ 85.20482200671421, 28.069005851491966, 0.0 ], [ 85.204859765329616, 28.06908923510116, 0.0 ], [ 85.204938429111962, 28.069172618710297, 0.0 ], [ 85.20515711442647, 28.069389730749037, 0.0 ], [ 85.205270018215003, 28.069451604576898, 0.0 ], [ 85.205316015266476, 28.069542338486542, 0.0 ], [ 85.205346537765706, 28.069598296401807, 0.0 ], [ 85.205353773881939, 28.069611562614853, 0.0 ], [ 85.205405691978228, 28.069721691910047, 0.0 ], [ 85.205498515241118, 28.069915204814208, 0.0 ], [ 85.205517394548792, 28.069979709115671, 0.0 ], [ 85.205553579888715, 28.070077252205522, 0.0 ], [ 85.205591338504121, 28.070143329782525, 0.0 ], [ 85.205663709183682, 28.070234579769874, 0.0 ], [ 85.205706187626163, 28.070317963379011, 0.0 ], [ 85.205739226414778, 28.070450118533245, 0.0 ], [ 85.205929592767632, 28.070708135738869, 0.0 ], [ 85.206031855684557, 28.070782079694027, 0.0 ], [ 85.206134118601426, 28.070898502091779, 0.0 ], [ 85.206277286684895, 28.071189558085848, 0.0 ], [ 85.206344937537608, 28.071276088246293, 0.0 ], [ 85.206373256499205, 28.07138307099018, 0.0 ], [ 85.206377976326223, 28.071604902855768, 0.0 ], [ 85.206442480627459, 28.071688286464962, 0.0 ], [ 85.206445627178937, 28.071759083868983, 0.0 ], [ 85.206437760800668, 28.071844040753717, 0.0 ], [ 85.206439334076379, 28.071914838157738, 0.0 ], [ 85.206442480627459, 28.071984062286049, 0.0 ], [ 85.206514851307247, 28.072125657094091, 0.0 ], [ 85.20655418319825, 28.072144536401822, 0.0 ], [ 85.206596661640674, 28.072185441568536, 0.0 ], [ 85.206620260775424, 28.072253092421249, 0.0 ], [ 85.206601143185082, 28.072455192661096, 0.0 ], [ 85.206638147665615, 28.072544438760872, 0.0 ], [ 85.206651726288271, 28.072577187203933, 0.0 ], [ 85.206691058179445, 28.072651131159262, 0.0 ], [ 85.206706790935868, 28.072776993210709, 0.0 ], [ 85.2066989245576, 28.072894988884002, 0.0 ], [ 85.206711510762716, 28.073091648339471, 0.0 ], [ 85.206762740550971, 28.073132356846827, 0.0 ], [ 85.206858612035376, 28.073171688738, 0.0 ], [ 85.207015939599899, 28.073196271169877, 0.0 ], [ 85.207696872964505, 28.073705127510948, 0.0 ], [ 85.207783226131426, 28.073798426689848, 0.0 ], [ 85.207823501987889, 28.073865888749424, 0.0 ], [ 85.207868812326467, 28.073940399083995, 0.0 ], [ 85.208103419190536, 28.074073309410323, 0.0 ], [ 85.20813765366853, 28.074109557681197, 0.0 ], [ 85.208202095038985, 28.074163930087479, 0.0 ], [ 85.208252439859564, 28.074183061119356, 0.0 ], [ 85.208333998468845, 28.074250523178932, 0.0 ], [ 85.2083772950146, 28.07429784731022, 0.0 ], [ 85.20866526738854, 28.074503254178467, 0.0 ], [ 85.208907292275626, 28.074694154707288, 0.0 ], [ 85.209113336291921, 28.074856674818932, 0.0 ], [ 85.209345132878639, 28.075078971545565, 0.0 ], [ 85.209520122442484, 28.075126523057463, 0.0 ], [ 85.209702370693094, 28.075146660985752, 0.0 ], [ 85.209789970681015, 28.075192978220798, 0.0 ], [ 85.209880591358001, 28.075234260973673, 0.0 ], [ 85.209974232724278, 28.075258426487494, 0.0 ], [ 85.210241060273688, 28.075311791997365, 0.0 ], [ 85.210549170575746, 28.075481957490979, 0.0 ], [ 85.210586425743088, 28.075509143694148, 0.0 ], [ 85.211136191184039, 28.075703474701584, 0.0 ], [ 85.211257018753543, 28.075767916072095, 0.0 ], [ 85.211284204956655, 28.075813226410673, 0.0 ], [ 85.211192577383088, 28.075986412593579, 0.0 ], [ 85.211093901534753, 28.076119322919851, 0.0 ], [ 85.211107998084458, 28.076351915991097, 0.0 ], [ 85.211128136012803, 28.076421391843496, 0.0 ], [ 85.211182508419085, 28.076489860799711, 0.0 ], [ 85.211256011857074, 28.076559336651997, 0.0 ], [ 85.211531901474018, 28.076518053899122, 0.0 ], [ 85.211646687665052, 28.076499929763713, 0.0 ], [ 85.211750397995502, 28.076474757353424, 0.0 ], [ 85.211820880744426, 28.076469722871423, 0.0 ], [ 85.211905460042999, 28.07643850908255, 0.0 ], [ 85.21195882555287, 28.076399240122555, 0.0 ], [ 85.212095763464902, 28.076380109090678, 0.0 ], [ 85.212192425520527, 28.076437502186252, 0.0 ], [ 85.212278011715512, 28.076506978038708, 0.0 ], [ 85.2123515151535, 28.076549267687994, 0.0 ], [ 85.212474356515827, 28.076601626301454, 0.0 ], [ 85.212692853037368, 28.076654991811324, 0.0 ], [ 85.212688865730513, 28.076665408590941, 0.0 ], [ 85.212719063809573, 28.076655019343605, 0.0 ], [ 85.21292309799469, 28.076709100693847, 0.0 ], [ 85.213026344208743, 28.076758265557714, 0.0 ], [ 85.213117299206942, 28.076804972178309, 0.0 ], [ 85.213225461907427, 28.076844304069482, 0.0 ], [ 85.213761358923591, 28.076989340417924, 0.0 ], [ 85.213862146894655, 28.077065545956884, 0.0 ], [ 85.213987517297596, 28.077205665818894, 0.0 ], [ 85.213994892027017, 28.077296620817094, 0.0 ], [ 85.2140465151341, 28.077424449463251, 0.0 ], [ 85.214120262430015, 28.077510487975019, 0.0 ], [ 85.214407876883683, 28.077780894726402, 0.0 ], [ 85.214572579177627, 28.077884140940455, 0.0 ], [ 85.214702866066943, 28.077960346479415, 0.0 ], [ 85.21484298592901, 28.078070967423116, 0.0 ], [ 85.215347220772912, 28.078336949336745, 0.0 ], [ 85.215506121612975, 28.078418759670228, 0.0 ], [ 85.215569052638671, 28.078451798458786, 0.0 ], [ 85.215652436247865, 28.078524169138404, 0.0 ], [ 85.215732673305752, 28.078621712228255, 0.0 ], [ 85.215856962081659, 28.07877589324147, 0.0 ], [ 85.215918319831644, 28.078813651856876, 0.0 ], [ 85.216085087049976, 28.078893888914763, 0.0 ], [ 85.216154311178286, 28.078988285453363, 0.0 ], [ 85.216171617210421, 28.079077962165115, 0.0 ], [ 85.216174763761728, 28.079145613017829, 0.0 ], [ 85.216174763761728, 28.079225850075545, 0.0 ], [ 85.21610239308194, 28.079384750915779, 0.0 ], [ 85.216103966357707, 28.079447681941531, 0.0 ], [ 85.216160604280844, 28.07952791899919, 0.0 ], [ 85.216239268063021, 28.079593996576421, 0.0 ], [ 85.216335237877331, 28.079609729332844, 0.0 ], [ 85.216597974909973, 28.079557811236498, 0.0 ], [ 85.216676638692149, 28.079540505204534, 0.0 ], [ 85.216758449025576, 28.079565677614823, 0.0 ], [ 85.216818233500021, 28.079601862954519, 0.0 ], [ 85.216865431769463, 28.079658500877656, 0.0 ], [ 85.217018039506797, 28.079927531012913, 0.0 ], [ 85.217043113587522, 28.080101476301309, 0.0 ], [ 85.216971824534824, 28.080197347785941, 0.0 ], [ 85.216711250756305, 28.080327634675143, 0.0 ], [ 85.216573589137454, 28.080357133593452, 0.0 ], [ 85.216431011032228, 28.080418589673343, 0.0 ], [ 85.216340056034028, 28.080455463321073, 0.0 ], [ 85.216271225224546, 28.080507086428327, 0.0 ], [ 85.216256475765476, 28.080571000751377, 0.0 ], [ 85.216261392251852, 28.080669330479054, 0.0 ], [ 85.216283516440569, 28.080708662370228, 0.0 ], [ 85.216507216571188, 28.080713578856603, 0.0 ], [ 85.216775165079355, 28.080634915074313, 0.0 ], [ 85.216964449805232, 28.080553793048921, 0.0 ], [ 85.217158651017655, 28.080482503996393, 0.0 ], [ 85.217249606015685, 28.080462838050721, 0.0 ], [ 85.217306145609314, 28.080460379807676, 0.0 ], [ 85.217340561013884, 28.080499711698678, 0.0 ], [ 85.217298770879665, 28.080558709535353, 0.0 ], [ 85.217244689529423, 28.080654581019985, 0.0 ], [ 85.217175858719941, 28.080743077774969, 0.0 ], [ 85.21711440264005, 28.080829116286736, 0.0 ], [ 85.217153734531223, 28.080929904257573, 0.0 ], [ 85.217269271961356, 28.080932362500789, 0.0 ], [ 85.217397100607343, 28.080870906420955, 0.0 ], [ 85.217549511685377, 28.080829116286736, 0.0 ], [ 85.217620800737905, 28.080893030609616, 0.0 ], [ 85.217682256817966, 28.080929904257573, 0.0 ], [ 85.217760920600142, 28.080934820744005, 0.0 ], [ 85.217908415191573, 28.080937278987221, 0.0 ], [ 85.218026410864923, 28.080988902094248, 0.0 ], [ 85.218156697754296, 28.081087231822096, 0.0 ], [ 85.218223070320562, 28.081168353847431, 0.0 ], [ 85.218286984643498, 28.081281433034349, 0.0 ], [ 85.218527892476516, 28.081497758435319, 0.0 ], [ 85.218616389231499, 28.081551839785561, 0.0 ], [ 85.218783549768659, 28.081682126674934, 0.0 ], [ 85.218728190131969, 28.081680160080396, 0.0 ], [ 85.218728190131969, 28.081746237657399, 0.0 ], [ 85.218654246176641, 28.081796582477978, 0.0 ], [ 85.218603901356062, 28.081908285048712, 0.0 ], [ 85.218629073766351, 28.081950763491193, 0.0 ], [ 85.218725043580662, 28.081953910042444, 0.0 ], [ 85.218781681503856, 28.081925591080903, 0.0 ], [ 85.218846185805319, 28.081878392811404, 0.0 ], [ 85.218929569414456, 28.081837487644691, 0.0 ], [ 85.219031832331382, 28.081876819535864, 0.0 ], [ 85.219090043530059, 28.081939750561617, 0.0 ], [ 85.219645409832538, 28.082232379831396, 0.0 ], [ 85.219717780512099, 28.082282724651975, 0.0 ], [ 85.219829483082833, 28.082347228953438, 0.0 ], [ 85.22007334080763, 28.08260839271037, 0.0 ], [ 85.220284159743983, 28.082921474563591, 0.0 ], [ 85.220347090769678, 28.082990698691901, 0.0 ], [ 85.22048868557755, 28.083195224525468, 0.0 ], [ 85.22057993556507, 28.083288047788528, 0.0 ], [ 85.220719957097401, 28.083299060718105, 0.0 ], [ 85.220800194155288, 28.083193651249928, 0.0 ], [ 85.220859978629676, 28.083083521954904, 0.0 ], [ 85.220889870866813, 28.08297181938417, 0.0 ], [ 85.220889870866813, 28.082888435774976, 0.0 ], [ 85.221084957046742, 28.082687056492489, 0.0 ], [ 85.221171487207187, 28.082660310806659, 0.0 ], [ 85.221298922534402, 28.08261153926162, 0.0 ], [ 85.221608857836145, 28.082661884082199, 0.0 ], [ 85.221701681099205, 28.082694922870814, 0.0 ], [ 85.221807090567381, 28.082738974588835, 0.0 ], [ 85.221906206932999, 28.082724815107952, 0.0 ], [ 85.221965991407444, 28.082712228902778, 0.0 ], [ 85.222054094843429, 28.082723241832412, 0.0 ], [ 85.222140625003874, 28.082768866825973, 0.0 ], [ 85.222260193952934, 28.082853823710877, 0.0 ], [ 85.222699137857433, 28.083055202993194, 0.0 ], [ 85.222766788710203, 28.083081948679194, 0.0 ], [ 85.222859611973206, 28.083138586602331, 0.0 ], [ 85.222982327473574, 28.083355698641242, 0.0 ], [ 85.223112909352039, 28.083568090853191, 0.0 ], [ 85.22318213348035, 28.083653047737926, 0.0 ], [ 85.223298555877932, 28.083733284795812, 0.0 ], [ 85.223396098967953, 28.083826108058815, 0.0 ], [ 85.223750085987774, 28.08400703475786, 0.0 ], [ 85.223959331648359, 28.083889039084568, 0.0 ], [ 85.223954399700915, 28.083899781661671, 0.0 ], [ 85.223959331648359, 28.083895332187126, 0.0 ], [ 85.224060021289688, 28.083922077873126, 0.0 ], [ 85.224165430757864, 28.083947250283416, 0.0 ], [ 85.224302305738945, 28.083988155450129, 0.0 ], [ 85.224421874687778, 28.08403220716815, 0.0 ], [ 85.224532003982802, 28.084088845091287, 0.0 ], [ 85.224623253970321, 28.084172228700481, 0.0 ], [ 85.224988253919662, 28.084438112284431, 0.0 ], [ 85.225033878913393, 28.084497896758876, 0.0 ], [ 85.225121982349435, 28.084584426919321, 0.0 ], [ 85.225200646131555, 28.084641064842458, 0.0 ], [ 85.225317068529364, 28.084699276041363, 0.0 ], [ 85.225430344375638, 28.084751194137482, 0.0 ], [ 85.225625430555567, 28.084903801874987, 0.0 ], [ 85.225839396043057, 28.084966732900853, 0.0 ], [ 85.225914913274096, 28.085061129439453, 0.0 ], [ 85.225982564126639, 28.085168112183169, 0.0 ], [ 85.22602976239591, 28.085259362170461, 0.0 ], [ 85.226070667562851, 28.08536005181179, 0.0 ], [ 85.226114719280815, 28.085533112132566, 0.0 ], [ 85.226136745139854, 28.085931150870522, 0.0 ], [ 85.226251594261896, 28.08609949136445, 0.0 ], [ 85.22632081839015, 28.086141969806874, 0.0 ], [ 85.226426227858326, 28.086204900832627, 0.0 ], [ 85.226446680441597, 28.086288284441764, 0.0 ], [ 85.226459266646941, 28.086335482711092, 0.0 ], [ 85.226474999403365, 28.086425159422788, 0.0 ], [ 85.226501745089195, 28.086480224070215, 0.0 ], [ 85.226649632999852, 28.086602939570582, 0.0 ], [ 85.22689821055144, 28.086760267135048, 0.0 ], [ 85.227075990699404, 28.086871969705612, 0.0 ], [ 85.227142068276407, 28.086886129186496, 0.0 ], [ 85.227291529462605, 28.086887702462036, 0.0 ], [ 85.227357607039608, 28.08690028866738, 0.0 ], [ 85.227412671687205, 28.086986818827654, 0.0 ], [ 85.227439417373034, 28.087085935193272, 0.0 ], [ 85.227452003578207, 28.087175611905025, 0.0 ], [ 85.2274756027129, 28.087274728270643, 0.0 ], [ 85.227524374257939, 28.08735653860407, 0.0 ], [ 85.227573145802808, 28.087405310149109, 0.0 ], [ 85.227643943206829, 28.087444642040055, 0.0 ], [ 85.227725753540255, 28.08745093514267, 0.0 ], [ 85.227790257841718, 28.087455654969688, 0.0 ], [ 85.227884654380318, 28.087502853238959, 0.0 ], [ 85.227960171611358, 28.087565784264655, 0.0 ], [ 85.228117499175653, 28.087669620457291, 0.0 ], [ 85.228193016406522, 28.087674340284138, 0.0 ], [ 85.228279546566966, 28.08766647390604, 0.0 ], [ 85.228375516381277, 28.08766804718158, 0.0 ], [ 85.228447887060895, 28.087688499765022, 0.0 ], [ 85.228528124118782, 28.087729404931736, 0.0 ], [ 85.228635106862498, 28.087880439393473, 0.0 ], [ 85.228688598234555, 28.08796224972707, 0.0 ], [ 85.228768835292271, 28.08802832730413, 0.0 ], [ 85.228893124068122, 28.08805664626567, 0.0 ], [ 85.228982800779875, 28.08805507298996, 0.0 ], [ 85.229034718876221, 28.088091258329825, 0.0 ], [ 85.229075624042935, 28.088155762631288, 0.0 ], [ 85.229124395587746, 28.088234426413464, 0.0 ], [ 85.229196766267535, 28.088322529849449, 0.0 ], [ 85.229270710222693, 28.088410633285662, 0.0 ], [ 85.229278576600962, 28.088479857413915, 0.0 ], [ 85.229541313633433, 28.088621452221844, 0.0 ], [ 85.229642003274819, 28.088696969452883, 0.0 ], [ 85.229780451531383, 28.088813391850465, 0.0 ], [ 85.22990474030729, 28.088832271158196, 0.0 ], [ 85.230000710121601, 28.088844857363313, 0.0 ], [ 85.230106119589777, 28.088884189254486, 0.0 ], [ 85.230194223025762, 28.088921947869892, 0.0 ], [ 85.230428641096864, 28.088950266831489, 0.0 ], [ 85.230513597981599, 28.089008478030394, 0.0 ], [ 85.23055922297533, 28.08911546077411, 0.0 ], [ 85.230589115212467, 28.089201990934555, 0.0 ], [ 85.230607994520199, 28.089296387473155, 0.0 ], [ 85.230683511751067, 28.089376624531042, 0.0 ], [ 85.230765322084665, 28.089436409005486, 0.0 ], [ 85.230927369475978, 28.089548111576221, 0.0 ], [ 85.231001313431307, 28.089651947768687, 0.0 ], [ 85.231023339290118, 28.089741624480439, 0.0 ], [ 85.231045365149328, 28.089832874467731, 0.0 ], [ 85.231122455655736, 28.089917831352636, 0.0 ], [ 85.231202692713623, 28.089966602897448, 0.0 ], [ 85.23147172284871, 28.090130223564529, 0.0 ], [ 85.231547240079749, 28.090191581314684, 0.0 ], [ 85.231649502996618, 28.090221473551821, 0.0 ], [ 85.231732886605641, 28.090243499410803, 0.0 ], [ 85.231819416766086, 28.090292270955842, 0.0 ], [ 85.231957865022878, 28.090396107148308, 0.0 ], [ 85.232124632241039, 28.090451171795905, 0.0 ], [ 85.232401528754394, 28.090370934738019, 0.0 ], [ 85.232472326158415, 28.090392960597001, 0.0 ], [ 85.232528675578635, 28.090433765349644, 0.0 ], [ 85.232532503951461, 28.090431014201556, 0.0 ], [ 85.23288157448502, 28.090549009874849, 0.0 ], [ 85.233110191102014, 28.090662089061766, 0.0 ], [ 85.23318885488419, 28.090711253925576, 0.0 ], [ 85.23325276920724, 28.090767793519205, 0.0 ], [ 85.23326506042315, 28.090836624328517, 0.0 ], [ 85.233110191102014, 28.090964452974674, 0.0 ], [ 85.233024152590247, 28.091121780539027, 0.0 ], [ 85.233011861374223, 28.091234859725887, 0.0 ], [ 85.233107732858798, 28.091335647696951, 0.0 ], [ 85.233166730695473, 28.091360230128885, 0.0 ], [ 85.233314225287131, 28.091399562020001, 0.0 ], [ 85.233466636365051, 28.091424144451935, 0.0 ], [ 85.233660837577474, 28.09148314228861, 0.0 ], [ 85.233793877698986, 28.091646861285199, 0.0 ], [ 85.23383792941695, 28.091739684548202, 0.0 ], [ 85.233888274237756, 28.091815201779241, 0.0 ], [ 85.233971657846894, 28.091964662965438, 0.0 ], [ 85.234157304372786, 28.092030740542441, 0.0 ], [ 85.234306765558983, 28.09198668882425, 0.0 ], [ 85.234501851738912, 28.09193634400367, 0.0 ], [ 85.234884157720273, 28.091904878490823, 0.0 ], [ 85.23508396372722, 28.091906451766533, 0.0 ], [ 85.235370299894214, 28.091889145734399, 0.0 ], [ 85.235579545555026, 28.091873412977975, 0.0 ], [ 85.235706095914566, 28.09186662822674, 0.0 ], [ 85.235841299290371, 28.091920709576982, 0.0 ], [ 85.235897838883773, 28.091933000793006, 0.0 ], [ 85.236015834557122, 28.091955124981723, 0.0 ], [ 85.236104331312106, 28.091918251333936, 0.0 ], [ 85.236355072117817, 28.091937917279438, 0.0 ], [ 85.236468151304734, 28.091974790927395, 0.0 ], [ 85.236635311841894, 28.092031330520854, 0.0 ], [ 85.236760682244835, 28.092050996466298, 0.0 ], [ 85.236890969134038, 28.092014122818341, 0.0 ], [ 85.237040921968855, 28.091982165656816, 0.0 ], [ 85.237178583587706, 28.091942833765813, 0.0 ], [ 85.237387534259199, 28.091945292009029, 0.0 ], [ 85.237468656284591, 28.091996915116056, 0.0 ], [ 85.237601401416953, 28.092028872277638, 0.0 ], [ 85.237724313576734, 28.092026414034422, 0.0 ], [ 85.237923431275419, 28.092043621736707, 0.0 ], [ 85.238070925867021, 28.092060829439163, 0.0 ], [ 85.238107635596009, 28.092078948984863, 0.0 ], [ 85.23811271600141, 28.092075578898232, 0.0 ], [ 85.238810857068358, 28.092235364705914, 0.0 ], [ 85.239064056117456, 28.092422191188575, 0.0 ], [ 85.239206634222683, 28.092564769293801, 0.0 ], [ 85.239424981878017, 28.092754254902673, 0.0 ], [ 85.239651525165982, 28.092795864894413, 0.0 ], [ 85.240152894609878, 28.092741027611623, 0.0 ], [ 85.241175037051164, 28.092797292333046, 0.0 ], [ 85.241718992846415, 28.09293328128183, 0.0 ], [ 85.242985540096242, 28.092928447132067, 0.0 ], [ 85.243643500078747, 28.093030384594101, 0.0 ], [ 85.244119557478427, 28.092956709044131, 0.0 ], [ 85.245216719548239, 28.092806669786683, 0.0 ], [ 85.246510808143682, 28.092947331590494, 0.0 ], [ 85.247532950585082, 28.092806669786683, 0.0 ], [ 85.248536338119038, 28.092816047240149, 0.0 ], [ 85.249127117695252, 28.093050483580043, 0.0 ], [ 85.249802294353628, 28.093247410105391, 0.0 ], [ 85.250543113187291, 28.09335056209494, 0.0 ], [ 85.251649652710796, 28.093500601352389, 0.0 ], [ 85.252099770483142, 28.093903831856665, 0.0 ], [ 85.252187728623653, 28.09394549623903, 0.0 ], [ 85.252465491173155, 28.093988228939054, 0.0 ], [ 85.253009383481412, 28.094157023103662, 0.0 ], [ 85.253665805232686, 28.094503988886345, 0.0 ], [ 85.254832735557329, 28.095187042605914, 0.0 ], [ 85.255396883165247, 28.095403099136604, 0.0 ], [ 85.255853002507877, 28.095451111699049, 0.0 ], [ 85.256639208216768, 28.095583146245588, 0.0 ], [ 85.257167346402923, 28.095769194924799, 0.0 ], [ 85.257773505003058, 28.095751190213832, 0.0 ], [ 85.258325649470464, 28.095745188643548, 0.0 ], [ 85.258733756250649, 28.095769194924799, 0.0 ], [ 85.259165869312085, 28.095853216908836, 0.0 ], [ 85.259579977662497, 28.096015259306967, 0.0 ], [ 85.259796034193243, 28.096111284431743, 0.0 ], [ 85.260102114278425, 28.096261323689191, 0.0 ], [ 85.260330173949683, 28.096489383360449, 0.0 ], [ 85.260516222628894, 28.096783460304891, 0.0 ], [ 85.26135044090023, 28.097473640889234, 0.0 ], [ 85.261626513133933, 28.097671692708957, 0.0 ], [ 85.262022616773606, 28.097833735106974, 0.0 ], [ 85.262370707850778, 28.097959768083228, 0.0 ], [ 85.262754808349939, 28.098127812051644, 0.0 ], [ 85.263000872732164, 28.098319862301139, 0.0 ], [ 85.263258940254843, 28.098637945526832, 0.0 ], [ 85.263324957528141, 28.098793986354565, 0.0 ], [ 85.263438987363827, 28.09920209313475, 0.0 ], [ 85.263685051746052, 28.100060317687337, 0.0 ], [ 85.264159175799477, 28.100528440170478, 0.0 ], [ 85.264417243322214, 28.100726491990429, 0.0 ], [ 85.264533913848936, 28.100911580418369, 0.0 ], [ 85.264756692138292, 28.10098071850814, 0.0 ], [ 85.265017880477671, 28.101088266647935, 0.0 ], [ 85.265240658767027, 28.101207337802464, 0.0 ], [ 85.265501847106407, 28.1015875972966, 0.0 ], [ 85.265805286500722, 28.101883354680865, 0.0 ], [ 85.266531236443711, 28.102574735579196, 0.0 ], [ 85.266761696743288, 28.102751421808762, 0.0 ], [ 85.267042090107452, 28.102908903013372, 0.0 ], [ 85.267264868396978, 28.103008769143116, 0.0 ], [ 85.267721947990879, 28.103346777582146, 0.0 ], [ 85.268002341355214, 28.10340823366198, 0.0 ], [ 85.268248165674493, 28.103465848736846, 0.0 ], [ 85.268367236829249, 28.103527304816737, 0.0 ], [ 85.268517036023809, 28.103623329941456, 0.0 ], [ 85.268613061148528, 28.103723196071201, 0.0 ], [ 85.268662994213514, 28.103892200290886, 0.0 ], [ 85.268797429388144, 28.104018953455466, 0.0 ], [ 85.26899716164769, 28.104138024610222, 0.0 ], [ 85.269592517421074, 28.104341597874736, 0.0 ], [ 85.269955635478993, 28.104528890346614, 0.0 ], [ 85.269965094905103, 28.104529807119206, 0.0 ], [ 85.27010721208984, 28.104691129328842, 0.0 ], [ 85.270237806259445, 28.104887020583362, 0.0 ], [ 85.27040681047913, 28.105098275857813, 0.0 ], [ 85.270475948568844, 28.105186618972652, 0.0 ], [ 85.270702567863395, 28.105516945401803, 0.0 ], [ 85.270767864948084, 28.105793497761113, 0.0 ], [ 85.27099064323761, 28.106231372329887, 0.0 ], [ 85.271128919417265, 28.106346602479618, 0.0 ], [ 85.27132096966676, 28.106477196649394, 0.0 ], [ 85.271459245846415, 28.106584744789018, 0.0 ], [ 85.271612886046, 28.106738384988603, 0.0 ], [ 85.271766526245585, 28.106849774133423, 0.0 ], [ 85.271920166445341, 28.106945799258199, 0.0 ], [ 85.27202387357994, 28.107122485487764, 0.0 ], [ 85.27216599076462, 28.107268443677299, 0.0 ], [ 85.272477112168815, 28.107402878851929, 0.0 ], [ 85.272822802618066, 28.107556519051684, 0.0 ], [ 85.273037898897542, 28.107683272216264, 0.0 ], [ 85.273375907336572, 28.107671749201359, 0.0 ], [ 85.273518024521252, 28.107671749201359, 0.0 ], [ 85.273748484820601, 28.107767774326135, 0.0 ], [ 85.273905966025211, 28.107925255530745, 0.0 ], [ 85.274074970244897, 28.108132669800113, 0.0 ], [ 85.274516685818696, 28.10900073692801, 0.0 ], [ 85.274678008028332, 28.109250402252314, 0.0 ], [ 85.274895408910709, 28.109565979222396, 0.0 ], [ 85.274998655124989, 28.10961268584299, 0.0 ], [ 85.275320684983399, 28.109656934220595, 0.0 ], [ 85.275416556467803, 28.1096618507068, 0.0 ], [ 85.275564051059462, 28.109664308950016, 0.0 ], [ 85.275586175248179, 28.109632351788662, 0.0 ], [ 85.275669755516731, 28.109563520979179, 0.0 ], [ 85.275652547814445, 28.10944552530583, 0.0 ], [ 85.275682046732811, 28.10939636044202, 0.0 ], [ 85.275952453484194, 28.109425859360385, 0.0 ], [ 85.276031117266371, 28.109489773683435, 0.0 ], [ 85.27613682172364, 28.109583186924681, 0.0 ], [ 85.276286774558457, 28.109666767193232, 0.0 ], [ 85.276399853745374, 28.109747889218625, 0.0 ], [ 85.276525224148315, 28.109858510162496, 0.0 ], [ 85.276571930768966, 28.109971589349357, 0.0 ], [ 85.276542431850601, 28.110128916913709, 0.0 ], [ 85.27652030766194, 28.110278869748527, 0.0 ], [ 85.276397395502158, 28.110399323665092, 0.0 ], [ 85.276348230638348, 28.110859015142296, 0.0 ], [ 85.276333481179108, 28.110996676761147, 0.0 ], [ 85.276311356990391, 28.111095006488938, 0.0 ], [ 85.276328564692847, 28.111215460405333, 0.0 ], [ 85.276390020772567, 28.11131624837634, 0.0 ], [ 85.276554723066681, 28.111348205537865, 0.0 ], [ 85.276623553875993, 28.111365413240151, 0.0 ], [ 85.276724341847, 28.11145636823835, 0.0 ], [ 85.276837421033918, 28.111569447425268, 0.0 ], [ 85.276979999139144, 28.111684984855401, 0.0 ], [ 85.277019331030317, 28.111886560797302, 0.0 ], [ 85.277002123327861, 28.112385584165679, 0.0 ], [ 85.276945583734403, 28.112579785377932, 0.0 ], [ 85.276901335357024, 28.112722363483215, 0.0 ], [ 85.27689150238416, 28.112936230641139, 0.0 ], [ 85.277110286028346, 28.113658954140135, 0.0 ], [ 85.277238114674503, 28.113803990488577, 0.0 ], [ 85.277405275211663, 28.113966234539305, 0.0 ], [ 85.277619142369588, 28.114084230212598, 0.0 ], [ 85.277771553447451, 28.114148144535704, 0.0 ], [ 85.278059167901176, 28.114057189537505, 0.0 ], [ 85.278132915197091, 28.113939193864155, 0.0 ], [ 85.278167330601661, 28.113853155352388, 0.0 ], [ 85.278191913033709, 28.113567999141935, 0.0 ], [ 85.278100958035509, 28.113189429690067, 0.0 ], [ 85.278091125062701, 28.112864941588441, 0.0 ], [ 85.278245994383951, 28.112680573348996, 0.0 ], [ 85.278363990057301, 28.112611742539514, 0.0 ], [ 85.278504109919311, 28.112668282132972, 0.0 ], [ 85.278671270456471, 28.112685489835258, 0.0 ], [ 85.278695852888347, 28.112744487671876, 0.0 ], [ 85.278641771538105, 28.112852650372361, 0.0 ], [ 85.278592606674295, 28.112906731722774, 0.0 ], [ 85.278548358296746, 28.113024727396123, 0.0 ], [ 85.278602439646988, 28.113064059287126, 0.0 ], [ 85.278683561672494, 28.113064059287126, 0.0 ], [ 85.278779433156956, 28.113019810909691, 0.0 ], [ 85.278877762884747, 28.11300014496419, 0.0 ], [ 85.278953968423707, 28.113009977936883, 0.0 ], [ 85.279130961933674, 28.113194346176499, 0.0 ], [ 85.279150627879176, 28.113317258336053, 0.0 ], [ 85.279145711392971, 28.113415588063845, 0.0 ], [ 85.27913342017689, 28.113528667250762, 0.0 ], [ 85.27917521031128, 28.113693369544706, 0.0 ], [ 85.279293205984402, 28.113735159679095, 0.0 ], [ 85.279526739087885, 28.113668787112772, 0.0 ], [ 85.279610319356607, 28.113612247519313, 0.0 ], [ 85.279765188677686, 28.113538500223626, 0.0 ], [ 85.279964306376371, 28.11350900130526, 0.0 ], [ 85.280141299886395, 28.113518834277954, 0.0 ], [ 85.28026421204612, 28.113575373871356, 0.0 ], [ 85.280360083530582, 28.113803990488577, 0.0 ], [ 85.280438747312871, 28.113880196027537, 0.0 ], [ 85.280645239741034, 28.113958859809657, 0.0 ], [ 85.280758318927951, 28.11399819170083, 0.0 ], [ 85.280866481628607, 28.114106354401315, 0.0 ], [ 85.280923021222065, 28.114239099533734, 0.0 ], [ 85.280883689330892, 28.114462799664295, 0.0 ], [ 85.280915646492417, 28.114593086553668, 0.0 ], [ 85.281060682840859, 28.11471599871345, 0.0 ], [ 85.281168845541345, 28.114890533980201, 0.0 ], [ 85.281363046753768, 28.115175690190654, 0.0 ], [ 85.281554789722861, 28.115802542205074, 0.0 ], [ 85.281564622695669, 28.115927912608015, 0.0 ], [ 85.281510541345256, 28.116018867606044, 0.0 ], [ 85.28149333364297, 28.116095073145118, 0.0 ], [ 85.281616245802695, 28.11625240070947, 0.0 ], [ 85.28175144917833, 28.116363021653342, 0.0 ], [ 85.281788322826287, 28.116532640433661, 0.0 ], [ 85.281709659043941, 28.116618678945485, 0.0 ], [ 85.281795697555708, 28.116766173536917, 0.0 ], [ 85.281901402013204, 28.116746507591415, 0.0 ], [ 85.2820587295775, 28.116667843809296, 0.0 ], [ 85.282216057141966, 28.116613762459053, 0.0 ], [ 85.282469256190893, 28.116608845972621, 0.0 ], [ 85.282574960648162, 28.116763715293928, 0.0 ], [ 85.282572502404946, 28.116874336237572, 0.0 ], [ 85.282589710107459, 28.116982498938057, 0.0 ], [ 85.282715080510229, 28.117078370422689, 0.0 ], [ 85.282850283885978, 28.117132451772932, 0.0 ], [ 85.283019902666354, 28.11720374082546, 0.0 ], [ 85.283164939014796, 28.117297154066875, 0.0 ], [ 85.283391097388574, 28.117380734335427, 0.0 ], [ 85.2835336754938, 28.117476605820059, 0.0 ], [ 85.283627088735216, 28.117697847707461, 0.0 ], [ 85.28368608657189, 28.117776511489637, 0.0 ], [ 85.283897495486428, 28.11790925662217, 0.0 ], [ 85.284052364807735, 28.117914173108602, 0.0 ], [ 85.284182651696938, 28.117884674190293, 0.0 ], [ 85.28434243750462, 28.117855175271927, 0.0 ], [ 85.284507139798563, 28.117837967569471, 0.0 ], [ 85.284755422361229, 28.117892245579299, 0.0 ], [ 85.284845099072811, 28.117969336085707, 0.0 ], [ 85.28494578871414, 28.118035413662938, 0.0 ], [ 85.28504175852845, 28.118082611932209, 0.0 ], [ 85.285178633509474, 28.118121943823212, 0.0 ], [ 85.285293482631346, 28.118169142092654, 0.0 ], [ 85.285409905029098, 28.118228926567099, 0.0 ], [ 85.285499581740851, 28.118387827407162, 0.0 ], [ 85.285565659317854, 28.118453904984165, 0.0 ], [ 85.285678935164185, 28.118513689458609, 0.0 ], [ 85.285800077388785, 28.118532568766284, 0.0 ], [ 85.286105292863738, 28.118497956702186, 0.0 ], [ 85.286112369234502, 28.118541435579004, 0.0 ], [ 85.286162612949454, 28.118530270309066, 0.0 ], [ 85.286358504203974, 28.118568680358976, 0.0 ], [ 85.28673108168806, 28.11862245442876, 0.0 ], [ 85.286965382992435, 28.118733843573466, 0.0 ], [ 85.287176638266885, 28.118829868698185, 0.0 ], [ 85.287426303591189, 28.119044964977661, 0.0 ], [ 85.28744166761112, 28.119198605177246, 0.0 ], [ 85.28744166761112, 28.119356086381856, 0.0 ], [ 85.287453190626195, 28.119486680551631, 0.0 ], [ 85.287841132130154, 28.120312496624592, 0.0 ], [ 85.287825768110281, 28.120477659839025, 0.0 ], [ 85.287737424995385, 28.120577525968827, 0.0 ], [ 85.28777199404027, 28.120662028078641, 0.0 ], [ 85.287875701175039, 28.120769576218322, 0.0 ], [ 85.288002454339619, 28.120861760338187, 0.0 ], [ 85.288067751424535, 28.120969308477811, 0.0 ], [ 85.288163776549254, 28.121153676717427, 0.0 ], [ 85.28854403604339, 28.121372614001757, 0.0 ], [ 85.288709199258051, 28.121372614001757, 0.0 ], [ 85.28894734156728, 28.121380296011807, 0.0 ], [ 85.289250780961595, 28.121418706061661, 0.0 ], [ 85.289385216136282, 28.121495526161482, 0.0 ], [ 85.28956958437584, 28.121603074301277, 0.0 ], [ 85.289807726685297, 28.121745191485786, 0.0 ], [ 85.290126530099371, 28.121829693595657, 0.0 ], [ 85.290314739344012, 28.121918036710497, 0.0 ], [ 85.2904991075834, 28.122056312890152, 0.0 ], [ 85.290622019743182, 28.122359752284297, 0.0 ], [ 85.290583609693272, 28.122467300424148, 0.0 ], [ 85.290556722658437, 28.122540279518887, 0.0 ], [ 85.290629701753232, 28.122686237708422, 0.0 ], [ 85.290627955283412, 28.122693110912678, 0.0 ], [ 85.290923963957482, 28.122946832633431, 0.0 ], [ 85.291638908493098, 28.123234667446525, 0.0 ], [ 85.292121728179552, 28.12345750730168, 0.0 ], [ 85.292520982920109, 28.123773197096739, 0.0 ], [ 85.293013087600457, 28.124274586771037, 0.0 ], [ 85.293403057347291, 28.124692411499609, 0.0 ], [ 85.293820882075863, 28.125119521222132, 0.0 ], [ 85.294145856864645, 28.125407356035169, 0.0 ], [ 85.294795806442551, 28.125760185806087, 0.0 ], [ 85.295501465984159, 28.126085160595039, 0.0 ], [ 85.296253550495635, 28.12634514042611, 0.0 ], [ 85.29700563500711, 28.126846530100465, 0.0 ], [ 85.297702009554826, 28.127840024455168, 0.0 ], [ 85.297878424440171, 28.1283135591475, 0.0 ], [ 85.298138404271299, 28.128852088797714, 0.0 ], [ 85.298723358891323, 28.129260628532336, 0.0 ], [ 85.299122613632051, 28.129567033333274, 0.0 ], [ 85.299373308469228, 28.12985486814631, 0.0 ], [ 85.299531153366729, 28.130541957699904, 0.0 ], [ 85.299679713270109, 28.131182622283916, 0.0 ], [ 85.299531153366729, 28.131878996831631, 0.0 ], [ 85.300116107986753, 28.132733216276677, 0.0 ], [ 85.300580357685135, 28.133076761053474, 0.0 ], [ 85.300998182413764, 28.133401735842426, 0.0 ], [ 85.302483781448814, 28.135258734636238, 0.0 ], [ 85.303235865960289, 28.136122239075405, 0.0 ], [ 85.303560840749242, 28.136725763683273, 0.0 ], [ 85.303725666772095, 28.137031176608275, 0.0 ], [ 85.304192220339075, 28.137895672923378, 0.0 ], [ 85.304322210254668, 28.1384620575555, 0.0 ], [ 85.304535765115929, 28.138917022259989, 0.0 ], [ 85.306253489000085, 28.140820446023668, 0.0 ], [ 85.306829158626215, 28.141433255625486, 0.0 ], [ 85.307488393198014, 28.141851080354115, 0.0 ], [ 85.308407607600941, 28.142213195118927, 0.0 ], [ 85.308881868911499, 28.142609100213065, 0.0 ], [ 85.309475381907419, 28.143104554539889, 0.0 ], [ 85.309939631605857, 28.14326239943739, 0.0 ], [ 85.310376026322274, 28.14326239943739, 0.0 ], [ 85.310942410954453, 28.143355249377009, 0.0 ], [ 85.311415945646786, 28.143596659220236, 0.0 ], [ 85.311685210471978, 28.144088763900641, 0.0 ], [ 85.31180591539362, 28.144423023683544, 0.0 ], [ 85.312650849844715, 28.145490797990021, 0.0 ], [ 85.313365794380275, 28.146020042646114, 0.0 ], [ 85.314173588855681, 28.146382157410926, 0.0 ], [ 85.317432621738703, 28.148090596301188, 0.0 ], [ 85.318156851268213, 28.148526991017832, 0.0 ], [ 85.319122490641121, 28.149158370607722, 0.0 ], [ 85.32036667983283, 28.150142579968303, 0.0 ], [ 85.321573729048794, 28.150941089449759, 0.0 ], [ 85.323217172981344, 28.151238209256746, 0.0 ], [ 85.323755702631559, 28.151461049111902, 0.0 ], [ 85.324349942245533, 28.151795308894805, 0.0 ], [ 85.325250586660559, 28.152463828460554, 0.0 ], [ 85.325779831316652, 28.153095208050388, 0.0 ], [ 85.327989659881268, 28.155137906723724, 0.0 ], [ 85.329224564079198, 28.156084976108446, 0.0 ], [ 85.329725953753496, 28.156363525927532, 0.0 ], [ 85.330450183283176, 28.156744210680245, 0.0 ], [ 85.331480817613738, 28.157876979944433, 0.0 ], [ 85.331945067312176, 28.15841550959459, 0.0 ], [ 85.332437171992353, 28.15878690935341, 0.0 ], [ 85.333142831534019, 28.159176879100187, 0.0 ], [ 85.333904201039616, 28.159501853888969, 0.0 ], [ 85.334582005599259, 28.15980825869002, 0.0 ], [ 85.335222670183043, 28.160718188098826, 0.0 ], [ 85.33528101142781, 28.160992956541179, 0.0 ], [ 85.335482650014171, 28.161330997700816, 0.0 ], [ 85.33609545961616, 28.161925237314961, 0.0 ], [ 85.336680414236184, 28.162612326868611, 0.0 ], [ 85.33681040415172, 28.163178711500564, 0.0 ], [ 85.336921824079411, 28.163540826265432, 0.0 ], [ 85.338063878337493, 28.164599315577959, 0.0 ], [ 85.339270927553457, 28.164933575360863, 0.0 ], [ 85.340013727070982, 28.165156415216018, 0.0 ], [ 85.34041298181171, 28.165342115095541, 0.0 ], [ 85.340589396697112, 28.165518529980886, 0.0 ], [ 85.340858661522134, 28.165862074757683, 0.0 ], [ 85.340914371486065, 28.166623444263109, 0.0 ], [ 85.341490041112138, 28.167208398883133, 0.0 ], [ 85.341536466081948, 28.167654078593671, 0.0 ], [ 85.341638601015518, 28.16903754269498, 0.0 ], [ 85.341666455997483, 28.16965963729092, 0.0 ], [ 85.341824300895041, 28.170356011838635, 0.0 ], [ 85.34200145857983, 28.172977351335931, 0.0 ], [ 85.342048997749032, 28.174724415801109, 0.0 ], [ 85.341965804203085, 28.175704911164246, 0.0 ], [ 85.342132191294922, 28.17757082355223, 0.0 ], [ 85.342102479314349, 28.178075927224143, 0.0 ], [ 85.341989573787657, 28.178771187572465, 0.0 ], [ 85.341710281169071, 28.179543699070791, 0.0 ], [ 85.341472585323345, 28.18014388108088, 0.0 ], [ 85.341240831874018, 28.180648984752793, 0.0 ], [ 85.340557456317867, 28.18125510915911, 0.0 ], [ 85.33969934215412, 28.181754834466119, 0.0 ], [ 85.339547248973929, 28.18184340637697, 0.0 ], [ 85.339458113031924, 28.182063275034125, 0.0 ], [ 85.33949376740884, 28.182259374106764, 0.0 ], [ 85.339927562327034, 28.182693169024958, 0.0 ], [ 85.340082064626699, 28.182794189759306, 0.0 ], [ 85.340086844143741, 28.182796246063276, 0.0 ], [ 85.340366977996212, 28.182916768767257, 0.0 ], [ 85.34040889641426, 28.182907095286055, 0.0 ], [ 85.340818921747996, 28.182823901740107, 0.0 ], [ 85.341276486250877, 28.182663457044384, 0.0 ], [ 85.341520124492547, 28.182633745063583, 0.0 ], [ 85.342012154892984, 28.182587365850225, 0.0 ], [ 85.342238517400574, 28.182726104161361, 0.0 ], [ 85.342396727755442, 28.182996278767234, 0.0 ], [ 85.34242593582087, 28.183261585362288, 0.0 ], [ 85.342528164050179, 28.183375983618987, 0.0 ], [ 85.342647430317754, 28.183490381875572, 0.0 ], [ 85.34275452655794, 28.183534193973685, 0.0 ], [ 85.342905434896352, 28.183609648142976, 0.0 ], [ 85.343073381272973, 28.183833576645213, 0.0 ], [ 85.343219421600566, 28.184072109180079, 0.0 ], [ 85.34334112187355, 28.184386095884463, 0.0 ], [ 85.34338980198271, 28.184573514304816, 0.0 ], [ 85.343406840020918, 28.184726856648638, 0.0 ], [ 85.343414142037318, 28.184814480845205, 0.0 ], [ 85.343472558168287, 28.184892369019906, 0.0 ], [ 85.343798714899776, 28.185216091745872, 0.0 ], [ 85.343869301058191, 28.185345094035256, 0.0 ], [ 85.343981265309196, 28.185639608695737, 0.0 ], [ 85.344073757516696, 28.185766176979541, 0.0 ], [ 85.344207627816957, 28.186099635727487, 0.0 ], [ 85.344380442204454, 28.186272450115155, 0.0 ], [ 85.344507010488314, 28.186350338289799, 0.0 ], [ 85.344677390870515, 28.186518284666477, 0.0 ], [ 85.344757713050683, 28.186664324994013, 0.0 ], [ 85.344835601225327, 28.18683713938151, 0.0 ], [ 85.345020585640157, 28.187087841943878, 0.0 ], [ 85.345088737793048, 28.187211976222216, 0.0 ], [ 85.345110643842133, 28.187326374478744, 0.0 ], [ 85.345183664005901, 28.187973819931017, 0.0 ], [ 85.345344308366293, 28.188309712684315, 0.0 ], [ 85.345573104879406, 28.188665077481232, 0.0 ], [ 85.345621784988623, 28.188803815792426, 0.0 ], [ 85.345507386732038, 28.189232200753167, 0.0 ], [ 85.345577972890283, 28.189541319446448, 0.0 ], [ 85.345823807441604, 28.189765247948685, 0.0 ], [ 85.346008791856548, 28.189826098085177, 0.0 ], [ 85.346118322102257, 28.189874778194394, 0.0 ], [ 85.346407968751862, 28.19002081852193, 0.0 ], [ 85.346558877090274, 28.190176594871275, 0.0 ], [ 85.346768201559712, 28.190293427133327, 0.0 ], [ 85.34689233583822, 28.190393221357056, 0.0 ], [ 85.346987262051016, 28.190495449586365, 0.0 ], [ 85.346977526029264, 28.19065852795211, 0.0 ], [ 85.347065150225717, 28.190789964247017, 0.0 ], [ 85.347213624558776, 28.191021194765653, 0.0 ], [ 85.347225794586109, 28.191125857000259, 0.0 ], [ 85.347264738673346, 28.19120131116955, 0.0 ], [ 85.347452157093699, 28.19138629558438, 0.0 ], [ 85.347600631426758, 28.191522599890163, 0.0 ], [ 85.347683387612335, 28.1916540361849, 0.0 ], [ 85.347802653879739, 28.191950984850905, 0.0 ], [ 85.347868372027108, 28.192311217658755, 0.0 ], [ 85.347926788158247, 28.192503504090155, 0.0 ], [ 85.347990072300263, 28.192644676406701, 0.0 ], [ 85.34829919099343, 28.193360274011695, 0.0 ], [ 85.348450099331842, 28.193691298754061, 0.0 ], [ 85.348549893555742, 28.193817867037922, 0.0 ], [ 85.34880059611794, 28.194260856031462, 0.0 ], [ 85.34880059611794, 28.194365518266238, 0.0 ], [ 85.348722707943296, 28.194625956850189, 0.0 ], [ 85.348805464128986, 28.194764695161552, 0.0 ], [ 85.348865401513308, 28.194796641483208, 0.0 ], [ 85.349066967590375, 28.195294851975461, 0.0 ], [ 85.349184864729921, 28.195990825411513, 0.0 ], [ 85.349234305465643, 28.196234225957426, 0.0 ], [ 85.349333186937542, 28.196504248437918, 0.0 ], [ 85.349428265275833, 28.196679192580291, 0.0 ], [ 85.349633634486338, 28.197165993672172, 0.0 ], [ 85.34985801936449, 28.19735234721503, 0.0 ], [ 85.34997211337037, 28.197424606752065, 0.0 ], [ 85.350124238711714, 28.197455031820425, 0.0 ], [ 85.350379048658169, 28.197466441220968, 0.0 ], [ 85.350622449204138, 28.197629975962798, 0.0 ], [ 85.350740346343457, 28.197907604710338, 0.0 ], [ 85.350900077951678, 28.198112973921013, 0.0 ], [ 85.351128265963439, 28.19831453999808, 0.0 ], [ 85.351215738034625, 28.198542728009897, 0.0 ], [ 85.351303210105812, 28.198725278419317, 0.0 ], [ 85.351352650841761, 28.198961072698182, 0.0 ], [ 85.351736767328305, 28.199626621065704, 0.0 ], [ 85.351843255067081, 28.199968903083402, 0.0 ], [ 85.351809026865283, 28.200448097908179, 0.0 ], [ 85.351824239399491, 28.200680089053606, 0.0 ], [ 85.351721554794096, 28.200919686465909, 0.0 ], [ 85.351710145393383, 28.201109843142433, 0.0 ], [ 85.351740570461743, 28.201246755949398, 0.0 ], [ 85.35192312087122, 28.201573825433059, 0.0 ], [ 85.351938333405371, 28.20175257270887, 0.0 ], [ 85.351954972114413, 28.202101034818554, 0.0 ], [ 85.351939997110435, 28.202209453848752, 0.0 ], [ 85.351947765176476, 28.20220788385501, 0.0 ], [ 85.351979407247484, 28.202514568542767, 0.0 ], [ 85.351989143269236, 28.20284559328536, 0.0 ], [ 85.352164391662257, 28.203123069907633, 0.0 ], [ 85.352269053897089, 28.20334699840987, 0.0 ], [ 85.352298261962517, 28.203473566693731, 0.0 ], [ 85.352356678093656, 28.203678023152236, 0.0 ], [ 85.352680400819622, 28.204245146424171, 0.0 ], [ 85.352736382945238, 28.204361978686222, 0.0 ], [ 85.352841045179844, 28.204525057051967, 0.0 ], [ 85.352916499349135, 28.204605379232191, 0.0 ], [ 85.353082011720232, 28.204707607461444, 0.0 ], [ 85.353235354064225, 28.204741683537804, 0.0 ], [ 85.353301072211593, 28.204941271985433, 0.0 ], [ 85.353388696408217, 28.20516520048767, 0.0 ], [ 85.353503094664745, 28.205230918635039, 0.0 ], [ 85.353590718861199, 28.20526499471157, 0.0 ], [ 85.353719721150583, 28.205335580869814, 0.0 ], [ 85.353804911341683, 28.205459715148322, 0.0 ], [ 85.353819515374312, 28.205571679399327, 0.0 ], [ 85.353834119407168, 28.205902704141693, 0.0 ], [ 85.353875497499928, 28.206041442452886, 0.0 ], [ 85.354004499789312, 28.206323787086205, 0.0 ], [ 85.354004499789312, 28.206447921364543, 0.0 ], [ 85.353982593740227, 28.206596395697659, 0.0 ], [ 85.353955819680095, 28.20672296398152, 0.0 ], [ 85.353907139570936, 28.206881174336161, 0.0 ], [ 85.353843855429091, 28.207056422729408, 0.0 ], [ 85.353860893467242, 28.207338767362614, 0.0 ], [ 85.353845023751603, 28.207763257914621, 0.0 ], [ 85.353818541772114, 28.207892552284534, 0.0 ], [ 85.353712613854668, 28.207986018094175, 0.0 ], [ 85.353602012646661, 28.208015615600686, 0.0 ], [ 85.353444678533833, 28.208079483903873, 0.0 ], [ 85.353397945628956, 28.208144909970542, 0.0 ], [ 85.353374579176545, 28.208213451564291, 0.0 ], [ 85.353192320847768, 28.20847204030423, 0.0 ], [ 85.353170512158897, 28.208820979326958, 0.0 ], [ 85.353156492287383, 28.208954946987376, 0.0 ], [ 85.353145587942947, 28.209109165573182, 0.0 ], [ 85.35312377925402, 28.209194842565466, 0.0 ], [ 85.353019409099943, 28.209364638786269, 0.0 ], [ 85.35298669606658, 28.209475239994276, 0.0 ], [ 85.352829361953752, 28.209620111999186, 0.0 ], [ 85.352760820360004, 28.209663729376985, 0.0 ], [ 85.352703183110691, 28.209715135572367, 0.0 ], [ 85.352668912313845, 28.209813274672399, 0.0 ], [ 85.352695394293278, 28.209856892050198, 0.0 ], [ 85.352743684961638, 28.209909856008949, 0.0 ], [ 85.35279509115685, 28.209936337988381, 0.0 ], [ 85.352883883675986, 28.209962819967814, 0.0 ], [ 85.35296332961417, 28.209998648528028, 0.0 ], [ 85.353064584241224, 28.210065632358464, 0.0 ], [ 85.353081719639761, 28.210145078296648, 0.0 ], [ 85.35308327740313, 28.210303970173015, 0.0 ], [ 85.353109759382562, 28.210377185057098, 0.0 ], [ 85.353159607814405, 28.210472208630279, 0.0 ], [ 85.353239053752588, 28.210554770095314, 0.0 ], [ 85.353284034173441, 28.21072690296154, 0.0 ], [ 85.353296204200717, 28.210778017076052, 0.0 ], [ 85.353386262402694, 28.210897283343684, 0.0 ], [ 85.353630727826044, 28.211093068657703, 0.0 ], [ 85.353714396763621, 28.211191950129376, 0.0 ], [ 85.353801868834807, 28.211439153808954, 0.0 ], [ 85.353839900170215, 28.211789042093699, 0.0 ], [ 85.353836097036606, 28.212116111577188, 0.0 ], [ 85.353866522104909, 28.212275843185409, 0.0 ], [ 85.353885537772555, 28.212717006674779, 0.0 ], [ 85.353953994176095, 28.213219020300869, 0.0 ], [ 85.353969660850794, 28.213507287115021, 0.0 ], [ 85.353973009843742, 28.213568908585614, 0.0 ], [ 85.353992025511332, 28.213888371802, 0.0 ], [ 85.354056678781262, 28.214063315944372, 0.0 ], [ 85.354090638916432, 28.214172400014718, 0.0 ], [ 85.35409090698306, 28.214204031884947, 0.0 ], [ 85.354071891315414, 28.214584345237881, 0.0 ], [ 85.354052875647824, 28.214789714448557, 0.0 ], [ 85.354056678781262, 28.215048327528507, 0.0 ], [ 85.354030056846568, 28.215333562543321, 0.0 ], [ 85.354068088181975, 28.215512309819132, 0.0 ], [ 85.35410992265065, 28.215668238293915, 0.0 ], [ 85.35410992265065, 28.216094189249304, 0.0 ], [ 85.354128938318468, 28.216242511456755, 0.0 ], [ 85.354151757119553, 28.216326180394503, 0.0 ], [ 85.354121332051193, 28.21645929006803, 0.0 ], [ 85.354075694448909, 28.216561974673368, 0.0 ], [ 85.354025301664365, 28.216603368746405, 0.0 ], [ 85.353968087067585, 28.216614470086029, 0.0 ], [ 85.353851254805647, 28.216614470086029, 0.0 ], [ 85.353664323186308, 28.216668991808433, 0.0 ], [ 85.353639398970415, 28.216704820368818, 0.0 ], [ 85.353625379099071, 28.216735975638642, 0.0 ], [ 85.35364407226092, 28.216849692373728, 0.0 ], [ 85.353670554240409, 28.216929138311912, 0.0 ], [ 85.353717287145059, 28.216983660034145, 0.0 ], [ 85.353771808867464, 28.21698989108819, 0.0 ], [ 85.353947836142197, 28.216986775561168, 0.0 ], [ 85.354083361566154, 28.217063105972329, 0.0 ], [ 85.354178385139335, 28.21710828111361, 0.0 ], [ 85.354292101874364, 28.217136320856412, 0.0 ], [ 85.354368432285526, 28.217220440085157, 0.0 ], [ 85.354461898095224, 28.217310790367776, 0.0 ], [ 85.3545662682493, 28.217369985380628, 0.0 ], [ 85.354622347735074, 28.217429180393424, 0.0 ], [ 85.354916765035398, 28.217765657308007, 0.0 ], [ 85.354958824649657, 28.217860680881188, 0.0 ], [ 85.355008673081556, 28.217966608798633, 0.0 ], [ 85.355055405986207, 28.21808032553372, 0.0 ], [ 85.355113043235519, 28.218156655944824, 0.0 ], [ 85.355201835754769, 28.218232986356156, 0.0 ], [ 85.355271935111887, 28.218351376381577, 0.0 ], [ 85.355530523851769, 28.218630216047075, 0.0 ], [ 85.355837403260068, 28.218965135198175, 0.0 ], [ 85.355988506319022, 28.21902588797451, 0.0 ], [ 85.356083529892203, 28.21909754509511, 0.0 ], [ 85.356164533593756, 28.219173875506215, 0.0 ], [ 85.356262672693958, 28.219437137536715, 0.0 ], [ 85.356332772051019, 28.219521256765461, 0.0 ], [ 85.356449604313127, 28.219583567305278, 0.0 ], [ 85.35666769120229, 28.219740901417993, 0.0 ], [ 85.356725328451603, 28.21977828774186, 0.0 ], [ 85.356781407937376, 28.219811000775223, 0.0 ], [ 85.356837767387105, 28.219821568172108, 0.0 ], [ 85.356881104800891, 28.219829693937243, 0.0 ], [ 85.356983917191542, 28.219881100132454, 0.0 ], [ 85.357121000378982, 28.220057127407358, 0.0 ], [ 85.357198888553626, 28.220161497561321, 0.0 ], [ 85.357248736985525, 28.220254963370962, 0.0 ], [ 85.357275218964787, 28.22034842918066, 0.0 ], [ 85.357253410275916, 28.220709830311193, 0.0 ], [ 85.357256314422841, 28.22074302056086, 0.0 ], [ 85.357264314620352, 28.220834451390658, 0.0 ], [ 85.357290796599784, 28.220938821544792, 0.0 ], [ 85.357295469890346, 28.221013594192414, 0.0 ], [ 85.357451246239691, 28.221364090978511, 0.0 ], [ 85.357477728219123, 28.221451325734279, 0.0 ], [ 85.357538480995288, 28.221494943112077, 0.0 ], [ 85.357656871020879, 28.221512078510443, 0.0 ], [ 85.357771328581464, 28.221514300987394, 0.0 ], [ 85.357807974079662, 28.221624237481933, 0.0 ], [ 85.357843802640048, 28.221733280926628, 0.0 ], [ 85.357887420017846, 28.221861017533001, 0.0 ], [ 85.357909228706774, 28.221887499512434, 0.0 ], [ 85.358035212829463, 28.222105878482296, 0.0 ], [ 85.358113101004108, 28.222113180498695, 0.0 ], [ 85.358186121167876, 28.222132652542257, 0.0 ], [ 85.358295651413357, 28.222232446766156, 0.0 ], [ 85.35844169174095, 28.222251918809832, 0.0 ], [ 85.358541485964849, 28.222259220826061, 0.0 ], [ 85.358636412177702, 28.222285994886192, 0.0 ], [ 85.35862667615595, 28.222388223115445, 0.0 ], [ 85.358585298063133, 28.222419865186453, 0.0 ], [ 85.35857556204121, 28.222475847312069, 0.0 ], [ 85.358658318226958, 28.222539131453914, 0.0 ], [ 85.358889548745424, 28.222617019628558, 0.0 ], [ 85.359062363133091, 28.222714379846934, 0.0 ], [ 85.359101307220328, 28.22277036197255, 0.0 ], [ 85.359135383296859, 28.222896930256411, 0.0 ], [ 85.359159723351468, 28.223018630529396, 0.0 ], [ 85.359232743515236, 28.223125726769524, 0.0 ], [ 85.359334971744317, 28.223206048949748, 0.0 ], [ 85.359471276050158, 28.223381297342769, 0.0 ], [ 85.359527258175717, 28.223490827588421, 0.0 ], [ 85.359683034525062, 28.223649037943289, 0.0 ], [ 85.359804734798047, 28.22372449211241, 0.0 ], [ 85.359875320956291, 28.223814550314387, 0.0 ], [ 85.359860716923663, 28.223870532440003, 0.0 ], [ 85.359785262754315, 28.223984930696531, 0.0 ], [ 85.359782828748962, 28.224038478816624, 0.0 ], [ 85.359955643136459, 28.224213727209644, 0.0 ], [ 85.360055437360415, 28.224311087428021, 0.0 ], [ 85.360072475398567, 28.224376805575389, 0.0 ], [ 85.360067607387691, 28.224476599799345, 0.0 ], [ 85.359945907114707, 28.224700528301526, 0.0 ], [ 85.359938605098307, 28.224802756530835, 0.0 ], [ 85.35994834112023, 28.224919588792886, 0.0 ], [ 85.360004323245676, 28.225158121327752, 0.0 ], [ 85.360099249458528, 28.225270085578984, 0.0 ], [ 85.36020877970418, 28.225596242310473, 0.0 ], [ 85.360262327824273, 28.225747150648942, 0.0 ], [ 85.36021851572616, 28.226080609396831, 0.0 ], [ 85.360189307660505, 28.22618770563696, 0.0 ], [ 85.360172269622296, 28.226406766128321, 0.0 ], [ 85.360220949731513, 28.226896001225555, 0.0 ], [ 85.360169835616944, 28.227056645585776, 0.0 ], [ 85.360182005644219, 28.227219723951521, 0.0 ], [ 85.360211213709704, 28.227356028257304, 0.0 ], [ 85.360247723791588, 28.227482596541165, 0.0 ], [ 85.360199043682428, 28.227655410928662, 0.0 ], [ 85.36021608172058, 28.227796583245322, 0.0 ], [ 85.360264761829796, 28.227942623572915, 0.0 ], [ 85.360274497851719, 28.22808866390028, 0.0 ], [ 85.360276931857072, 28.228246874255319, 0.0 ], [ 85.360274497851719, 28.228704467281545, 0.0 ], [ 85.360276931857072, 28.228753147390762, 0.0 ], [ 85.36025989381892, 28.228813997527254, 0.0 ], [ 85.36021851572616, 28.228845639598092, 0.0 ], [ 85.360038399322207, 28.229020887991283, 0.0 ], [ 85.360043267333083, 28.229108512187736, 0.0 ], [ 85.360009191256552, 28.22942006488654, 0.0 ], [ 85.360026229294931, 28.229602615295846, 0.0 ], [ 85.359863150929016, 28.230286570829833, 0.0 ], [ 85.359797432781647, 28.230529971375745, 0.0 ], [ 85.359782828748962, 28.230680879714214, 0.0 ], [ 85.359821772836199, 28.230807447998075, 0.0 ], [ 85.359846112890807, 28.230924280260126, 0.0 ], [ 85.359836376869055, 28.231041112522234, 0.0 ], [ 85.359724412617823, 28.231218794920608, 0.0 ], [ 85.359493182099357, 28.23141351535736, 0.0 ], [ 85.359417727930065, 28.231491403532061, 0.0 ], [ 85.359386085859057, 28.231552253668553, 0.0 ], [ 85.359434765968217, 28.231807824241798, 0.0 ], [ 85.359490748093833, 28.231919788492803, 0.0 ], [ 85.35948831408848, 28.232070696831272, 0.0 ], [ 85.359356877793573, 28.232367645497277, 0.0 ], [ 85.359184063406076, 28.232613480048713, 0.0 ], [ 85.359137817302212, 28.232903126698318, 0.0 ], [ 85.359074533160367, 28.233017524954903, 0.0 ], [ 85.358816528581599, 28.233170867298668, 0.0 ], [ 85.358777584494362, 28.233406965828237, 0.0 ], [ 85.358692394303318, 28.233635762341351, 0.0 ], [ 85.358619374139494, 28.233733122559727, 0.0 ], [ 85.358361369560953, 28.234115261416775, 0.0 ], [ 85.358229933265989, 28.234241829700636, 0.0 ], [ 85.358110666998584, 28.234353793951868, 0.0 ], [ 85.3579816647092, 28.234519306322966, 0.0 ], [ 85.357984098714724, 28.23464830861235, 0.0 ], [ 85.357937852611087, 28.234940389267479, 0.0 ], [ 85.357911078550956, 28.23500854142037, 0.0 ], [ 85.35776260421801, 28.235288452047996, 0.0 ], [ 85.357706622092394, 28.235449096408388, 0.0 ], [ 85.35767011201051, 28.235641382839617, 0.0 ], [ 85.357594657841219, 28.235726573030718, 0.0 ], [ 85.357436447486521, 28.235794725183609, 0.0 ], [ 85.357219821000513, 28.23582880125997, 0.0 ], [ 85.357161404869601, 28.235875047363606, 0.0 ], [ 85.356913136312755, 28.236230412160751, 0.0 ], [ 85.356864456203596, 28.23642269859198, 0.0 ], [ 85.356898532279956, 28.236614985023209, 0.0 ], [ 85.356952080400163, 28.23679023341623, 0.0 ], [ 85.357122460782136, 28.237323280611804, 0.0 ], [ 85.357112724760384, 28.237423074835533, 0.0 ], [ 85.356915570318279, 28.237605625244953, 0.0 ], [ 85.356823078110779, 28.237668909386969, 0.0 ], [ 85.356791436039771, 28.237766269605345, 0.0 ], [ 85.356883928247271, 28.237941517998422, 0.0 ], [ 85.357068912662101, 28.237970726063907, 0.0 ], [ 85.357166272880477, 28.238041312222151, 0.0 ], [ 85.357241727049768, 28.238238466664427, 0.0 ], [ 85.357241727049768, 28.23838207298644, 0.0 ], [ 85.357146800836915, 28.238674153641568, 0.0 ], [ 85.357139498820516, 28.239122010646042, 0.0 ], [ 85.357085950700252, 28.239289957022663, 0.0 ], [ 85.357010496531132, 28.239397053262792, 0.0 ], [ 85.356908268301879, 28.239562565634117, 0.0 ], [ 85.35684985217091, 28.23978892814165, 0.0 ], [ 85.356832814132588, 28.239944704491165, 0.0 ], [ 85.356893664269023, 28.240185671031611, 0.0 ], [ 85.356915570318279, 28.240358485419108, 0.0 ], [ 85.356827946121655, 28.240779568363621, 0.0 ], [ 85.356820644105255, 28.240940212723842, 0.0 ], [ 85.356650263723282, 28.241972231038346, 0.0 ], [ 85.356674603777719, 28.242159649458699, 0.0 ], [ 85.356718415876003, 28.242271613709931, 0.0 ], [ 85.357115158765907, 28.242644016545057, 0.0 ], [ 85.357185744924152, 28.242760848807166, 0.0 ], [ 85.357324483235345, 28.243052929462294, 0.0 ], [ 85.357504599639242, 28.243259819926323, 0.0 ], [ 85.357626299912226, 28.243393690226412, 0.0 ], [ 85.357821020348979, 28.243668732843389, 0.0 ], [ 85.357930550594631, 28.243807471154526, 0.0 ], [ 85.35803034481836, 28.243914567394654, 0.0 ], [ 85.358178819151476, 28.244007059602154, 0.0 ], [ 85.358273745364329, 28.244080079765922, 0.0 ], [ 85.35849280585569, 28.244442746579296, 0.0 ], [ 85.358877378718091, 28.244630164999649, 0.0 ], [ 85.358955266892963, 28.244744563256234, 0.0 ], [ 85.359018551034808, 28.244856527507409, 0.0 ], [ 85.359103741225852, 28.244919811649254, 0.0 ], [ 85.359366613815325, 28.245022039878506, 0.0 ], [ 85.359561748006627, 28.245198987759579, 0.0 ], [ 85.359730954007489, 28.245268026555209, 0.0 ], [ 85.360468761912216, 28.245796662115822, 0.0 ], [ 85.360655115455131, 28.246005834459936, 0.0 ], [ 85.360955563004097, 28.246298675741684, 0.0 ], [ 85.361179947882249, 28.246427982281716, 0.0 ], [ 85.361351088891183, 28.24655348568831, 0.0 ], [ 85.361579276902944, 28.246758854898872, 0.0 ], [ 85.361689567775215, 28.24689576770578, 0.0 ], [ 85.361898740119329, 28.247002255444784, 0.0 ], [ 85.362096503062958, 28.247063105581276, 0.0 ], [ 85.362480619549501, 28.24734834059592, 0.0 ], [ 85.36283811410118, 28.247968251361272, 0.0 ], [ 85.362872342302921, 28.248223061307783, 0.0 ], [ 85.363016861377162, 28.248413217984307, 0.0 ], [ 85.36316518358467, 28.248553933924882, 0.0 ], [ 85.36334773399409, 28.248709862399494, 0.0 ], [ 85.363484646801226, 28.248911428476561, 0.0 ], [ 85.363636772142343, 28.249101585153085, 0.0 ], [ 85.363868763287769, 28.249310757497256, 0.0 ], [ 85.36386496015416, 28.249618811313098, 0.0 ], [ 85.363872566421207, 28.249881227526657, 0.0 ], [ 85.363777488082974, 28.250649460499744, 0.0 ], [ 85.363766078682431, 28.250930892380893, 0.0 ], [ 85.363766078682431, 28.251208521128433, 0.0 ], [ 85.363747063014785, 28.251375859003929, 0.0 ], [ 85.363697622278835, 28.251615456416232, 0.0 ], [ 85.363431402931838, 28.251934919632674, 0.0 ], [ 85.363256458789465, 28.252022391703861, 0.0 ], [ 85.363039680178247, 28.252087044973962, 0.0 ], [ 85.362602319822315, 28.25225438284923, 0.0 ], [ 85.362495832083482, 28.252341854920417, 0.0 ], [ 85.362377934944163, 28.252463555193401, 0.0 ], [ 85.362374131810498, 28.252615680534518, 0.0 ], [ 85.362453997614637, 28.252703152605704, 0.0 ], [ 85.362583304154668, 28.25272597140696, 0.0 ], [ 85.362940798706518, 28.252653711869755, 0.0 ], [ 85.363427599798229, 28.252665121270468, 0.0 ], [ 85.363611519335791, 28.252769479254425, 0.0 ], [ 85.363689407510435, 28.252866839472802, 0.0 ], [ 85.363789201734335, 28.253012879800337, 0.0 ], [ 85.363798937756087, 28.253278186395335, 0.0 ], [ 85.363823277810695, 28.253777157514548, 0.0 ], [ 85.363869523914332, 28.253959707923798, 0.0 ], [ 85.363864655903456, 28.254132522311522, 0.0 ], [ 85.363879259936311, 28.254266392611783, 0.0 ], [ 85.363869523914332, 28.254436772993927, 0.0 ], [ 85.36385248587618, 28.254546303239408, 0.0 ], [ 85.363767295685079, 28.254986858227653, 0.0 ], [ 85.363689407510435, 28.255242428800727, 0.0 ], [ 85.363640727401219, 28.255368997084588, 0.0 ], [ 85.363657765439598, 28.255536943461379, 0.0 ], [ 85.363738087619595, 28.255702455832477, 0.0 ], [ 85.363886561952711, 28.255894742263877, 0.0 ], [ 85.363964450127355, 28.25634016526277, 0.0 ], [ 85.363998526203716, 28.256508111639448, 0.0 ], [ 85.364052074323808, 28.256673624010716, 0.0 ], [ 85.364064244351084, 28.256788022267244, 0.0 ], [ 85.364061810345731, 28.256963270660322, 0.0 ], [ 85.364083716394816, 28.257102008971458, 0.0 ], [ 85.364307644897053, 28.257462241779308, 0.0 ], [ 85.36448776130095, 28.257588810063169, 0.0 ], [ 85.364592423535782, 28.257620452134177, 0.0 ], [ 85.364667877705074, 28.257734850390705, 0.0 ], [ 85.364694651765035, 28.257858984669213, 0.0 ], [ 85.364706821792311, 28.257992854969473, 0.0 ], [ 85.364731161846919, 28.258097517204078, 0.0 ], [ 85.364845560103447, 28.25820948145531, 0.0 ], [ 85.365213094927753, 28.258479656061184, 0.0 ], [ 85.365349399233537, 28.258552676224951, 0.0 ], [ 85.365546553675642, 28.258594054317768, 0.0 ], [ 85.365702330025158, 28.258647602437975, 0.0 ], [ 85.365855672368923, 28.25875226467258, 0.0 ], [ 85.366108808936815, 28.258912909032802, 0.0 ], [ 85.366400889591773, 28.259090591431402, 0.0 ], [ 85.366503117821026, 28.25921472570991, 0.0 ], [ 85.36657613798485, 28.259404578135559, 0.0 ], [ 85.366671064197647, 28.259509240370392, 0.0 ], [ 85.366860916623523, 28.259594430561435, 0.0 ], [ 85.367191941365888, 28.259720998845296, 0.0 ], [ 85.367432907906505, 28.26006906162587, 0.0 ], [ 85.36763006234861, 28.260198063915254, 0.0 ], [ 85.367727422566986, 28.26021023394253, 0.0 ], [ 85.367907538970883, 28.260154251816914, 0.0 ], [ 85.368029239243867, 28.260195629909902, 0.0 ], [ 85.368138769489576, 28.260256480046223, 0.0 ], [ 85.36821665766422, 28.260297858139154, 0.0 ], [ 85.368355395975357, 28.260290556122754, 0.0 ], [ 85.368467360226418, 28.260271084079022, 0.0 ], [ 85.368708326766978, 28.260305160155553, 0.0 ], [ 85.36931522787927, 28.260602885229503, 0.0 ], [ 85.370079280341656, 28.26079241762335, 0.0 ], [ 85.370303665219978, 28.260917921029773, 0.0 ], [ 85.370324054083198, 28.260939312623861, 0.0 ], [ 85.370535656365178, 28.261161321575742, 0.0 ], [ 85.37074102557591, 28.261465572257976, 0.0 ], [ 85.371791038617232, 28.264101953445447, 0.0 ], [ 85.371979640057305, 28.264725788977842, 0.0 ], [ 85.372850108241721, 28.265871905420852, 0.0 ], [ 85.374286380746412, 28.266800404817843, 0.0 ], [ 85.374837677263315, 28.267061545273236, 0.0 ], [ 85.375185864537173, 28.267540302774648, 0.0 ], [ 85.375505036204913, 28.268178646109959, 0.0 ], [ 85.375853223478771, 28.270238754146874, 0.0 ], [ 85.375983793706268, 28.270891605285328, 0.0 ], [ 85.37641902779859, 28.272284354380588, 0.0 ], [ 85.37634648878327, 28.273082283549911, 0.0 ], [ 85.376244934161662, 28.27357554885441, 0.0 ], [ 85.375896746887804, 28.274286431205269, 0.0 ], [ 85.375505036204913, 28.275142391586769, 0.0 ], [ 85.375403481583305, 28.275882289543517, 0.0 ], [ 85.375548559613947, 28.276520632878885, 0.0 ], [ 85.376114363933993, 28.277681257125039, 0.0 ], [ 85.376230426358745, 28.278493694097278, 0.0 ], [ 85.375577575220234, 28.279958982208029, 0.0 ], [ 85.375476020598626, 28.280698880165005, 0.0 ], [ 85.379088463564756, 28.280452247512585, 0.0 ], [ 85.379842869324648, 28.279610794934172, 0.0 ], [ 85.379755822506183, 28.278943435992744, 0.0 ], [ 85.378377581214068, 28.277521671291254, 0.0 ], [ 85.378290534395603, 28.276491617272768, 0.0 ], [ 85.378566182653969, 28.275679180300529, 0.0 ], [ 85.378725768487755, 28.274547571660491, 0.0 ], [ 85.379465666444673, 28.272748604079027, 0.0 ], [ 85.37945115864153, 28.271297823771363, 0.0 ], [ 85.379233541595568, 28.270673988239196, 0.0 ], [ 85.378261518789316, 28.268294708534711, 0.0 ], [ 85.377463589620163, 28.267018021863862, 0.0 ], [ 85.377376542801699, 28.266553772165423, 0.0 ], [ 85.378319550001663, 28.265654288374662, 0.0 ], [ 85.378072917349414, 28.264653249962521, 0.0 ], [ 85.377318511589351, 28.264392109507128, 0.0 ], [ 85.376230426358745, 28.264174492460995, 0.0 ], [ 85.375185864537173, 28.263869828596341, 0.0 ], [ 85.374344411958759, 28.263144438442509, 0.0 ], [ 85.37409777930651, 28.262419048288734, 0.0 ], [ 85.37360451400184, 28.261388994270305, 0.0 ], [ 85.373038709681794, 28.26072163532865, 0.0 ], [ 85.371196218691125, 28.26008329199334, 0.0 ], [ 85.370942956746148, 28.26005965421183, 0.0 ], [ 85.369387358529707, 28.258633362648197, 0.0 ], [ 85.367949350472713, 28.257779545364315, 0.0 ], [ 85.367371316171386, 28.257042386484045, 0.0 ], [ 85.367088316185857, 28.256393557248543, 0.0 ], [ 85.367067608869775, 28.255887378412638, 0.0 ], [ 85.367109023501882, 28.25566880118788, 0.0 ], [ 85.367290787720322, 28.255222443486844, 0.0 ], [ 85.36726317796564, 28.254953248378683, 0.0 ], [ 85.367224064146455, 28.254670248392927, 0.0 ], [ 85.367171145450016, 28.254384947594474, 0.0 ], [ 85.367173446262882, 28.25417557362141, 0.0 ], [ 85.367173446262882, 28.254113451673277, 0.0 ], [ 85.367171145450016, 28.253897175261557, 0.0 ], [ 85.367090616998723, 28.253453118373614, 0.0 ], [ 85.367072210495564, 28.253340378541907, 0.0 ], [ 85.367030795863627, 28.253131004568786, 0.0 ], [ 85.367044600740883, 28.25300445985971, 0.0 ], [ 85.367063007244042, 28.252914728156895, 0.0 ], [ 85.367095218624627, 28.252758272880442, 0.0 ], [ 85.367180348701481, 28.252461468017259, 0.0 ], [ 85.367189551953174, 28.252305012740806, 0.0 ], [ 85.367143535695334, 28.251980598123168, 0.0 ], [ 85.367060706431175, 28.251725207892036, 0.0 ], [ 85.367005486921698, 28.251409996526093, 0.0 ], [ 85.367021592611991, 28.250993549392774, 0.0 ], [ 85.367072210495564, 28.25084399655475, 0.0 ], [ 85.367148137321067, 28.250770370542227, 0.0 ], [ 85.367187251140081, 28.250728955910176, 0.0 ], [ 85.367224064146455, 28.250653029084788, 0.0 ], [ 85.367203356830373, 28.250613915265603, 0.0 ], [ 85.367134332443641, 28.250574801446589, 0.0 ], [ 85.367010088547602, 28.250535687627348, 0.0 ], [ 85.36692265765771, 28.250480468118042, 0.0 ], [ 85.366839828393552, 28.25034011853154, 0.0 ], [ 85.366897348715895, 28.250185964067896, 0.0 ], [ 85.366791511322845, 28.249997297410857, 0.0 ], [ 85.366697177994297, 28.249953581965713, 0.0 ], [ 85.366513112962991, 28.249785622624699, 0.0 ], [ 85.366398072318418, 28.249343866549623, 0.0 ], [ 85.366289934112501, 28.249182809647209, 0.0 ], [ 85.366149584526113, 28.248856094216706, 0.0 ], [ 85.365898795920941, 28.248352216193496, 0.0 ], [ 85.365680218696355, 28.248053110517617, 0.0 ], [ 85.365514560168265, 28.247820728415604, 0.0 ], [ 85.365237613545958, 28.247625757993603, 0.0 ], [ 85.365220056118119, 28.247622714706154, 0.0 ], [ 85.3649324545068, 28.247378253336478, 0.0 ], [ 85.364727538358579, 28.247241642571112, 0.0 ], [ 85.364616092734082, 28.247061891563931, 0.0 ], [ 85.364465101888129, 28.246792265053159, 0.0 ], [ 85.364314111042177, 28.246612514046149, 0.0 ], [ 85.36417750027681, 28.2464363580591, 0.0 ], [ 85.36387911360498, 28.246155946487988, 0.0 ], [ 85.363791044984339, 28.246020456302517, 0.0 ], [ 85.363771263000615, 28.246030120782962, 0.0 ], [ 85.363645437295588, 28.245832394675119, 0.0 ], [ 85.363501636490014, 28.245307521734276, 0.0 ], [ 85.363368620744552, 28.245102605586226, 0.0 ], [ 85.362994738649888, 28.245027110163164, 0.0 ], [ 85.362685566917548, 28.244930044619252, 0.0 ], [ 85.362264949560767, 28.244620872886969, 0.0 ], [ 85.362052843372339, 28.244423146779127, 0.0 ], [ 85.362002999304082, 28.244409922842692, 0.0 ], [ 85.361926139962293, 28.244411575731704, 0.0 ], [ 85.361836412784953, 28.244414566637715, 0.0 ], [ 85.361781579509966, 28.244409581794457, 0.0 ], [ 85.361737712889919, 28.244388645453057, 0.0 ], [ 85.361690855364088, 28.244355745488178, 0.0 ], [ 85.361623027891198, 28.244309114100531, 0.0 ], [ 85.361495220816607, 28.244275206101122, 0.0 ], [ 85.361225271011165, 28.244277981934545, 0.0 ], [ 85.361139531708375, 28.244261033467751, 0.0 ], [ 85.361072734809852, 28.244231124408657, 0.0 ], [ 85.360983909701019, 28.244139552131628, 0.0 ], [ 85.360976028852122, 28.244131427545142, 0.0 ], [ 85.360901256204329, 28.244086563956387, 0.0 ], [ 85.360732112855032, 28.243996091932331, 0.0 ], [ 85.360686907947695, 28.243971912563268, 0.0 ], [ 85.360632074672708, 28.243922064131425, 0.0 ], [ 85.360588208052661, 28.243867230856438, 0.0 ], [ 85.360549771997057, 28.243805868031018, 0.0 ], [ 85.360531380840371, 28.243776506710503, 0.0 ], [ 85.360475550596846, 28.243718682529732, 0.0 ], [ 85.360425702165003, 28.243671825003844, 0.0 ], [ 85.360373859796027, 28.243616991728857, 0.0 ], [ 85.360331987113284, 28.243557173610782, 0.0 ], [ 85.360292108367787, 28.243511313053432, 0.0 ], [ 85.360244924565677, 28.243482766853049, 0.0 ], [ 85.359935376508474, 28.243100179366706, 0.0 ], [ 85.359794538814072, 28.242965209909755, 0.0 ], [ 85.359646072691646, 28.242846334973194, 0.0 ], [ 85.359612175758059, 28.242787513823657, 0.0 ], [ 85.359603203040365, 28.242703768458341, 0.0 ], [ 85.359601422034984, 28.242657462317027, 0.0 ], [ 85.35959821819722, 28.242574162535561, 0.0 ], [ 85.359571300044024, 28.24248543232693, 0.0 ], [ 85.359514472831734, 28.242420629365711, 0.0 ], [ 85.359386857603681, 28.242284760416396, 0.0 ], [ 85.359314082135882, 28.242207278077615, 0.0 ], [ 85.359293145794538, 28.242150450865381, 0.0 ], [ 85.359290154888697, 28.242080663060847, 0.0 ], [ 85.359283176108136, 28.242005890413054, 0.0 ], [ 85.3593001245751, 28.241913172329873, 0.0 ], [ 85.35933354168651, 28.241864439042445, 0.0 ], [ 85.359350746131668, 28.241726803480958, 0.0 ], [ 85.359339006351831, 28.241677887731839, 0.0 ], [ 85.359300124574929, 28.241570215119168, 0.0 ], [ 85.359313085167344, 28.241507406095025, 0.0 ], [ 85.359324051822284, 28.241482481879075, 0.0 ], [ 85.359357948755928, 28.241449581914196, 0.0 ], [ 85.35941349075199, 28.241412884524038, 0.0 ], [ 85.359439263728802, 28.241320644396126, 0.0 ], [ 85.359455106335702, 28.241172299986999, 0.0 ], [ 85.359414028241702, 28.241086934572877, 0.0 ], [ 85.3594077971876, 28.241018392979186, 0.0 ], [ 85.359428048113159, 28.240968544547286, 0.0 ], [ 85.359471665490958, 28.24092804269651, 0.0 ], [ 85.359475914885024, 28.240921995481699, 0.0 ], [ 85.359512167341734, 28.240870405447254, 0.0 ], [ 85.359547995902119, 28.240666338429548, 0.0 ], [ 85.359541764848018, 28.240585334727882, 0.0 ], [ 85.359515282868756, 28.240523024188008, 0.0 ], [ 85.359435836930572, 28.240423327324436, 0.0 ], [ 85.359428956592524, 28.240404239935174, 0.0 ], [ 85.359387546262212, 28.240289359664018, 0.0 ], [ 85.359375084154237, 28.240208355962352, 0.0 ], [ 85.359398450606705, 28.240116447916193, 0.0 ], [ 85.359554351577231, 28.239900292653942, 0.0 ], [ 85.359616831500148, 28.23982820043517, 0.0 ], [ 85.359658036315352, 28.239780656417565, 0.0 ], [ 85.359669999938831, 28.239719841330725, 0.0 ], [ 85.359693927186242, 28.239656035338044, 0.0 ], [ 85.359690936280231, 28.239398817429958, 0.0 ], [ 85.359646072691646, 28.239362926559068, 0.0 ], [ 85.359623827378869, 28.239342392424305, 0.0 ], [ 85.359607190914915, 28.23932703568812, 0.0 ], [ 85.359578278824415, 28.239281175130827, 0.0 ], [ 85.359586391772041, 28.239243106684285, 0.0 ], [ 85.359591239416659, 28.239220360043987, 0.0 ], [ 85.359611178789464, 28.239157551020071, 0.0 ], [ 85.359620151507158, 28.239107702588171, 0.0 ], [ 85.359600212134353, 28.239048881438805, 0.0 ], [ 85.35956232732633, 28.239037914783694, 0.0 ], [ 85.359508005899499, 28.239035213718353, 0.0 ], [ 85.359381876003113, 28.239028942066, 0.0 ], [ 85.359324051822284, 28.238970120916463, 0.0 ], [ 85.359316076073185, 28.238941208825963, 0.0 ], [ 85.359370909348172, 28.238799639279648, 0.0 ], [ 85.359416769905465, 28.238749790847976, 0.0 ], [ 85.359483566803988, 28.238688975761136, 0.0 ], [ 85.359488551647246, 28.238643115203786, 0.0 ], [ 85.359473597117585, 28.238590275866102, 0.0 ], [ 85.359582266698965, 28.238332060989421, 0.0 ], [ 85.359613172726768, 28.238261276216349, 0.0 ], [ 85.359618157569855, 28.238208436878494, 0.0 ], [ 85.359599215165815, 28.238126685450425, 0.0 ], [ 85.359605196977611, 28.238075840050044, 0.0 ], [ 85.359633112099402, 28.238015024963204, 0.0 ], [ 85.359674984782146, 28.237975146217707, 0.0 ], [ 85.359698732237689, 28.237947208034768, 0.0 ], [ 85.35970888171579, 28.237935267472267, 0.0 ], [ 85.359732808962974, 28.237900373570085, 0.0 ], [ 85.359733805931683, 28.237840555451839, 0.0 ], [ 85.359730482319719, 28.237823272670198, 0.0 ], [ 85.359753620683307, 28.237690815436054, 0.0 ], [ 85.359794998776067, 28.237525303064785, 0.0 ], [ 85.35979743278142, 28.2374109048082, 0.0 ], [ 85.359821772836199, 28.237306242573595, 0.0 ], [ 85.359814470819799, 28.23718697630602, 0.0 ], [ 85.359909397032652, 28.237133428185928, 0.0 ], [ 85.360045701338436, 28.236992255869268, 0.0 ], [ 85.360004323245505, 28.236719647257985, 0.0 ], [ 85.36002622929476, 28.236644193088694, 0.0 ], [ 85.360121155507557, 28.236524926821232, 0.0 ], [ 85.360111419485804, 28.236449472651941, 0.0 ], [ 85.360072475398397, 28.236400792542725, 0.0 ], [ 85.359992153218172, 28.23633020638448, 0.0 ], [ 85.35998241719642, 28.236249884204312, 0.0 ], [ 85.360011625261905, 28.236181732051421, 0.0 ], [ 85.360123589513137, 28.236098975865843, 0.0 ], [ 85.360289101884234, 28.235806895210715, 0.0 ], [ 85.36030127191151, 28.235680326926854, 0.0 ], [ 85.360252591802293, 28.235519682566633, 0.0 ], [ 85.360196609676734, 28.235342000168089, 0.0 ], [ 85.360201477687781, 28.235232469922437, 0.0 ], [ 85.360242855780541, 28.235120505671375, 0.0 ], [ 85.360313441938786, 28.235025579458522, 0.0 ], [ 85.360403500140762, 28.234945257278355, 0.0 ], [ 85.360673674746806, 28.234546080383097, 0.0 ], [ 85.360744260905108, 28.23442194610459, 0.0 ], [ 85.360768600959659, 28.234297811826252, 0.0 ], [ 85.360797809025144, 28.23413716746586, 0.0 ], [ 85.360841621123484, 28.234022769209275, 0.0 ], [ 85.360921943303651, 28.233849954821778, 0.0 ], [ 85.36107285164212, 28.233718518527041, 0.0 ], [ 85.361554784722898, 28.233127055200384, 0.0 ], [ 85.361676484995883, 28.232946938796431, 0.0 ], [ 85.361703259055844, 28.232725444299774, 0.0 ], [ 85.361674050990359, 28.232642688114197, 0.0 ], [ 85.361637540908475, 28.232469873726529, 0.0 ], [ 85.361686221017635, 28.232199699120656, 0.0 ], [ 85.361671616985006, 28.232068262825692, 0.0 ], [ 85.36166674897413, 28.232012280700303, 0.0 ], [ 85.36161563485939, 28.231759144132582, 0.0 ], [ 85.361549916712022, 28.231637443859597, 0.0 ], [ 85.361506104613738, 28.231430553395569, 0.0 ], [ 85.361535312679223, 28.230909676227327, 0.0 ], [ 85.361542614695622, 28.230792843965219, 0.0 ], [ 85.361557218728251, 28.230676011703167, 0.0 ], [ 85.361571822761107, 28.230525103364869, 0.0 ], [ 85.361619821348768, 28.230297864615125, 0.0 ], [ 85.361626052402698, 28.230243342892834, 0.0 ], [ 85.361661880963084, 28.230131183921344, 0.0 ], [ 85.361700825050491, 28.230059526800574, 0.0 ], [ 85.361765630445689, 28.229831107558255, 0.0 ], [ 85.361818874315077, 28.229682785350633, 0.0 ], [ 85.361841693116332, 28.229538266276563, 0.0 ], [ 85.361860708783922, 28.229378534668342, 0.0 ], [ 85.361873484495277, 28.229367888242223, 0.0 ], [ 85.361860708783922, 28.229367125267629, 0.0 ], [ 85.361906346386434, 28.229161756057124, 0.0 ], [ 85.362028046659248, 28.228963993113496, 0.0 ], [ 85.362180172000535, 28.228401129351141, 0.0 ], [ 85.362183975133973, 28.228229988342207, 0.0 ], [ 85.362191581401078, 28.227906721992156, 0.0 ], [ 85.362168762599993, 28.227769809185247, 0.0 ], [ 85.362149746932175, 28.227670927713518, 0.0 ], [ 85.362145943798737, 28.227442739701701, 0.0 ], [ 85.362161156332888, 28.22730963002806, 0.0 ], [ 85.362225809602876, 28.227153701553448, 0.0 ], [ 85.362347509875804, 28.226925513541687, 0.0 ], [ 85.36253006028528, 28.22690649787387, 0.0 ], [ 85.362811492166429, 28.226944529209334, 0.0 ], [ 85.363081514647092, 28.226925513541687, 0.0 ], [ 85.363199411786411, 28.22690649787387, 0.0 ], [ 85.363313505792348, 28.226826632069788, 0.0 ], [ 85.363617756474753, 28.226731553731497, 0.0 ], [ 85.36375086614828, 28.226647884793977, 0.0 ], [ 85.363906794623006, 28.226412090515112, 0.0 ], [ 85.36399806982763, 28.226271374574537, 0.0 ], [ 85.363910597756444, 28.226115446099755, 0.0 ], [ 85.363800306884002, 28.22613826490101, 0.0 ], [ 85.363448635690361, 28.226294412436289, 0.0 ], [ 85.36333024566494, 28.226373858374473, 0.0 ], [ 85.363249241963217, 28.226448631022095, 0.0 ], [ 85.363121505356673, 28.226584156446052, 0.0 ], [ 85.363012461912206, 28.226618427242897, 0.0 ], [ 85.362900302940659, 28.226593503026947, 0.0 ], [ 85.362758546462658, 28.226607522898462, 0.0 ], [ 85.362694678159471, 28.226549885649149, 0.0 ], [ 85.362668196179982, 28.226478228528379, 0.0 ], [ 85.362633925383136, 28.226384762718908, 0.0 ], [ 85.362598096822921, 28.226303759017185, 0.0 ], [ 85.362501515486201, 28.226263257166238, 0.0 ], [ 85.362436089419532, 28.226247679531411, 0.0 ], [ 85.362372221116175, 28.226225870842541, 0.0 ], [ 85.362351970190787, 28.226088787655044, 0.0 ], [ 85.362341065846351, 28.225982859737428, 0.0 ], [ 85.362333277028938, 28.225904971562784, 0.0 ], [ 85.362330161501859, 28.22580215917219, 0.0 ], [ 85.362238253455757, 28.225531108324276, 0.0 ], [ 85.362235137928678, 28.225440758041657, 0.0 ], [ 85.362269408725751, 28.225320810252697, 0.0 ], [ 85.362308352812988, 28.225238248787491, 0.0 ], [ 85.362323930447985, 28.225104281127017, 0.0 ], [ 85.362292775177991, 28.225006142026814, 0.0 ], [ 85.362260062144628, 28.224932927142675, 0.0 ], [ 85.362221118057391, 28.224869058839317, 0.0 ], [ 85.362241368982779, 28.224699262618685, 0.0 ], [ 85.362299006232035, 28.224632278788306, 0.0 ], [ 85.362334834792421, 28.224529466397883, 0.0 ], [ 85.362313026103379, 28.224409518608752, 0.0 ], [ 85.362306795049449, 28.224376805575389, 0.0 ], [ 85.362373778879657, 28.224270877657773, 0.0 ], [ 85.362436089419532, 28.224199220537173, 0.0 ], [ 85.362437647182844, 28.224127563416403, 0.0 ], [ 85.362355085717809, 28.224052790768781, 0.0 ], [ 85.362275639779625, 28.22400605786396, 0.0 ], [ 85.362230464638344, 28.2239577671956, 0.0 ], [ 85.362228906874805, 28.223851839277984, 0.0 ], [ 85.362260062144628, 28.223770835576261, 0.0 ], [ 85.362270966489064, 28.223716313854027, 0.0 ], [ 85.362241368982779, 28.223571441849117, 0.0 ], [ 85.36215101870016, 28.223421896553702, 0.0 ], [ 85.362154134227183, 28.223361143777538, 0.0 ], [ 85.362157249754034, 28.223266120204357, 0.0 ], [ 85.362193078314419, 28.223152403469328, 0.0 ], [ 85.362244484509802, 28.222819042081596, 0.0 ], [ 85.362224233584243, 28.222722460745047, 0.0 ], [ 85.362180616206444, 28.222674170076687, 0.0 ], [ 85.362115190139775, 28.222649245860737, 0.0 ], [ 85.362038859728614, 28.222624321645014, 0.0 ], [ 85.361929816284089, 28.222557337814578, 0.0 ], [ 85.361898661014095, 28.222516835963859, 0.0 ], [ 85.361906449831508, 28.222462314241568, 0.0 ], [ 85.36188775666966, 28.222390657120798, 0.0 ], [ 85.361926700757067, 28.222297191311327, 0.0 ], [ 85.361950067209477, 28.22223176524443, 0.0 ], [ 85.361917354175944, 28.222172570231635, 0.0 ], [ 85.361855043636297, 28.222133626144398, 0.0 ], [ 85.361817657312372, 28.2220900087666, 0.0 ], [ 85.361823888366473, 28.222007447301394, 0.0 ], [ 85.361858159163319, 28.22195292557916, 0.0 ], [ 85.361881525615559, 28.221924885836188, 0.0 ], [ 85.361954740499868, 28.221889057275973, 0.0 ], [ 85.362027955384178, 28.221871921877437, 0.0 ], [ 85.362063783944336, 28.221845439898004, 0.0 ], [ 85.362073130525459, 28.221798706993127, 0.0 ], [ 85.362052879600071, 28.221751974088477, 0.0 ], [ 85.362004588931711, 28.221720818818653, 0.0 ], [ 85.361939162865042, 28.221663181569227, 0.0 ], [ 85.361794290859962, 28.221621121954911, 0.0 ], [ 85.361616705821746, 28.221591524448627, 0.0 ], [ 85.361554395282099, 28.221561926942286, 0.0 ], [ 85.361490526978741, 28.221541676016727, 0.0 ], [ 85.361362790372368, 28.221424843754676, 0.0 ], [ 85.361275555616601, 28.221390572957944, 0.0 ], [ 85.361076161889457, 28.221392130721313, 0.0 ], [ 85.361009178059248, 28.221351628870536, 0.0 ], [ 85.360987369370378, 28.221300222675325, 0.0 ], [ 85.360946867519431, 28.221237912135507, 0.0 ], [ 85.360928174357525, 28.221169370541759, 0.0 ], [ 85.36094219422904, 28.22107902025914, 0.0 ], [ 85.360945309755891, 28.221016709719265, 0.0 ], [ 85.360934405411456, 28.22090922403828, 0.0 ], [ 85.360909481195677, 28.220850029025485, 0.0 ], [ 85.360837824074906, 28.220812642701787, 0.0 ], [ 85.360741242738186, 28.220812642701787, 0.0 ], [ 85.360657123509668, 28.220878068768457, 0.0 ], [ 85.360602601787207, 28.220940379308161, 0.0 ], [ 85.360571446517383, 28.220965303524054, 0.0 ], [ 85.360532502430146, 28.220983996685959, 0.0 ], [ 85.360442152147527, 28.220965303524054, 0.0 ], [ 85.360270798163185, 28.220850029025485, 0.0 ], [ 85.360183563407588, 28.220789276249377, 0.0 ], [ 85.360062057854918, 28.220717619128607, 0.0 ], [ 85.359976380862861, 28.220678675041142, 0.0 ], [ 85.35990472374209, 28.220639730953906, 0.0 ], [ 85.359811257932449, 28.220588324758694, 0.0 ], [ 85.359446741274837, 28.220449683807715, 0.0 ], [ 85.359333024539978, 28.220370237869531, 0.0 ], [ 85.359239558730337, 28.220306369566174, 0.0 ], [ 85.359136746339686, 28.220194210594627, 0.0 ], [ 85.35907910909043, 28.220099187021447, 0.0 ], [ 85.359013683023704, 28.219999490157875, 0.0 ], [ 85.358913986159962, 28.21989823553082, 0.0 ], [ 85.358804942715494, 28.219820347356176, 0.0 ], [ 85.358714592432875, 28.219734670364062, 0.0 ], [ 85.358605548988351, 28.219645877844982, 0.0 ], [ 85.358381231045314, 28.219399751212791, 0.0 ], [ 85.358339171430998, 28.219301612112758, 0.0 ], [ 85.358270629837079, 28.219208146303117, 0.0 ], [ 85.358169375210196, 28.219158297871388, 0.0 ], [ 85.358002694516244, 28.219099102858593, 0.0 ], [ 85.35794194174008, 28.219005637048951, 0.0 ], [ 85.357762798938154, 28.218768856997883, 0.0 ], [ 85.357711392742942, 28.218726797383624, 0.0 ], [ 85.357621042460323, 28.218709661985088, 0.0 ], [ 85.357529134414165, 28.218711219748627, 0.0 ], [ 85.357454361766543, 28.218692526586779, 0.0 ], [ 85.357346876085387, 28.218634889337466, 0.0 ], [ 85.357312605288541, 28.21857569432467, 0.0 ], [ 85.357261199093159, 28.218477555224638, 0.0 ], [ 85.357217581715361, 28.218404340340328, 0.0 ], [ 85.357183310918629, 28.218329567692706, 0.0 ], [ 85.357128789196224, 28.218184695687626, 0.0 ], [ 85.357100749453423, 28.217943242346223, 0.0 ], [ 85.357096076162861, 28.217832641138216, 0.0 ], [ 85.357082056291404, 28.217709577822234, 0.0 ], [ 85.357057132075624, 28.217628574120511, 0.0 ], [ 85.356955877448343, 28.217553801472718, 0.0 ], [ 85.356916933361106, 28.217480586588636, 0.0 ], [ 85.356753368194177, 28.217248479827958, 0.0 ], [ 85.356622516060781, 28.217136320856412, 0.0 ], [ 85.356552416703551, 28.217035066229357, 0.0 ], [ 85.356463624184414, 28.216818537103677, 0.0 ], [ 85.35638573600977, 28.216704820368648, 0.0 ], [ 85.356310963362148, 28.216620701140073, 0.0 ], [ 85.356186342282626, 28.216482060189094, 0.0 ], [ 85.356094434236297, 28.21623437579359, 0.0 ], [ 85.356041470277603, 28.216136236693558, 0.0 ], [ 85.355974486447394, 28.216034982066333, 0.0 ], [ 85.355910618144208, 28.215938400729783, 0.0 ], [ 85.355764188375815, 28.21574523805657, 0.0 ], [ 85.355739264159865, 28.215662676591307, 0.0 ], [ 85.355731475342452, 28.215545844329426, 0.0 ], [ 85.355717455470938, 28.215416549959343, 0.0 ], [ 85.355737706396326, 28.215309064278188, 0.0 ], [ 85.355790670355077, 28.215097208443126, 0.0 ], [ 85.355798459172661, 28.215003742633598, 0.0 ], [ 85.3558000169362, 28.214932085512828, 0.0 ], [ 85.355796901409121, 28.214858870628575, 0.0 ], [ 85.355838961023437, 28.214715556387205, 0.0 ], [ 85.355832729969507, 28.214631437158459, 0.0 ], [ 85.355739264159865, 28.214380637236104, 0.0 ], [ 85.355720570998017, 28.214279382608879, 0.0 ], [ 85.355733033105764, 28.214185916799352, 0.0 ], [ 85.355754841794862, 28.214076873354713, 0.0 ], [ 85.355773534956711, 28.213984965308555, 0.0 ], [ 85.355806247990074, 28.213869690810156, 0.0 ], [ 85.355781323774124, 28.213695221298792, 0.0 ], [ 85.355767303902667, 28.213640699576501, 0.0 ], [ 85.355756399558175, 28.213567484692248, 0.0 ], [ 85.355771977193228, 28.213506731916084, 0.0 ], [ 85.35581715233451, 28.213467787828677, 0.0 ], [ 85.355837403259898, 28.213397688471446, 0.0 ], [ 85.355814036807487, 28.213310453715849, 0.0 ], [ 85.355801574699683, 28.213216987906151, 0.0 ], [ 85.355795343645639, 28.213137541967967, 0.0 ], [ 85.355767303902667, 28.213059653793323, 0.0 ], [ 85.35572680205189, 28.212958399166212, 0.0 ], [ 85.35568006914707, 28.212877395464545, 0.0 ], [ 85.355653587167581, 28.212822873742255, 0.0 ], [ 85.355616200843883, 28.212716945824639, 0.0 ], [ 85.355627105188319, 28.212628153305502, 0.0 ], [ 85.355564794648501, 28.212470819192674, 0.0 ], [ 85.355585045573889, 28.212388257727468, 0.0 ], [ 85.355652029404268, 28.212338409295739, 0.0 ], [ 85.355756399558175, 28.212260521121095, 0.0 ], [ 85.355899713799715, 28.212149919912918, 0.0 ], [ 85.35593554235993, 28.212118764643094, 0.0 ], [ 85.355966697629981, 28.212065800684343, 0.0 ], [ 85.355951119994927, 28.211995701327112, 0.0 ], [ 85.355832729969507, 28.211857060376076, 0.0 ], [ 85.355776650483563, 28.211808769707773, 0.0 ], [ 85.35556012135811, 28.211665455466402, 0.0 ], [ 85.355362285394335, 28.211543949913903, 0.0 ], [ 85.355299974854631, 28.21148787042813, 0.0 ], [ 85.3552298754974, 28.211342998423277, 0.0 ], [ 85.355203393517968, 28.211213704053193, 0.0 ], [ 85.355212740098864, 28.211114007189678, 0.0 ], [ 85.355225202206839, 28.211012752562567, 0.0 ], [ 85.355225202206839, 28.210914613462364, 0.0 ], [ 85.3552298754974, 28.210816474362275, 0.0 ], [ 85.355223644443356, 28.210559443385876, 0.0 ], [ 85.355212740098864, 28.210453515468259, 0.0 ], [ 85.35520806680853, 28.210360049658561, 0.0 ], [ 85.355204951281451, 28.210293065828353, 0.0 ], [ 85.355200277990889, 28.210180906856806, 0.0 ], [ 85.355228317733861, 28.210079652229751, 0.0 ], [ 85.35525071058413, 28.20993828519272, 0.0 ], [ 85.355279918649615, 28.209699752657684, 0.0 ], [ 85.355270182627635, 28.209300575762427, 0.0 ], [ 85.355331032764127, 28.209166705462167, 0.0 ], [ 85.355306692709746, 28.208971985025585, 0.0 ], [ 85.35533346676965, 28.208862454779876, 0.0 ], [ 85.355496545135395, 28.208504655977379, 0.0 ], [ 85.355635283446588, 28.208326973578835, 0.0 ], [ 85.355657189495616, 28.208217443333126, 0.0 ], [ 85.355654755490264, 28.208093309054846, 0.0 ], [ 85.355679095544872, 28.207988646820013, 0.0 ], [ 85.355776455763248, 28.207747680279624, 0.0 ], [ 85.355808097834256, 28.207431259569887, 0.0 ], [ 85.355851909932369, 28.207329031340635, 0.0 ], [ 85.35584460791614, 28.207231671122258, 0.0 ], [ 85.355827569877817, 28.207151348942261, 0.0 ], [ 85.355793493801457, 28.207066158751161, 0.0 ], [ 85.355798361812333, 28.207002874609145, 0.0 ], [ 85.355834871894217, 28.206961496516385, 0.0 ], [ 85.355900590041585, 28.206905514390769, 0.0 ], [ 85.355944402139869, 28.206795984145117, 0.0 ], [ 85.355924930096194, 28.206749738041424, 0.0 ], [ 85.355856777943245, 28.206701057932264, 0.0 ], [ 85.355859211948825, 28.206666981855903, 0.0 ], [ 85.355890854019833, 28.206479563435551, 0.0 ], [ 85.35592979810724, 28.206365165178852, 0.0 ], [ 85.355932232112593, 28.206248332916914, 0.0 ], [ 85.355905458052632, 28.206004932371002, 0.0 ], [ 85.355847041921493, 28.205895402125293, 0.0 ], [ 85.355781323774124, 28.205703115694064, 0.0 ], [ 85.35566935952312, 28.20524795667319, 0.0 ], [ 85.355596339359352, 28.20512138838933, 0.0 ], [ 85.355506281157375, 28.205002122121925, 0.0 ], [ 85.35543569499896, 28.204921799941701, 0.0 ], [ 85.355328598758774, 28.204714909477673, 0.0 ], [ 85.355267748622282, 28.204583473182936, 0.0 ], [ 85.35515821837663, 28.204410658795439, 0.0 ], [ 85.354995140010885, 28.204250014435047, 0.0 ], [ 85.354902647803385, 28.204181862282155, 0.0 ], [ 85.354824759628741, 28.204094238085702, 0.0 ], [ 85.354751739464973, 28.20398470784005, 0.0 ], [ 85.354661681262996, 28.203836233507104, 0.0 ], [ 85.354608133142904, 28.203741307294081, 0.0 ], [ 85.354469394831767, 28.203605002988468, 0.0 ], [ 85.354228428291378, 28.203264242224122, 0.0 ], [ 85.354170012160239, 28.203142541951195, 0.0 ], [ 85.354123766056546, 28.20302814369461, 0.0 ], [ 85.354065349925634, 28.202714156990453, 0.0 ], [ 85.354009367800018, 28.202436680368123, 0.0 ], [ 85.354028839843693, 28.202366094209879, 0.0 ], [ 85.354087255974662, 28.202185977805755, 0.0 ], [ 85.353989895756285, 28.202013163418258, 0.0 ], [ 85.353912007581641, 28.201930407232737, 0.0 ], [ 85.353814647363265, 28.201811140965106, 0.0 ], [ 85.353705117117556, 28.201684572681245, 0.0 ], [ 85.353624794937559, 28.201558004397384, 0.0 ], [ 85.353600454882951, 28.201426568102647, 0.0 ], [ 85.353590718861028, 28.201341377911547, 0.0 ], [ 85.353602888888304, 28.201192903578658, 0.0 ], [ 85.353678343057652, 28.201112581398434, 0.0 ], [ 85.353686088843006, 28.201107352993176, 0.0 ], [ 85.353707551123136, 28.200995749136382, 0.0 ], [ 85.35374406120502, 28.20089352090713, 0.0 ], [ 85.353800043330409, 28.200815632732429, 0.0 ], [ 85.353882799516157, 28.200779122650545, 0.0 ], [ 85.354038575865502, 28.200742612568661, 0.0 ], [ 85.354138370089402, 28.200654988372037, 0.0 ], [ 85.354150540116677, 28.200584402213792, 0.0 ], [ 85.354135936083878, 28.200496778017396, 0.0 ], [ 85.354109162023917, 28.200470003957264, 0.0 ], [ 85.353943649652649, 28.200387247771687, 0.0 ], [ 85.353809779352389, 28.200355605700679, 0.0 ], [ 85.353692947090281, 28.200282585536911, 0.0 ], [ 85.353554208779144, 28.200185225318535, 0.0 ], [ 85.353500660659051, 28.200027014963666, 0.0 ], [ 85.353481188615376, 28.199902880685329, 0.0 ], [ 85.353481188615376, 28.199647310112084, 0.0 ], [ 85.353495792648175, 28.199455023680912, 0.0 ], [ 85.353481188615376, 28.19929437932052, 0.0 ], [ 85.353327846271554, 28.199077752834683, 0.0 ], [ 85.353245090085807, 28.198977958610953, 0.0 ], [ 85.353090682864604, 28.198535121742793, 0.0 ], [ 85.353090682864604, 28.198390602668553, 0.0 ], [ 85.35314772986743, 28.198021698716218, 0.0 ], [ 85.353098289131651, 28.197934226645032, 0.0 ], [ 85.352778825915095, 28.197801116971505, 0.0 ], [ 85.352630503707417, 28.197664204164369, 0.0 ], [ 85.352368087494028, 28.197340937814317, 0.0 ], [ 85.352143702615706, 28.197154584271459, 0.0 ], [ 85.351322225773231, 28.196219013423104, 0.0 ], [ 85.351227147434997, 28.196101116283728, 0.0 ], [ 85.351170100432114, 28.195663755927797, 0.0 ], [ 85.351132069096877, 28.195454583583683, 0.0 ], [ 85.351082628360928, 28.195256820640225, 0.0 ], [ 85.351052203292625, 28.195127514100136, 0.0 ], [ 85.351090234628032, 28.194960176224868, 0.0 ], [ 85.351223344301502, 28.194796641483038, 0.0 ], [ 85.351182460616087, 28.194601730889588, 0.0 ], [ 85.350540681832911, 28.193371654888722, 0.0 ], [ 85.350130656499232, 28.192688279332572, 0.0 ], [ 85.349892960653676, 28.192230714829634, 0.0 ], [ 85.349708746373381, 28.191998961380364, 0.0 ], [ 85.34961366803509, 28.191684014384919, 0.0 ], [ 85.349417568962508, 28.191244277070439, 0.0 ], [ 85.349102621967063, 28.190644095060406, 0.0 ], [ 85.349019428421173, 28.190293493688102, 0.0 ], [ 85.34887681091368, 28.19000231627723, 0.0 ], [ 85.348710423821842, 28.189800274808533, 0.0 ], [ 85.348508382352918, 28.189639830112753, 0.0 ], [ 85.347807179608537, 28.188172058266105, 0.0 ], [ 85.347409039067202, 28.187607530632761, 0.0 ], [ 85.347189170409877, 28.187239102072056, 0.0 ], [ 85.347040610506497, 28.186757767984773, 0.0 ], [ 85.346897992999004, 28.186300203481892, 0.0 ], [ 85.346725663511052, 28.185955544505873, 0.0 ], [ 85.34658304600373, 28.18568813667946, 0.0 ], [ 85.34614330868925, 28.185575231152939, 0.0 ], [ 85.345840246486205, 28.185289996138124, 0.0 ], [ 85.345531241886874, 28.184773007673812, 0.0 ], [ 85.345335142814235, 28.184398636717049, 0.0 ], [ 85.345144986137711, 28.183709318764954, 0.0 ], [ 85.344479809169798, 28.182268659100714, 0.0 ], [ 85.34446965960592, 28.182228060845091, 0.0 ], [ 85.344442669193882, 28.182222234130847, 0.0 ], [ 85.343709154670478, 28.181488719607273, 0.0 ], [ 85.343514169797061, 28.18121016978813, 0.0 ], [ 85.343477029821202, 28.180838770029368, 0.0 ], [ 85.343839144586013, 28.179873130656631, 0.0 ], [ 85.343829859591892, 28.179288176036607, 0.0 ], [ 85.343811289604048, 28.178712506410534, 0.0 ], [ 85.343829859591892, 28.177923281923142, 0.0 ], [ 85.343888533869062, 28.177431884852012, 0.0 ], [ 85.343834051153124, 28.176994550618303, 0.0 ], [ 85.343755579640288, 28.176651237749525, 0.0 ], [ 85.343430604851335, 28.174264994299392, 0.0 ], [ 85.343523454791011, 28.173550049763833, 0.0 ], [ 85.343653444706547, 28.17250084544537, 0.0 ], [ 85.343866999567808, 28.170263161898788, 0.0 ], [ 85.343829859591892, 28.169585357339145, 0.0 ], [ 85.343718439664201, 28.168972547737155, 0.0 ], [ 85.343672014694562, 28.16822046322568, 0.0 ], [ 85.343709154670307, 28.167654078593671, 0.0 ], [ 85.343714679664117, 28.167504903761369, 0.0 ], [ 85.343885198156386, 28.16647636995873, 0.0 ], [ 85.343734665726117, 28.166058224319329, 0.0 ], [ 85.343617790330029, 28.165733570441148, 0.0 ], [ 85.343677214291404, 28.165109618846429, 0.0 ], [ 85.343711556874041, 28.164879672858149, 0.0 ], [ 85.343813889402668, 28.164194489840952, 0.0 ], [ 85.343760407837351, 28.163814176487904, 0.0 ], [ 85.343706926272205, 28.163469517511828, 0.0 ], [ 85.34348705761488, 28.163166455308613, 0.0 ], [ 85.343332555315385, 28.162958471443801, 0.0 ], [ 85.343254786926536, 28.162947812832044, 0.0 ], [ 85.34317809428245, 28.162937301657507, 0.0 ], [ 85.342548530424494, 28.162937301657507, 0.0 ], [ 85.34185370286724, 28.162865577522439, 0.0 ], [ 85.341728108357529, 28.162893105086312, 0.0 ], [ 85.341282428646991, 28.163011953009118, 0.0 ], [ 85.340783267371251, 28.163071376970322, 0.0 ], [ 85.340557456317867, 28.162952529047573, 0.0 ], [ 85.340408896414488, 28.162726717994303, 0.0 ], [ 85.340349888134938, 28.162602577934649, 0.0 ], [ 85.340004058745649, 28.162381747119696, 0.0 ], [ 85.339970879689531, 28.162372841918511, 0.0 ], [ 85.339786825030558, 28.162112097818408, 0.0 ], [ 85.338557270481886, 28.160854081359048, 0.0 ], [ 85.337309207364342, 28.160040949327822, 0.0 ], [ 85.336828974139735, 28.159334723997517, 0.0 ], [ 85.336698984224199, 28.158796194347474, 0.0 ], [ 85.336476144368817, 28.158508359534267, 0.0 ], [ 85.336049034646294, 28.158248379703195, 0.0 ], [ 85.334619145575175, 28.157895549932448, 0.0 ], [ 85.334173465864637, 28.157681995071187, 0.0 ], [ 85.33334710140133, 28.157208460378683, 0.0 ], [ 85.33267858183558, 28.156586365782744, 0.0 ], [ 85.331991492281986, 28.155871421247184, 0.0 ], [ 85.331471532619673, 28.155648581391972, 0.0 ], [ 85.330440898289055, 28.155314321609069, 0.0 ], [ 85.330190203451878, 28.155072911765842, 0.0 ], [ 85.329883798650997, 28.15466437203122, 0.0 ], [ 85.328314634670221, 28.152909508171092, 0.0 ], [ 85.327274715345652, 28.152055288726046, 0.0 ], [ 85.326689760725628, 28.151331059196366, 0.0 ], [ 85.326290505985071, 28.150857524504033, 0.0 ], [ 85.325575561449511, 28.150300424865804, 0.0 ], [ 85.324396367215343, 28.149938310100936, 0.0 ], [ 85.32329145293312, 28.149771180209541, 0.0 ], [ 85.322836488228631, 28.149576195336294, 0.0 ], [ 85.322028693753282, 28.149158370607722, 0.0 ], [ 85.321629439012725, 28.148703405903234, 0.0 ], [ 85.321471594115167, 28.148387716108175, 0.0 ], [ 85.32036667983283, 28.147774906506356, 0.0 ], [ 85.319131775635071, 28.146679277217913, 0.0 ], [ 85.31758118164214, 28.145704352851283, 0.0 ], [ 85.316411272402092, 28.145026548291582, 0.0 ], [ 85.315789177806153, 28.144618008556904, 0.0 ], [ 85.315092803258608, 28.144358028725833, 0.0 ], [ 85.313774334114953, 28.143670939172068, 0.0 ], [ 85.31303900903697, 28.143081909135731, 0.0 ], [ 85.312526663049994, 28.142221899800518, 0.0 ], [ 85.311873811911539, 28.141423970631422, 0.0 ], [ 85.311624304135307, 28.141200453248473, 0.0 ], [ 85.311508795586633, 28.141043285878879, 0.0 ], [ 85.310840276020713, 28.140839016011569, 0.0 ], [ 85.310422451292084, 28.140792591041702, 0.0 ], [ 85.309351454264856, 28.140845263026563, 0.0 ], [ 85.308890427287395, 28.140579036180441, 0.0 ], [ 85.308305472667371, 28.140124071475952, 0.0 ], [ 85.307766943017157, 28.139678391765415, 0.0 ], [ 85.307181988397133, 28.138963447229855, 0.0 ], [ 85.307100167426142, 28.138677073831616, 0.0 ], [ 85.306866298602074, 28.137858532947462, 0.0 ], [ 85.306623353809982, 28.137313747655753, 0.0 ], [ 85.306448473873502, 28.137171443393868, 0.0 ], [ 85.306272058988156, 28.136995028508466, 0.0 ], [ 85.305798524295597, 28.13692074855669, 0.0 ], [ 85.305584969434335, 28.136874323586881, 0.0 ], [ 85.305213569675573, 28.13624294399682, 0.0 ], [ 85.304907164874692, 28.135416579533739, 0.0 ], [ 85.304878753340915, 28.135368219476277, 0.0 ], [ 85.30378207871621, 28.134530110413607, 0.0 ], [ 85.302808645078869, 28.131951143374408, 0.0 ], [ 85.302242371605587, 28.131637586988404, 0.0 ], [ 85.301963821786501, 28.131535452054607, 0.0 ], [ 85.301694556961479, 28.131424032127143, 0.0 ], [ 85.301443862124302, 28.130653377627596, 0.0 ], [ 85.301425292136457, 28.130235552899023, 0.0 ], [ 85.301420947199574, 28.130000926314381, 0.0 ], [ 85.301416007142336, 28.129734163224725, 0.0 ], [ 85.301248877250885, 28.129372048460027, 0.0 ], [ 85.300701062606777, 28.12903778867701, 0.0 ], [ 85.300522532519551, 28.128967929077646, 0.0 ], [ 85.300273952884254, 28.128870658785729, 0.0 ], [ 85.299716853246196, 28.128573538978571, 0.0 ], [ 85.299456873414897, 28.128322844141394, 0.0 ], [ 85.299373308469228, 28.128146429256049, 0.0 ], [ 85.299391878457243, 28.127747174515491, 0.0 ], [ 85.299420576779028, 28.127674584642534, 0.0 ], [ 85.299549723354744, 28.127347919774763, 0.0 ], [ 85.299596148324554, 28.127106509931536, 0.0 ], [ 85.299308313511517, 28.126772250148633, 0.0 ], [ 85.299122613632051, 28.126642260233098, 0.0 ], [ 85.298779068855254, 28.126512270317562, 0.0 ], [ 85.29824982419899, 28.126215150510575, 0.0 ], [ 85.298017699349828, 28.125862320739657, 0.0 ], [ 85.297831999470361, 28.125611625902536, 0.0 ], [ 85.297655584585016, 28.125435211017134, 0.0 ], [ 85.297059825845963, 28.125216455855082, 0.0 ], [ 85.296847790109268, 28.125008101294441, 0.0 ], [ 85.295640740893305, 28.124395291692451, 0.0 ], [ 85.294563681592876, 28.123485362283475, 0.0 ], [ 85.293588757226246, 28.122575432874669, 0.0 ], [ 85.292585977877593, 28.121795493381228, 0.0 ], [ 85.292584264567381, 28.121791495657305, 0.0 ], [ 85.292557886258237, 28.121825852590632, 0.0 ], [ 85.292396564048602, 28.121484003146577, 0.0 ], [ 85.292189149779233, 28.121318839931917, 0.0 ], [ 85.291927961439796, 28.121184404757287, 0.0 ], [ 85.291666773100587, 28.120992354507791, 0.0 ], [ 85.291482404860972, 28.120907852397977, 0.0 ], [ 85.291244262551572, 28.120857919333162, 0.0 ], [ 85.290902413107517, 28.120735007173437, 0.0 ], [ 85.290787182957843, 28.120665869083666, 0.0 ], [ 85.290214873214211, 28.119982170195271, 0.0 ], [ 85.289984412914862, 28.119713299845955, 0.0 ], [ 85.289857659750112, 28.119590387686401, 0.0 ], [ 85.289861167744675, 28.119587427593615, 0.0 ], [ 85.289742429600381, 28.119494362561511, 0.0 ], [ 85.289239257946747, 28.119359927386881, 0.0 ], [ 85.289139391816946, 28.11928310728706, 0.0 ], [ 85.28897806960731, 28.119133308092501, 0.0 ], [ 85.288882044482591, 28.118971985882865, 0.0 ], [ 85.28883595242263, 28.118829868698185, 0.0 ], [ 85.288751450312816, 28.118537952318945, 0.0 ], [ 85.288659266193065, 28.11838431211936, 0.0 ], [ 85.288532513028485, 28.11821146689482, 0.0 ], [ 85.288255960669176, 28.118027098655205, 0.0 ], [ 85.287887224190115, 28.117850412425639, 0.0 ], [ 85.287234253341694, 28.117562337051424, 0.0 ], [ 85.286846311837735, 28.117420219866744, 0.0 ], [ 85.286619692543354, 28.117262738662134, 0.0 ], [ 85.286308571138989, 28.117016914342855, 0.0 ], [ 85.285947516670035, 28.116874797158118, 0.0 ], [ 85.285682487325573, 28.116678905903655, 0.0 ], [ 85.285152428636934, 28.116406194549313, 0.0 ], [ 85.284987265422444, 28.116241031334653, 0.0 ], [ 85.284722236077982, 28.116006730030279, 0.0 ], [ 85.284637733968339, 28.115922227920635, 0.0 ], [ 85.284549390853442, 28.115622629531288, 0.0 ], [ 85.284395750653857, 28.115330713152048, 0.0 ], [ 85.284330453568998, 28.115227006017278, 0.0 ], [ 85.284084629249662, 28.115123298882509, 0.0 ], [ 85.283873373975098, 28.115050319787713, 0.0 ], [ 85.283727415785563, 28.114900520593153, 0.0 ], [ 85.283592980610933, 28.114719993358563, 0.0 ], [ 85.283278018201713, 28.114297482809718, 0.0 ], [ 85.283089808957243, 28.113805834170932, 0.0 ], [ 85.282955373782443, 28.113552327841603, 0.0 ], [ 85.282824779612781, 28.113310344527122, 0.0 ], [ 85.282713390468132, 28.113087566237652, 0.0 ], [ 85.282144921729582, 28.112584394583962, 0.0 ], [ 85.281949030475062, 28.112380821319562, 0.0 ], [ 85.281768503240471, 28.11216188403489, 0.0 ], [ 85.281603340025981, 28.11202744886026, 0.0 ], [ 85.281365197716582, 28.111923741725661, 0.0 ], [ 85.281161624452011, 28.111831557605797, 0.0 ], [ 85.28065077078827, 28.111631825346421, 0.0 ], [ 85.280382207719242, 28.11149815837274, 0.0 ], [ 85.280148674615987, 28.111333456078796, 0.0 ], [ 85.279922516242209, 28.111021259193024, 0.0 ], [ 85.279457908278516, 28.110502569879145, 0.0 ], [ 85.279278456525333, 28.110315743396484, 0.0 ], [ 85.279192418013565, 28.110141208129733, 0.0 ], [ 85.279118959300831, 28.109849742914548, 0.0 ], [ 85.27908277528843, 28.109832880462136, 0.0 ], [ 85.279026819519004, 28.109765144530627, 0.0 ], [ 85.278941413344455, 28.109713606321918, 0.0 ], [ 85.278830974325615, 28.109698881119357, 0.0 ], [ 85.278749985711954, 28.10967826583601, 0.0 ], [ 85.27866310701711, 28.109641452829635, 0.0 ], [ 85.278555613038748, 28.109535431371569, 0.0 ], [ 85.278490822147887, 28.109442662595768, 0.0 ], [ 85.278219878421794, 28.109327806016267, 0.0 ], [ 85.278094714200392, 28.109293938050598, 0.0 ], [ 85.277984275181552, 28.109223257078554, 0.0 ], [ 85.277941572094448, 28.109170246349606, 0.0 ], [ 85.277882671284374, 28.109084840175001, 0.0 ], [ 85.277823770474242, 28.108996488959974, 0.0 ], [ 85.277720694056825, 28.108744687997159, 0.0 ], [ 85.277682408530268, 28.10864897418088, 0.0 ], [ 85.277539574065997, 28.108386865576222, 0.0 ], [ 85.277418827405484, 28.108238141030995, 0.0 ], [ 85.277376124318209, 28.108154207376629, 0.0 ], [ 85.277189114246426, 28.108089416485768, 0.0 ], [ 85.277059532464307, 28.108077636323685, 0.0 ], [ 85.276850434588766, 28.108064383641363, 0.0 ], [ 85.276756193292783, 28.108071746242729, 0.0 ], [ 85.276670787118348, 28.108079108843924, 0.0 ], [ 85.276466106803525, 28.108031988195933, 0.0 ], [ 85.276249646326619, 28.10790976901518, 0.0 ], [ 85.276152459990101, 28.107872956008862, 0.0 ], [ 85.276047911052274, 28.107839088043193, 0.0 ], [ 85.275956614796712, 28.107793439915383, 0.0 ], [ 85.275880043743769, 28.10773159406483, 0.0 ], [ 85.275747516921342, 28.107591704641038, 0.0 ], [ 85.275564280182493, 28.107503353426011, 0.0 ], [ 85.275442337099321, 28.107441231477878, 0.0 ], [ 85.275380215151188, 28.107369906278279, 0.0 ], [ 85.27529048344843, 28.10725256482084, 0.0 ], [ 85.275198450932749, 28.107153629866559, 0.0 ], [ 85.274940759888977, 28.106985670525546, 0.0 ], [ 85.274772800547964, 28.106799304681203, 0.0 ], [ 85.274632450961633, 28.106693467288267, 0.0 ], [ 85.274547320884608, 28.106629044527324, 0.0 ], [ 85.274383963169328, 28.106555418514802, 0.0 ], [ 85.274096361558009, 28.106523207134387, 0.0 ], [ 85.273804158320729, 28.106440377870229, 0.0 ], [ 85.273576377844506, 28.106341442915777, 0.0 ], [ 85.273187540465813, 28.10613436975575, 0.0 ], [ 85.27296666242836, 28.105936499847019, 0.0 ], [ 85.27290684129315, 28.10581225595098, 0.0 ], [ 85.272775694958284, 28.105607483603649, 0.0 ], [ 85.27272507707471, 28.10546023157849, 0.0 ], [ 85.272612337243004, 28.105149621838223, 0.0 ], [ 85.272490394159831, 28.105013873877624, 0.0 ], [ 85.272375353515258, 28.104935646239198, 0.0 ], [ 85.272276418560978, 28.104873524291293, 0.0 ], [ 85.272152174664711, 28.10479989827877, 0.0 ], [ 85.272069345400553, 28.104703264137186, 0.0 ], [ 85.271972711259195, 28.104572117802547, 0.0 ], [ 85.271850768175966, 28.104457077157974, 0.0 ], [ 85.2717840446021, 28.104369646268083, 0.0 ], [ 85.271785482610255, 28.104210171174486, 0.0 ], [ 85.271814242771256, 28.104019635107022, 0.0 ], [ 85.271778292569877, 28.10382190899918, 0.0 ], [ 85.271548211280731, 28.103573852609202, 0.0 ], [ 85.271339700112549, 28.103444431884043, 0.0 ], [ 85.271134783964328, 28.103293441038034, 0.0 ], [ 85.270865157453727, 28.103167615333177, 0.0 ], [ 85.270103013183359, 28.102733067273448, 0.0 ], [ 85.269855855548542, 28.102519612952335, 0.0 ], [ 85.269676104541418, 28.102205048689882, 0.0 ], [ 85.269513205191231, 28.101991594368997, 0.0 ], [ 85.269193023709875, 28.101677030106543, 0.0 ], [ 85.26894024885604, 28.101474810223408, 0.0 ], [ 85.268932326995866, 28.101464126613848, 0.0 ], [ 85.268912536625635, 28.10147983406074, 0.0 ], [ 85.268841739221614, 28.101440502169567, 0.0 ], [ 85.268629347009721, 28.101262722021829, 0.0 ], [ 85.268527084092852, 28.101195071169059, 0.0 ], [ 85.268424821176097, 28.101168325483059, 0.0 ], [ 85.267855295392962, 28.101218670303808, 0.0 ], [ 85.267697967828497, 28.101272161675695, 0.0 ], [ 85.267568959225741, 28.10133509270139, 0.0 ], [ 85.267455683379239, 28.101435782342548, 0.0 ], [ 85.26740219200741, 28.101497140092761, 0.0 ], [ 85.267364433391947, 28.101585243528746, 0.0 ], [ 85.267331394603389, 28.101624575419919, 0.0 ], [ 85.267274756680195, 28.101654467657227, 0.0 ], [ 85.267210252378788, 28.101630868522477, 0.0 ], [ 85.267164627385228, 28.101593109907071, 0.0 ], [ 85.267037192058012, 28.101415329759277, 0.0 ], [ 85.266980554134875, 28.101264295297369, 0.0 ], [ 85.266961674827144, 28.101116407386939, 0.0 ], [ 85.26694594207072, 28.100968519476282, 0.0 ], [ 85.266911330006565, 28.10087884276453, 0.0 ], [ 85.266859411910275, 28.10082377811716, 0.0 ], [ 85.266815360192254, 28.100789166053005, 0.0 ], [ 85.26663325353644, 28.100674513590377, 0.0 ], [ 85.266500508403908, 28.100576183862529, 0.0 ], [ 85.266380054487513, 28.100463104675612, 0.0 ], [ 85.266232559895684, 28.100318068327169, 0.0 ], [ 85.266030983953783, 28.100200072653877, 0.0 ], [ 85.265853990443986, 28.100123867114917, 0.0 ], [ 85.265640123286062, 28.100013246171216, 0.0 ], [ 85.265436089100945, 28.099895250497923, 0.0 ], [ 85.265101768026682, 28.09961255253063, 0.0 ], [ 85.26496410640766, 28.099460141452596, 0.0 ], [ 85.26478957114108, 28.099344604022463, 0.0 ], [ 85.264632243576614, 28.099243816051626, 0.0 ], [ 85.264580620469587, 28.099103696189559, 0.0 ], [ 85.264632243576614, 28.098973409300186, 0.0 ], [ 85.264760533143317, 28.098737571593858, 0.0 ], [ 85.264845035253131, 28.098587772399128, 0.0 ], [ 85.264779738168272, 28.098357312099779, 0.0 ], [ 85.26464914399844, 28.098268968985053, 0.0 ], [ 85.264556959878746, 28.098115328785468, 0.0 ], [ 85.264568482893822, 28.097977052605813, 0.0 ], [ 85.264710600078502, 28.097735069291389, 0.0 ], [ 85.264775897163247, 28.097543019041893, 0.0 ], [ 85.264775897163247, 28.097297194722387, 0.0 ], [ 85.264737487113337, 28.097158918542732, 0.0 ], [ 85.26464146198856, 28.097059052412988, 0.0 ], [ 85.264418683699091, 28.097078257437943, 0.0 ], [ 85.26402690119005, 28.097162759547757, 0.0 ], [ 85.263773394860721, 28.097185805577737, 0.0 ], [ 85.263573662601345, 28.097151236532852, 0.0 ], [ 85.263377771346654, 28.097024483368102, 0.0 ], [ 85.26297830682779, 28.096909253218428, 0.0 ], [ 85.26278241557327, 28.096790182063728, 0.0 ], [ 85.26252122723389, 28.096613495834163, 0.0 ], [ 85.262359905024255, 28.096398399554687, 0.0 ], [ 85.262052624625085, 28.095998935035652, 0.0 ], [ 85.26188362040557, 28.095783838756176, 0.0 ], [ 85.261680047140999, 28.095610993531636, 0.0 ], [ 85.261415017796764, 28.095434307302071, 0.0 ], [ 85.26116535247229, 28.095265303082556, 0.0 ], [ 85.260931051167859, 28.095226893032702, 0.0 ], [ 85.259997686955273, 28.094861997558496, 0.0 ], [ 85.259651996506193, 28.094708357358911, 0.0 ], [ 85.259287101032044, 28.094600809219287, 0.0 ], [ 85.258991343647722, 28.094462533039575, 0.0 ], [ 85.258741678323418, 28.09430889283999, 0.0 ], [ 85.258476648979183, 28.09431657484987, 0.0 ], [ 85.258265393704733, 28.094343461884876, 0.0 ], [ 85.257758381045846, 28.094366507914856, 0.0 ], [ 85.257493351701612, 28.094385712939811, 0.0 ], [ 85.257220640347327, 28.094358825904806, 0.0 ], [ 85.257017067082757, 28.094282005805042, 0.0 ], [ 85.256848062863241, 28.09415141163538, 0.0 ], [ 85.256606079548817, 28.093997771435625, 0.0 ], [ 85.256341050204355, 28.093824926211084, 0.0 ], [ 85.256072179855096, 28.093682809026575, 0.0 ], [ 85.255853242570595, 28.093648239981576, 0.0 ], [ 85.255408886305929, 28.093488598211707, 0.0 ], [ 85.255006781096029, 28.093254536970051, 0.0 ], [ 85.254586671175105, 28.093104497712545, 0.0 ], [ 85.254310598941402, 28.092966461595779, 0.0 ], [ 85.253866482739454, 28.092804419197819, 0.0 ], [ 85.253398360256313, 28.092672384651337, 0.0 ], [ 85.253020261327606, 28.092564356385878, 0.0 ], [ 85.252798203226462, 28.092462329690875, 0.0 ], [ 85.252751231260561, 28.092437277975705, 0.0 ], [ 85.252094119179731, 28.092575617361319, 0.0 ], [ 85.251546304535452, 28.092362062499888, 0.0 ], [ 85.251082054837013, 28.092074227686851, 0.0 ], [ 85.250413535271264, 28.091907097795399, 0.0 ], [ 85.249893575608894, 28.091832817843795, 0.0 ], [ 85.249048641157799, 28.091730682909997, 0.0 ], [ 85.247785881978075, 28.091730682909997, 0.0 ], [ 85.246801672617323, 28.091684257940187, 0.0 ], [ 85.245743183304967, 28.091786392873757, 0.0 ], [ 85.244229729288065, 28.0913871381332, 0.0 ], [ 85.243078390035862, 28.091433563103067, 0.0 ], [ 85.242233455584596, 28.091377853139306, 0.0 ], [ 85.24151851104898, 28.09128500319963, 0.0 ], [ 85.240703827219249, 28.090881578033816, 0.0 ], [ 85.240462350578298, 28.090856159440023, 0.0 ], [ 85.240392250335333, 28.090904840164342, 0.0 ], [ 85.240369383253267, 28.090912829867648, 0.0 ], [ 85.240143224879432, 28.090871039733315, 0.0 ], [ 85.239968689612681, 28.090831707842142, 0.0 ], [ 85.239631910295145, 28.090851373787814, 0.0 ], [ 85.239467208001201, 28.090802208923776, 0.0 ], [ 85.23936887827341, 28.090740752844113, 0.0 ], [ 85.239115679224483, 28.090622757170763, 0.0 ], [ 85.238746942745422, 28.090568675820521, 0.0 ], [ 85.238186463297154, 28.090455891622753, 0.0 ], [ 85.238013402976264, 28.09044487869312, 0.0 ], [ 85.237911140059509, 28.09044487869312, 0.0 ], [ 85.237690881469291, 28.090465331276619, 0.0 ], [ 85.237367856514084, 28.090510893339172, 0.0 ], [ 85.237280256526219, 28.090497803685878, 0.0 ], [ 85.237176546195769, 28.090476658861178, 0.0 ], [ 85.237100022068432, 28.090480686446881, 0.0 ], [ 85.236855346240247, 28.090413224387305, 0.0 ], [ 85.236730491085211, 28.090354824395263, 0.0 ], [ 85.236571401452011, 28.090294410610511, 0.0 ], [ 85.236467691121561, 28.090269238200221, 0.0 ], [ 85.236125472203469, 28.090141236493935, 0.0 ], [ 85.235928812748, 28.090048413230932, 0.0 ], [ 85.235793511042516, 28.089993348583334, 0.0 ], [ 85.235699114503916, 28.08996188307043, 0.0 ], [ 85.235607864516624, 28.089925697730735, 0.0 ], [ 85.235176849921231, 28.089862452049715, 0.0 ], [ 85.235033870630616, 28.089783914129725, 0.0 ], [ 85.234874780997586, 28.089700341727394, 0.0 ], [ 85.234675415507922, 28.089648990010346, 0.0 ], [ 85.234527401735306, 28.089619790014524, 0.0 ], [ 85.234280019872926, 28.089549684851761, 0.0 ], [ 85.234185623334383, 28.089527658992779, 0.0 ], [ 85.233869394929854, 28.089483607274758, 0.0 ], [ 85.233653856166654, 28.089434835729719, 0.0 ], [ 85.233521701012648, 28.089397077114313, 0.0 ], [ 85.233395838960973, 28.089379771082122, 0.0 ], [ 85.233076464005364, 28.089293240921847, 0.0 ], [ 85.232927002819167, 28.089228736620385, 0.0 ], [ 85.232783834735585, 28.089132766806074, 0.0 ], [ 85.232719330434122, 28.089079275434244, 0.0 ], [ 85.232582455453098, 28.089013197857014, 0.0 ], [ 85.232398382202746, 28.088981732344337, 0.0 ], [ 85.232291399459029, 28.088945547004471, 0.0 ], [ 85.232165537407411, 28.08884957719016, 0.0 ], [ 85.232093166727793, 28.088797659093871, 0.0 ], [ 85.231865041759477, 28.088547508266515, 0.0 ], [ 85.231806830560572, 28.088470417759879, 0.0 ], [ 85.231751765912975, 28.088413779836742, 0.0 ], [ 85.231572412489697, 28.088276904855718, 0.0 ], [ 85.231481162502178, 28.088242292791563, 0.0 ], [ 85.231249890982554, 28.088012594547479, 0.0 ], [ 85.231177520302992, 28.087948090246016, 0.0 ], [ 85.231130322033721, 28.087886732496031, 0.0 ], [ 85.231054804802625, 28.087708952348294, 0.0 ], [ 85.231023339289948, 28.087652314424986, 0.0 ], [ 85.231023679331201, 28.087634632276604, 0.0 ], [ 85.230958834988314, 28.087535892027347, 0.0 ], [ 85.230795214321461, 28.087395870495072, 0.0 ], [ 85.230681938475129, 28.087325073090994, 0.0 ], [ 85.230603274692839, 28.087268435167857, 0.0 ], [ 85.230290192839732, 28.087114254154642, 0.0 ], [ 85.230209955781845, 28.087024577443117, 0.0 ], [ 85.23014859803169, 28.086821624885033, 0.0 ], [ 85.230131291999726, 28.086706775762991, 0.0 ], [ 85.23014702475615, 28.08660765939743, 0.0 ], [ 85.230230076600094, 28.086382232963615, 0.0 ], [ 85.230257154051174, 28.086308737025035, 0.0 ], [ 85.230225688538269, 28.086187594800435, 0.0 ], [ 85.23017534371769, 28.08612466377474, 0.0 ], [ 85.230102973038129, 28.086045999992564, 0.0 ], [ 85.230036895461126, 28.085968909485985, 0.0 ], [ 85.230046335114992, 28.08591069828708, 0.0 ], [ 85.230030602358397, 28.085813155197229, 0.0 ], [ 85.229950365300681, 28.085676280216148, 0.0 ], [ 85.22978831790914, 28.08560076298528, 0.0 ], [ 85.229671895511558, 28.085563004369703, 0.0 ], [ 85.229601098107707, 28.085512659549124, 0.0 ], [ 85.229509848120244, 28.085448155247661, 0.0 ], [ 85.229429611062358, 28.085375784568043, 0.0 ], [ 85.229360386934047, 28.085287681132058, 0.0 ], [ 85.229310042113468, 28.08518856476644, 0.0 ], [ 85.229220365401716, 28.084892788945353, 0.0 ], [ 85.229203059369752, 28.084809405336216, 0.0 ], [ 85.229195192991426, 28.084737034656598, 0.0 ], [ 85.229203059369752, 28.084652077771864, 0.0 ], [ 85.229195192991426, 28.08458442691915, 0.0 ], [ 85.229056744734862, 28.084359448502084, 0.0 ], [ 85.228893124067781, 28.084271345065929, 0.0 ], [ 85.228822326663931, 28.084194254559463, 0.0 ], [ 85.228691744785465, 28.084049513200114, 0.0 ], [ 85.228554869804441, 28.083981862347571, 0.0 ], [ 85.228413274996399, 28.083920504597415, 0.0 ], [ 85.22836714014295, 28.083905284851937, 0.0 ], [ 85.228369223278207, 28.083901625289684, 0.0 ], [ 85.228276400015147, 28.083829254609952, 0.0 ], [ 85.228164697444583, 28.083719125314929, 0.0 ], [ 85.228084460386697, 28.083667207218582, 0.0 ], [ 85.227996356950712, 28.083613715846752, 0.0 ], [ 85.227900387136401, 28.083528758962018, 0.0 ], [ 85.227610904417872, 28.083297487442223, 0.0 ], [ 85.227525947532968, 28.083243996070337, 0.0 ], [ 85.227393792378962, 28.083243996070337, 0.0 ], [ 85.227311982045478, 28.083261302102528, 0.0 ], [ 85.227174792472567, 28.083281582300287, 0.0 ], [ 85.227131055346433, 28.083288047788358, 0.0 ], [ 85.227055538115394, 28.083266021929319, 0.0 ], [ 85.226951701922985, 28.083223543487065, 0.0 ], [ 85.226920236410081, 28.083168478839468, 0.0 ], [ 85.226921142245487, 28.083122734151232, 0.0 ], [ 85.226923382961388, 28.083009577999405, 0.0 ], [ 85.226940688993352, 28.082941927146692, 0.0 ], [ 85.226926529512696, 28.08285382371065, 0.0 ], [ 85.226841572627961, 28.082749987518241, 0.0 ], [ 85.226791227807212, 28.082740547864375, 0.0 ], [ 85.226693684717304, 28.082721668556644, 0.0 ], [ 85.226615020935185, 28.082696496146355, 0.0 ], [ 85.226295940968612, 28.082572010710919, 0.0 ], [ 85.226219735429481, 28.0825302205767, 0.0 ], [ 85.226158279349647, 28.082422057876045, 0.0 ], [ 85.226143529890578, 28.082294229230058, 0.0 ], [ 85.22604520016273, 28.082200815988642, 0.0 ], [ 85.225831333004976, 28.082109860990442, 0.0 ], [ 85.225728086790753, 28.082045946667392, 0.0 ], [ 85.22552159436259, 28.082036113694699, 0.0 ], [ 85.22541588990515, 28.082031197208266, 0.0 ], [ 85.225322476663905, 28.081994323560309, 0.0 ], [ 85.2251872732881, 28.081950075182931, 0.0 ], [ 85.225088185422237, 28.081974847149468, 0.0 ], [ 85.225049611669306, 28.081984490587672, 0.0 ], [ 85.22467595870387, 28.082087736801725, 0.0 ], [ 85.224356387088619, 28.082095111531373, 0.0 ], [ 85.224066314391735, 28.082114777476875, 0.0 ], [ 85.223965526420898, 28.082097569774589, 0.0 ], [ 85.223872113179482, 28.082004156533174, 0.0 ], [ 85.22372707683104, 28.081918118021406, 0.0 ], [ 85.223523042645922, 28.081805038834489, 0.0 ], [ 85.223390297513561, 28.08168458491798, 0.0 ], [ 85.223262468867404, 28.081615754108441, 0.0 ], [ 85.22295764671145, 28.08158133870387, 0.0 ], [ 85.222733946580831, 28.08158133870387, 0.0 ], [ 85.222732060383294, 28.081579947633145, 0.0 ], [ 85.222730603369939, 28.081581043714607, 0.0 ], [ 85.222483599093891, 28.081521259240162, 0.0 ], [ 85.222356163766733, 28.081474060970891, 0.0 ], [ 85.22222243533696, 28.081425289425852, 0.0 ], [ 85.222126465522649, 28.081365504951407, 0.0 ], [ 85.221961271580028, 28.081066582579069, 0.0 ], [ 85.221868448317025, 28.080978479143027, 0.0 ], [ 85.221874741419583, 28.080876216226159, 0.0 ], [ 85.221942392272354, 28.080717315386096, 0.0 ], [ 85.222055668118628, 28.080630785225651, 0.0 ], [ 85.222112306041765, 28.080569427475496, 0.0 ], [ 85.222135905176515, 28.080475030936896, 0.0 ], [ 85.222098146561109, 28.080445138699588, 0.0 ], [ 85.222003750022338, 28.080416819737991, 0.0 ], [ 85.221862155214467, 28.080449858526606, 0.0 ], [ 85.221816530220678, 28.080525375757475, 0.0 ], [ 85.221701681098693, 28.080649664533382, 0.0 ], [ 85.221640323348652, 28.080622918847325, 0.0 ], [ 85.221600991457535, 28.080541108513899, 0.0 ], [ 85.221623017316517, 28.080453005077914, 0.0 ], [ 85.221640323348652, 28.080382207673836, 0.0 ], [ 85.221545926809938, 28.080320849923851, 0.0 ], [ 85.221486142335493, 28.080305117167256, 0.0 ], [ 85.221335107873756, 28.08046559128303, 0.0 ], [ 85.221283189777409, 28.080541108513899, 0.0 ], [ 85.221207672546541, 28.080541108513899, 0.0 ], [ 85.221188793238866, 28.080468737834337, 0.0 ], [ 85.221202952719523, 28.080364901641872, 0.0 ], [ 85.221168340655368, 28.080298824064698, 0.0 ], [ 85.221121142386096, 28.080248479244119, 0.0 ], [ 85.221033038950111, 28.080262638725003, 0.0 ], [ 85.220985840680783, 28.080305117167256, 0.0 ], [ 85.220878857936896, 28.080498630071475, 0.0 ], [ 85.220793901052161, 28.080556841270322, 0.0 ], [ 85.220553189878672, 28.080504923174203, 0.0 ], [ 85.220421034724495, 28.080423112840606, 0.0 ], [ 85.220180323551006, 28.080325569750698, 0.0 ], [ 85.220081207185387, 28.080268931827561, 0.0 ], [ 85.219727220165453, 28.080081712025958, 0.0 ], [ 85.219536853812542, 28.079970009455167, 0.0 ], [ 85.219423577966211, 28.079910224980551, 0.0 ], [ 85.219261530574897, 28.079763910345662, 0.0 ], [ 85.219006659920524, 28.079496453486342, 0.0 ], [ 85.218877651317598, 28.079373737986032, 0.0 ], [ 85.218767522022631, 28.079255742312682, 0.0 ], [ 85.218701444445571, 28.079175505254966, 0.0 ], [ 85.218646379797974, 28.078945807010939, 0.0 ], [ 85.218638513419876, 28.078879729433709, 0.0 ], [ 85.218496918611834, 28.078723975144953, 0.0 ], [ 85.218371056560386, 28.078662617394968, 0.0 ], [ 85.21826722036792, 28.078602832920524, 0.0 ], [ 85.218188556585574, 28.078546194997216, 0.0 ], [ 85.21802650919426, 28.078193781252992, 0.0 ], [ 85.217910086796678, 28.078141863156645, 0.0 ], [ 85.217803104052791, 28.078089945060526, 0.0 ], [ 85.21742079807143, 28.077902725258923, 0.0 ], [ 85.217320108430044, 28.077813048547171, 0.0 ], [ 85.21725081787082, 28.077748257374765, 0.0 ], [ 85.217198966205444, 28.077699772700669, 0.0 ], [ 85.216958255031955, 28.077573910649221, 0.0 ], [ 85.216590108531307, 28.077289147757767, 0.0 ], [ 85.216503578370862, 28.077199471046015, 0.0 ], [ 85.216404462005244, 28.077092488302128, 0.0 ], [ 85.216281746505103, 28.077004384866086, 0.0 ], [ 85.216253527008462, 28.076994830233446, 0.0 ], [ 85.216255000819046, 28.07699337193668, 0.0 ], [ 85.215976531030151, 28.076738501282307, 0.0 ], [ 85.215904160350419, 28.07665983749996, 0.0 ], [ 85.215795604331106, 28.076596906474265, 0.0 ], [ 85.215646143144909, 28.076526109070414, 0.0 ], [ 85.215473558775045, 28.07645368527227, 0.0 ], [ 85.215293729400514, 28.076378221159757, 0.0 ], [ 85.215161574246508, 28.076257078935157, 0.0 ], [ 85.215029419092502, 28.076146949640133, 0.0 ], [ 85.214570022604335, 28.075797682447217, 0.0 ], [ 85.214496078649006, 28.07569227297904, 0.0 ], [ 85.214439440725869, 28.075613609196864, 0.0 ], [ 85.214340324360251, 28.075533372138977, 0.0 ], [ 85.214236488167842, 28.075487747145246, 0.0 ], [ 85.214087026981645, 28.075434255773416, 0.0 ], [ 85.213997350269892, 28.075363458369338, 0.0 ], [ 85.213917113212005, 28.07528794113847, 0.0 ], [ 85.213537953781781, 28.075072402375326, 0.0 ], [ 85.213375906390411, 28.074987445490422, 0.0 ], [ 85.213124182287515, 28.07492608774038, 0.0 ], [ 85.213034505575763, 28.074856863611956, 0.0 ], [ 85.212938535761452, 28.074822251547801, 0.0 ], [ 85.212840992671602, 28.074789212759356, 0.0 ], [ 85.21270254441481, 28.074652337778332, 0.0 ], [ 85.212571962536344, 28.074613005887159, 0.0 ], [ 85.212446100484897, 28.074605139508833, 0.0 ], [ 85.212302932401315, 28.074584686925562, 0.0 ], [ 85.21221954879212, 28.074524902451174, 0.0 ], [ 85.212120432426502, 28.074447811944538, 0.0 ], [ 85.212013449682786, 28.07438960074569, 0.0 ], [ 85.211845109188914, 28.074354988681534, 0.0 ], [ 85.211747566099007, 28.074263738694242, 0.0 ], [ 85.21164215663083, 28.074185074912066, 0.0 ], [ 85.211552479919078, 28.074103264578468, 0.0 ], [ 85.211365260117475, 28.073996281834695, 0.0 ], [ 85.211321208399283, 28.073939643911558, 0.0 ], [ 85.211255130822281, 28.073906605122943, 0.0 ], [ 85.211162307559277, 28.073917618052576, 0.0 ], [ 85.211108816187391, 28.07390817839871, 0.0 ], [ 85.211061617918119, 28.073827941340824, 0.0 ], [ 85.210976661033385, 28.073730398250746, 0.0 ], [ 85.210718643827704, 28.073513286212005, 0.0 ], [ 85.210633686942799, 28.07345192846185, 0.0 ], [ 85.21055659643639, 28.073326066410402, 0.0 ], [ 85.210407135250193, 28.073171885397187, 0.0 ], [ 85.210364656807769, 28.073096368166318, 0.0 ], [ 85.210292286128208, 28.07289970871085, 0.0 ], [ 85.210289139576901, 28.072682596671939, 0.0 ], [ 85.210262393890901, 28.072541001864067, 0.0 ], [ 85.210155411147127, 28.072254665696846, 0.0 ], [ 85.210090906845664, 28.072127230369631, 0.0 ], [ 85.210032695646987, 28.07205643296561, 0.0 ], [ 85.209954031864811, 28.07193686401655, 0.0 ], [ 85.209875368082521, 28.071817295067717, 0.0 ], [ 85.2097369198259, 28.071755937317505, 0.0 ], [ 85.20961735087684, 28.071705592496926, 0.0 ], [ 85.209559139677992, 28.071634795093075, 0.0 ], [ 85.209488342274142, 28.071497920112051, 0.0 ], [ 85.209452156934219, 28.071372058060433, 0.0 ], [ 85.209400238837929, 28.071254062387084, 0.0 ], [ 85.209353040568658, 28.071191131361388, 0.0 ], [ 85.209291682818446, 28.071147079643367, 0.0 ], [ 85.209181553523422, 28.071107747752194, 0.0 ], [ 85.209088730260589, 28.07106369603423, 0.0 ], [ 85.208997480273126, 28.070961433117304, 0.0 ], [ 85.208936122522971, 28.070887489161976, 0.0 ], [ 85.208744182894463, 28.07072701504643, 0.0 ], [ 85.208692264798174, 28.070615312475638, 0.0 ], [ 85.208648213080153, 28.070516196110077, 0.0 ], [ 85.20855538981715, 28.070421799571477, 0.0 ], [ 85.208432674316953, 28.070328976308417, 0.0 ], [ 85.208346144156508, 28.070267618558432, 0.0 ], [ 85.208272200201179, 28.070176368570969, 0.0 ], [ 85.208190389867752, 28.069809795345861, 0.0 ], [ 85.208188816592042, 28.069718545358569, 0.0 ], [ 85.208187243316502, 28.069606842787834, 0.0 ], [ 85.208184096765194, 28.069484127287637, 0.0 ], [ 85.208162653001807, 28.069450055530126, 0.0 ], [ 85.208042501957152, 28.069259148870401, 0.0 ], [ 85.207937092489146, 28.0691852049153, 0.0 ], [ 85.207889509074391, 28.069176157364495, 0.0 ], [ 85.207853201664534, 28.069139749698252, 0.0 ], [ 85.207730993379641, 28.069100248030395, 0.0 ], [ 85.207636596841041, 28.069049903209816, 0.0 ], [ 85.207573665815289, 28.068983825632813, 0.0 ], [ 85.207487135654844, 28.068900442023619, 0.0 ], [ 85.207439937385573, 28.06882492479275, 0.0 ], [ 85.207386446013686, 28.068736821356708, 0.0 ], [ 85.207332954641856, 28.068658157574419, 0.0 ], [ 85.20725429085951, 28.068581067067953, 0.0 ], [ 85.207111122775871, 28.068470937772759, 0.0 ], [ 85.207081978990175, 28.068403745155649, 0.0 ], [ 85.207041898647617, 28.068381261061063, 0.0 ], [ 85.206963234865441, 28.068323049862329, 0.0 ], [ 85.206856252121554, 28.068256972285326, 0.0 ], [ 85.206815346954784, 28.068179881778747, 0.0 ], [ 85.206766575409972, 28.068085485240147, 0.0 ], [ 85.206767989746538, 28.06805154116131, 0.0 ], [ 85.20677129523682, 28.067972209393645, 0.0 ], [ 85.206831079711264, 28.067632381854594, 0.0 ], [ 85.206871984878148, 28.067520679283803, 0.0 ], [ 85.206870411602381, 28.067423136193952, 0.0 ], [ 85.206853265113182, 28.067392272513473, 0.0 ], [ 85.206728816794509, 28.067168265539578, 0.0 ], [ 85.206697351281491, 28.067128933648405, 0.0 ], [ 85.20670364438422, 28.067034537109862, 0.0 ], [ 85.206744549550763, 28.066965312981552, 0.0 ], [ 85.20679961419836, 28.066913394885205, 0.0 ], [ 85.206848385743399, 28.066858330237608, 0.0 ], [ 85.206859398672975, 28.066721455256754, 0.0 ], [ 85.206900303839518, 28.066641218198868, 0.0 ], [ 85.207059204679751, 28.066433545813823, 0.0 ], [ 85.20710797622462, 28.066362748409801, 0.0 ], [ 85.207118989154196, 28.066252619114778, 0.0 ], [ 85.207130002083602, 28.066167662230043, 0.0 ], [ 85.207163040872217, 28.066081132069598, 0.0 ], [ 85.207210239141489, 28.066022920870694, 0.0 ], [ 85.207273170167241, 28.066004041562962, 0.0 ], [ 85.207307782231339, 28.06600876138981, 0.0 ], [ 85.20737700635982, 28.066004041562962, 0.0 ], [ 85.207408471872725, 28.06595527001798, 0.0 ], [ 85.207399032218859, 28.065906498473112, 0.0 ], [ 85.207392739116244, 28.065841994171649, 0.0 ], [ 85.207389592564994, 28.065716132120201, 0.0 ], [ 85.207466683071573, 28.065554084728888, 0.0 ], [ 85.207537480475423, 28.065475420946541, 0.0 ], [ 85.207587825296173, 28.065409343369538, 0.0 ], [ 85.207606704603904, 28.065360571824499, 0.0 ], [ 85.207631877014194, 28.065217403740917, 0.0 ], [ 85.207606704603904, 28.065124580477857, 0.0 ], [ 85.207548493405, 28.064839817586403, 0.0 ], [ 85.207521747718999, 28.064737554669478, 0.0 ], [ 85.207520174443459, 28.064632145201301, 0.0 ], [ 85.207510734789594, 28.064517296079259, 0.0 ], [ 85.207458816693304, 28.064281304732845, 0.0 ], [ 85.20746982962288, 28.06422466680965, 0.0 ], [ 85.20749500203317, 28.064177468540208, 0.0 ], [ 85.207526467546018, 28.064112964238916, 0.0 ], [ 85.207546920129289, 28.063952490123143, 0.0 ], [ 85.207595691674328, 28.06383449444985, 0.0 ], [ 85.207724700277026, 28.063612662584035, 0.0 ], [ 85.207787631302949, 28.06350253328884, 0.0 ], [ 85.207882027841549, 28.063298007455273, 0.0 ], [ 85.207937092489146, 28.063143826442058, 0.0 ], [ 85.207984290758418, 28.062888955787685, 0.0 ], [ 85.208091273502134, 28.062758373909219, 0.0 ], [ 85.208158924354905, 28.062660830819368, 0.0 ], [ 85.208157351079194, 28.062553848075652, 0.0 ], [ 85.208201402797158, 28.062421692921419, 0.0 ], [ 85.208288688129926, 28.062122455894098, 0.0 ], [ 85.208381322599962, 28.06189489730491, 0.0 ], [ 85.208455832934419, 28.06162605596279, 0.0 ], [ 85.20848201224112, 28.061521338735929, 0.0 ], [ 85.208506177754998, 28.061444814608592, 0.0 ], [ 85.208525308786875, 28.061331035314026, 0.0 ], [ 85.208588743260862, 28.061230345672868, 0.0 ], [ 85.208634053599269, 28.061157849131121, 0.0 ], [ 85.208672315663023, 28.061121600860247, 0.0 ], [ 85.208700508762604, 28.061056152593494, 0.0 ], [ 85.208726688069191, 28.060961504330749, 0.0 ], [ 85.208760922547356, 28.060906125028055, 0.0 ], [ 85.208810260471523, 28.060844704346891, 0.0 ], [ 85.208831405296223, 28.060769187116023, 0.0 ], [ 85.208826370814052, 28.060708773331271, 0.0 ], [ 85.208835432881813, 28.06065742161428, 0.0 ], [ 85.20887369494551, 28.060610097482993, 0.0 ], [ 85.208937695798681, 28.060518029392199, 0.0 ], [ 85.208980174240935, 28.060434645783062, 0.0 ], [ 85.209032092337281, 28.060374861308617, 0.0 ], [ 85.209176833696631, 28.060362275103444, 0.0 ], [ 85.209250777651903, 28.060329236314885, 0.0 ], [ 85.209313708677655, 28.060264732013593, 0.0 ], [ 85.209398665562389, 28.060184494955706, 0.0 ], [ 85.209422264696911, 28.060044473423375, 0.0 ], [ 85.209360906946927, 28.059990982051545, 0.0 ], [ 85.209308988850637, 28.059986262224527, 0.0 ], [ 85.209217738863344, 28.059983115673219, 0.0 ], [ 85.20916110093998, 28.059946930333524, 0.0 ], [ 85.209137501805458, 28.05986354672433, 0.0 ], [ 85.209172113869613, 28.059802188974174, 0.0 ], [ 85.209179980247882, 28.059731391570153, 0.0 ], [ 85.209154807837592, 28.059670033820169, 0.0 ], [ 85.209128062151592, 28.059580357108416, 0.0 ], [ 85.209142221632476, 28.059531585563377, 0.0 ], [ 85.2091579543889, 28.05947494764024, 0.0 ], [ 85.209143794908016, 28.059407296787469, 0.0 ], [ 85.209106036292553, 28.059311326973329, 0.0 ], [ 85.209084010433571, 28.059210637332001, 0.0 ], [ 85.209084010433571, 28.059155572684574, 0.0 ], [ 85.209106036292553, 28.05911466751769, 0.0 ], [ 85.209170540594016, 28.059054883043245, 0.0 ], [ 85.209182689069678, 28.05903342599521, 0.0 ], [ 85.209168967318305, 28.058952620126377, 0.0 ], [ 85.209156381113132, 28.058784279632448, 0.0 ], [ 85.209184700074729, 28.058595486555134, 0.0 ], [ 85.209250777651903, 28.058457038298513, 0.0 ], [ 85.209264937132616, 28.058375227965087, 0.0 ], [ 85.209275950062192, 28.05826981849691, 0.0 ], [ 85.209194139728595, 28.058044840079845, 0.0 ], [ 85.209121769049034, 28.05790639182311, 0.0 ], [ 85.209041531991147, 28.057815141835761, 0.0 ], [ 85.208999053548837, 28.057711305643181, 0.0 ], [ 85.208966014760279, 28.057585443591734, 0.0 ], [ 85.209032092337281, 28.057340012591226, 0.0 ], [ 85.209101316465535, 28.057272361738455, 0.0 ], [ 85.209178406972171, 28.057203137610202, 0.0 ], [ 85.209277523337789, 28.057127620379333, 0.0 ], [ 85.209578018985667, 28.056834991109497, 0.0 ], [ 85.20964252328713, 28.056764193705476, 0.0 ], [ 85.209686575005151, 28.056663504064318, 0.0 ], [ 85.209691294832169, 28.056559667871909, 0.0 ], [ 85.209656682768014, 28.056471564435697, 0.0 ], [ 85.209455681071688, 28.056270373946347, 0.0 ], [ 85.209391239701404, 28.056230098089941, 0.0 ], [ 85.209362039705354, 28.056179753269362, 0.0 ], [ 85.209378150047939, 28.056107256727614, 0.0 ], [ 85.209415405215225, 28.056016636050401, 0.0 ], [ 85.209414398318813, 28.055946153301704, 0.0 ], [ 85.209343915569946, 28.055883725724129, 0.0 ], [ 85.209343915569946, 28.055792098150675, 0.0 ], [ 85.209333846605773, 28.055743767122806, 0.0 ], [ 85.209321763848948, 28.055668249891937, 0.0 ], [ 85.209342908673477, 28.055537353358318, 0.0 ], [ 85.209374122462179, 28.055461836127449, 0.0 ], [ 85.209344922466357, 28.05540746372111, 0.0 ], [ 85.2093237776416, 28.055352084418359, 0.0 ], [ 85.20935499143053, 28.055241325813085, 0.0 ], [ 85.209374122462179, 28.055172856857041, 0.0 ], [ 85.209370094876647, 28.055005712052775, 0.0 ], [ 85.209277460406781, 28.054888912068861, 0.0 ], [ 85.209251281100023, 28.054816415527284, 0.0 ], [ 85.209207984554325, 28.054752981053241, 0.0 ], [ 85.209117363877112, 28.054536498324637, 0.0 ], [ 85.20908816388129, 28.05440862248031, 0.0 ], [ 85.209092191466823, 28.054336125938562, 0.0 ], [ 85.209117363877112, 28.054263629396985, 0.0 ], [ 85.209147570769574, 28.054192139751649, 0.0 ], [ 85.20917072938704, 28.054124677692073, 0.0 ], [ 85.209183819040447, 28.054076346664203, 0.0 ], [ 85.209133474219698, 28.054028015636504, 0.0 ], [ 85.209079101813586, 28.054045132875501, 0.0 ], [ 85.209014660443131, 28.054075339767735, 0.0 ], [ 85.208966329415375, 28.05412065010637, 0.0 ], [ 85.208917998387676, 28.054131725966954, 0.0 ], [ 85.208885777702392, 28.05411863631349, 0.0 ], [ 85.20887369494551, 28.054059229425206, 0.0 ], [ 85.208801198403762, 28.053955519094757, 0.0 ], [ 85.208751860479651, 28.05393437427017, 0.0 ], [ 85.208702522555313, 28.053929339787999, 0.0 ], [ 85.208639088081441, 28.053898125999297, 0.0 ], [ 85.208608881188979, 28.053821601872016, 0.0 ], [ 85.208591763949983, 28.053772263947849, 0.0 ], [ 85.208577667400277, 28.053720912230688, 0.0 ], [ 85.208526315683287, 28.053609146728945, 0.0 ], [ 85.208490067412413, 28.053561822597658, 0.0 ], [ 85.208412536388664, 28.053505436398439, 0.0 ], [ 85.208363198464554, 28.053447036406624, 0.0 ], [ 85.208382329496203, 28.053370638141303, 0.0 ], [ 85.208449980348973, 28.05330770711555, 0.0 ], [ 85.208512911374669, 28.053257362294971, 0.0 ], [ 85.208580562227439, 28.053229043333431, 0.0 ], [ 85.208638773426287, 28.053180271788392, 0.0 ], [ 85.208669562671219, 28.053124421530072, 0.0 ], [ 85.208706424279058, 28.053057556288195, 0.0 ], [ 85.208726688069191, 28.052956677853899, 0.0 ], [ 85.208688426005608, 28.052889215794323, 0.0 ], [ 85.208628012220856, 28.052841891662865, 0.0 ], [ 85.208542426025872, 28.052820746838108, 0.0 ], [ 85.208461874312832, 28.05279859511711, 0.0 ], [ 85.208413917628661, 28.052791950516337, 0.0 ], [ 85.208294729508509, 28.052775436499701, 0.0 ], [ 85.208082274365438, 28.052774429603289, 0.0 ], [ 85.207985612309812, 28.052780470981702, 0.0 ], [ 85.20779732268079, 28.052761339949996, 0.0 ], [ 85.207731874414094, 28.052719050300539, 0.0 ], [ 85.207670453732931, 28.052683808926076, 0.0 ], [ 85.20753653651002, 28.052530760671516, 0.0 ], [ 85.207515391685433, 28.052457257233471, 0.0 ], [ 85.207425777904689, 28.05232334001056, 0.0 ], [ 85.207408660665692, 28.052256884847452, 0.0 ], [ 85.207388522737403, 28.052175326237943, 0.0 ], [ 85.207329808090378, 28.052154496068567, 0.0 ], [ 85.20725429085951, 28.05205695297866, 0.0 ], [ 85.207185066731199, 28.051975142645063, 0.0 ], [ 85.207144161564486, 28.051920077997636, 0.0 ], [ 85.206916036595942, 28.051726565093247, 0.0 ], [ 85.206845239192091, 28.051658914240704, 0.0 ], [ 85.206750842653378, 28.051588116836683, 0.0 ], [ 85.206673752146912, 28.051498440124931, 0.0 ], [ 85.206609247845449, 28.051396177208062, 0.0 ], [ 85.206552609922312, 28.051323806528444, 0.0 ], [ 85.206401575460404, 28.05125458240019, 0.0 ], [ 85.206300885819246, 28.051191651374438, 0.0 ], [ 85.206220648761359, 28.051119280694707, 0.0 ], [ 85.206079053953488, 28.051029603982954, 0.0 ], [ 85.205961058280138, 28.050922621239181, 0.0 ], [ 85.205590205745352, 28.050644843691373, 0.0 ], [ 85.205511667825192, 28.050577381631797, 0.0 ], [ 85.205437157490564, 28.050511933365101, 0.0 ], [ 85.20532438509241, 28.050427354066528, 0.0 ], [ 85.205286123028827, 28.050383050624362, 0.0 ], [ 85.205173350630673, 28.050335726492904, 0.0 ], [ 85.205076688575048, 28.050269271329739, 0.0 ], [ 85.205038426511294, 28.050207850648576, 0.0 ], [ 85.205034398925761, 28.050131326521296, 0.0 ], [ 85.205044467889934, 28.050101119629005, 0.0 ], [ 85.205114950638801, 28.050003450676968, 0.0 ], [ 85.205139116152623, 28.049970223095386, 0.0 ], [ 85.205128795464361, 28.049848073974374, 0.0 ], [ 85.205067437714149, 28.049818181737066, 0.0 ], [ 85.204966748072991, 28.049796155878028, 0.0 ], [ 85.204911683425394, 28.04976626364089, 0.0 ], [ 85.204883906972839, 28.049740440219978, 0.0 ], [ 85.204836166194525, 28.049728505025314, 0.0 ], [ 85.204726036899558, 28.049750530884467, 0.0 ], [ 85.204672545527671, 28.049758397262622, 0.0 ], [ 85.204590735194074, 28.049741091230601, 0.0 ], [ 85.204483752450301, 28.049640401589272, 0.0 ], [ 85.20438778263599, 28.04952397919169, 0.0 ], [ 85.204331144712853, 28.049435875755478, 0.0 ], [ 85.204255627481984, 28.049339905941338, 0.0 ], [ 85.204165950770232, 28.049242362851317, 0.0 ], [ 85.204063687853363, 28.049132233556293, 0.0 ], [ 85.203923666321032, 28.048896242209651, 0.0 ], [ 85.203827696506721, 28.048789259465934, 0.0 ], [ 85.203799377545124, 28.048712168959298, 0.0 ], [ 85.203717567211697, 28.04836919486894, 0.0 ], [ 85.203681381871831, 28.048244906093032, 0.0 ], [ 85.203618450846079, 28.04800734147085, 0.0 ], [ 85.2035413603395, 28.047873613041133, 0.0 ], [ 85.203409205185437, 28.047615595835452, 0.0 ], [ 85.203368300018724, 28.047478720854429, 0.0 ], [ 85.203302222441721, 28.047398483796542, 0.0 ], [ 85.203250304345431, 28.047300940706691, 0.0 ], [ 85.203190519870986, 28.047102707975455, 0.0 ], [ 85.203108709537389, 28.046981565750855, 0.0 ], [ 85.203055218165503, 28.046929647654565, 0.0 ], [ 85.202978127658923, 28.04689503559041, 0.0 ], [ 85.202856985434266, 28.046884022661004, 0.0 ], [ 85.202787761306013, 28.046855703699407, 0.0 ], [ 85.202745282863702, 28.046745574404213, 0.0 ], [ 85.202581662196678, 28.046451371858836, 0.0 ], [ 85.20253446392735, 28.046349108941968, 0.0 ], [ 85.202462093247618, 28.046245272749502, 0.0 ], [ 85.202364550157711, 28.046180768448096, 0.0 ], [ 85.202237114830552, 28.046154022762039, 0.0 ], [ 85.202158451048376, 28.046124130524902, 0.0 ], [ 85.202001123484081, 28.045947923652705, 0.0 ], [ 85.201957071765889, 28.04585982021672, 0.0 ], [ 85.201876834708003, 28.045726091786946, 0.0 ], [ 85.201768278688746, 28.045650574556078, 0.0 ], [ 85.201643989912839, 28.045557751293074, 0.0 ], [ 85.201610951124223, 28.045483807337746, 0.0 ], [ 85.201603084746125, 28.045317040119585, 0.0 ], [ 85.201489808899623, 28.045261975471988, 0.0 ], [ 85.201407998566197, 28.045214777202659, 0.0 ], [ 85.201348214091752, 28.045087341875501, 0.0 ], [ 85.201384399431447, 28.045005531541904, 0.0 ], [ 85.201362373572465, 28.044939453964844, 0.0 ], [ 85.201275843412191, 28.044849777253148, 0.0 ], [ 85.201102783091244, 28.044878096214859, 0.0 ], [ 85.201054011546262, 28.044840337599283, 0.0 ], [ 85.200984787417951, 28.044722341926104, 0.0 ], [ 85.200972201212778, 28.044604346252811, 0.0 ], [ 85.200841619334312, 28.044436005758882, 0.0 ], [ 85.200693731423883, 28.044447018688288, 0.0 ], [ 85.200567869372264, 28.044464324720479, 0.0 ], [ 85.20048291248753, 28.044379367835575, 0.0 ], [ 85.200453020250222, 28.04429598422638, 0.0 ], [ 85.200451446974682, 28.044203160963548, 0.0 ], [ 85.200522244378703, 28.044129217008219, 0.0 ], [ 85.200630683197858, 28.0440382793048, 0.0 ], [ 85.200742502968751, 28.043953010136192, 0.0 ], [ 85.200769248654751, 28.04390581186675, 0.0 ], [ 85.200729916763578, 28.04381141532815, 0.0 ], [ 85.200668559013593, 28.043728031718956, 0.0 ], [ 85.20060405471213, 28.043707579135685, 0.0 ], [ 85.200475046109204, 28.043723311892109, 0.0 ], [ 85.200369636641028, 28.043767363610129, 0.0 ], [ 85.200308451340334, 28.04378571920023, 0.0 ], [ 85.199960584973667, 28.043890079110326, 0.0 ], [ 85.199874054813222, 28.043883786007711, 0.0 ], [ 85.199762352242431, 28.043812988603861, 0.0 ], [ 85.199689981562869, 28.043672967071359, 0.0 ], [ 85.199557826408864, 28.043586436911085, 0.0 ], [ 85.19932812816478, 28.043460574859466, 0.0 ], [ 85.199159787670908, 28.043410230038887, 0.0 ], [ 85.199065391132308, 28.043352018839983, 0.0 ], [ 85.198950542010266, 28.043279648160421, 0.0 ], [ 85.198838839439532, 28.043215143859129, 0.0 ], [ 85.198709830836606, 28.043117600769108, 0.0 ], [ 85.198596554990274, 28.043023204230508, 0.0 ], [ 85.198428214496403, 28.042894195627582, 0.0 ], [ 85.198321231752516, 28.042864303390445, 0.0 ], [ 85.1982409946948, 28.042823398223732, 0.0 ], [ 85.198060192402863, 28.042639184567861, 0.0 ], [ 85.19803449080166, 28.042631715393611, 0.0 ], [ 85.197883696983013, 28.042578749002871, 0.0 ], [ 85.197549989704157, 28.042461534184042, 0.0 ], [ 85.197541075826166, 28.042448706896209, 0.0 ], [ 85.197274248276926, 28.042251355199426, 0.0 ], [ 85.197211820699351, 28.042177851761437, 0.0 ], [ 85.197157448293012, 28.042098306944808, 0.0 ], [ 85.197087972440556, 28.042038900056525, 0.0 ], [ 85.196876524194124, 28.041969424204069, 0.0 ], [ 85.196831213855489, 28.04191706559061, 0.0 ], [ 85.196766772485034, 28.041816375949452, 0.0 ], [ 85.19672951731792, 28.04175797595741, 0.0 ], [ 85.196691255254166, 28.041712665619002, 0.0 ], [ 85.196519357898808, 28.041589502049874, 0.0 ], [ 85.19648004866275, 28.041552126054967, 0.0 ], [ 85.19645427211475, 28.041507661509513, 0.0 ], [ 85.196367034609523, 28.0413894518706, 0.0 ], [ 85.196327765649357, 28.041336086360729, 0.0 ], [ 85.196252248418489, 28.041249493269277, 0.0 ], [ 85.196156404466365, 28.041146286387118, 0.0 ], [ 85.195981770869878, 28.041080208810115, 0.0 ], [ 85.195796124343815, 28.040875682976377, 0.0 ], [ 85.19566711574106, 28.040655424386159, 0.0 ], [ 85.195597891612579, 28.04051225630252, 0.0 ], [ 85.19552237438171, 28.040438312347192, 0.0 ], [ 85.195213914025828, 28.040009988053157, 0.0 ], [ 85.195140166729914, 28.039845285759213, 0.0 ], [ 85.195083627136455, 28.039660917519598, 0.0 ], [ 85.195049211731714, 28.039508506441678, 0.0 ], [ 85.195022171056564, 28.039326596445278, 0.0 ], [ 85.194953352046866, 28.039080638397422, 0.0 ], [ 85.194951338254043, 28.038983976341797, 0.0 ], [ 85.194958386528867, 28.0388923487684, 0.0 ], [ 85.194956372735987, 28.038799714298477, 0.0 ], [ 85.194984565835568, 28.038649686733038, 0.0 ], [ 85.195018800313619, 28.038612431565866, 0.0 ], [ 85.19504296582744, 28.038569135020168, 0.0 ], [ 85.195066124444907, 28.03852181088871, 0.0 ], [ 85.195075186512611, 28.038478514342955, 0.0 ], [ 85.195066124444907, 28.038429176418845, 0.0 ], [ 85.195065117548609, 28.038384872976678, 0.0 ], [ 85.195107407197725, 28.038306335056518, 0.0 ], [ 85.195151081329584, 28.038254605753366, 0.0 ], [ 85.195103883060483, 28.038045360092724, 0.0 ], [ 85.195086577028349, 28.03793523079753, 0.0 ], [ 85.195072417547465, 28.037837687707679, 0.0 ], [ 85.195089723579599, 28.037733851515213, 0.0 ], [ 85.195094443406617, 28.037661480835482, 0.0 ], [ 85.195051964964193, 28.037482127412147, 0.0 ], [ 85.195020499451346, 28.037401890354261, 0.0 ], [ 85.195034658932002, 28.037351545533681, 0.0 ], [ 85.195069270996328, 28.037274455027102, 0.0 ], [ 85.195091296855196, 28.037202084347484, 0.0 ], [ 85.19513220202208, 28.037110834360192, 0.0 ], [ 85.195162094259217, 28.037027450751054, 0.0 ], [ 85.195188042454788, 28.036882140856051, 0.0 ], [ 85.195209292528489, 28.036763140442815, 0.0 ], [ 85.195232891663238, 28.03670335596837, 0.0 ], [ 85.195237611490086, 28.036613679256618, 0.0 ], [ 85.195215585631047, 28.036527149096173, 0.0 ], [ 85.195190413220757, 28.036450058589594, 0.0 ], [ 85.195184120118199, 28.036333636191955, 0.0 ], [ 85.195218732182525, 28.03615270949291, 0.0 ], [ 85.195242331317104, 28.036061459505618, 0.0 ], [ 85.195259637349238, 28.035968636242615, 0.0 ], [ 85.195236038214489, 28.035896265562826, 0.0 ], [ 85.19520142615039, 28.035849067293555, 0.0 ], [ 85.195177827015641, 28.035786136267802, 0.0 ], [ 85.195193559772065, 28.035509239754447, 0.0 ], [ 85.195172229182162, 28.035373958907314, 0.0 ], [ 85.19513377529762, 28.035130080324222, 0.0 ], [ 85.195143214951486, 28.035059282920372, 0.0 ], [ 85.195162094259217, 28.034983765689333, 0.0 ], [ 85.195202999425931, 28.034914541561022, 0.0 ], [ 85.195269446225439, 28.034856790070876, 0.0 ], [ 85.195338764991277, 28.034488032656725, 0.0 ], [ 85.195289529586375, 28.034381201117753, 0.0 ], [ 85.195195133047775, 28.034192408040383, 0.0 ], [ 85.195204572701641, 28.034132623565938, 0.0 ], [ 85.195240758041336, 28.034058679610666, 0.0 ], [ 85.195309982169817, 28.033964283072066, 0.0 ], [ 85.195336727855647, 28.033860446879601, 0.0 ], [ 85.19537291319557, 28.033800662405156, 0.0 ], [ 85.195413818362283, 28.03376605034083, 0.0 ], [ 85.195457870080304, 28.033687386558711, 0.0 ], [ 85.195454723528997, 28.033604002949517, 0.0 ], [ 85.195443710599591, 28.033456115039087, 0.0 ], [ 85.195456296804707, 28.033399477115722, 0.0 ], [ 85.195475176112438, 28.033356998673469, 0.0 ], [ 85.195514508003441, 28.03327990816689, 0.0 ], [ 85.195505068349576, 28.033223270243695, 0.0 ], [ 85.195492482144402, 28.033130446980692, 0.0 ], [ 85.195517654554692, 28.033056503025534, 0.0 ], [ 85.195528667484325, 28.032980985794495, 0.0 ], [ 85.195505068349576, 28.03289445563405, 0.0 ], [ 85.195549120067767, 28.03277331340945, 0.0 ], [ 85.195566001474276, 28.032657555193282, 0.0 ], [ 85.195419321841712, 28.032548566565538, 0.0 ], [ 85.195013458131598, 28.030990573614019, 0.0 ], [ 85.194491177220982, 28.029975027398677, 0.0 ], [ 85.194113974340894, 28.029148082623294, 0.0 ], [ 85.193707755854803, 28.028234091029617, 0.0 ], [ 85.193301537368768, 28.027813364740211, 0.0 ], [ 85.192837287670159, 28.027276576026509, 0.0 ], [ 85.190820703042561, 28.025753256703524, 0.0 ], [ 85.189123290082648, 28.02510040556507, 0.0 ], [ 85.188093236064219, 28.024592632457427, 0.0 ], [ 85.187283322878272, 28.024256206980226, 0.0 ], [ 85.186714994771933, 28.023504547226594, 0.0 ], [ 85.186660750053704, 28.023443069879136, 0.0 ], [ 85.186279760679781, 28.023011281922095, 0.0 ], [ 85.186221729467434, 28.022532524420512, 0.0 ], [ 85.186231628293342, 28.02250612755131, 0.0 ], [ 85.186178206058173, 28.022401954192844, 0.0 ], [ 85.186219325958746, 28.022120968205797, 0.0 ], [ 85.186918104015149, 28.02124132994669, 0.0 ], [ 85.187658001972068, 28.020588478808236, 0.0 ], [ 85.188339868716469, 28.019688995017475, 0.0 ], [ 85.188426915534933, 28.018093136679227, 0.0 ], [ 85.188339868716469, 28.017338730919107, 0.0 ], [ 85.18829010357814, 28.017298918808535, 0.0 ], [ 85.188267329701148, 28.016888989023812, 0.0 ], [ 85.187121213258138, 28.015713856974571, 0.0 ], [ 85.186410330907506, 28.015104529245491, 0.0 ], [ 85.185670432950531, 28.014234061060847, 0.0 ], [ 85.185264214464326, 28.013218514845562, 0.0 ], [ 85.185220691055065, 28.011274469233229, 0.0 ], [ 85.185191675449005, 28.010084829381015, 0.0 ], [ 85.185293230070613, 28.009809181122478, 0.0 ], [ 85.185496339313602, 28.007952182328609, 0.0 ], [ 85.185655925147387, 28.007386378008789, 0.0 ], [ 85.185873542193576, 28.006907620507263, 0.0 ], [ 85.186033128027361, 28.006472386414941, 0.0 ], [ 85.185931573405924, 28.006138706944171, 0.0 ], [ 85.185742971965851, 28.005398808987252, 0.0 ], [ 85.186627947953639, 28.002482740568894, 0.0 ], [ 85.187367845910444, 28.000480663744383, 0.0 ], [ 85.187179244470542, 27.997869259190622, 0.0 ], [ 85.186918104015149, 27.997129361233647, 0.0 ], [ 85.186685979165816, 27.996708634944468, 0.0 ], [ 85.185438308101254, 27.995838166759995, 0.0 ], [ 85.184785456962743, 27.994401894255361, 0.0 ], [ 85.184712917947422, 27.993778058723137, 0.0 ], [ 85.184785456962743, 27.993023652963075, 0.0 ], [ 85.184625871128958, 27.991819505307717, 0.0 ], [ 85.184132605824459, 27.990586342046242, 0.0 ], [ 85.183769910747458, 27.989744889467886, 0.0 ], [ 85.183537785898352, 27.988555249615615, 0.0 ], [ 85.183218614230555, 27.98732208635397, 0.0 ], [ 85.182377161652198, 27.984318971117318, 0.0 ], [ 85.181869388544555, 27.983724151191211, 0.0 ], [ 85.181753326119804, 27.98311482346196, 0.0 ], [ 85.181760624890842, 27.982990744354424, 0.0 ], [ 85.181695294907627, 27.982882698612684, 0.0 ], [ 85.181593740286019, 27.982157308458852, 0.0 ], [ 85.181622755892136, 27.981838136791282, 0.0 ], [ 85.181722328573414, 27.981657661306429, 0.0 ], [ 85.181680787104483, 27.981257824668091, 0.0 ], [ 85.182159544606066, 27.980343833074414, 0.0 ], [ 85.18221506147961, 27.980321940397232, 0.0 ], [ 85.1825657630921, 27.979081654206709, 0.0 ], [ 85.183030012790539, 27.978240201628296, 0.0 ], [ 85.183320168852163, 27.977297194428331, 0.0 ], [ 85.183944004384387, 27.975353148816055, 0.0 ], [ 85.184567839916781, 27.975150039573009, 0.0 ], [ 85.18588804999672, 27.975280609800677, 0.0 ], [ 85.186366807498075, 27.975367656619142, 0.0 ], [ 85.187019658636586, 27.975802890711464, 0.0 ], [ 85.188020697048898, 27.976600819880616, 0.0 ], [ 85.188717071596614, 27.976876468139153, 0.0 ], [ 85.189703602205668, 27.976760405714401, 0.0 ], [ 85.19041448455647, 27.976180093591438, 0.0 ], [ 85.190603085996543, 27.975425687831375, 0.0 ], [ 85.190574070390312, 27.974627758662223, 0.0 ], [ 85.190196867510338, 27.973989415326855, 0.0 ], [ 85.189660078796578, 27.973496150022356, 0.0 ], [ 85.188963704248863, 27.97326402517308, 0.0 ], [ 85.187962665836551, 27.973133454945355, 0.0 ], [ 85.187048674242817, 27.97297386911157, 0.0 ], [ 85.186279760679781, 27.972321017973115, 0.0 ], [ 85.186294268482754, 27.97190029168388, 0.0 ], [ 85.186294268482754, 27.971319979560747, 0.0 ], [ 85.186441163348434, 27.970973727377554, 0.0 ], [ 85.18620722166429, 27.970565573800855, 0.0 ], [ 85.185525354919719, 27.969840183647023, 0.0 ], [ 85.184828980372004, 27.96933241053938, 0.0 ], [ 85.184277683855271, 27.96883914523471, 0.0 ], [ 85.183682863928993, 27.968650543794809, 0.0 ], [ 85.182768872335316, 27.968432926748619, 0.0 ], [ 85.181782341726091, 27.968171786293226, 0.0 ], [ 85.18031705361534, 27.967460903942424, 0.0 ], [ 85.178619640655256, 27.966285771893297, 0.0 ], [ 85.178663097413107, 27.966228584932878, 0.0 ], [ 85.177981297320116, 27.965589397345582, 0.0 ], [ 85.177192072832725, 27.964656255451871, 0.0 ], [ 85.176662828176461, 27.964247715717022, 0.0 ], [ 85.176087158550388, 27.964071300831677, 0.0 ], [ 85.175418638984638, 27.963894885946331, 0.0 ], [ 85.174815114376713, 27.963607051133238, 0.0 ], [ 85.173682345112411, 27.963096376464989, 0.0 ], [ 85.172614570806104, 27.962065742134428, 0.0 ], [ 85.171389323001904, 27.960400014216532, 0.0 ], [ 85.170480136392484, 27.95929472853436, 0.0 ], [ 85.170547879708522, 27.959051803380191, 0.0 ], [ 85.170509848373115, 27.958857843570229, 0.0 ], [ 85.170429982569033, 27.958755158964891, 0.0 ], [ 85.170285463494963, 27.958701915095446, 0.0 ], [ 85.170106716218982, 27.958667686893705, 0.0 ], [ 85.169707387198457, 27.958641064958954, 0.0 ], [ 85.169479199186696, 27.958648671226058, 0.0 ], [ 85.169330876979018, 27.958591624223004, 0.0 ], [ 85.169216782973137, 27.958412876947193, 0.0 ], [ 85.169216782973137, 27.958291176674209, 0.0 ], [ 85.169212979839472, 27.958158067000738, 0.0 ], [ 85.169273829975964, 27.957922272721873, 0.0 ], [ 85.169311861311371, 27.957713100377703, 0.0 ], [ 85.169220586106576, 27.957553368769481, 0.0 ], [ 85.169072263898897, 27.957416455962345, 0.0 ], [ 85.168908729157238, 27.957351802692415, 0.0 ], [ 85.168695753679458, 27.957290952555923, 0.0 ], [ 85.168524612670694, 27.957222496152383, 0.0 ], [ 85.168410518664814, 27.957085583345417, 0.0 ], [ 85.168395306130662, 27.956922048603587, 0.0 ], [ 85.168311637193085, 27.956792742063556, 0.0 ], [ 85.16766510449304, 27.956526522716501, 0.0 ], [ 85.166710517977037, 27.956024509090639, 0.0 ], [ 85.166284567021648, 27.95590661195115, 0.0 ], [ 85.165965103805263, 27.955849564948267, 0.0 ], [ 85.165653246855754, 27.955773502277623, 0.0 ], [ 85.165082776826296, 27.955541511132196, 0.0 ], [ 85.164999107888718, 27.955343748188795, 0.0 ], [ 85.164843179413992, 27.954868356497627, 0.0 ], [ 85.164614991402232, 27.954556499548119, 0.0 ], [ 85.164116780909808, 27.953814888509726, 0.0 ], [ 85.163964655568691, 27.953525850361643, 0.0 ], [ 85.163827742761555, 27.953213993412135, 0.0 ], [ 85.163831545895164, 27.952947774065137, 0.0 ], [ 85.164010293170975, 27.952411532237477, 0.0 ], [ 85.164116780909808, 27.952152919157356, 0.0 ], [ 85.164116780909808, 27.951829652807362, 0.0 ], [ 85.164078749574571, 27.95157484286085, 0.0 ], [ 85.164097765242161, 27.950799003620887, 0.0 ], [ 85.164147205978111, 27.950624059478514, 0.0 ], [ 85.164154812245044, 27.950327415063157, 0.0 ], [ 85.164242284316231, 27.950057392582551, 0.0 ], [ 85.164223268648584, 27.949582000891382, 0.0 ], [ 85.164219465515146, 27.949338600345413, 0.0 ], [ 85.16422707178225, 27.949091396666063, 0.0 ], [ 85.164352575188673, 27.948874618054788, 0.0 ], [ 85.164371590856263, 27.948509517235891, 0.0 ], [ 85.164287921918515, 27.948345982494232, 0.0 ], [ 85.164109174642704, 27.948106385081758, 0.0 ], [ 85.163957049301587, 27.947615780856381, 0.0 ], [ 85.163900002298533, 27.947425624180028, 0.0 ], [ 85.163645192352078, 27.947011082625352, 0.0 ], [ 85.163436020008078, 27.946809516548285, 0.0 ], [ 85.163158391260367, 27.946543297201117, 0.0 ], [ 85.162975840850891, 27.946258062186473, 0.0 ], [ 85.162709621503893, 27.945797883029286, 0.0 ], [ 85.162743849705691, 27.945581104418068, 0.0 ], [ 85.162660180767944, 27.945136137795203, 0.0 ], [ 85.162618346299098, 27.944934571718136, 0.0 ], [ 85.162435795889792, 27.944504817629308, 0.0 ], [ 85.162234229812725, 27.944162535611611, 0.0 ], [ 85.162059285670352, 27.943550231113306, 0.0 ], [ 85.161888144661418, 27.943169917760258, 0.0 ], [ 85.16178546005608, 27.942717344870346, 0.0 ], [ 85.161332887166168, 27.941739939553088, 0.0 ], [ 85.161176958691442, 27.941557389143668, 0.0 ], [ 85.160990605148527, 27.941260744728481, 0.0 ], [ 85.160948770679624, 27.941005934782027, 0.0 ], [ 85.160800448471946, 27.940450677286549, 0.0 ], [ 85.16073959833551, 27.940173048539009, 0.0 ], [ 85.160496197789541, 27.939534122106011, 0.0 ], [ 85.159834452555458, 27.939009289678893, 0.0 ], [ 85.159708949149035, 27.938784904800571, 0.0 ], [ 85.15860984355885, 27.938024278094758, 0.0 ], [ 85.158111633066426, 27.937704814878202, 0.0 ], [ 85.157978523392956, 27.937453808065186, 0.0 ], [ 85.157822594918173, 27.937122935448201, 0.0 ], [ 85.15781118551763, 27.936970810106914, 0.0 ], [ 85.157788366716375, 27.936529646617544, 0.0 ], [ 85.157681878977598, 27.936233002202187, 0.0 ], [ 85.157605816306955, 27.936077073727404, 0.0 ], [ 85.157567784971718, 27.935829870048053, 0.0 ], [ 85.157525950502816, 27.935586469502255, 0.0 ], [ 85.157423265897648, 27.935183337348121, 0.0 ], [ 85.15722550295402, 27.934772598926884, 0.0 ], [ 85.157126621482348, 27.934529198380972, 0.0 ], [ 85.156913646004512, 27.934278191567955, 0.0 ], [ 85.156533332651634, 27.933814209277273, 0.0 ], [ 85.155951453221689, 27.93301555123611, 0.0 ], [ 85.155635793138686, 27.93266185981787, 0.0 ], [ 85.155411408260363, 27.932235908862481, 0.0 ], [ 85.155213645316962, 27.932041949052518, 0.0 ], [ 85.154856150765113, 27.931760517171313, 0.0 ], [ 85.154601340818658, 27.931608391830196, 0.0 ], [ 85.154221027465724, 27.931456266488908, 0.0 ], [ 85.154125949127263, 27.93140302261952, 0.0 ], [ 85.154205814931572, 27.931285125480144, 0.0 ], [ 85.154331318337995, 27.931269912945993, 0.0 ], [ 85.154464428011522, 27.931182440874807, 0.0 ], [ 85.154559506349756, 27.931102575070724, 0.0 ], [ 85.154704025423825, 27.931018906133147, 0.0 ], [ 85.154795300628621, 27.930969465397197, 0.0 ], [ 85.15489418210035, 27.930824946322957, 0.0 ], [ 85.154719237957977, 27.93070324605003, 0.0 ], [ 85.154658387821485, 27.930676624115279, 0.0 ], [ 85.154525278147958, 27.930562530109398, 0.0 ], [ 85.153882548581521, 27.930379979700149, 0.0 ], [ 85.153680982504454, 27.930326735830533, 0.0 ], [ 85.153437581958485, 27.930300113895839, 0.0 ], [ 85.153163756344441, 27.930277295094811, 0.0 ], [ 85.152266216831492, 27.930254476293555, 0.0 ], [ 85.151999997484268, 27.930296310762401, 0.0 ], [ 85.151718565603119, 27.930482664305316, 0.0 ], [ 85.15155122772785, 27.930615773978843, 0.0 ], [ 85.151338252250241, 27.930745080518875, 0.0 ], [ 85.151132883039509, 27.930745080518875, 0.0 ], [ 85.150919907561899, 27.930623380246061, 0.0 ], [ 85.150821026090171, 27.93049027057242, 0.0 ], [ 85.150718341484833, 27.930262082560603, 0.0 ], [ 85.150878073093054, 27.929356936780607, 0.0 ], [ 85.15087046682595, 27.929022261030013, 0.0 ], [ 85.150885679360101, 27.928832104353489, 0.0 ], [ 85.151262189579541, 27.928185571653387, 0.0 ], [ 85.151410511787219, 27.927949777374522, 0.0 ], [ 85.151623487264828, 27.927554251487493, 0.0 ], [ 85.151589259063087, 27.927371701078187, 0.0 ], [ 85.151704959512642, 27.927214725981116, 0.0 ], [ 85.151768827815829, 27.927097893719008, 0.0 ], [ 85.151823349538233, 27.926923424207644, 0.0 ], [ 85.151918373111243, 27.926738050352014, 0.0 ], [ 85.152085053805195, 27.926630564670859, 0.0 ], [ 85.152181635141744, 27.926516847935773, 0.0 ], [ 85.152201886067132, 27.926454537396125, 0.0 ], [ 85.152204699418633, 27.926454148089078, 0.0 ], [ 85.152208409201876, 27.92643263134687, 0.0 ], [ 85.152213277212752, 27.926352309166873, 0.0 ], [ 85.15219380516902, 27.926108908620904, 0.0 ], [ 85.1521037469671, 27.925894716140647, 0.0 ], [ 85.151984480699639, 27.925709731725647, 0.0 ], [ 85.151933366584899, 27.92561967352367, 0.0 ], [ 85.151862780426654, 27.925310554830389, 0.0 ], [ 85.151862780426654, 27.925008738153508, 0.0 ], [ 85.15182627034477, 27.924906509924256, 0.0 ], [ 85.151804364295515, 27.924694751449294, 0.0 ], [ 85.151811666311971, 27.924599825236442, 0.0 ], [ 85.151836006366523, 27.924458652919782, 0.0 ], [ 85.151836006366523, 27.924217686379336, 0.0 ], [ 85.151814100317495, 27.924003493898908, 0.0 ], [ 85.151845742388502, 27.923584844959919, 0.0 ], [ 85.151838440372046, 27.92343393662145, 0.0 ], [ 85.15177515623003, 27.923258688228429, 0.0 ], [ 85.151772722224678, 27.923076137818953, 0.0 ], [ 85.151689966039157, 27.92279866119668, 0.0 ], [ 85.151670493995425, 27.922642884847335, 0.0 ], [ 85.151670493995425, 27.922482240487113, 0.0 ], [ 85.151658323968149, 27.922358106208605, 0.0 ], [ 85.151595039826134, 27.922280218033961, 0.0 ], [ 85.151497679607758, 27.92221206588107, 0.0 ], [ 85.151266449089121, 27.922034383482639, 0.0 ], [ 85.151166654865392, 27.92193458925874, 0.0 ], [ 85.151091200696044, 27.921868871111371, 0.0 ], [ 85.150864838188511, 27.921715528767436, 0.0 ], [ 85.150636041675398, 27.921596262499975, 0.0 ], [ 85.150490001347805, 27.921584092472699, 0.0 ], [ 85.150273374861797, 27.921584092472699, 0.0 ], [ 85.15015167458904, 27.92151594031975, 0.0 ], [ 85.149611325377066, 27.921116763424493, 0.0 ], [ 85.14946285104395, 27.920995063151508, 0.0 ], [ 85.14913669431246, 27.920778436665728, 0.0 ], [ 85.148973615946716, 27.920608056283584, 0.0 ], [ 85.148720479379051, 27.920583716228975, 0.0 ], [ 85.148598779106067, 27.920632396338135, 0.0 ], [ 85.148411360685714, 27.920722454540282, 0.0 ], [ 85.148226376270941, 27.920683510452875, 0.0 ], [ 85.148029221828608, 27.920593452250898, 0.0 ], [ 85.147727405151898, 27.920425505874277, 0.0 ], [ 85.147673857031691, 27.920357353721386, 0.0 ], [ 85.147613006895199, 27.920225917426649, 0.0 ], [ 85.147561892780629, 27.92011882118635, 0.0 ], [ 85.147294152180109, 27.919909496716912, 0.0 ], [ 85.14710186574888, 27.919734248323891, 0.0 ], [ 85.146765972995468, 27.919617416061783, 0.0 ], [ 85.145970053210419, 27.919332637423054, 0.0 ], [ 85.145614688413445, 27.919213371155649, 0.0 ], [ 85.144899090808451, 27.918909120473188, 0.0 ], [ 85.144275985410957, 27.918624341834516, 0.0 ], [ 85.143623671947978, 27.918371205266794, 0.0 ], [ 85.143304817232718, 27.918164314802766, 0.0 ], [ 85.143061416686976, 27.917916046246091, 0.0 ], [ 85.142350687092858, 27.917546077416318, 0.0 ], [ 85.141605881422379, 27.917137164499081, 0.0 ], [ 85.140943831937648, 27.916786667712984, 0.0 ], [ 85.140590316984856, 27.916503544197951, 0.0 ], [ 85.139979673695166, 27.916185760445217, 0.0 ], [ 85.139423552128051, 27.915776068646551, 0.0 ], [ 85.138979589532312, 27.91536949237468, 0.0 ], [ 85.138303048792238, 27.91506935430084, 0.0 ], [ 85.138253623654293, 27.915082649951955, 0.0 ], [ 85.137938937857086, 27.914898122154682, 0.0 ], [ 85.137808842414756, 27.914821835822011, 0.0 ], [ 85.137688871291914, 27.913742095715293, 0.0 ], [ 85.137457383938397, 27.913459047582251, 0.0 ], [ 85.138432732366709, 27.911442608456355, 0.0 ], [ 85.141153766066736, 27.909097776189867, 0.0 ], [ 85.141661202461364, 27.90761921152307, 0.0 ], [ 85.141886573337104, 27.906867975270359, 0.0 ], [ 85.142149506025703, 27.906154300830053, 0.0 ], [ 85.142264593985487, 27.905624896214306, 0.0 ], [ 85.141678274350852, 27.902412799584738, 0.0 ], [ 85.139588379597228, 27.900599535178515, 0.0 ], [ 85.13913839999168, 27.899989218012308, 0.0 ], [ 85.138854583821455, 27.899604271942451, 0.0 ], [ 85.138650247560633, 27.899231658760868, 0.0 ], [ 85.138493990420102, 27.898390274157862, 0.0 ], [ 85.13845793108004, 27.897693126915328, 0.0 ], [ 85.138385812399576, 27.896923860992558, 0.0 ], [ 85.138373792619745, 27.896322871990321, 0.0 ], [ 85.138554089320337, 27.895842080788441, 0.0 ], [ 85.138782465141162, 27.895517546727319, 0.0 ], [ 85.138889137011802, 27.895386492714863, 0.0 ] ] ] ] } }
]
}
