{
"type": "FeatureCollection",
"name": "hanging_glacier",
"crs": { "type": "name", "properties": { "name": "urn:ogc:def:crs:OGC:1.3:CRS84" } },
"features": [
{ "type": "Feature", "properties": { "Id": 1, "Latitude": 28.0296538831, "Longitude": 85.396748179599996, "GL_ID": "GL085396E28029N", "Basin": "Gandaki", "Sub_Basin": "Trishuli", "Area": 0.0216584937534, "Elevation": 4254, "Type": "E(o)", "Country": "Nepal", "is_pdgl": false, "pdgl_rank": null, "pdgl_rid": null, "pdgl_pid": null }, "geometry": { "type": "Polygon", "coordinates": [ [ [ 85.39726, 28.02976 ], [ 85.39773, 28.02975 ], [ 85.39781, 28.02925 ], [ 85.39761, 28.02897 ], [ 85.39699, 28.02896 ], [ 85.39621, 28.02926 ], [ 85.39602, 28.02938 ], [ 85.39588, 28.02976 ], [ 85.39585, 28.03006 ], [ 85.39597, 28.03046 ], [ 85.39638, 28.03052 ], [ 85.39684, 28.03026 ], [ 85.39704, 28.02985 ], [ 85.39726, 28.02976 ] ] ] } },
{ "type": "Feature", "properties": { "Id": 2, "Latitude": 28.0386204283, "Longitude": 85.397876477699995, "GL_ID": "GL085397E28038N", "Basin": "Gandaki", "Sub_Basin": "Trishuli", "Area": 0.026762893513, "Elevation": 4412, "Type": "E(o)", "Country": "Nepal", "is_pdgl": false, "pdgl_rank": null, "pdgl_rid": null, "pdgl_pid": null }, "geometry": { "type": "Polygon", "coordinates": [ [ [ 85.39803, 28.03757 ], [ 85.39782, 28.03759 ], [ 85.39748, 28.0378 ], [ 85.39731, 28.03835 ], [ 85.39708, 28.0388 ], [ 85.39715, 28.03924 ], [ 85.39734, 28.03956 ], [ 85.39758, 28.03973 ], [ 85.39793, 28.0396 ], [ 85.39824, 28.03932 ], [ 85.39848, 28.03902 ], [ 85.39866, 28.03863 ], [ 85.39858, 28.03789 ], [ 85.39803, 28.03757 ] ] ] } },
{ "type": "Feature", "properties": { "Id": 3, "Latitude": 28.040561748199998, "Longitude": 85.397463112400004, "GL_ID": "GL085397E28040N", "Basin": "Gandaki", "Sub_Basin": "Trishuli", "Area": 0.0049873733549499998, "Elevation": 4419, "Type": "E(o)", "Country": "Nepal", "is_pdgl": false, "pdgl_rank": null, "pdgl_rid": null, "pdgl_pid": null }, "geometry": { "type": "Polygon", "coordinates": [ [ [ 85.39738, 28.04029 ], [ 85.397, 28.04033 ], [ 85.39698, 28.04058 ], [ 85.39737, 28.04084 ], [ 85.39787, 28.04082 ], [ 85.39789, 28.04041 ], [ 85.39738, 28.04029 ] ] ] } },
{ "type": "Feature", "properties": { "Id": 4, "Latitude": 28.044882893600001, "Longitude": 85.398317854599995, "GL_ID": "GL085398E28044N", "Basin": "Gandaki", "Sub_Basin": "Trishuli", "Area": 0.010448549884400001, "Elevation": 4303, "Type": "E(o)", "Country": "Nepal", "is_pdgl": false, "pdgl_rank": null, "pdgl_rid": null, "pdgl_pid": null }, "geometry": { "type": "Polygon", "coordinates": [ [ [ 85.39857, 28.04434 ], [ 85.39819, 28.04436 ], [ 85.39795, 28.04453 ], [ 85.39782, 28.0452 ], [ 85.39787, 28.04552 ], [ 85.39804, 28.04555 ], [ 85.39841, 28.04546 ], [ 85.39851, 28.04512 ], [ 85.39894, 28.04473 ], [ 85.39898, 28.04449 ], [ 85.39857, 28.04434 ] ] ] } },
{ "type": "Feature", "properties": { "Id": 5, "Latitude": 28.049552993199999, "Longitude": 85.395146503999996, "GL_ID": "GL085395E28049N", "Basin": "Gandaki", "Sub_Basin": "Trishuli", "Area": 0.084934829488400004, "Elevation": 4248, "Type": "E(o)", "Country": "Nepal", "is_pdgl": false, "pdgl_rank": null, "pdgl_rid": null, "pdgl_pid": null }, "geometry": { "type": "Polygon", "coordinates": [ [ [ 85.3965, 28.04713 ], [ 85.39575, 28.04745 ], [ 85.39555, 28.04781 ], [ 85.39507, 28.04835 ], [ 85.3947, 28.04903 ], [ 85.39367, 28.04992 ], [ 85.39344, 28.0504 ], [ 85.3934, 28.05113 ], [ 85.39311, 28.05162 ], [ 85.39324, 28.05208 ], [ 85.3936, 28.05211 ], [ 85.39398, 28.0515 ], [ 85.39424, 28.05124 ], [ 85.39526, 28.05064 ], [ 85.39619, 28.04991 ], [ 85.39652, 28.04954 ], [ 85.39682, 28.04901 ], [ 85.39689, 28.04866 ], [ 85.39684, 28.04798 ], [ 85.39657, 28.04746 ], [ 85.3965, 28.04713 ] ] ] } },
{ "type": "Feature", "properties": { "Id": 6, "Latitude": 28.053698108100001, "Longitude": 85.397718983900006, "GL_ID": "GL085397E28053N", "Basin": "Gandaki", "Sub_Basin": "Trishuli", "Area": 0.061130461882100001, "Elevation": 4354, "Type": "E(o)", "Country": "Nepal", "is_pdgl": false, "pdgl_rank": null, "pdgl_rid": null, "pdgl_pid": null }, "geometry": { "type": "Polygon", "coordinates": [ [ [ 85.39881, 28.05207 ], [ 85.39831, 28.05211 ], [ 85.39801, 28.05225 ], [ 85.39733, 28.05294 ], [ 85.39684, 28.05325 ], [ 85.39673, 28.05395 ], [ 85.39633, 28.0543 ], [ 85.39617, 28.05458 ], [ 85.39622, 28.05543 ], [ 85.39646, 28.05544 ], [ 85.39723, 28.05511 ], [ 85.39881, 28.05398 ], [ 85.39904, 28.05312 ], [ 85.39926, 28.05266 ], [ 85.39916, 28.05231 ], [ 85.39881, 28.05207 ] ] ] } },
{ "type": "Feature", "properties": { "Id": 7, "Latitude": 28.059264097900002, "Longitude": 85.393433980200001, "GL_ID": "GL085393E28059N", "Basin": "Gandaki", "Sub_Basin": "Trishuli", "Area": 0.0077864968304099998, "Elevation": 4340, "Type": "E(o)", "Country": "Nepal", "is_pdgl": false, "pdgl_rank": null, "pdgl_rid": null, "pdgl_pid": null }, "geometry": { "type": "Polygon", "coordinates": [ [ [ 85.39385, 28.05869 ], [ 85.39351, 28.05876 ], [ 85.39313, 28.05904 ], [ 85.39301, 28.05994 ], [ 85.39313, 28.05995 ], [ 85.39335, 28.0598 ], [ 85.39384, 28.05921 ], [ 85.39397, 28.05883 ], [ 85.39385, 28.05869 ] ] ] } },
{ "type": "Feature", "properties": { "Id": 8, "Latitude": 28.0611728748, "Longitude": 85.406594157200004, "GL_ID": "GL085406E28061N", "Basin": "Gandaki", "Sub_Basin": "Trishuli", "Area": 0.0081416178388000002, "Elevation": 4486, "Type": "M(o)", "Country": "Nepal", "is_pdgl": false, "pdgl_rank": null, "pdgl_rid": null, "pdgl_pid": null }, "geometry": { "type": "Polygon", "coordinates": [ [ [ 85.40696, 28.06071 ], [ 85.40647, 28.06069 ], [ 85.40622, 28.06099 ], [ 85.40616, 28.06147 ], [ 85.40625, 28.06168 ], [ 85.40661, 28.0617 ], [ 85.40699, 28.06132 ], [ 85.40705, 28.06082 ], [ 85.40696, 28.06071 ] ] ] } },
{ "type": "Feature", "properties": { "Id": 9, "Latitude": 28.060706207799999, "Longitude": 85.3890947119, "GL_ID": "GL085389E28060N", "Basin": "Gandaki", "Sub_Basin": "Trishuli", "Area": 0.165819464478, "Elevation": 4176, "Type": "M(e)", "Country": "Nepal", "is_pdgl": false, "pdgl_rank": null, "pdgl_rid": null, "pdgl_pid": null }, "geometry": { "type": "Polygon", "coordinates": [ [ [ 85.39028, 28.05645 ], [ 85.38985, 28.05656 ], [ 85.38957, 28.05694 ], [ 85.38891, 28.05718 ], [ 85.38873, 28.05736 ], [ 85.38878, 28.05888 ], [ 85.38821, 28.05964 ], [ 85.38787, 28.06053 ], [ 85.3878, 28.06099 ], [ 85.38772, 28.06509 ], [ 85.38784, 28.06535 ], [ 85.38818, 28.06528 ], [ 85.38849, 28.06467 ], [ 85.38891, 28.06434 ], [ 85.38924, 28.06391 ], [ 85.38986, 28.06213 ], [ 85.39005, 28.06067 ], [ 85.39034, 28.06007 ], [ 85.39057, 28.05911 ], [ 85.39053, 28.05701 ], [ 85.39044, 28.05666 ], [ 85.39028, 28.05645 ] ] ] } },
{ "type": "Feature", "properties": { "Id": 10, "Latitude": 28.0660011541, "Longitude": 85.422711386000003, "GL_ID": "GL085422E28066N", "Basin": "Gandaki", "Sub_Basin": "Trishuli", "Area": 0.042007688505400001, "Elevation": 4530, "Type": "E(c)", "Country": "Nepal", "is_pdgl": false, "pdgl_rank": null, "pdgl_rid": null, "pdgl_pid": null }, "geometry": { "type": "Polygon", "coordinates": [ [ [ 85.42256, 28.0644 ], [ 85.42219, 28.06446 ], [ 85.422, 28.06478 ], [ 85.42191, 28.06602 ], [ 85.42212, 28.06649 ], [ 85.42229, 28.0673 ], [ 85.4225, 28.06744 ], [ 85.42304, 28.06748 ], [ 85.42334, 28.06732 ], [ 85.42353, 28.06702 ], [ 85.4235, 28.06594 ], [ 85.42313, 28.065 ], [ 85.42277, 28.0645 ], [ 85.42256, 28.0644 ] ] ] } },
{ "type": "Feature", "properties": { "Id": 11, "Latitude": 28.070075447600001, "Longitude": 85.419325067900004, "GL_ID": "GL085419E28070N", "Basin": "Gandaki", "Sub_Basin": "Trishuli", "Area": 0.022662590628600002, "Elevation": 4514, "Type": "E(o)", "Country": "Nepal", "is_pdgl": false, "pdgl_rank": null, "pdgl_rid": null, "pdgl_pid": null }, "geometry": { "type": "Polygon", "coordinates": [ [ [ 85.41989, 28.06901 ], [ 85.41913, 28.06911 ], [ 85.41884, 28.06951 ], [ 85.41878, 28.07025 ], [ 85.41888, 28.07099 ], [ 85.41883, 28.07124 ], [ 85.41897, 28.07141 ], [ 85.41954, 28.07098 ], [ 85.41973, 28.07072 ], [ 85.41976, 28.06997 ], [ 85.42001, 28.06933 ], [ 85.41999, 28.06911 ], [ 85.41989, 28.06901 ] ] ] } },
{ "type": "Feature", "properties": { "Id": 12, "Latitude": 28.070846928400002, "Longitude": 85.421763138700001, "GL_ID": "GL085421E28070N", "Basin": "Gandaki", "Sub_Basin": "Trishuli", "Area": 0.0199970270693, "Elevation": 4502, "Type": "E(o)", "Country": "Nepal", "is_pdgl": false, "pdgl_rank": null, "pdgl_rid": null, "pdgl_pid": null }, "geometry": { "type": "Polygon", "coordinates": [ [ [ 85.42227, 28.06989 ], [ 85.42189, 28.06991 ], [ 85.42142, 28.07035 ], [ 85.42108, 28.07122 ], [ 85.42103, 28.0718 ], [ 85.4211, 28.0719 ], [ 85.42142, 28.07183 ], [ 85.42218, 28.07123 ], [ 85.42249, 28.07039 ], [ 85.42246, 28.07003 ], [ 85.42227, 28.06989 ] ] ] } },
{ "type": "Feature", "properties": { "Id": 13, "Latitude": 28.072624347400001, "Longitude": 85.410486241100003, "GL_ID": "GL085410E28072N", "Basin": "Gandaki", "Sub_Basin": "Trishuli", "Area": 0.0076595075496799997, "Elevation": 4608, "Type": "E(o)", "Country": "Nepal", "is_pdgl": false, "pdgl_rank": null, "pdgl_rid": null, "pdgl_pid": null }, "geometry": { "type": "Polygon", "coordinates": [ [ [ 85.41053, 28.0719 ], [ 85.41041, 28.07191 ], [ 85.41027, 28.07208 ], [ 85.41014, 28.07283 ], [ 85.41021, 28.07312 ], [ 85.41042, 28.07324 ], [ 85.41067, 28.07315 ], [ 85.41089, 28.07279 ], [ 85.41065, 28.07207 ], [ 85.41053, 28.0719 ] ] ] } },
{ "type": "Feature", "properties": { "Id": 14, "Latitude": 28.071819762800001, "Longitude": 85.427921381299996, "GL_ID": "GL085427E28071N", "Basin": "Gandaki", "Sub_Basin": "Trishuli", "Area": 0.0445557317907, "Elevation": 4631, "Type": "E(o)", "Country": "Nepal", "is_pdgl": false, "pdgl_rank": null, "pdgl_rid": null, "pdgl_pid": null }, "geometry": { "type": "Polygon", "coordinates": [ [ [ 85.42812, 28.07027 ], [ 85.42786, 28.07029 ], [ 85.42754, 28.07051 ], [ 85.42742, 28.07078 ], [ 85.42734, 28.0714 ], [ 85.42691, 28.07209 ], [ 85.42699, 28.07255 ], [ 85.42721, 28.07301 ], [ 85.42768, 28.07324 ], [ 85.42827, 28.07324 ], [ 85.42838, 28.07315 ], [ 85.42855, 28.07227 ], [ 85.42894, 28.07125 ], [ 85.42888, 28.07084 ], [ 85.42838, 28.07065 ], [ 85.42826, 28.07034 ], [ 85.42812, 28.07027 ] ] ] } },
{ "type": "Feature", "properties": { "Id": 15, "Latitude": 28.075810840199999, "Longitude": 85.425429157300002, "GL_ID": "GL085425E28075N", "Basin": "Gandaki", "Sub_Basin": "Trishuli", "Area": 0.015931038444400001, "Elevation": 4616, "Type": "E(o)", "Country": "Nepal", "is_pdgl": false, "pdgl_rank": null, "pdgl_rid": null, "pdgl_pid": null }, "geometry": { "type": "Polygon", "coordinates": [ [ [ 85.42528, 28.07637 ], [ 85.42622, 28.07596 ], [ 85.42629, 28.07565 ], [ 85.42613, 28.07534 ], [ 85.4258, 28.07525 ], [ 85.42531, 28.07527 ], [ 85.42468, 28.07574 ], [ 85.42452, 28.07603 ], [ 85.42467, 28.07627 ], [ 85.42483, 28.07635 ], [ 85.42528, 28.07637 ] ] ] } },
{ "type": "Feature", "properties": { "Id": 16, "Latitude": 28.0771226781, "Longitude": 85.417724152600002, "GL_ID": "GL085417E28077N", "Basin": "Gandaki", "Sub_Basin": "Trishuli", "Area": 0.0109897107603, "Elevation": 4408, "Type": "E(o)", "Country": "Nepal", "is_pdgl": false, "pdgl_rank": null, "pdgl_rid": null, "pdgl_pid": null }, "geometry": { "type": "Polygon", "coordinates": [ [ [ 85.41806, 28.07646 ], [ 85.4175, 28.07654 ], [ 85.41719, 28.07758 ], [ 85.41733, 28.07777 ], [ 85.41779, 28.07773 ], [ 85.41806, 28.07749 ], [ 85.41821, 28.07686 ], [ 85.41819, 28.07663 ], [ 85.41806, 28.07646 ] ] ] } },
{ "type": "Feature", "properties": { "Id": 17, "Latitude": 28.0783903347, "Longitude": 85.422200644, "GL_ID": "GL085422E28078N", "Basin": "Gandaki", "Sub_Basin": "Trishuli", "Area": 0.0098841388591699997, "Elevation": 4580, "Type": "E(o)", "Country": "Nepal", "is_pdgl": false, "pdgl_rank": null, "pdgl_rid": null, "pdgl_pid": null }, "geometry": { "type": "Polygon", "coordinates": [ [ [ 85.42281, 28.07801 ], [ 85.42185, 28.07805 ], [ 85.42156, 28.07837 ], [ 85.42148, 28.07866 ], [ 85.42168, 28.07881 ], [ 85.42266, 28.07865 ], [ 85.42291, 28.07831 ], [ 85.42291, 28.07807 ], [ 85.42281, 28.07801 ] ] ] } },
{ "type": "Feature", "properties": { "Id": 18, "Latitude": 28.079885829599998, "Longitude": 85.399368808800006, "GL_ID": "GL085399E28079N", "Basin": "Gandaki", "Sub_Basin": "Trishuli", "Area": 0.020715678878799999, "Elevation": 4103, "Type": "E(o)", "Country": "Nepal", "is_pdgl": false, "pdgl_rank": null, "pdgl_rid": null, "pdgl_pid": null }, "geometry": { "type": "Polygon", "coordinates": [ [ [ 85.40004, 28.07947 ], [ 85.39856, 28.07936 ], [ 85.39836, 28.07954 ], [ 85.39824, 28.07984 ], [ 85.39833, 28.08004 ], [ 85.39883, 28.08028 ], [ 85.39983, 28.08049 ], [ 85.40018, 28.08047 ], [ 85.40036, 28.08033 ], [ 85.40038, 28.07986 ], [ 85.40004, 28.07947 ] ] ] } },
{ "type": "Feature", "properties": { "Id": 19, "Latitude": 28.080394975699999, "Longitude": 85.407543856000004, "GL_ID": "GL085407E28080N", "Basin": "Gandaki", "Sub_Basin": "Trishuli", "Area": 0.14606377584399999, "Elevation": 4314, "Type": "E(c)", "Country": "Nepal", "is_pdgl": false, "pdgl_rank": null, "pdgl_rid": null, "pdgl_pid": null }, "geometry": { "type": "Polygon", "coordinates": [ [ [ 85.41003, 28.07998 ], [ 85.40989, 28.07982 ], [ 85.40959, 28.07968 ], [ 85.40856, 28.07847 ], [ 85.40827, 28.07834 ], [ 85.40782, 28.07837 ], [ 85.40694, 28.0791 ], [ 85.40568, 28.07919 ], [ 85.40455, 28.0794 ], [ 85.40486, 28.07987 ], [ 85.40556, 28.08002 ], [ 85.40557, 28.08126 ], [ 85.40603, 28.08185 ], [ 85.40651, 28.08189 ], [ 85.40669, 28.08199 ], [ 85.40684, 28.08278 ], [ 85.40702, 28.08275 ], [ 85.40736, 28.0824 ], [ 85.40823, 28.08207 ], [ 85.40872, 28.08157 ], [ 85.40931, 28.08139 ], [ 85.4097, 28.08116 ], [ 85.40993, 28.08086 ], [ 85.41007, 28.08047 ], [ 85.41003, 28.07998 ] ] ] } },
{ "type": "Feature", "properties": { "Id": 20, "Latitude": 28.0823275391, "Longitude": 85.414293079199993, "GL_ID": "GL085414E28082N", "Basin": "Gandaki", "Sub_Basin": "Trishuli", "Area": 0.15924113243900001, "Elevation": 4387, "Type": "M(e)", "Country": "Nepal", "is_pdgl": false, "pdgl_rank": null, "pdgl_rid": null, "pdgl_pid": null }, "geometry": { "type": "Polygon", "coordinates": [ [ [ 85.41653, 28.08202 ], [ 85.41699, 28.08059 ], [ 85.41695, 28.08014 ], [ 85.4178, 28.07887 ], [ 85.41781, 28.07868 ], [ 85.41767, 28.0785 ], [ 85.41733, 28.07853 ], [ 85.41696, 28.07881 ], [ 85.41625, 28.08015 ], [ 85.41579, 28.08079 ], [ 85.41588, 28.08138 ], [ 85.41551, 28.08142 ], [ 85.41513, 28.08119 ], [ 85.41474, 28.08119 ], [ 85.41406, 28.08147 ], [ 85.41266, 28.08181 ], [ 85.41194, 28.08236 ], [ 85.41045, 28.08324 ], [ 85.41042, 28.08343 ], [ 85.4111, 28.08383 ], [ 85.41208, 28.0841 ], [ 85.41346, 28.08416 ], [ 85.41482, 28.08406 ], [ 85.4152, 28.08393 ], [ 85.41573, 28.08352 ], [ 85.41621, 28.0824 ], [ 85.41653, 28.08202 ] ] ] } },
{ "type": "Feature", "properties": { "Id": 21, "Latitude": 28.086120736800002, "Longitude": 85.421317222, "GL_ID": "GL085421E28086N", "Basin": "Gandaki", "Sub_Basin": "Trishuli", "Area": 0.0097790765351899994, "Elevation": 4622, "Type": "E(o)", "Country": "Nepal", "is_pdgl": false, "pdgl_rank": null, "pdgl_rid": null, "pdgl_pid": null }, "geometry": { "type": "Polygon", "coordinates": [ [ [ 85.42124, 28.08554 ], [ 85.42097, 28.08557 ], [ 85.42083, 28.0857 ], [ 85.42081, 28.08611 ], [ 85.42093, 28.08643 ], [ 85.42117, 28.08659 ], [ 85.42143, 28.08662 ], [ 85.42194, 28.08644 ], [ 85.42197, 28.08634 ], [ 85.42185, 28.08608 ], [ 85.42124, 28.08554 ] ] ] } },
{ "type": "Feature", "properties": { "Id": 22, "Latitude": 28.0884092917, "Longitude": 85.4271622192, "GL_ID": "GL085427E28088N", "Basin": "Gandaki", "Sub_Basin": "Trishuli", "Area": 0.0073914825892099998, "Elevation": 4744, "Type": "E(o)", "Country": "Nepal", "is_pdgl": false, "pdgl_rank": null, "pdgl_rid": null, "pdgl_pid": null }, "geometry": { "type": "Polygon", "coordinates": [ [ [ 85.42737, 28.08793 ], [ 85.42706, 28.08797 ], [ 85.42677, 28.08816 ], [ 85.42673, 28.08847 ], [ 85.4269, 28.08887 ], [ 85.42725, 28.08888 ], [ 85.42747, 28.08877 ], [ 85.42758, 28.08817 ], [ 85.42753, 28.08803 ], [ 85.42737, 28.08793 ] ] ] } },
{ "type": "Feature", "properties": { "Id": 23, "Latitude": 28.0927118798, "Longitude": 85.426607564099996, "GL_ID": "GL085426E28092N", "Basin": "Gandaki", "Sub_Basin": "Trishuli", "Area": 0.00996111241881, "Elevation": 4708, "Type": "E(o)", "Country": "Nepal", "is_pdgl": false, "pdgl_rank": null, "pdgl_rid": null, "pdgl_pid": null }, "geometry": { "type": "Polygon", "coordinates": [ [ [ 85.42692, 28.09213 ], [ 85.42652, 28.09217 ], [ 85.4262, 28.09246 ], [ 85.42613, 28.09282 ], [ 85.42619, 28.09313 ], [ 85.42631, 28.09325 ], [ 85.4267, 28.09334 ], [ 85.42688, 28.09315 ], [ 85.42708, 28.0924 ], [ 85.42705, 28.09225 ], [ 85.42692, 28.09213 ] ] ] } },
{ "type": "Feature", "properties": { "Id": 24, "Latitude": 28.1103694221, "Longitude": 85.437332337399994, "GL_ID": "GL085437E28110N", "Basin": "Gandaki", "Sub_Basin": "Trishuli", "Area": 0.012084077612500001, "Elevation": 4571, "Type": "M(o)", "Country": "Nepal", "is_pdgl": false, "pdgl_rank": null, "pdgl_rid": null, "pdgl_pid": null }, "geometry": { "type": "Polygon", "coordinates": [ [ [ 85.43771, 28.10961 ], [ 85.43753, 28.10964 ], [ 85.43705, 28.10994 ], [ 85.43682, 28.11018 ], [ 85.43676, 28.11053 ], [ 85.43689, 28.11086 ], [ 85.43701, 28.11097 ], [ 85.43745, 28.11099 ], [ 85.43768, 28.11089 ], [ 85.43778, 28.11073 ], [ 85.43779, 28.10988 ], [ 85.43771, 28.10961 ] ] ] } },
{ "type": "Feature", "properties": { "Id": 25, "Latitude": 28.111519325100002, "Longitude": 85.486612430999998, "GL_ID": "GL085486E28111N", "Basin": "Gandaki", "Sub_Basin": "Trishuli", "Area": 0.020743612711, "Elevation": 4939, "Type": "M(o)", "Country": "Nepal", "is_pdgl": false, "pdgl_rank": null, "pdgl_rid": null, "pdgl_pid": null }, "geometry": { "type": "Polygon", "coordinates": [ [ [ 85.48619, 28.11061 ], [ 85.48594, 28.11065 ], [ 85.4858, 28.11079 ], [ 85.48574, 28.11093 ], [ 85.4858, 28.11122 ], [ 85.48613, 28.11181 ], [ 85.48654, 28.1121 ], [ 85.4868, 28.1125 ], [ 85.48716, 28.11254 ], [ 85.48731, 28.1122 ], [ 85.48725, 28.11176 ], [ 85.48733, 28.11129 ], [ 85.48718, 28.11112 ], [ 85.48619, 28.11061 ] ] ] } },
{ "type": "Feature", "properties": { "Id": 26, "Latitude": 28.126017259699999, "Longitude": 85.479229300900002, "GL_ID": "GL085479E28126N", "Basin": "Gandaki", "Sub_Basin": "Trishuli", "Area": 0.00940166750142, "Elevation": 4684, "Type": "M(o)", "Country": "Nepal", "is_pdgl": false, "pdgl_rank": null, "pdgl_rid": null, "pdgl_pid": null }, "geometry": { "type": "Polygon", "coordinates": [ [ [ 85.47937, 28.12551 ], [ 85.4789, 28.12546 ], [ 85.47882, 28.12556 ], [ 85.47875, 28.12592 ], [ 85.47887, 28.12636 ], [ 85.47912, 28.12652 ], [ 85.47966, 28.12653 ], [ 85.47973, 28.12647 ], [ 85.47967, 28.12591 ], [ 85.47937, 28.12551 ] ] ] } },
{ "type": "Feature", "properties": { "Id": 27, "Latitude": 28.124728639099999, "Longitude": 85.468834103199995, "GL_ID": "GL085468E28124N", "Basin": "Gandaki", "Sub_Basin": "Trishuli", "Area": 0.16698349989399999, "Elevation": 4787, "Type": "E(c)", "Country": "Nepal", "is_pdgl": false, "pdgl_rank": null, "pdgl_rid": null, "pdgl_pid": null }, "geometry": { "type": "Polygon", "coordinates": [ [ [ 85.47167, 28.12616 ], [ 85.47168, 28.12596 ], [ 85.47107, 28.12484 ], [ 85.47086, 28.1246 ], [ 85.46821, 28.12234 ], [ 85.46784, 28.12214 ], [ 85.46745, 28.12217 ], [ 85.46704, 28.12229 ], [ 85.46666, 28.12259 ], [ 85.46647, 28.12348 ], [ 85.46686, 28.12503 ], [ 85.46675, 28.12585 ], [ 85.46681, 28.12598 ], [ 85.46836, 28.12607 ], [ 85.46873, 28.1262 ], [ 85.46939, 28.12659 ], [ 85.47065, 28.12709 ], [ 85.47122, 28.12696 ], [ 85.47167, 28.12616 ] ] ] } },
{ "type": "Feature", "properties": { "Id": 28, "Latitude": 28.151366898599999, "Longitude": 85.495507319500007, "GL_ID": "GL085495E28151N", "Basin": "Gandaki", "Sub_Basin": "Trishuli", "Area": 0.081848683078600007, "Elevation": 5051, "Type": "M(o)", "Country": "Nepal", "is_pdgl": false, "pdgl_rank": null, "pdgl_rid": null, "pdgl_pid": null }, "geometry": { "type": "Polygon", "coordinates": [ [ [ 85.49651, 28.14996 ], [ 85.49611, 28.14997 ], [ 85.49496, 28.15047 ], [ 85.49409, 28.15108 ], [ 85.49396, 28.1513 ], [ 85.49379, 28.15213 ], [ 85.49356, 28.1523 ], [ 85.49287, 28.1525 ], [ 85.49249, 28.15276 ], [ 85.49246, 28.15293 ], [ 85.49303, 28.15296 ], [ 85.49538, 28.15237 ], [ 85.49753, 28.15131 ], [ 85.498, 28.15093 ], [ 85.49793, 28.15066 ], [ 85.49741, 28.15021 ], [ 85.49651, 28.14996 ] ] ] } },
{ "type": "Feature", "properties": { "Id": 29, "Latitude": 28.1615157128, "Longitude": 85.651531529300001, "GL_ID": "GL085651E28161N", "Basin": "Gandaki", "Sub_Basin": "Trishuli", "Area": 0.0067818236303300002, "Elevation": 4850, "Type": "M(e)", "Country": "Nepal", "is_pdgl": false, "pdgl_rank": null, "pdgl_rid": null, "pdgl_pid": null }, "geometry": { "type": "Polygon", "coordinates": [ [ [ 85.65215, 28.16113 ], [ 85.65146, 28.16119 ], [ 85.65095, 28.16167 ], [ 85.65094, 28.16189 ], [ 85.65123, 28.16195 ], [ 85.65154, 28.16185 ], [ 85.65221, 28.1613 ], [ 85.65224, 28.16121 ], [ 85.65215, 28.16113 ] ] ] } },
{ "type": "Feature", "properties": { "Id": 30, "Latitude": 28.162792206100001, "Longitude": 85.630412609800004, "GL_ID": "GL085630E28162N", "Basin": "Gandaki", "Sub_Basin": "Trishuli", "Area": 0.14042244352, "Elevation": 4983, "Type": "M(e)", "Country": "Nepal", "is_pdgl": true, "pdgl_rank": "I", "pdgl_rid": 43, "pdgl_pid": 43 }, "geometry": { "type": "Polygon", "coordinates": [ [ [ 85.62965, 28.16118 ], [ 85.62912, 28.16119 ], [ 85.62864, 28.16179 ], [ 85.6278, 28.16245 ], [ 85.62755, 28.16324 ], [ 85.62775, 28.16379 ], [ 85.62799, 28.16399 ], [ 85.62942, 28.16421 ], [ 85.63129, 28.16397 ], [ 85.63204, 28.1637 ], [ 85.63344, 28.16301 ], [ 85.63385, 28.16274 ], [ 85.63394, 28.16252 ], [ 85.63394, 28.16238 ], [ 85.63381, 28.16221 ], [ 85.63296, 28.16188 ], [ 85.63187, 28.16181 ], [ 85.63076, 28.16163 ], [ 85.62965, 28.16118 ] ] ] } },
{ "type": "Feature", "properties": { "Id": 31, "Latitude": 28.171138519300001, "Longitude": 85.600842438699999, "GL_ID": "GL085600E28171N", "Basin": "Gandaki", "Sub_Basin": "Trishuli", "Area": 0.0110706183048, "Elevation": 5036, "Type": "M(o)", "Country": "Nepal", "is_pdgl": false, "pdgl_rank": null, "pdgl_rid": null, "pdgl_pid": null }, "geometry": { "type": "Polygon", "coordinates": [ [ [ 85.60111, 28.17071 ], [ 85.60049, 28.17059 ], [ 85.60039, 28.17068 ], [ 85.6003, 28.17106 ], [ 85.60038, 28.17152 ], [ 85.60063, 28.17169 ], [ 85.60139, 28.17144 ], [ 85.60154, 28.17127 ], [ 85.60147, 28.17103 ], [ 85.60111, 28.17071 ] ] ] } },
{ "type": "Feature", "properties": { "Id": 32, "Latitude": 28.177055653699998, "Longitude": 85.582553781100003, "GL_ID": "GL085582E28177N", "Basin": "Gandaki", "Sub_Basin": "Trishuli", "Area": 0.0047291145037200001, "Elevation": 4779, "Type": "M(o)", "Country": "Nepal", "is_pdgl": false, "pdgl_rank": null, "pdgl_rid": null, "pdgl_pid": null }, "geometry": { "type": "Polygon", "coordinates": [ [ [ 85.58274, 28.17668 ], [ 85.5824, 28.1767 ], [ 85.5823, 28.17682 ], [ 85.58221, 28.17721 ], [ 85.58232, 28.17742 ], [ 85.58251, 28.17746 ], [ 85.58287, 28.1772 ], [ 85.58288, 28.17682 ], [ 85.58274, 28.17668 ] ] ] } },
{ "type": "Feature", "properties": { "Id": 33, "Latitude": 28.1789118073, "Longitude": 85.697907407200006, "GL_ID": "GL085697E28178N", "Basin": "Gandaki", "Sub_Basin": "Trishuli", "Area": 0.065428054098899999, "Elevation": 4746, "Type": "M(o)", "Country": "Nepal", "is_pdgl": false, "pdgl_rank": null, "pdgl_rid": null, "pdgl_pid": null }, "geometry": { "type": "Polygon", "coordinates": [ [ [ 85.69766, 28.17702 ], [ 85.69694, 28.17712 ], [ 85.69682, 28.17757 ], [ 85.69682, 28.17897 ], [ 85.69697, 28.1793 ], [ 85.6974, 28.17977 ], [ 85.69787, 28.18077 ], [ 85.69844, 28.181 ], [ 85.69858, 28.18092 ], [ 85.69877, 28.18013 ], [ 85.69934, 28.17989 ], [ 85.69933, 28.17945 ], [ 85.69886, 28.17908 ], [ 85.6987, 28.17884 ], [ 85.69848, 28.17801 ], [ 85.6982, 28.17742 ], [ 85.69766, 28.17702 ] ] ] } },
{ "type": "Feature", "properties": { "Id": 34, "Latitude": 28.1803924809, "Longitude": 85.695232173099996, "GL_ID": "GL085695E28180N", "Basin": "Gandaki", "Sub_Basin": "Trishuli", "Area": 0.0097560571714099993, "Elevation": 4824, "Type": "M(o)", "Country": "Nepal", "is_pdgl": false, "pdgl_rank": null, "pdgl_rid": null, "pdgl_pid": null }, "geometry": { "type": "Polygon", "coordinates": [ [ [ 85.69535, 28.17996 ], [ 85.69468, 28.18002 ], [ 85.69443, 28.18021 ], [ 85.69437, 28.18041 ], [ 85.69521, 28.18058 ], [ 85.69545, 28.18072 ], [ 85.69566, 28.18103 ], [ 85.69585, 28.18105 ], [ 85.69594, 28.18073 ], [ 85.69589, 28.18054 ], [ 85.69555, 28.1801 ], [ 85.69535, 28.17996 ] ] ] } },
{ "type": "Feature", "properties": { "Id": 35, "Latitude": 28.186440560899999, "Longitude": 85.744467521700003, "GL_ID": "GL085744E28186N", "Basin": "Gandaki", "Sub_Basin": "Trishuli", "Area": 0.0051459843878600003, "Elevation": 4932, "Type": "I(s)", "Country": "Nepal", "is_pdgl": false, "pdgl_rank": null, "pdgl_rid": null, "pdgl_pid": null }, "geometry": { "type": "Polygon", "coordinates": [ [ [ 85.74458, 28.18605 ], [ 85.74423, 28.1861 ], [ 85.74409, 28.18623 ], [ 85.74414, 28.18658 ], [ 85.74445, 28.18689 ], [ 85.74458, 28.18692 ], [ 85.74473, 28.1868 ], [ 85.74478, 28.18626 ], [ 85.74476, 28.18613 ], [ 85.74458, 28.18605 ] ] ] } },
{ "type": "Feature", "properties": { "Id": 36, "Latitude": 28.190599038599998, "Longitude": 85.768166872600005, "GL_ID": "GL085768E28190N", "Basin": "Gandaki", "Sub_Basin": "Trishuli", "Area": 0.0045383328031899997, "Elevation": 5168, "Type": "I(s)", "Country": "Nepal", "is_pdgl": false, "pdgl_rank": null, "pdgl_rid": null, "pdgl_pid": null }, "geometry": { "type": "Polygon", "coordinates": [ [ [ 85.76822, 28.19024 ], [ 85.76795, 28.19027 ], [ 85.76783, 28.19046 ], [ 85.76787, 28.19085 ], [ 85.76818, 28.19095 ], [ 85.76843, 28.1909 ], [ 85.76853, 28.1907 ], [ 85.76845, 28.19041 ], [ 85.76822, 28.19024 ] ] ] } },
{ "type": "Feature", "properties": { "Id": 37, "Latitude": 28.219733297499999, "Longitude": 85.561988963700003, "GL_ID": "GL085561E28219N", "Basin": "Gandaki", "Sub_Basin": "Trishuli", "Area": 0.041699673141800002, "Elevation": 3988, "Type": "M(e)", "Country": "Nepal", "is_pdgl": false, "pdgl_rank": null, "pdgl_rid": null, "pdgl_pid": null }, "geometry": { "type": "Polygon", "coordinates": [ [ [ 85.56142, 28.21785 ], [ 85.56124, 28.21796 ], [ 85.56123, 28.21918 ], [ 85.56133, 28.22023 ], [ 85.56144, 28.22067 ], [ 85.56155, 28.22081 ], [ 85.56202, 28.2209 ], [ 85.56214, 28.22106 ], [ 85.56215, 28.22132 ], [ 85.56227, 28.22144 ], [ 85.56261, 28.22148 ], [ 85.5627, 28.22134 ], [ 85.56276, 28.22067 ], [ 85.56304, 28.22018 ], [ 85.56302, 28.21999 ], [ 85.5628, 28.21965 ], [ 85.5623, 28.21934 ], [ 85.56219, 28.21918 ], [ 85.56209, 28.21835 ], [ 85.56182, 28.21793 ], [ 85.56142, 28.21785 ] ] ] } },
{ "type": "Feature", "properties": { "Id": 38, "Latitude": 28.228624996899999, "Longitude": 85.620899626099998, "GL_ID": "GL085620E28228N", "Basin": "Gandaki", "Sub_Basin": "Trishuli", "Area": 0.0049935799205899998, "Elevation": 5186, "Type": "E(o)", "Country": "Nepal", "is_pdgl": false, "pdgl_rank": null, "pdgl_rid": null, "pdgl_pid": null }, "geometry": { "type": "Polygon", "coordinates": [ [ [ 85.62122, 28.22826 ], [ 85.62082, 28.22828 ], [ 85.62067, 28.22846 ], [ 85.62045, 28.22855 ], [ 85.62045, 28.22874 ], [ 85.62082, 28.22902 ], [ 85.62111, 28.22898 ], [ 85.6213, 28.22842 ], [ 85.62122, 28.22826 ] ] ] } },
{ "type": "Feature", "properties": { "Id": 39, "Latitude": 28.231181572200001, "Longitude": 85.617614078399995, "GL_ID": "GL085617E28231N", "Basin": "Gandaki", "Sub_Basin": "Trishuli", "Area": 0.0035562360390899998, "Elevation": 5190, "Type": "E(o)", "Country": "Nepal", "is_pdgl": false, "pdgl_rank": null, "pdgl_rid": null, "pdgl_pid": null }, "geometry": { "type": "Polygon", "coordinates": [ [ [ 85.61733, 28.23141 ], [ 85.61775, 28.23148 ], [ 85.6179, 28.23137 ], [ 85.61788, 28.23095 ], [ 85.61732, 28.2309 ], [ 85.61733, 28.23141 ] ] ] } },
{ "type": "Feature", "properties": { "Id": 40, "Latitude": 28.233126749, "Longitude": 85.610700003399998, "GL_ID": "GL085610E28233N", "Basin": "Gandaki", "Sub_Basin": "Trishuli", "Area": 0.035988700907600001, "Elevation": 5084, "Type": "E(o)", "Country": "Nepal", "is_pdgl": false, "pdgl_rank": null, "pdgl_rid": null, "pdgl_pid": null }, "geometry": { "type": "Polygon", "coordinates": [ [ [ 85.61169, 28.23247 ], [ 85.61049, 28.23211 ], [ 85.61008, 28.23227 ], [ 85.60996, 28.23282 ], [ 85.60962, 28.23317 ], [ 85.6096, 28.23358 ], [ 85.60976, 28.23396 ], [ 85.61039, 28.23403 ], [ 85.61105, 28.23398 ], [ 85.61148, 28.23375 ], [ 85.61167, 28.2335 ], [ 85.61177, 28.23295 ], [ 85.61169, 28.23247 ] ] ] } },
{ "type": "Feature", "properties": { "Id": 41, "Latitude": 28.235579833399999, "Longitude": 85.699768830300002, "GL_ID": "GL085699E28235N", "Basin": "Gandaki", "Sub_Basin": "Trishuli", "Area": 0.0048612524479499999, "Elevation": 4536, "Type": "I(s)", "Country": "Nepal", "is_pdgl": false, "pdgl_rank": null, "pdgl_rid": null, "pdgl_pid": null }, "geometry": { "type": "Polygon", "coordinates": [ [ [ 85.69995, 28.23522 ], [ 85.6996, 28.23522 ], [ 85.69946, 28.23532 ], [ 85.69949, 28.23584 ], [ 85.69958, 28.23602 ], [ 85.69978, 28.236 ], [ 85.70009, 28.23574 ], [ 85.70011, 28.23535 ], [ 85.69995, 28.23522 ] ] ] } },
{ "type": "Feature", "properties": { "Id": 42, "Latitude": 28.235837229200001, "Longitude": 85.610742440699994, "GL_ID": "GL085610E28235N", "Basin": "Gandaki", "Sub_Basin": "Trishuli", "Area": 0.00601768094622, "Elevation": 5172, "Type": "E(o)", "Country": "Nepal", "is_pdgl": false, "pdgl_rank": null, "pdgl_rid": null, "pdgl_pid": null }, "geometry": { "type": "Polygon", "coordinates": [ [ [ 85.61107, 28.23546 ], [ 85.61056, 28.23547 ], [ 85.6104, 28.23557 ], [ 85.61033, 28.23587 ], [ 85.61047, 28.23619 ], [ 85.61072, 28.23626 ], [ 85.61105, 28.23611 ], [ 85.61115, 28.23591 ], [ 85.61107, 28.23546 ] ] ] } },
{ "type": "Feature", "properties": { "Id": 43, "Latitude": 28.235439609699998, "Longitude": 85.442618942500005, "GL_ID": "GL085442E28235N", "Basin": "Gandaki", "Sub_Basin": "Trishuli", "Area": 0.0233644378869, "Elevation": 4638, "Type": "M(o)", "Country": "Nepal", "is_pdgl": false, "pdgl_rank": null, "pdgl_rid": null, "pdgl_pid": null }, "geometry": { "type": "Polygon", "coordinates": [ [ [ 85.44362, 28.23566 ], [ 85.44359, 28.23534 ], [ 85.44346, 28.23507 ], [ 85.44235, 28.23477 ], [ 85.44178, 28.23477 ], [ 85.44146, 28.23535 ], [ 85.44149, 28.23556 ], [ 85.4416, 28.23567 ], [ 85.44206, 28.2356 ], [ 85.44234, 28.2357 ], [ 85.44279, 28.23637 ], [ 85.44297, 28.23633 ], [ 85.4435, 28.2359 ], [ 85.44362, 28.23566 ] ] ] } },
{ "type": "Feature", "properties": { "Id": 44, "Latitude": 28.236411732499999, "Longitude": 85.639283178100001, "GL_ID": "GL085639E28236N", "Basin": "Gandaki", "Sub_Basin": "Trishuli", "Area": 0.0052789308928499999, "Elevation": 4592, "Type": "I(s)", "Country": "Nepal", "is_pdgl": false, "pdgl_rank": null, "pdgl_rid": null, "pdgl_pid": null }, "geometry": { "type": "Polygon", "coordinates": [ [ [ 85.63957, 28.23606 ], [ 85.63912, 28.23603 ], [ 85.63901, 28.23613 ], [ 85.63893, 28.23649 ], [ 85.63909, 28.23679 ], [ 85.63934, 28.23683 ], [ 85.63955, 28.23673 ], [ 85.63961, 28.23625 ], [ 85.63957, 28.23606 ] ] ] } },
{ "type": "Feature", "properties": { "Id": 45, "Latitude": 28.237197826399999, "Longitude": 85.713091371000004, "GL_ID": "GL085713E28237N", "Basin": "Gandaki", "Sub_Basin": "Trishuli", "Area": 0.00562178177975, "Elevation": 4691, "Type": "I(s)", "Country": "Nepal", "is_pdgl": false, "pdgl_rank": null, "pdgl_rid": null, "pdgl_pid": null }, "geometry": { "type": "Polygon", "coordinates": [ [ [ 85.71321, 28.23677 ], [ 85.71293, 28.23677 ], [ 85.71283, 28.23687 ], [ 85.71275, 28.23734 ], [ 85.71281, 28.23759 ], [ 85.71302, 28.23763 ], [ 85.71337, 28.23754 ], [ 85.71342, 28.2369 ], [ 85.71321, 28.23677 ] ] ] } },
{ "type": "Feature", "properties": { "Id": 46, "Latitude": 28.2389733244, "Longitude": 85.610082418600001, "GL_ID": "GL085610E28238N", "Basin": "Gandaki", "Sub_Basin": "Trishuli", "Area": 0.0049347889940900003, "Elevation": 5212, "Type": "E(o)", "Country": "Nepal", "is_pdgl": false, "pdgl_rank": null, "pdgl_rid": null, "pdgl_pid": null }, "geometry": { "type": "Polygon", "coordinates": [ [ [ 85.61017, 28.2387 ], [ 85.60971, 28.23874 ], [ 85.60964, 28.23894 ], [ 85.60968, 28.23917 ], [ 85.61007, 28.23928 ], [ 85.61043, 28.2392 ], [ 85.61052, 28.23906 ], [ 85.6105, 28.23879 ], [ 85.61017, 28.2387 ] ] ] } },
{ "type": "Feature", "properties": { "Id": 47, "Latitude": 28.240582152999998, "Longitude": 85.634812594699994, "GL_ID": "GL085634E28240N", "Basin": "Gandaki", "Sub_Basin": "Trishuli", "Area": 0.0046094391452900004, "Elevation": 4639, "Type": "I(s)", "Country": "Nepal", "is_pdgl": false, "pdgl_rank": null, "pdgl_rid": null, "pdgl_pid": null }, "geometry": { "type": "Polygon", "coordinates": [ [ [ 85.63485, 28.24027 ], [ 85.63464, 28.24031 ], [ 85.63442, 28.2405 ], [ 85.63432, 28.24075 ], [ 85.63481, 28.24085 ], [ 85.63522, 28.24077 ], [ 85.63519, 28.24037 ], [ 85.63485, 28.24027 ] ] ] } },
{ "type": "Feature", "properties": { "Id": 48, "Latitude": 28.2410080559, "Longitude": 85.7077153014, "GL_ID": "GL085707E28241N", "Basin": "Gandaki", "Sub_Basin": "Trishuli", "Area": 0.0068767153952399998, "Elevation": 4597, "Type": "I(s)", "Country": "Nepal", "is_pdgl": false, "pdgl_rank": null, "pdgl_rid": null, "pdgl_pid": null }, "geometry": { "type": "Polygon", "coordinates": [ [ [ 85.70778, 28.24073 ], [ 85.70712, 28.24077 ], [ 85.70714, 28.24119 ], [ 85.70768, 28.24128 ], [ 85.70837, 28.24119 ], [ 85.70834, 28.24089 ], [ 85.70778, 28.24073 ] ] ] } },
{ "type": "Feature", "properties": { "Id": 49, "Latitude": 28.242398752900002, "Longitude": 85.704021455200007, "GL_ID": "GL085704E28242N", "Basin": "Gandaki", "Sub_Basin": "Trishuli", "Area": 0.0037441732683700002, "Elevation": 4595, "Type": "I(s)", "Country": "Nepal", "is_pdgl": false, "pdgl_rank": null, "pdgl_rid": null, "pdgl_pid": null }, "geometry": { "type": "Polygon", "coordinates": [ [ [ 85.70416, 28.24217 ], [ 85.70361, 28.24229 ], [ 85.70347, 28.24247 ], [ 85.70357, 28.24255 ], [ 85.70426, 28.24259 ], [ 85.70451, 28.24248 ], [ 85.70447, 28.24228 ], [ 85.70416, 28.24217 ] ] ] } },
{ "type": "Feature", "properties": { "Id": 50, "Latitude": 28.2588326186, "Longitude": 85.695919460900001, "GL_ID": "GL085695E28258N", "Basin": "Gandaki", "Sub_Basin": "Trishuli", "Area": 0.00477569192103, "Elevation": 5290, "Type": "M(o)", "Country": "Nepal", "is_pdgl": false, "pdgl_rank": null, "pdgl_rid": null, "pdgl_pid": null }, "geometry": { "type": "Polygon", "coordinates": [ [ [ 85.69595, 28.25842 ], [ 85.69566, 28.25854 ], [ 85.69558, 28.25889 ], [ 85.69569, 28.25914 ], [ 85.69595, 28.25925 ], [ 85.69613, 28.25918 ], [ 85.69625, 28.25891 ], [ 85.69619, 28.25856 ], [ 85.69595, 28.25842 ] ] ] } },
{ "type": "Feature", "properties": { "Id": 51, "Latitude": 28.261258055700001, "Longitude": 85.680877357300005, "GL_ID": "GL085680E28261N", "Basin": "Gandaki", "Sub_Basin": "Trishuli", "Area": 0.0047155268379700001, "Elevation": 5146, "Type": "M(e)", "Country": "Nepal", "is_pdgl": false, "pdgl_rank": null, "pdgl_rid": null, "pdgl_pid": null }, "geometry": { "type": "Polygon", "coordinates": [ [ [ 85.68102, 28.2608 ], [ 85.68058, 28.26107 ], [ 85.68053, 28.26128 ], [ 85.68059, 28.26162 ], [ 85.68115, 28.26157 ], [ 85.68118, 28.26089 ], [ 85.68102, 28.2608 ] ] ] } },
{ "type": "Feature", "properties": { "Id": 52, "Latitude": 28.261978365499999, "Longitude": 85.674899120999996, "GL_ID": "GL085674E28261N", "Basin": "Gandaki", "Sub_Basin": "Trishuli", "Area": 0.0075366530192699996, "Elevation": 5103, "Type": "M(o)", "Country": "Nepal", "is_pdgl": false, "pdgl_rank": null, "pdgl_rid": null, "pdgl_pid": null }, "geometry": { "type": "Polygon", "coordinates": [ [ [ 85.67523, 28.26156 ], [ 85.67488, 28.26156 ], [ 85.67444, 28.26182 ], [ 85.67439, 28.26213 ], [ 85.67458, 28.26238 ], [ 85.67477, 28.26243 ], [ 85.67512, 28.26234 ], [ 85.67531, 28.26216 ], [ 85.67539, 28.26175 ], [ 85.67523, 28.26156 ] ] ] } },
{ "type": "Feature", "properties": { "Id": 54, "Latitude": 28.267601042, "Longitude": 85.679859418299998, "GL_ID": "GL085679E28267N", "Basin": "Gandaki", "Sub_Basin": "Trishuli", "Area": 0.0047146372413700002, "Elevation": 5213, "Type": "M(o)", "Country": "Nepal", "is_pdgl": false, "pdgl_rank": null, "pdgl_rid": null, "pdgl_pid": null }, "geometry": { "type": "Polygon", "coordinates": [ [ [ 85.68019, 28.26731 ], [ 85.67978, 28.26726 ], [ 85.67959, 28.26738 ], [ 85.67951, 28.26786 ], [ 85.67961, 28.268 ], [ 85.67979, 28.26802 ], [ 85.68031, 28.26749 ], [ 85.68019, 28.26731 ] ] ] } },
{ "type": "Feature", "properties": { "Id": 55, "Latitude": 28.267487084300001, "Longitude": 85.721106600200002, "GL_ID": "GL085721E28267N", "Basin": "Gandaki", "Sub_Basin": "Trishuli", "Area": 0.025405705834400001, "Elevation": 4709, "Type": "I(s)", "Country": "Nepal", "is_pdgl": false, "pdgl_rank": null, "pdgl_rid": null, "pdgl_pid": null }, "geometry": { "type": "Polygon", "coordinates": [ [ [ 85.72112, 28.26681 ], [ 85.72006, 28.2669 ], [ 85.72024, 28.26779 ], [ 85.72052, 28.26813 ], [ 85.72119, 28.26827 ], [ 85.72157, 28.26793 ], [ 85.72208, 28.26781 ], [ 85.72243, 28.2676 ], [ 85.72243, 28.26748 ], [ 85.72224, 28.26724 ], [ 85.72163, 28.26713 ], [ 85.7214, 28.26687 ], [ 85.72112, 28.26681 ] ] ] } },
{ "type": "Feature", "properties": { "Id": 56, "Latitude": 28.272612752699999, "Longitude": 85.723594161099996, "GL_ID": "GL085723E28272N", "Basin": "Gandaki", "Sub_Basin": "Trishuli", "Area": 0.0115766354482, "Elevation": 4750, "Type": "I(s)", "Country": "Nepal", "is_pdgl": false, "pdgl_rank": null, "pdgl_rid": null, "pdgl_pid": null }, "geometry": { "type": "Polygon", "coordinates": [ [ [ 85.72363, 28.27179 ], [ 85.72341, 28.27183 ], [ 85.72319, 28.272 ], [ 85.72309, 28.27217 ], [ 85.72311, 28.27244 ], [ 85.7235, 28.27325 ], [ 85.72379, 28.2734 ], [ 85.72406, 28.27341 ], [ 85.72418, 28.27334 ], [ 85.72416, 28.27315 ], [ 85.72388, 28.27279 ], [ 85.72381, 28.27189 ], [ 85.72363, 28.27179 ] ] ] } },
{ "type": "Feature", "properties": { "Id": 58, "Latitude": 28.2785579474, "Longitude": 85.720312892400003, "GL_ID": "GL085720E28278N", "Basin": "Gandaki", "Sub_Basin": "Trishuli", "Area": 0.010626220490099999, "Elevation": 4782, "Type": "I(s)", "Country": "Nepal", "is_pdgl": false, "pdgl_rank": null, "pdgl_rid": null, "pdgl_pid": null }, "geometry": { "type": "Polygon", "coordinates": [ [ [ 85.72021, 28.27792 ], [ 85.72005, 28.27798 ], [ 85.71983, 28.27831 ], [ 85.71982, 28.27885 ], [ 85.72005, 28.27904 ], [ 85.72084, 28.27911 ], [ 85.72087, 28.279 ], [ 85.72067, 28.27815 ], [ 85.72046, 28.27798 ], [ 85.72021, 28.27792 ] ] ] } },
{ "type": "Feature", "properties": { "Id": 59, "Latitude": 28.2798130923, "Longitude": 85.719583613400005, "GL_ID": "GL085719E28279N", "Basin": "Gandaki", "Sub_Basin": "Trishuli", "Area": 0.0052155098615200004, "Elevation": 4792, "Type": "I(s)", "Country": "Nepal", "is_pdgl": false, "pdgl_rank": null, "pdgl_rid": null, "pdgl_pid": null }, "geometry": { "type": "Polygon", "coordinates": [ [ [ 85.71982, 28.27954 ], [ 85.71911, 28.2796 ], [ 85.71925, 28.28007 ], [ 85.72003, 28.28005 ], [ 85.72002, 28.27971 ], [ 85.71982, 28.27954 ] ] ] } },
{ "type": "Feature", "properties": { "Id": 60, "Latitude": 28.280921383799999, "Longitude": 85.719792840099998, "GL_ID": "GL085719E28280N", "Basin": "Gandaki", "Sub_Basin": "Trishuli", "Area": 0.0043437500233600001, "Elevation": 4796, "Type": "I(s)", "Country": "Nepal", "is_pdgl": false, "pdgl_rank": null, "pdgl_rid": null, "pdgl_pid": null }, "geometry": { "type": "Polygon", "coordinates": [ [ [ 85.71987, 28.28061 ], [ 85.71948, 28.28066 ], [ 85.71945, 28.28118 ], [ 85.71985, 28.28123 ], [ 85.72012, 28.2811 ], [ 85.72015, 28.28076 ], [ 85.71987, 28.28061 ] ] ] } },
{ "type": "Feature", "properties": { "Id": 61, "Latitude": 28.282997142500001, "Longitude": 85.236335377900005, "GL_ID": "GL085236E28282N", "Basin": "Gandaki", "Sub_Basin": "Trishuli", "Area": 0.011708168375099999, "Elevation": 4518, "Type": "E(o)", "Country": "Nepal", "is_pdgl": false, "pdgl_rank": null, "pdgl_rid": null, "pdgl_pid": null }, "geometry": { "type": "Polygon", "coordinates": [ [ [ 85.23657, 28.28248 ], [ 85.23634, 28.2825 ], [ 85.23557, 28.28292 ], [ 85.23559, 28.28334 ], [ 85.23647, 28.28338 ], [ 85.23691, 28.28329 ], [ 85.23706, 28.28319 ], [ 85.23706, 28.28284 ], [ 85.23657, 28.28248 ] ] ] } },
{ "type": "Feature", "properties": { "Id": 62, "Latitude": 28.2836892921, "Longitude": 85.720528385999998, "GL_ID": "GL085720E28283N", "Basin": "Gandaki", "Sub_Basin": "Trishuli", "Area": 0.0066561528615199997, "Elevation": 4805, "Type": "I(s)", "Country": "Nepal", "is_pdgl": false, "pdgl_rank": null, "pdgl_rid": null, "pdgl_pid": null }, "geometry": { "type": "Polygon", "coordinates": [ [ [ 85.72062, 28.28337 ], [ 85.72001, 28.28347 ], [ 85.71999, 28.28376 ], [ 85.72016, 28.28401 ], [ 85.7209, 28.28398 ], [ 85.721, 28.28391 ], [ 85.72108, 28.28354 ], [ 85.72089, 28.28341 ], [ 85.72062, 28.28337 ] ] ] } },
{ "type": "Feature", "properties": { "Id": 63, "Latitude": 28.283583165900001, "Longitude": 85.718588604600001, "GL_ID": "GL085718E28283N", "Basin": "Gandaki", "Sub_Basin": "Trishuli", "Area": 0.0075654213306300001, "Elevation": 4802, "Type": "I(s)", "Country": "Nepal", "is_pdgl": false, "pdgl_rank": null, "pdgl_rid": null, "pdgl_pid": null }, "geometry": { "type": "Polygon", "coordinates": [ [ [ 85.71847, 28.28309 ], [ 85.7182, 28.28317 ], [ 85.71821, 28.28377 ], [ 85.71857, 28.28414 ], [ 85.7187, 28.28414 ], [ 85.71894, 28.28383 ], [ 85.71905, 28.28346 ], [ 85.71874, 28.28315 ], [ 85.71847, 28.28309 ] ] ] } },
{ "type": "Feature", "properties": { "Id": 64, "Latitude": 28.2823121536, "Longitude": 85.701618504899997, "GL_ID": "GL085701E28282N", "Basin": "Gandaki", "Sub_Basin": "Trishuli", "Area": 0.065368871838500001, "Elevation": 5048, "Type": "M(e)", "Country": "Nepal", "is_pdgl": false, "pdgl_rank": null, "pdgl_rid": null, "pdgl_pid": null }, "geometry": { "type": "Polygon", "coordinates": [ [ [ 85.70216, 28.28084 ], [ 85.70116, 28.28097 ], [ 85.70074, 28.28115 ], [ 85.70056, 28.28131 ], [ 85.70046, 28.28218 ], [ 85.70066, 28.28258 ], [ 85.70077, 28.284 ], [ 85.70092, 28.2842 ], [ 85.70128, 28.28424 ], [ 85.70171, 28.28396 ], [ 85.70277, 28.28233 ], [ 85.70297, 28.28161 ], [ 85.70294, 28.28135 ], [ 85.70267, 28.28098 ], [ 85.70216, 28.28084 ] ] ] } },
{ "type": "Feature", "properties": { "Id": 65, "Latitude": 28.284533420199999, "Longitude": 85.715412238699997, "GL_ID": "GL085715E28284N", "Basin": "Gandaki", "Sub_Basin": "Trishuli", "Area": 0.0077783507495699997, "Elevation": 4809, "Type": "I(s)", "Country": "Nepal", "is_pdgl": false, "pdgl_rank": null, "pdgl_rid": null, "pdgl_pid": null }, "geometry": { "type": "Polygon", "coordinates": [ [ [ 85.71561, 28.284 ], [ 85.71531, 28.28398 ], [ 85.71511, 28.28414 ], [ 85.71508, 28.28491 ], [ 85.71515, 28.28514 ], [ 85.71526, 28.2852 ], [ 85.71536, 28.2852 ], [ 85.71584, 28.28461 ], [ 85.71581, 28.2843 ], [ 85.71561, 28.284 ] ] ] } },
{ "type": "Feature", "properties": { "Id": 66, "Latitude": 28.2867927108, "Longitude": 85.713620345799995, "GL_ID": "GL085713E28286N", "Basin": "Gandaki", "Sub_Basin": "Trishuli", "Area": 0.0052589426506099999, "Elevation": 4822, "Type": "I(s)", "Country": "Nepal", "is_pdgl": false, "pdgl_rank": null, "pdgl_rid": null, "pdgl_pid": null }, "geometry": { "type": "Polygon", "coordinates": [ [ [ 85.71363, 28.28645 ], [ 85.71341, 28.28646 ], [ 85.71329, 28.28656 ], [ 85.71324, 28.28696 ], [ 85.7133, 28.28715 ], [ 85.71352, 28.28718 ], [ 85.7137, 28.28712 ], [ 85.71415, 28.28671 ], [ 85.71412, 28.28662 ], [ 85.71363, 28.28645 ] ] ] } },
{ "type": "Feature", "properties": { "Id": 67, "Latitude": 28.286970916600001, "Longitude": 85.7159758345, "GL_ID": "GL085715E28286N", "Basin": "Gandaki", "Sub_Basin": "Trishuli", "Area": 0.018797893418500002, "Elevation": 4801, "Type": "I(s)", "Country": "Nepal", "is_pdgl": false, "pdgl_rank": null, "pdgl_rid": null, "pdgl_pid": null }, "geometry": { "type": "Polygon", "coordinates": [ [ [ 85.7159, 28.28631 ], [ 85.71554, 28.28633 ], [ 85.71519, 28.28659 ], [ 85.71512, 28.28672 ], [ 85.71515, 28.28702 ], [ 85.71562, 28.28749 ], [ 85.71608, 28.28765 ], [ 85.71647, 28.28767 ], [ 85.71679, 28.28716 ], [ 85.71677, 28.28697 ], [ 85.71654, 28.28652 ], [ 85.7159, 28.28631 ] ] ] } },
{ "type": "Feature", "properties": { "Id": 68, "Latitude": 28.2873977476, "Longitude": 85.601797364000006, "GL_ID": "GL085601E28287N", "Basin": "Gandaki", "Sub_Basin": "Trishuli", "Area": 0.032158021088599997, "Elevation": 5028, "Type": "M(e)", "Country": "China", "is_pdgl": false, "pdgl_rank": null, "pdgl_rid": null, "pdgl_pid": null }, "geometry": { "type": "Polygon", "coordinates": [ [ [ 85.60213, 28.28609 ], [ 85.60184, 28.28607 ], [ 85.60171, 28.28621 ], [ 85.60097, 28.28749 ], [ 85.60091, 28.2878 ], [ 85.60096, 28.28821 ], [ 85.60116, 28.28844 ], [ 85.60205, 28.28844 ], [ 85.60228, 28.28832 ], [ 85.60238, 28.28815 ], [ 85.60249, 28.28778 ], [ 85.60252, 28.28648 ], [ 85.60245, 28.28634 ], [ 85.60213, 28.28609 ] ] ] } },
{ "type": "Feature", "properties": { "Id": 69, "Latitude": 28.2907347712, "Longitude": 85.618385729600007, "GL_ID": "GL085618E28290N", "Basin": "Gandaki", "Sub_Basin": "Trishuli", "Area": 0.0068386825735200002, "Elevation": 5090, "Type": "M(e)", "Country": "China", "is_pdgl": false, "pdgl_rank": null, "pdgl_rid": null, "pdgl_pid": null }, "geometry": { "type": "Polygon", "coordinates": [ [ [ 85.61855, 28.29026 ], [ 85.61801, 28.29052 ], [ 85.61797, 28.291 ], [ 85.6182, 28.29119 ], [ 85.61846, 28.29118 ], [ 85.61876, 28.29096 ], [ 85.61879, 28.29044 ], [ 85.61855, 28.29026 ] ] ] } },
{ "type": "Feature", "properties": { "Id": 70, "Latitude": 28.290913550100001, "Longitude": 85.715022190100001, "GL_ID": "GL085715E28290N", "Basin": "Gandaki", "Sub_Basin": "Trishuli", "Area": 0.0055231946412399998, "Elevation": 4827, "Type": "I(s)", "Country": "Nepal", "is_pdgl": false, "pdgl_rank": null, "pdgl_rid": null, "pdgl_pid": null }, "geometry": { "type": "Polygon", "coordinates": [ [ [ 85.71493, 28.29032 ], [ 85.71475, 28.29041 ], [ 85.71471, 28.29088 ], [ 85.7148, 28.29122 ], [ 85.71497, 28.29134 ], [ 85.71537, 28.29137 ], [ 85.71538, 28.29099 ], [ 85.71493, 28.29032 ] ] ] } },
{ "type": "Feature", "properties": { "Id": 71, "Latitude": 28.293987174000002, "Longitude": 85.692886141900004, "GL_ID": "GL085692E28293N", "Basin": "Gandaki", "Sub_Basin": "Trishuli", "Area": 0.0065205897245000002, "Elevation": 5198, "Type": "M(o)", "Country": "Nepal", "is_pdgl": false, "pdgl_rank": null, "pdgl_rid": null, "pdgl_pid": null }, "geometry": { "type": "Polygon", "coordinates": [ [ [ 85.69339, 28.29368 ], [ 85.69319, 28.29364 ], [ 85.69245, 28.29373 ], [ 85.69239, 28.29389 ], [ 85.69256, 28.29433 ], [ 85.69291, 28.29443 ], [ 85.69308, 28.29424 ], [ 85.69325, 28.29418 ], [ 85.69336, 28.29401 ], [ 85.69339, 28.29368 ] ] ] } },
{ "type": "Feature", "properties": { "Id": 72, "Latitude": 28.292448217699999, "Longitude": 85.170410861500002, "GL_ID": "GL085170E28292N", "Basin": "Gandaki", "Sub_Basin": "Trishuli", "Area": 0.21346948933500001, "Elevation": 4716, "Type": "M(l)", "Country": "Nepal", "is_pdgl": false, "pdgl_rank": null, "pdgl_rid": null, "pdgl_pid": null }, "geometry": { "type": "Polygon", "coordinates": [ [ [ 85.17046, 28.28955 ], [ 85.1699, 28.28949 ], [ 85.16844, 28.28954 ], [ 85.1682, 28.28962 ], [ 85.16811, 28.28984 ], [ 85.16808, 28.29085 ], [ 85.16777, 28.29196 ], [ 85.16777, 28.29257 ], [ 85.16808, 28.29289 ], [ 85.16924, 28.2933 ], [ 85.16988, 28.29437 ], [ 85.17028, 28.29475 ], [ 85.17185, 28.29529 ], [ 85.17229, 28.29556 ], [ 85.17299, 28.29549 ], [ 85.173, 28.29421 ], [ 85.17317, 28.29348 ], [ 85.1731, 28.29316 ], [ 85.17133, 28.29142 ], [ 85.17071, 28.28979 ], [ 85.17046, 28.28955 ] ] ] } },
{ "type": "Feature", "properties": { "Id": 73, "Latitude": 28.295634323200002, "Longitude": 85.618231180099997, "GL_ID": "GL085618E28295N", "Basin": "Gandaki", "Sub_Basin": "Trishuli", "Area": 0.0076737670086200003, "Elevation": 5259, "Type": "M(o)", "Country": "China", "is_pdgl": false, "pdgl_rank": null, "pdgl_rid": null, "pdgl_pid": null }, "geometry": { "type": "Polygon", "coordinates": [ [ [ 85.6184, 28.29518 ], [ 85.6181, 28.29524 ], [ 85.61781, 28.29542 ], [ 85.61771, 28.29576 ], [ 85.61781, 28.29593 ], [ 85.61803, 28.29603 ], [ 85.61838, 28.29605 ], [ 85.61864, 28.29592 ], [ 85.61866, 28.29532 ], [ 85.6184, 28.29518 ] ] ] } },
{ "type": "Feature", "properties": { "Id": 74, "Latitude": 28.296859699900001, "Longitude": 85.693260017, "GL_ID": "GL085693E28296N", "Basin": "Gandaki", "Sub_Basin": "Trishuli", "Area": 0.0071588259561800004, "Elevation": 5188, "Type": "M(o)", "Country": "Nepal", "is_pdgl": false, "pdgl_rank": null, "pdgl_rid": null, "pdgl_pid": null }, "geometry": { "type": "Polygon", "coordinates": [ [ [ 85.69349, 28.29697 ], [ 85.69408, 28.29688 ], [ 85.69418, 28.29682 ], [ 85.69418, 28.29668 ], [ 85.69337, 28.29661 ], [ 85.69277, 28.29665 ], [ 85.69262, 28.29669 ], [ 85.69255, 28.29681 ], [ 85.69267, 28.29718 ], [ 85.69276, 28.2972 ], [ 85.69316, 28.29718 ], [ 85.69349, 28.29697 ] ] ] } },
{ "type": "Feature", "properties": { "Id": 75, "Latitude": 28.301020038899999, "Longitude": 85.177603145500001, "GL_ID": "GL085177E28301N", "Basin": "Gandaki", "Sub_Basin": "Trishuli", "Area": 0.072583912104500006, "Elevation": 4543, "Type": "M(e)", "Country": "Nepal", "is_pdgl": false, "pdgl_rank": null, "pdgl_rid": null, "pdgl_pid": null }, "geometry": { "type": "Polygon", "coordinates": [ [ [ 85.1753, 28.3018 ], [ 85.17909, 28.30184 ], [ 85.17956, 28.30173 ], [ 85.17984, 28.30151 ], [ 85.17988, 28.30067 ], [ 85.17942, 28.30046 ], [ 85.17864, 28.30025 ], [ 85.17651, 28.30014 ], [ 85.1756, 28.3002 ], [ 85.17545, 28.30032 ], [ 85.1754, 28.30053 ], [ 85.17554, 28.30083 ], [ 85.1758, 28.30109 ], [ 85.17583, 28.30128 ], [ 85.17574, 28.30149 ], [ 85.17533, 28.30162 ], [ 85.1753, 28.3018 ] ] ] } },
{ "type": "Feature", "properties": { "Id": 76, "Latitude": 28.302766835300002, "Longitude": 85.711201805399995, "GL_ID": "GL085711E28302N", "Basin": "Gandaki", "Sub_Basin": "Trishuli", "Area": 0.0079687132614200008, "Elevation": 4887, "Type": "I(s)", "Country": "Nepal", "is_pdgl": false, "pdgl_rank": null, "pdgl_rid": null, "pdgl_pid": null }, "geometry": { "type": "Polygon", "coordinates": [ [ [ 85.71132, 28.30245 ], [ 85.7108, 28.30247 ], [ 85.71061, 28.30258 ], [ 85.71052, 28.30275 ], [ 85.71061, 28.303 ], [ 85.71107, 28.30307 ], [ 85.7119, 28.30298 ], [ 85.71191, 28.30282 ], [ 85.7118, 28.3026 ], [ 85.71132, 28.30245 ] ] ] } },
{ "type": "Feature", "properties": { "Id": 77, "Latitude": 28.304940525300001, "Longitude": 85.709441117099999, "GL_ID": "GL085709E28304N", "Basin": "Gandaki", "Sub_Basin": "Trishuli", "Area": 0.0062732373673500003, "Elevation": 4899, "Type": "I(s)", "Country": "Nepal", "is_pdgl": false, "pdgl_rank": null, "pdgl_rid": null, "pdgl_pid": null }, "geometry": { "type": "Polygon", "coordinates": [ [ [ 85.7095, 28.30519 ], [ 85.70995, 28.30518 ], [ 85.71004, 28.30508 ], [ 85.71002, 28.30493 ], [ 85.70982, 28.30471 ], [ 85.70959, 28.30464 ], [ 85.70912, 28.30464 ], [ 85.70886, 28.30485 ], [ 85.70916, 28.30529 ], [ 85.70929, 28.30531 ], [ 85.7095, 28.30519 ] ] ] } },
{ "type": "Feature", "properties": { "Id": 78, "Latitude": 28.311304330500001, "Longitude": 85.708193818400005, "GL_ID": "GL085708E28311N", "Basin": "Gandaki", "Sub_Basin": "Trishuli", "Area": 0.0069987454656800004, "Elevation": 4930, "Type": "I(s)", "Country": "Nepal", "is_pdgl": false, "pdgl_rank": null, "pdgl_rid": null, "pdgl_pid": null }, "geometry": { "type": "Polygon", "coordinates": [ [ [ 85.7083, 28.3109 ], [ 85.70796, 28.31092 ], [ 85.70779, 28.31102 ], [ 85.70774, 28.31142 ], [ 85.70789, 28.31166 ], [ 85.70841, 28.31168 ], [ 85.70865, 28.31148 ], [ 85.70863, 28.3111 ], [ 85.7083, 28.3109 ] ] ] } },
{ "type": "Feature", "properties": { "Id": 79, "Latitude": 28.310337024799999, "Longitude": 85.633102910900007, "GL_ID": "GL085633E28310N", "Basin": "Gandaki", "Sub_Basin": "Trishuli", "Area": 0.074565133742300005, "Elevation": 5210, "Type": "M(o)", "Country": "China", "is_pdgl": false, "pdgl_rank": null, "pdgl_rid": null, "pdgl_pid": null }, "geometry": { "type": "Polygon", "coordinates": [ [ [ 85.63508, 28.30916 ], [ 85.63471, 28.30896 ], [ 85.63415, 28.30903 ], [ 85.63332, 28.30894 ], [ 85.63303, 28.30897 ], [ 85.63282, 28.30908 ], [ 85.63256, 28.30956 ], [ 85.63219, 28.30998 ], [ 85.63162, 28.31038 ], [ 85.63136, 28.31068 ], [ 85.63127, 28.31091 ], [ 85.63123, 28.31141 ], [ 85.63133, 28.31176 ], [ 85.63223, 28.31181 ], [ 85.63357, 28.31124 ], [ 85.63468, 28.3102 ], [ 85.6351, 28.30941 ], [ 85.63508, 28.30916 ] ] ] } },
{ "type": "Feature", "properties": { "Id": 80, "Latitude": 28.3165381616, "Longitude": 85.704955309100001, "GL_ID": "GL085704E28316N", "Basin": "Gandaki", "Sub_Basin": "Trishuli", "Area": 0.0034557660113199999, "Elevation": 4968, "Type": "I(s)", "Country": "Nepal", "is_pdgl": false, "pdgl_rank": null, "pdgl_rid": null, "pdgl_pid": null }, "geometry": { "type": "Polygon", "coordinates": [ [ [ 85.70524, 28.31633 ], [ 85.70513, 28.31624 ], [ 85.70467, 28.31628 ], [ 85.7047, 28.31675 ], [ 85.70489, 28.31684 ], [ 85.70523, 28.31678 ], [ 85.70524, 28.31633 ] ] ] } },
{ "type": "Feature", "properties": { "Id": 81, "Latitude": 28.320868076499998, "Longitude": 85.687372830399994, "GL_ID": "GL085687E28320N", "Basin": "Gandaki", "Sub_Basin": "Trishuli", "Area": 0.00316345240353, "Elevation": 5076, "Type": "I(s)", "Country": "Nepal", "is_pdgl": false, "pdgl_rank": null, "pdgl_rid": null, "pdgl_pid": null }, "geometry": { "type": "Polygon", "coordinates": [ [ [ 85.6877, 28.32071 ], [ 85.68721, 28.32065 ], [ 85.68702, 28.32073 ], [ 85.68702, 28.32087 ], [ 85.68722, 28.32113 ], [ 85.68742, 28.32113 ], [ 85.68772, 28.32093 ], [ 85.6877, 28.32071 ] ] ] } },
{ "type": "Feature", "properties": { "Id": 82, "Latitude": 28.319935229199999, "Longitude": 85.6313957136, "GL_ID": "GL085631E28319N", "Basin": "Gandaki", "Sub_Basin": "Trishuli", "Area": 0.062422662886999998, "Elevation": 5320, "Type": "M(e)", "Country": "China", "is_pdgl": false, "pdgl_rank": null, "pdgl_rid": null, "pdgl_pid": null }, "geometry": { "type": "Polygon", "coordinates": [ [ [ 85.63189, 28.31815 ], [ 85.63161, 28.31817 ], [ 85.63121, 28.31842 ], [ 85.63082, 28.3189 ], [ 85.63027, 28.31986 ], [ 85.63017, 28.32086 ], [ 85.63045, 28.3212 ], [ 85.63106, 28.32148 ], [ 85.63141, 28.3215 ], [ 85.63175, 28.32137 ], [ 85.63228, 28.32084 ], [ 85.63243, 28.32054 ], [ 85.63236, 28.31883 ], [ 85.63213, 28.31828 ], [ 85.63189, 28.31815 ] ] ] } },
{ "type": "Feature", "properties": { "Id": 83, "Latitude": 28.327867558099999, "Longitude": 85.594549400299996, "GL_ID": "GL085594E28327N", "Basin": "Gandaki", "Sub_Basin": "Trishuli", "Area": 0.00525248860008, "Elevation": 5090, "Type": "M(e)", "Country": "China", "is_pdgl": false, "pdgl_rank": null, "pdgl_rid": null, "pdgl_pid": null }, "geometry": { "type": "Polygon", "coordinates": [ [ [ 85.59457, 28.32758 ], [ 85.59409, 28.32764 ], [ 85.59414, 28.328 ], [ 85.59449, 28.32816 ], [ 85.5949, 28.32816 ], [ 85.59498, 28.32797 ], [ 85.59494, 28.32764 ], [ 85.59457, 28.32758 ] ] ] } },
{ "type": "Feature", "properties": { "Id": 84, "Latitude": 28.328285492900001, "Longitude": 85.695181939099996, "GL_ID": "GL085695E28328N", "Basin": "Gandaki", "Sub_Basin": "Trishuli", "Area": 0.0061443223559400004, "Elevation": 5078, "Type": "I(s)", "Country": "Nepal", "is_pdgl": false, "pdgl_rank": null, "pdgl_rid": null, "pdgl_pid": null }, "geometry": { "type": "Polygon", "coordinates": [ [ [ 85.69533, 28.32789 ], [ 85.69515, 28.32786 ], [ 85.69485, 28.32806 ], [ 85.6947, 28.32829 ], [ 85.69473, 28.32857 ], [ 85.6956, 28.32858 ], [ 85.69565, 28.32836 ], [ 85.69559, 28.32811 ], [ 85.69533, 28.32789 ] ] ] } },
{ "type": "Feature", "properties": { "Id": 85, "Latitude": 28.328943578200001, "Longitude": 85.688464380900001, "GL_ID": "GL085688E28328N", "Basin": "Gandaki", "Sub_Basin": "Trishuli", "Area": 0.0042449957597600002, "Elevation": 5131, "Type": "M(e)", "Country": "Nepal", "is_pdgl": false, "pdgl_rank": null, "pdgl_rid": null, "pdgl_pid": null }, "geometry": { "type": "Polygon", "coordinates": [ [ [ 85.68866, 28.32863 ], [ 85.6883, 28.32853 ], [ 85.68823, 28.32865 ], [ 85.68822, 28.32916 ], [ 85.68833, 28.32937 ], [ 85.68858, 28.32934 ], [ 85.68877, 28.32898 ], [ 85.68866, 28.32863 ] ] ] } },
{ "type": "Feature", "properties": { "Id": 86, "Latitude": 28.328161367300002, "Longitude": 85.685243621599994, "GL_ID": "GL085685E28328N", "Basin": "Gandaki", "Sub_Basin": "Trishuli", "Area": 0.033628100079699998, "Elevation": 5258, "Type": "M(o)", "Country": "Nepal", "is_pdgl": false, "pdgl_rank": null, "pdgl_rid": null, "pdgl_pid": null }, "geometry": { "type": "Polygon", "coordinates": [ [ [ 85.68585, 28.32693 ], [ 85.68563, 28.32686 ], [ 85.68517, 28.32694 ], [ 85.6847, 28.32735 ], [ 85.6846, 28.32796 ], [ 85.6846, 28.32914 ], [ 85.68466, 28.32957 ], [ 85.68478, 28.32967 ], [ 85.68511, 28.32965 ], [ 85.68537, 28.32939 ], [ 85.68596, 28.32811 ], [ 85.68606, 28.32737 ], [ 85.68585, 28.32693 ] ] ] } },
{ "type": "Feature", "properties": { "Id": 87, "Latitude": 28.330608741799999, "Longitude": 85.694064322800003, "GL_ID": "GL085694E28330N", "Basin": "Gandaki", "Sub_Basin": "Trishuli", "Area": 0.00699960054132, "Elevation": 5107, "Type": "I(s)", "Country": "Nepal", "is_pdgl": false, "pdgl_rank": null, "pdgl_rid": null, "pdgl_pid": null }, "geometry": { "type": "Polygon", "coordinates": [ [ [ 85.69404, 28.33012 ], [ 85.69372, 28.33016 ], [ 85.69373, 28.33102 ], [ 85.6943, 28.33104 ], [ 85.69447, 28.33088 ], [ 85.69442, 28.33038 ], [ 85.69429, 28.33022 ], [ 85.69404, 28.33012 ] ] ] } },
{ "type": "Feature", "properties": { "Id": 88, "Latitude": 28.332925777300002, "Longitude": 85.642294653199997, "GL_ID": "GL085642E28332N", "Basin": "Gandaki", "Sub_Basin": "Trishuli", "Area": 0.0047144679712200002, "Elevation": 5405, "Type": "M(o)", "Country": "China", "is_pdgl": false, "pdgl_rank": null, "pdgl_rid": null, "pdgl_pid": null }, "geometry": { "type": "Polygon", "coordinates": [ [ [ 85.6425, 28.33261 ], [ 85.64215, 28.33261 ], [ 85.64198, 28.3327 ], [ 85.64194, 28.33316 ], [ 85.64223, 28.33326 ], [ 85.64258, 28.33318 ], [ 85.64267, 28.33308 ], [ 85.64268, 28.33285 ], [ 85.6425, 28.33261 ] ] ] } },
{ "type": "Feature", "properties": { "Id": 89, "Latitude": 28.334060304299999, "Longitude": 85.687372410799995, "GL_ID": "GL085687E28334N", "Basin": "Gandaki", "Sub_Basin": "Trishuli", "Area": 0.0066147204722899998, "Elevation": 5288, "Type": "E(o)", "Country": "Nepal", "is_pdgl": false, "pdgl_rank": null, "pdgl_rid": null, "pdgl_pid": null }, "geometry": { "type": "Polygon", "coordinates": [ [ [ 85.68742, 28.33364 ], [ 85.68704, 28.33377 ], [ 85.68695, 28.33405 ], [ 85.68705, 28.33442 ], [ 85.68736, 28.33453 ], [ 85.68785, 28.33406 ], [ 85.68778, 28.33375 ], [ 85.68742, 28.33364 ] ] ] } },
{ "type": "Feature", "properties": { "Id": 92, "Latitude": 28.3404247442, "Longitude": 85.238044154700006, "GL_ID": "GL085238E28340N", "Basin": "Gandaki", "Sub_Basin": "Trishuli", "Area": 0.0061220834168799997, "Elevation": 4905, "Type": "E(c)", "Country": "China", "is_pdgl": false, "pdgl_rank": null, "pdgl_rid": null, "pdgl_pid": null }, "geometry": { "type": "Polygon", "coordinates": [ [ [ 85.23835, 28.34004 ], [ 85.23796, 28.34008 ], [ 85.23768, 28.34026 ], [ 85.23758, 28.34059 ], [ 85.23766, 28.3408 ], [ 85.23802, 28.34079 ], [ 85.23839, 28.34063 ], [ 85.23848, 28.34052 ], [ 85.23851, 28.34025 ], [ 85.23835, 28.34004 ] ] ] } },
{ "type": "Feature", "properties": { "Id": 93, "Latitude": 28.341489364899999, "Longitude": 85.231492625499996, "GL_ID": "GL085231E28341N", "Basin": "Gandaki", "Sub_Basin": "Trishuli", "Area": 0.0152746438885, "Elevation": 4851, "Type": "E(o)", "Country": "China", "is_pdgl": false, "pdgl_rank": null, "pdgl_rid": null, "pdgl_pid": null }, "geometry": { "type": "Polygon", "coordinates": [ [ [ 85.23184, 28.34075 ], [ 85.23091, 28.34113 ], [ 85.23083, 28.3413 ], [ 85.23083, 28.34174 ], [ 85.23091, 28.34196 ], [ 85.23131, 28.34209 ], [ 85.2319, 28.34209 ], [ 85.23211, 28.34198 ], [ 85.232, 28.34091 ], [ 85.23184, 28.34075 ] ] ] } },
{ "type": "Feature", "properties": { "Id": 94, "Latitude": 28.342493866200002, "Longitude": 85.698799862599998, "GL_ID": "GL085698E28342N", "Basin": "Gandaki", "Sub_Basin": "Trishuli", "Area": 0.0036408921024200002, "Elevation": 5222, "Type": "I(s)", "Country": "Nepal", "is_pdgl": false, "pdgl_rank": null, "pdgl_rid": null, "pdgl_pid": null }, "geometry": { "type": "Polygon", "coordinates": [ [ [ 85.69898, 28.3422 ], [ 85.69854, 28.34228 ], [ 85.69845, 28.3424 ], [ 85.69846, 28.34264 ], [ 85.69904, 28.3428 ], [ 85.69912, 28.34247 ], [ 85.69898, 28.3422 ] ] ] } },
{ "type": "Feature", "properties": { "Id": 95, "Latitude": 28.3463341412, "Longitude": 85.227787106999997, "GL_ID": "GL085227E28346N", "Basin": "Gandaki", "Sub_Basin": "Trishuli", "Area": 0.025572258476699999, "Elevation": 4861, "Type": "E(c)", "Country": "China", "is_pdgl": false, "pdgl_rank": null, "pdgl_rid": null, "pdgl_pid": null }, "geometry": { "type": "Polygon", "coordinates": [ [ [ 85.22846, 28.34718 ], [ 85.22836, 28.34539 ], [ 85.22825, 28.34533 ], [ 85.22755, 28.34559 ], [ 85.227, 28.34556 ], [ 85.22689, 28.34565 ], [ 85.22723, 28.34676 ], [ 85.2278, 28.34738 ], [ 85.22823, 28.34736 ], [ 85.22846, 28.34718 ] ] ] } },
{ "type": "Feature", "properties": { "Id": 96, "Latitude": 28.347940248899999, "Longitude": 85.613620183699993, "GL_ID": "GL085613E28347N", "Basin": "Gandaki", "Sub_Basin": "Trishuli", "Area": 0.0078738486510900006, "Elevation": 5096, "Type": "E(o)", "Country": "China", "is_pdgl": false, "pdgl_rank": null, "pdgl_rid": null, "pdgl_pid": null }, "geometry": { "type": "Polygon", "coordinates": [ [ [ 85.61355, 28.34838 ], [ 85.61425, 28.34785 ], [ 85.61425, 28.34762 ], [ 85.614, 28.34754 ], [ 85.61356, 28.34756 ], [ 85.61314, 28.34787 ], [ 85.61302, 28.34811 ], [ 85.61306, 28.34833 ], [ 85.61355, 28.34838 ] ] ] } },
{ "type": "Feature", "properties": { "Id": 97, "Latitude": 28.351714859200001, "Longitude": 85.617599824099997, "GL_ID": "GL085617E28351N", "Basin": "Gandaki", "Sub_Basin": "Trishuli", "Area": 0.042028123849099999, "Elevation": 5109, "Type": "E(o)", "Country": "China", "is_pdgl": false, "pdgl_rank": null, "pdgl_rid": null, "pdgl_pid": null }, "geometry": { "type": "Polygon", "coordinates": [ [ [ 85.61864, 28.35089 ], [ 85.61748, 28.35084 ], [ 85.61682, 28.35102 ], [ 85.61628, 28.35139 ], [ 85.61621, 28.35177 ], [ 85.61629, 28.35206 ], [ 85.61648, 28.35231 ], [ 85.61667, 28.3524 ], [ 85.61736, 28.35248 ], [ 85.61798, 28.35274 ], [ 85.61837, 28.35267 ], [ 85.61848, 28.35259 ], [ 85.61888, 28.35147 ], [ 85.61876, 28.35098 ], [ 85.61864, 28.35089 ] ] ] } },
{ "type": "Feature", "properties": { "Id": 98, "Latitude": 28.356004531899998, "Longitude": 85.581263893799999, "GL_ID": "GL085581E28356N", "Basin": "Gandaki", "Sub_Basin": "Trishuli", "Area": 0.061957816683800002, "Elevation": 5194, "Type": "M(o)", "Country": "China", "is_pdgl": false, "pdgl_rank": null, "pdgl_rid": null, "pdgl_pid": null }, "geometry": { "type": "Polygon", "coordinates": [ [ [ 85.5825, 28.35443 ], [ 85.58199, 28.35451 ], [ 85.5815, 28.35492 ], [ 85.58087, 28.35521 ], [ 85.58016, 28.35587 ], [ 85.57993, 28.35645 ], [ 85.57951, 28.35705 ], [ 85.57954, 28.35768 ], [ 85.57967, 28.35776 ], [ 85.57989, 28.35773 ], [ 85.5808, 28.3573 ], [ 85.58129, 28.3568 ], [ 85.58195, 28.35664 ], [ 85.58258, 28.35569 ], [ 85.58334, 28.35498 ], [ 85.58328, 28.35488 ], [ 85.5825, 28.35443 ] ] ] } },
{ "type": "Feature", "properties": { "Id": 99, "Latitude": 28.358237480700001, "Longitude": 85.538519323100004, "GL_ID": "GL085538E28358N", "Basin": "Gandaki", "Sub_Basin": "Trishuli", "Area": 0.10865022558699999, "Elevation": 4401, "Type": "M(o)", "Country": "China", "is_pdgl": false, "pdgl_rank": null, "pdgl_rid": null, "pdgl_pid": null }, "geometry": { "type": "Polygon", "coordinates": [ [ [ 85.53993, 28.35839 ], [ 85.54104, 28.35783 ], [ 85.54125, 28.35763 ], [ 85.54136, 28.35716 ], [ 85.54128, 28.35669 ], [ 85.54115, 28.35654 ], [ 85.53904, 28.35662 ], [ 85.53844, 28.35717 ], [ 85.5379, 28.35796 ], [ 85.53751, 28.35826 ], [ 85.53714, 28.35825 ], [ 85.5369, 28.35806 ], [ 85.53667, 28.35771 ], [ 85.53647, 28.35763 ], [ 85.53628, 28.35792 ], [ 85.53592, 28.36006 ], [ 85.536, 28.36018 ], [ 85.53616, 28.36023 ], [ 85.53678, 28.3602 ], [ 85.53824, 28.35944 ], [ 85.53993, 28.35839 ] ] ] } },
{ "type": "Feature", "properties": { "Id": 100, "Latitude": 28.365299973799999, "Longitude": 85.184210178100003, "GL_ID": "GL085184E28365N", "Basin": "Gandaki", "Sub_Basin": "Trishuli", "Area": 0.0084412299776000007, "Elevation": 4494, "Type": "M(l)", "Country": "China", "is_pdgl": false, "pdgl_rank": null, "pdgl_rid": null, "pdgl_pid": null }, "geometry": { "type": "Polygon", "coordinates": [ [ [ 85.18425, 28.3647 ], [ 85.18404, 28.36476 ], [ 85.18383, 28.36514 ], [ 85.18381, 28.36559 ], [ 85.18399, 28.36584 ], [ 85.18423, 28.36586 ], [ 85.18458, 28.36568 ], [ 85.18455, 28.36484 ], [ 85.18425, 28.3647 ] ] ] } },
{ "type": "Feature", "properties": { "Id": 101, "Latitude": 28.366678782099999, "Longitude": 85.591489447300006, "GL_ID": "GL085591E28366N", "Basin": "Gandaki", "Sub_Basin": "Trishuli", "Area": 0.0061236567344599997, "Elevation": 5140, "Type": "E(o)", "Country": "China", "is_pdgl": false, "pdgl_rank": null, "pdgl_rid": null, "pdgl_pid": null }, "geometry": { "type": "Polygon", "coordinates": [ [ [ 85.59197, 28.36628 ], [ 85.59155, 28.36632 ], [ 85.59121, 28.36646 ], [ 85.59101, 28.36685 ], [ 85.591, 28.3671 ], [ 85.59146, 28.36705 ], [ 85.59166, 28.36694 ], [ 85.59196, 28.36661 ], [ 85.59197, 28.36628 ] ] ] } },
{ "type": "Feature", "properties": { "Id": 102, "Latitude": 28.372236104, "Longitude": 85.568083960199999, "GL_ID": "GL085568E28372N", "Basin": "Gandaki", "Sub_Basin": "Trishuli", "Area": 0.034277739183100002, "Elevation": 5134, "Type": "E(o)", "Country": "China", "is_pdgl": false, "pdgl_rank": null, "pdgl_rid": null, "pdgl_pid": null }, "geometry": { "type": "Polygon", "coordinates": [ [ [ 85.5668, 28.37091 ], [ 85.56651, 28.37095 ], [ 85.5665, 28.37137 ], [ 85.56696, 28.37187 ], [ 85.56796, 28.37269 ], [ 85.56839, 28.37334 ], [ 85.56877, 28.37343 ], [ 85.56918, 28.3734 ], [ 85.56959, 28.37306 ], [ 85.5696, 28.37268 ], [ 85.56941, 28.37238 ], [ 85.56836, 28.37215 ], [ 85.56775, 28.37154 ], [ 85.56745, 28.37104 ], [ 85.5668, 28.37091 ] ] ] } },
{ "type": "Feature", "properties": { "Id": 103, "Latitude": 28.372957730900001, "Longitude": 85.592931938199996, "GL_ID": "GL085592E28372N", "Basin": "Gandaki", "Sub_Basin": "Trishuli", "Area": 0.019175031630099999, "Elevation": 5275, "Type": "M(o)", "Country": "China", "is_pdgl": false, "pdgl_rank": null, "pdgl_rid": null, "pdgl_pid": null }, "geometry": { "type": "Polygon", "coordinates": [ [ [ 85.59289, 28.37228 ], [ 85.59232, 28.37228 ], [ 85.59215, 28.37274 ], [ 85.5922, 28.3732 ], [ 85.5923, 28.37335 ], [ 85.59266, 28.37353 ], [ 85.5931, 28.37362 ], [ 85.59364, 28.37358 ], [ 85.59372, 28.37344 ], [ 85.59372, 28.37312 ], [ 85.59359, 28.37261 ], [ 85.59289, 28.37228 ] ] ] } },
{ "type": "Feature", "properties": { "Id": 105, "Latitude": 28.373616678400001, "Longitude": 85.173335502800001, "GL_ID": "GL085173E28373N", "Basin": "Gandaki", "Sub_Basin": "Trishuli", "Area": 0.012993535460699999, "Elevation": 4572, "Type": "M(o)", "Country": "China", "is_pdgl": false, "pdgl_rank": null, "pdgl_rid": null, "pdgl_pid": null }, "geometry": { "type": "Polygon", "coordinates": [ [ [ 85.17432, 28.37332 ], [ 85.17329, 28.37327 ], [ 85.1729, 28.37342 ], [ 85.17229, 28.3735 ], [ 85.17227, 28.3738 ], [ 85.17246, 28.37396 ], [ 85.17273, 28.37403 ], [ 85.17416, 28.3738 ], [ 85.17444, 28.37364 ], [ 85.17442, 28.37343 ], [ 85.17432, 28.37332 ] ] ] } },
{ "type": "Feature", "properties": { "Id": 106, "Latitude": 28.3752054807, "Longitude": 85.172248496799995, "GL_ID": "GL085172E28375N", "Basin": "Gandaki", "Sub_Basin": "Trishuli", "Area": 0.00353450446836, "Elevation": 4608, "Type": "M(o)", "Country": "China", "is_pdgl": false, "pdgl_rank": null, "pdgl_rid": null, "pdgl_pid": null }, "geometry": { "type": "Polygon", "coordinates": [ [ [ 85.1725, 28.37495 ], [ 85.17215, 28.37489 ], [ 85.17195, 28.37502 ], [ 85.172, 28.37532 ], [ 85.17221, 28.37557 ], [ 85.17241, 28.37556 ], [ 85.17247, 28.37544 ], [ 85.1725, 28.37495 ] ] ] } },
{ "type": "Feature", "properties": { "Id": 107, "Latitude": 28.3753333449, "Longitude": 85.628488796799999, "GL_ID": "GL085628E28375N", "Basin": "Gandaki", "Sub_Basin": "Trishuli", "Area": 0.00478125129618, "Elevation": 4933, "Type": "I(s)", "Country": "China", "is_pdgl": false, "pdgl_rank": null, "pdgl_rid": null, "pdgl_pid": null }, "geometry": { "type": "Polygon", "coordinates": [ [ [ 85.62847, 28.37503 ], [ 85.62811, 28.37512 ], [ 85.62806, 28.37535 ], [ 85.62812, 28.37552 ], [ 85.62844, 28.37564 ], [ 85.62884, 28.37553 ], [ 85.62894, 28.3754 ], [ 85.62894, 28.37523 ], [ 85.62878, 28.37511 ], [ 85.62847, 28.37503 ] ] ] } },
{ "type": "Feature", "properties": { "Id": 110, "Latitude": 28.3772720877, "Longitude": 85.1666335245, "GL_ID": "GL085166E28377N", "Basin": "Gandaki", "Sub_Basin": "Trishuli", "Area": 0.027843229534400001, "Elevation": 4686, "Type": "M(l)", "Country": "China", "is_pdgl": false, "pdgl_rank": null, "pdgl_rid": null, "pdgl_pid": null }, "geometry": { "type": "Polygon", "coordinates": [ [ [ 85.16715, 28.37602 ], [ 85.16679, 28.37609 ], [ 85.166, 28.37714 ], [ 85.16579, 28.37781 ], [ 85.16579, 28.37808 ], [ 85.16591, 28.37825 ], [ 85.16664, 28.37835 ], [ 85.16693, 28.37815 ], [ 85.16733, 28.3772 ], [ 85.16739, 28.37685 ], [ 85.16732, 28.37616 ], [ 85.16715, 28.37602 ] ] ] } },
{ "type": "Feature", "properties": { "Id": 111, "Latitude": 28.378885176899999, "Longitude": 85.5934414691, "GL_ID": "GL085593E28378N", "Basin": "Gandaki", "Sub_Basin": "Trishuli", "Area": 0.020279285634299999, "Elevation": 5293, "Type": "M(o)", "Country": "China", "is_pdgl": false, "pdgl_rank": null, "pdgl_rid": null, "pdgl_pid": null }, "geometry": { "type": "Polygon", "coordinates": [ [ [ 85.59425, 28.3796 ], [ 85.59421, 28.37897 ], [ 85.59374, 28.37828 ], [ 85.5936, 28.3779 ], [ 85.5934, 28.37793 ], [ 85.59254, 28.37877 ], [ 85.59254, 28.37901 ], [ 85.59288, 28.37936 ], [ 85.59355, 28.37955 ], [ 85.59425, 28.3796 ] ] ] } },
{ "type": "Feature", "properties": { "Id": 115, "Latitude": 28.3853825116, "Longitude": 85.650728745099997, "GL_ID": "GL085650E28385N", "Basin": "Gandaki", "Sub_Basin": "Trishuli", "Area": 0.011347220668000001, "Elevation": 5148, "Type": "M(l)", "Country": "China", "is_pdgl": false, "pdgl_rank": null, "pdgl_rid": null, "pdgl_pid": null }, "geometry": { "type": "Polygon", "coordinates": [ [ [ 85.65113, 28.38487 ], [ 85.65028, 28.38477 ], [ 85.65025, 28.38485 ], [ 85.65029, 28.38555 ], [ 85.65069, 28.38605 ], [ 85.65094, 28.38614 ], [ 85.65108, 28.38611 ], [ 85.65114, 28.38596 ], [ 85.65113, 28.38487 ] ] ] } },
{ "type": "Feature", "properties": { "Id": 117, "Latitude": 28.387790263900001, "Longitude": 85.640920432599998, "GL_ID": "GL085640E28387N", "Basin": "Gandaki", "Sub_Basin": "Trishuli", "Area": 0.0050042999488600004, "Elevation": 5132, "Type": "M(l)", "Country": "China", "is_pdgl": false, "pdgl_rank": null, "pdgl_rid": null, "pdgl_pid": null }, "geometry": { "type": "Polygon", "coordinates": [ [ [ 85.64111, 28.38731 ], [ 85.64075, 28.38732 ], [ 85.64065, 28.38764 ], [ 85.64076, 28.38822 ], [ 85.64102, 28.3883 ], [ 85.64119, 28.38821 ], [ 85.64111, 28.38731 ] ] ] } },
{ "type": "Feature", "properties": { "Id": 118, "Latitude": 28.389134543899999, "Longitude": 85.566063152599995, "GL_ID": "GL085566E28389N", "Basin": "Gandaki", "Sub_Basin": "Trishuli", "Area": 0.010030565960600001, "Elevation": 5165, "Type": "E(o)", "Country": "China", "is_pdgl": false, "pdgl_rank": null, "pdgl_rid": null, "pdgl_pid": null }, "geometry": { "type": "Polygon", "coordinates": [ [ [ 85.56577, 28.3887 ], [ 85.56548, 28.38871 ], [ 85.56535, 28.38892 ], [ 85.56554, 28.38929 ], [ 85.56579, 28.3895 ], [ 85.5665, 28.38954 ], [ 85.56681, 28.3893 ], [ 85.56681, 28.38918 ], [ 85.56666, 28.38899 ], [ 85.56577, 28.3887 ] ] ] } },
{ "type": "Feature", "properties": { "Id": 119, "Latitude": 28.3893566098, "Longitude": 85.609567672599994, "GL_ID": "GL085609E28389N", "Basin": "Gandaki", "Sub_Basin": "Trishuli", "Area": 0.00967148418076, "Elevation": 5171, "Type": "E(c)", "Country": "China", "is_pdgl": false, "pdgl_rank": null, "pdgl_rid": null, "pdgl_pid": null }, "geometry": { "type": "Polygon", "coordinates": [ [ [ 85.60994, 28.38898 ], [ 85.60912, 28.389 ], [ 85.60895, 28.38915 ], [ 85.6089, 28.38942 ], [ 85.60928, 28.38973 ], [ 85.61001, 28.38976 ], [ 85.61019, 28.38927 ], [ 85.61012, 28.38907 ], [ 85.60994, 28.38898 ] ] ] } },
{ "type": "Feature", "properties": { "Id": 120, "Latitude": 28.389820780699999, "Longitude": 85.417648380100005, "GL_ID": "GL085417E28389N", "Basin": "Gandaki", "Sub_Basin": "Trishuli", "Area": 0.010474596953300001, "Elevation": 3933, "Type": "E(o)", "Country": "China", "is_pdgl": false, "pdgl_rank": null, "pdgl_rid": null, "pdgl_pid": null }, "geometry": { "type": "Polygon", "coordinates": [ [ [ 85.41792, 28.38931 ], [ 85.41728, 28.38928 ], [ 85.41719, 28.38953 ], [ 85.41724, 28.39024 ], [ 85.41748, 28.39037 ], [ 85.41795, 28.39035 ], [ 85.41809, 28.39021 ], [ 85.41813, 28.39004 ], [ 85.41807, 28.38945 ], [ 85.41792, 28.38931 ] ] ] } },
{ "type": "Feature", "properties": { "Id": 121, "Latitude": 28.390273455799999, "Longitude": 85.5083181177, "GL_ID": "GL085508E28390N", "Basin": "Gandaki", "Sub_Basin": "Trishuli", "Area": 0.0045074651883299996, "Elevation": 5093, "Type": "E(c)", "Country": "China", "is_pdgl": false, "pdgl_rank": null, "pdgl_rid": null, "pdgl_pid": null }, "geometry": { "type": "Polygon", "coordinates": [ [ [ 85.50833, 28.39 ], [ 85.50788, 28.39005 ], [ 85.50787, 28.39026 ], [ 85.50824, 28.39057 ], [ 85.50868, 28.39056 ], [ 85.50869, 28.39009 ], [ 85.50833, 28.39 ] ] ] } },
{ "type": "Feature", "properties": { "Id": 122, "Latitude": 28.3896203336, "Longitude": 85.590588289500005, "GL_ID": "GL085590E28389N", "Basin": "Gandaki", "Sub_Basin": "Trishuli", "Area": 0.0131227030596, "Elevation": 5194, "Type": "E(c)", "Country": "China", "is_pdgl": false, "pdgl_rank": null, "pdgl_rid": null, "pdgl_pid": null }, "geometry": { "type": "Polygon", "coordinates": [ [ [ 85.5913, 28.38904 ], [ 85.59072, 28.38911 ], [ 85.58996, 28.38939 ], [ 85.58991, 28.38998 ], [ 85.59018, 28.39056 ], [ 85.59039, 28.3906 ], [ 85.59048, 28.39051 ], [ 85.59055, 28.38968 ], [ 85.59137, 28.38953 ], [ 85.59159, 28.3894 ], [ 85.59157, 28.38913 ], [ 85.5913, 28.38904 ] ] ] } },
{ "type": "Feature", "properties": { "Id": 123, "Latitude": 28.391958318499999, "Longitude": 85.613836371299996, "GL_ID": "GL085613E28391N", "Basin": "Gandaki", "Sub_Basin": "Trishuli", "Area": 0.0129474870778, "Elevation": 5291, "Type": "E(c)", "Country": "China", "is_pdgl": false, "pdgl_rank": null, "pdgl_rid": null, "pdgl_pid": null }, "geometry": { "type": "Polygon", "coordinates": [ [ [ 85.6146, 28.3913 ], [ 85.61437, 28.39131 ], [ 85.61388, 28.39164 ], [ 85.61345, 28.39168 ], [ 85.61321, 28.39179 ], [ 85.61303, 28.39215 ], [ 85.61305, 28.39244 ], [ 85.61357, 28.39249 ], [ 85.61424, 28.39222 ], [ 85.61465, 28.39164 ], [ 85.61467, 28.3914 ], [ 85.6146, 28.3913 ] ] ] } },
{ "type": "Feature", "properties": { "Id": 124, "Latitude": 28.392452417200001, "Longitude": 85.418643664100003, "GL_ID": "GL085418E28392N", "Basin": "Gandaki", "Sub_Basin": "Trishuli", "Area": 0.0039077060434000001, "Elevation": 3956, "Type": "E(o)", "Country": "China", "is_pdgl": false, "pdgl_rank": null, "pdgl_rid": null, "pdgl_pid": null }, "geometry": { "type": "Polygon", "coordinates": [ [ [ 85.41888, 28.39218 ], [ 85.41848, 28.39212 ], [ 85.41838, 28.39224 ], [ 85.41837, 28.39272 ], [ 85.41848, 28.39283 ], [ 85.41877, 28.39277 ], [ 85.41896, 28.39248 ], [ 85.41888, 28.39218 ] ] ] } },
{ "type": "Feature", "properties": { "Id": 125, "Latitude": 28.3930961288, "Longitude": 85.570479171000002, "GL_ID": "GL085570E28393N", "Basin": "Gandaki", "Sub_Basin": "Trishuli", "Area": 0.0096630686762799994, "Elevation": 5241, "Type": "M(o)", "Country": "China", "is_pdgl": false, "pdgl_rank": null, "pdgl_rid": null, "pdgl_pid": null }, "geometry": { "type": "Polygon", "coordinates": [ [ [ 85.57017, 28.39346 ], [ 85.57136, 28.39339 ], [ 85.57148, 28.39329 ], [ 85.57148, 28.39311 ], [ 85.57072, 28.39307 ], [ 85.57053, 28.39292 ], [ 85.57035, 28.39253 ], [ 85.57021, 28.39246 ], [ 85.57004, 28.39253 ], [ 85.5699, 28.39272 ], [ 85.56988, 28.39339 ], [ 85.57017, 28.39346 ] ] ] } },
{ "type": "Feature", "properties": { "Id": 126, "Latitude": 28.394171885199999, "Longitude": 85.607736706099999, "GL_ID": "GL085607E28394N", "Basin": "Gandaki", "Sub_Basin": "Trishuli", "Area": 0.00357617695005, "Elevation": 5230, "Type": "E(o)", "Country": "China", "is_pdgl": false, "pdgl_rank": null, "pdgl_rid": null, "pdgl_pid": null }, "geometry": { "type": "Polygon", "coordinates": [ [ [ 85.60731, 28.3943 ], [ 85.60815, 28.39435 ], [ 85.60821, 28.39428 ], [ 85.60815, 28.39403 ], [ 85.6078, 28.39398 ], [ 85.60723, 28.39406 ], [ 85.60731, 28.3943 ] ] ] } },
{ "type": "Feature", "properties": { "Id": 127, "Latitude": 28.3949543423, "Longitude": 85.567310089700001, "GL_ID": "GL085567E28394N", "Basin": "Gandaki", "Sub_Basin": "Trishuli", "Area": 0.021751466894099999, "Elevation": 5269, "Type": "M(e)", "Country": "China", "is_pdgl": false, "pdgl_rank": null, "pdgl_rid": null, "pdgl_pid": null }, "geometry": { "type": "Polygon", "coordinates": [ [ [ 85.56833, 28.39483 ], [ 85.56808, 28.39457 ], [ 85.56798, 28.39428 ], [ 85.56784, 28.39417 ], [ 85.5676, 28.39409 ], [ 85.56726, 28.39413 ], [ 85.56691, 28.39465 ], [ 85.56653, 28.39468 ], [ 85.56651, 28.39579 ], [ 85.56668, 28.39586 ], [ 85.56703, 28.39582 ], [ 85.56723, 28.39555 ], [ 85.5676, 28.39548 ], [ 85.56827, 28.39495 ], [ 85.56833, 28.39483 ] ] ] } },
{ "type": "Feature", "properties": { "Id": 128, "Latitude": 28.3959770373, "Longitude": 85.608820142400006, "GL_ID": "GL085608E28395N", "Basin": "Gandaki", "Sub_Basin": "Trishuli", "Area": 0.0043103499194299998, "Elevation": 5248, "Type": "E(o)", "Country": "China", "is_pdgl": false, "pdgl_rank": null, "pdgl_rid": null, "pdgl_pid": null }, "geometry": { "type": "Polygon", "coordinates": [ [ [ 85.60889, 28.39567 ], [ 85.60861, 28.39569 ], [ 85.60847, 28.39581 ], [ 85.60843, 28.39603 ], [ 85.60851, 28.39621 ], [ 85.60893, 28.39626 ], [ 85.6092, 28.39619 ], [ 85.60923, 28.396 ], [ 85.60915, 28.39584 ], [ 85.60889, 28.39567 ] ] ] } },
{ "type": "Feature", "properties": { "Id": 129, "Latitude": 28.397577973899999, "Longitude": 85.649748265599996, "GL_ID": "GL085649E28397N", "Basin": "Gandaki", "Sub_Basin": "Trishuli", "Area": 0.00332145814205, "Elevation": 5161, "Type": "I(s)", "Country": "China", "is_pdgl": false, "pdgl_rank": null, "pdgl_rid": null, "pdgl_pid": null }, "geometry": { "type": "Polygon", "coordinates": [ [ [ 85.65009, 28.39742 ], [ 85.64936, 28.39741 ], [ 85.64926, 28.39771 ], [ 85.65008, 28.39775 ], [ 85.65024, 28.39756 ], [ 85.65009, 28.39742 ] ] ] } },
{ "type": "Feature", "properties": { "Id": 131, "Latitude": 28.397140084, "Longitude": 85.631489303899997, "GL_ID": "GL085631E28397N", "Basin": "Gandaki", "Sub_Basin": "Trishuli", "Area": 0.034596745318999998, "Elevation": 5399, "Type": "E(o)", "Country": "China", "is_pdgl": false, "pdgl_rank": null, "pdgl_rid": null, "pdgl_pid": null }, "geometry": { "type": "Polygon", "coordinates": [ [ [ 85.63271, 28.39611 ], [ 85.63168, 28.39624 ], [ 85.63097, 28.39663 ], [ 85.63035, 28.39749 ], [ 85.63035, 28.39785 ], [ 85.63053, 28.39833 ], [ 85.63086, 28.39839 ], [ 85.63106, 28.39831 ], [ 85.63143, 28.3979 ], [ 85.63218, 28.39732 ], [ 85.6329, 28.39648 ], [ 85.63292, 28.39627 ], [ 85.63271, 28.39611 ] ] ] } },
{ "type": "Feature", "properties": { "Id": 132, "Latitude": 28.397158714300001, "Longitude": 85.5689667324, "GL_ID": "GL085568E28397N", "Basin": "Gandaki", "Sub_Basin": "Trishuli", "Area": 0.060937436807199999, "Elevation": 5285, "Type": "M(o)", "Country": "China", "is_pdgl": false, "pdgl_rank": null, "pdgl_rid": null, "pdgl_pid": null }, "geometry": { "type": "Polygon", "coordinates": [ [ [ 85.56925, 28.39556 ], [ 85.56852, 28.39569 ], [ 85.56783, 28.39606 ], [ 85.56772, 28.39621 ], [ 85.56768, 28.3967 ], [ 85.56803, 28.39766 ], [ 85.56846, 28.39834 ], [ 85.56929, 28.39882 ], [ 85.56956, 28.39888 ], [ 85.56983, 28.39872 ], [ 85.57011, 28.39839 ], [ 85.5702, 28.39772 ], [ 85.56999, 28.39729 ], [ 85.56926, 28.3971 ], [ 85.5693, 28.39658 ], [ 85.56977, 28.39634 ], [ 85.5699, 28.39611 ], [ 85.56992, 28.39581 ], [ 85.56982, 28.39558 ], [ 85.56925, 28.39556 ] ] ] } },
{ "type": "Feature", "properties": { "Id": 133, "Latitude": 28.401523859800001, "Longitude": 85.518819896699995, "GL_ID": "GL085518E28401N", "Basin": "Gandaki", "Sub_Basin": "Trishuli", "Area": 0.0057254209428899997, "Elevation": 5027, "Type": "M(o)", "Country": "China", "is_pdgl": false, "pdgl_rank": null, "pdgl_rid": null, "pdgl_pid": null }, "geometry": { "type": "Polygon", "coordinates": [ [ [ 85.51919, 28.40125 ], [ 85.51841, 28.40129 ], [ 85.51832, 28.40142 ], [ 85.51836, 28.4017 ], [ 85.51863, 28.40182 ], [ 85.51921, 28.40177 ], [ 85.5193, 28.40169 ], [ 85.51929, 28.40136 ], [ 85.51919, 28.40125 ] ] ] } },
{ "type": "Feature", "properties": { "Id": 134, "Latitude": 28.402151193000002, "Longitude": 85.531742324199996, "GL_ID": "GL085531E28402N", "Basin": "Gandaki", "Sub_Basin": "Trishuli", "Area": 0.0066863253453100001, "Elevation": 4894, "Type": "E(o)", "Country": "China", "is_pdgl": false, "pdgl_rank": null, "pdgl_rid": null, "pdgl_pid": null }, "geometry": { "type": "Polygon", "coordinates": [ [ [ 85.53197, 28.40167 ], [ 85.53159, 28.40193 ], [ 85.53124, 28.40204 ], [ 85.53118, 28.40223 ], [ 85.53124, 28.40242 ], [ 85.53165, 28.4025 ], [ 85.53211, 28.40241 ], [ 85.53225, 28.40209 ], [ 85.53197, 28.40167 ] ] ] } },
{ "type": "Feature", "properties": { "Id": 135, "Latitude": 28.402440342399998, "Longitude": 85.517657314000004, "GL_ID": "GL085517E28402N", "Basin": "Gandaki", "Sub_Basin": "Trishuli", "Area": 0.0079647827359299993, "Elevation": 4994, "Type": "M(o)", "Country": "China", "is_pdgl": false, "pdgl_rank": null, "pdgl_rid": null, "pdgl_pid": null }, "geometry": { "type": "Polygon", "coordinates": [ [ [ 85.51794, 28.40204 ], [ 85.51749, 28.40208 ], [ 85.51724, 28.40221 ], [ 85.51711, 28.40256 ], [ 85.51719, 28.40281 ], [ 85.51755, 28.40289 ], [ 85.51823, 28.40254 ], [ 85.51827, 28.40243 ], [ 85.51816, 28.40213 ], [ 85.51794, 28.40204 ] ] ] } },
{ "type": "Feature", "properties": { "Id": 136, "Latitude": 28.404370240199999, "Longitude": 85.645651322500001, "GL_ID": "GL085645E28404N", "Basin": "Gandaki", "Sub_Basin": "Trishuli", "Area": 0.0039873409510300002, "Elevation": 5163, "Type": "I(s)", "Country": "China", "is_pdgl": false, "pdgl_rank": null, "pdgl_rid": null, "pdgl_pid": null }, "geometry": { "type": "Polygon", "coordinates": [ [ [ 85.64559, 28.40466 ], [ 85.64582, 28.40466 ], [ 85.64596, 28.40454 ], [ 85.64605, 28.40433 ], [ 85.64597, 28.40416 ], [ 85.64555, 28.40408 ], [ 85.64533, 28.40415 ], [ 85.64529, 28.4045 ], [ 85.64559, 28.40466 ] ] ] } },
{ "type": "Feature", "properties": { "Id": 137, "Latitude": 28.4044553642, "Longitude": 85.643335779500006, "GL_ID": "GL085643E28404N", "Basin": "Gandaki", "Sub_Basin": "Trishuli", "Area": 0.00540906029665, "Elevation": 5144, "Type": "I(s)", "Country": "China", "is_pdgl": false, "pdgl_rank": null, "pdgl_rid": null, "pdgl_pid": null }, "geometry": { "type": "Polygon", "coordinates": [ [ [ 85.64362, 28.40417 ], [ 85.64302, 28.40413 ], [ 85.64296, 28.40421 ], [ 85.64293, 28.40456 ], [ 85.64301, 28.40478 ], [ 85.64356, 28.40477 ], [ 85.64376, 28.4046 ], [ 85.64374, 28.4043 ], [ 85.64362, 28.40417 ] ] ] } },
{ "type": "Feature", "properties": { "Id": 138, "Latitude": 28.404429523400001, "Longitude": 85.517779290600004, "GL_ID": "GL085517E28404N", "Basin": "Gandaki", "Sub_Basin": "Trishuli", "Area": 0.0054534920228200001, "Elevation": 5027, "Type": "M(o)", "Country": "China", "is_pdgl": false, "pdgl_rank": null, "pdgl_rid": null, "pdgl_pid": null }, "geometry": { "type": "Polygon", "coordinates": [ [ [ 85.51809, 28.40407 ], [ 85.5179, 28.40406 ], [ 85.51745, 28.40423 ], [ 85.51736, 28.40442 ], [ 85.5174, 28.40473 ], [ 85.51765, 28.40482 ], [ 85.51802, 28.40464 ], [ 85.51824, 28.4043 ], [ 85.51824, 28.40417 ], [ 85.51809, 28.40407 ] ] ] } },
{ "type": "Feature", "properties": { "Id": 139, "Latitude": 28.403971206600001, "Longitude": 85.496143026, "GL_ID": "GL085496E28403N", "Basin": "Gandaki", "Sub_Basin": "Trishuli", "Area": 0.058729997663200001, "Elevation": 4963, "Type": "M(e)", "Country": "China", "is_pdgl": false, "pdgl_rank": null, "pdgl_rid": null, "pdgl_pid": null }, "geometry": { "type": "Polygon", "coordinates": [ [ [ 85.4962, 28.40255 ], [ 85.49578, 28.40258 ], [ 85.49495, 28.40303 ], [ 85.49492, 28.40354 ], [ 85.49529, 28.40378 ], [ 85.4954, 28.40394 ], [ 85.49524, 28.40419 ], [ 85.49472, 28.40454 ], [ 85.49467, 28.4047 ], [ 85.49474, 28.40499 ], [ 85.49584, 28.40511 ], [ 85.497, 28.40501 ], [ 85.4975, 28.40479 ], [ 85.4976, 28.40446 ], [ 85.49757, 28.40406 ], [ 85.49662, 28.40278 ], [ 85.4962, 28.40255 ] ] ] } },
{ "type": "Feature", "properties": { "Id": 140, "Latitude": 28.404229098199998, "Longitude": 85.604353949, "GL_ID": "GL085604E28404N", "Basin": "Gandaki", "Sub_Basin": "Trishuli", "Area": 0.095238113829499996, "Elevation": 5242, "Type": "M(o)", "Country": "China", "is_pdgl": false, "pdgl_rank": null, "pdgl_rid": null, "pdgl_pid": null }, "geometry": { "type": "Polygon", "coordinates": [ [ [ 85.60682, 28.40357 ], [ 85.60676, 28.40326 ], [ 85.60652, 28.40312 ], [ 85.6057, 28.40337 ], [ 85.60449, 28.40343 ], [ 85.60299, 28.40321 ], [ 85.6028, 28.40299 ], [ 85.60261, 28.40295 ], [ 85.6023, 28.40297 ], [ 85.60203, 28.40328 ], [ 85.60196, 28.40351 ], [ 85.60203, 28.40404 ], [ 85.60273, 28.40493 ], [ 85.60298, 28.40508 ], [ 85.60365, 28.40523 ], [ 85.60432, 28.40568 ], [ 85.60465, 28.4058 ], [ 85.60494, 28.40574 ], [ 85.6053, 28.40533 ], [ 85.60649, 28.40453 ], [ 85.60672, 28.40416 ], [ 85.60682, 28.40357 ] ] ] } },
{ "type": "Feature", "properties": { "Id": 141, "Latitude": 28.404471305200001, "Longitude": 85.587205816299999, "GL_ID": "GL085587E28404N", "Basin": "Gandaki", "Sub_Basin": "Trishuli", "Area": 0.193961702599, "Elevation": 5243, "Type": "E(c)", "Country": "China", "is_pdgl": false, "pdgl_rank": null, "pdgl_rid": null, "pdgl_pid": null }, "geometry": { "type": "Polygon", "coordinates": [ [ [ 85.58993, 28.40419 ], [ 85.58863, 28.40325 ], [ 85.58745, 28.40282 ], [ 85.58688, 28.40273 ], [ 85.58541, 28.40271 ], [ 85.58415, 28.40254 ], [ 85.58336, 28.40261 ], [ 85.58307, 28.40276 ], [ 85.58288, 28.40331 ], [ 85.5829, 28.40369 ], [ 85.58299, 28.40375 ], [ 85.58381, 28.40397 ], [ 85.58482, 28.40405 ], [ 85.58572, 28.40456 ], [ 85.58595, 28.40473 ], [ 85.58708, 28.40608 ], [ 85.58756, 28.40648 ], [ 85.58796, 28.40694 ], [ 85.58827, 28.40705 ], [ 85.58865, 28.40705 ], [ 85.58895, 28.40695 ], [ 85.58989, 28.40647 ], [ 85.59024, 28.40614 ], [ 85.59029, 28.40485 ], [ 85.59005, 28.4046 ], [ 85.58993, 28.40419 ] ] ] } },
{ "type": "Feature", "properties": { "Id": 143, "Latitude": 28.406993522499999, "Longitude": 85.401688193400005, "GL_ID": "GL085401E28406N", "Basin": "Gandaki", "Sub_Basin": "Trishuli", "Area": 0.072265078485200002, "Elevation": 3896, "Type": "E(c)", "Country": "China", "is_pdgl": false, "pdgl_rank": null, "pdgl_rid": null, "pdgl_pid": null }, "geometry": { "type": "Polygon", "coordinates": [ [ [ 85.40224, 28.40753 ], [ 85.40301, 28.40779 ], [ 85.40334, 28.40779 ], [ 85.40351, 28.40768 ], [ 85.40378, 28.40704 ], [ 85.40378, 28.4066 ], [ 85.40368, 28.40634 ], [ 85.40353, 28.40625 ], [ 85.40239, 28.40608 ], [ 85.40181, 28.4059 ], [ 85.40113, 28.40587 ], [ 85.40089, 28.40594 ], [ 85.4002, 28.40647 ], [ 85.39977, 28.40751 ], [ 85.39969, 28.40796 ], [ 85.39987, 28.40822 ], [ 85.40012, 28.40829 ], [ 85.40069, 28.40814 ], [ 85.40176, 28.40763 ], [ 85.40224, 28.40753 ] ] ] } },
{ "type": "Feature", "properties": { "Id": 145, "Latitude": 28.4095055863, "Longitude": 85.578732993900005, "GL_ID": "GL085578E28409N", "Basin": "Gandaki", "Sub_Basin": "Trishuli", "Area": 0.0061486076142400004, "Elevation": 5417, "Type": "E(o)", "Country": "China", "is_pdgl": false, "pdgl_rank": null, "pdgl_rid": null, "pdgl_pid": null }, "geometry": { "type": "Polygon", "coordinates": [ [ [ 85.57894, 28.40912 ], [ 85.57859, 28.40916 ], [ 85.57833, 28.40934 ], [ 85.57826, 28.4097 ], [ 85.57832, 28.4098 ], [ 85.57877, 28.40985 ], [ 85.5792, 28.40969 ], [ 85.57911, 28.40923 ], [ 85.57894, 28.40912 ] ] ] } },
{ "type": "Feature", "properties": { "Id": 146, "Latitude": 28.412527794199999, "Longitude": 85.550333346100004, "GL_ID": "GL085550E28412N", "Basin": "Gandaki", "Sub_Basin": "Trishuli", "Area": 0.0048985373878699997, "Elevation": 4826, "Type": "M(o)", "Country": "China", "is_pdgl": false, "pdgl_rank": null, "pdgl_rid": null, "pdgl_pid": null }, "geometry": { "type": "Polygon", "coordinates": [ [ [ 85.55034, 28.41214 ], [ 85.55007, 28.41219 ], [ 85.55002, 28.41258 ], [ 85.55005, 28.41281 ], [ 85.55035, 28.41293 ], [ 85.55061, 28.41283 ], [ 85.55067, 28.41254 ], [ 85.55061, 28.41224 ], [ 85.55034, 28.41214 ] ] ] } },
{ "type": "Feature", "properties": { "Id": 147, "Latitude": 28.415162848200001, "Longitude": 85.622651895000004, "GL_ID": "GL085622E28415N", "Basin": "Gandaki", "Sub_Basin": "Trishuli", "Area": 0.0061105587809699999, "Elevation": 5406, "Type": "E(o)", "Country": "China", "is_pdgl": false, "pdgl_rank": null, "pdgl_rid": null, "pdgl_pid": null }, "geometry": { "type": "Polygon", "coordinates": [ [ [ 85.62283, 28.41478 ], [ 85.62236, 28.41484 ], [ 85.62226, 28.41532 ], [ 85.6224, 28.41557 ], [ 85.62276, 28.41556 ], [ 85.623, 28.41532 ], [ 85.62308, 28.41487 ], [ 85.62283, 28.41478 ] ] ] } },
{ "type": "Feature", "properties": { "Id": 148, "Latitude": 28.4160384276, "Longitude": 85.638669336800007, "GL_ID": "GL085638E28416N", "Basin": "Gandaki", "Sub_Basin": "Trishuli", "Area": 0.0060199293594799998, "Elevation": 5209, "Type": "M(l)", "Country": "China", "is_pdgl": false, "pdgl_rank": null, "pdgl_rid": null, "pdgl_pid": null }, "geometry": { "type": "Polygon", "coordinates": [ [ [ 85.63896, 28.41573 ], [ 85.63821, 28.41584 ], [ 85.63818, 28.41625 ], [ 85.63834, 28.41634 ], [ 85.63895, 28.41632 ], [ 85.63919, 28.41607 ], [ 85.63913, 28.41578 ], [ 85.63896, 28.41573 ] ] ] } },
{ "type": "Feature", "properties": { "Id": 149, "Latitude": 28.416691523699999, "Longitude": 85.521940391100003, "GL_ID": "GL085521E28416N", "Basin": "Gandaki", "Sub_Basin": "Trishuli", "Area": 0.096069573920200005, "Elevation": 5202, "Type": "M(l)", "Country": "China", "is_pdgl": false, "pdgl_rank": null, "pdgl_rid": null, "pdgl_pid": null }, "geometry": { "type": "Polygon", "coordinates": [ [ [ 85.52596, 28.41431 ], [ 85.52614, 28.41407 ], [ 85.52613, 28.41385 ], [ 85.52605, 28.41377 ], [ 85.52525, 28.41387 ], [ 85.52479, 28.41405 ], [ 85.52443, 28.41429 ], [ 85.52399, 28.4143 ], [ 85.52357, 28.41445 ], [ 85.52222, 28.41534 ], [ 85.52196, 28.41561 ], [ 85.52174, 28.41609 ], [ 85.52122, 28.41661 ], [ 85.52016, 28.41735 ], [ 85.5193, 28.41813 ], [ 85.51916, 28.4184 ], [ 85.51908, 28.41881 ], [ 85.51933, 28.41953 ], [ 85.5197, 28.41969 ], [ 85.52025, 28.41964 ], [ 85.52038, 28.41949 ], [ 85.52059, 28.41889 ], [ 85.52102, 28.41837 ], [ 85.52147, 28.41756 ], [ 85.52232, 28.41666 ], [ 85.52419, 28.41509 ], [ 85.52596, 28.41431 ] ] ] } },
{ "type": "Feature", "properties": { "Id": 150, "Latitude": 28.419448864300001, "Longitude": 85.559957474000001, "GL_ID": "GL085559E28419N", "Basin": "Gandaki", "Sub_Basin": "Trishuli", "Area": 0.0087725696650500003, "Elevation": 4851, "Type": "M(o)", "Country": "China", "is_pdgl": false, "pdgl_rank": null, "pdgl_rid": null, "pdgl_pid": null }, "geometry": { "type": "Polygon", "coordinates": [ [ [ 85.56021, 28.41904 ], [ 85.55946, 28.41907 ], [ 85.55942, 28.4195 ], [ 85.55955, 28.41977 ], [ 85.56001, 28.41987 ], [ 85.56047, 28.41977 ], [ 85.56047, 28.41935 ], [ 85.56021, 28.41904 ] ] ] } },
{ "type": "Feature", "properties": { "Id": 151, "Latitude": 28.4203448176, "Longitude": 85.532086332899993, "GL_ID": "GL085532E28420N", "Basin": "Gandaki", "Sub_Basin": "Trishuli", "Area": 0.031282075601700002, "Elevation": 5219, "Type": "M(e)", "Country": "China", "is_pdgl": false, "pdgl_rank": null, "pdgl_rid": null, "pdgl_pid": null }, "geometry": { "type": "Polygon", "coordinates": [ [ [ 85.53353, 28.4193 ], [ 85.53322, 28.41925 ], [ 85.53181, 28.4198 ], [ 85.53125, 28.42021 ], [ 85.53111, 28.42038 ], [ 85.53087, 28.42097 ], [ 85.53078, 28.42145 ], [ 85.53101, 28.42153 ], [ 85.53136, 28.42146 ], [ 85.53198, 28.42102 ], [ 85.53241, 28.4206 ], [ 85.53295, 28.4204 ], [ 85.53333, 28.42005 ], [ 85.53353, 28.41938 ], [ 85.53353, 28.4193 ] ] ] } },
{ "type": "Feature", "properties": { "Id": 153, "Latitude": 28.423632763200001, "Longitude": 85.530285784200004, "GL_ID": "GL085530E28423N", "Basin": "Gandaki", "Sub_Basin": "Trishuli", "Area": 0.0059180355890199998, "Elevation": 5291, "Type": "M(o)", "Country": "China", "is_pdgl": false, "pdgl_rank": null, "pdgl_rid": null, "pdgl_pid": null }, "geometry": { "type": "Polygon", "coordinates": [ [ [ 85.5305, 28.42332 ], [ 85.52994, 28.42339 ], [ 85.52977, 28.4236 ], [ 85.52973, 28.42379 ], [ 85.52999, 28.42391 ], [ 85.53076, 28.42382 ], [ 85.53085, 28.42376 ], [ 85.53086, 28.42361 ], [ 85.5305, 28.42332 ] ] ] } },
{ "type": "Feature", "properties": { "Id": 157, "Latitude": 28.4258446756, "Longitude": 85.539451599100005, "GL_ID": "GL085539E28425N", "Basin": "Gandaki", "Sub_Basin": "Trishuli", "Area": 0.0160204370517, "Elevation": 5162, "Type": "M(o)", "Country": "China", "is_pdgl": false, "pdgl_rank": null, "pdgl_rid": null, "pdgl_pid": null }, "geometry": { "type": "Polygon", "coordinates": [ [ [ 85.53991, 28.42499 ], [ 85.53951, 28.425 ], [ 85.5389, 28.4257 ], [ 85.53887, 28.42633 ], [ 85.53919, 28.42666 ], [ 85.53959, 28.42668 ], [ 85.53963, 28.42647 ], [ 85.53983, 28.42634 ], [ 85.5399, 28.42617 ], [ 85.53999, 28.4251 ], [ 85.53991, 28.42499 ] ] ] } },
{ "type": "Feature", "properties": { "Id": 160, "Latitude": 28.427970596200002, "Longitude": 85.579513969700002, "GL_ID": "GL085579E28427N", "Basin": "Gandaki", "Sub_Basin": "Trishuli", "Area": 0.027675611769300001, "Elevation": 5012, "Type": "M(o)", "Country": "China", "is_pdgl": false, "pdgl_rank": null, "pdgl_rid": null, "pdgl_pid": null }, "geometry": { "type": "Polygon", "coordinates": [ [ [ 85.57993, 28.42852 ], [ 85.58066, 28.42829 ], [ 85.58082, 28.42748 ], [ 85.58004, 28.4274 ], [ 85.57926, 28.42745 ], [ 85.57845, 28.4276 ], [ 85.57818, 28.42782 ], [ 85.57826, 28.4283 ], [ 85.57846, 28.4285 ], [ 85.57993, 28.42852 ] ] ] } },
{ "type": "Feature", "properties": { "Id": 161, "Latitude": 28.426288854100001, "Longitude": 85.563635655499994, "GL_ID": "GL085563E28426N", "Basin": "Gandaki", "Sub_Basin": "Trishuli", "Area": 0.30866780969800001, "Elevation": 4866, "Type": "M(e)", "Country": "China", "is_pdgl": false, "pdgl_rank": null, "pdgl_rid": null, "pdgl_pid": null }, "geometry": { "type": "Polygon", "coordinates": [ [ [ 85.56737, 28.42831 ], [ 85.56689, 28.42795 ], [ 85.56663, 28.42747 ], [ 85.56617, 28.42697 ], [ 85.56504, 28.4266 ], [ 85.5646, 28.42627 ], [ 85.56459, 28.42599 ], [ 85.56511, 28.42554 ], [ 85.56511, 28.42521 ], [ 85.56465, 28.42481 ], [ 85.56419, 28.42458 ], [ 85.56381, 28.42397 ], [ 85.56315, 28.42359 ], [ 85.56304, 28.42298 ], [ 85.56292, 28.42278 ], [ 85.56258, 28.4226 ], [ 85.56223, 28.42255 ], [ 85.56091, 28.42205 ], [ 85.56037, 28.42226 ], [ 85.55978, 28.42271 ], [ 85.5597, 28.42304 ], [ 85.55978, 28.42358 ], [ 85.56033, 28.42444 ], [ 85.56128, 28.42624 ], [ 85.56265, 28.42756 ], [ 85.56317, 28.42826 ], [ 85.56426, 28.4283 ], [ 85.56471, 28.42844 ], [ 85.56482, 28.42864 ], [ 85.56484, 28.43006 ], [ 85.56497, 28.43031 ], [ 85.5653, 28.43062 ], [ 85.56558, 28.43069 ], [ 85.56634, 28.43069 ], [ 85.56685, 28.43052 ], [ 85.56733, 28.43018 ], [ 85.56756, 28.42982 ], [ 85.56764, 28.42935 ], [ 85.56763, 28.42866 ], [ 85.56737, 28.42831 ] ] ] } },
{ "type": "Feature", "properties": { "Id": 162, "Latitude": 28.430520765800001, "Longitude": 85.171955023699994, "GL_ID": "GL085171E28430N", "Basin": "Gandaki", "Sub_Basin": "Trishuli", "Area": 0.02537976187, "Elevation": 4396, "Type": "E(o)", "Country": "China", "is_pdgl": false, "pdgl_rank": null, "pdgl_rid": null, "pdgl_pid": null }, "geometry": { "type": "Polygon", "coordinates": [ [ [ 85.17196, 28.42956 ], [ 85.17175, 28.42957 ], [ 85.17155, 28.42968 ], [ 85.1711, 28.43028 ], [ 85.17104, 28.43067 ], [ 85.17121, 28.43088 ], [ 85.1718, 28.43132 ], [ 85.17225, 28.43136 ], [ 85.17262, 28.43127 ], [ 85.17287, 28.43104 ], [ 85.17288, 28.43085 ], [ 85.1726, 28.43036 ], [ 85.17247, 28.42988 ], [ 85.17196, 28.42956 ] ] ] } },
{ "type": "Feature", "properties": { "Id": 163, "Latitude": 28.431172200599999, "Longitude": 85.5686244985, "GL_ID": "GL085568E28431N", "Basin": "Gandaki", "Sub_Basin": "Trishuli", "Area": 0.0058168001743400003, "Elevation": 4896, "Type": "I(s)", "Country": "China", "is_pdgl": false, "pdgl_rank": null, "pdgl_rid": null, "pdgl_pid": null }, "geometry": { "type": "Polygon", "coordinates": [ [ [ 85.56877, 28.43078 ], [ 85.56846, 28.43084 ], [ 85.5682, 28.43108 ], [ 85.56821, 28.43136 ], [ 85.56849, 28.43155 ], [ 85.56872, 28.43156 ], [ 85.56905, 28.43131 ], [ 85.56899, 28.43093 ], [ 85.56877, 28.43078 ] ] ] } },
{ "type": "Feature", "properties": { "Id": 164, "Latitude": 28.4324118535, "Longitude": 85.528788420300003, "GL_ID": "GL085528E28432N", "Basin": "Gandaki", "Sub_Basin": "Trishuli", "Area": 0.0065408423247199999, "Elevation": 5256, "Type": "E(o)", "Country": "China", "is_pdgl": false, "pdgl_rank": null, "pdgl_rid": null, "pdgl_pid": null }, "geometry": { "type": "Polygon", "coordinates": [ [ [ 85.52909, 28.43204 ], [ 85.52849, 28.43213 ], [ 85.52832, 28.43243 ], [ 85.52836, 28.43277 ], [ 85.52899, 28.43273 ], [ 85.52916, 28.43265 ], [ 85.52929, 28.4323 ], [ 85.52926, 28.43216 ], [ 85.52909, 28.43204 ] ] ] } },
{ "type": "Feature", "properties": { "Id": 165, "Latitude": 28.432178458, "Longitude": 85.388757353100004, "GL_ID": "GL085388E28432N", "Basin": "Gandaki", "Sub_Basin": "Trishuli", "Area": 0.0096443149098800005, "Elevation": 4307, "Type": "E(o)", "Country": "China", "is_pdgl": false, "pdgl_rank": null, "pdgl_rid": null, "pdgl_pid": null }, "geometry": { "type": "Polygon", "coordinates": [ [ [ 85.38884, 28.43154 ], [ 85.38866, 28.43149 ], [ 85.38858, 28.43156 ], [ 85.38836, 28.43201 ], [ 85.38835, 28.43255 ], [ 85.3886, 28.43278 ], [ 85.38891, 28.43276 ], [ 85.38925, 28.43233 ], [ 85.38918, 28.43197 ], [ 85.38884, 28.43154 ] ] ] } },
{ "type": "Feature", "properties": { "Id": 166, "Latitude": 28.4318655603, "Longitude": 85.532049112500005, "GL_ID": "GL085532E28431N", "Basin": "Gandaki", "Sub_Basin": "Trishuli", "Area": 0.0603298396298, "Elevation": 5249, "Type": "M(e)", "Country": "China", "is_pdgl": false, "pdgl_rank": null, "pdgl_rid": null, "pdgl_pid": null }, "geometry": { "type": "Polygon", "coordinates": [ [ [ 85.53206, 28.43256 ], [ 85.53282, 28.43264 ], [ 85.53339, 28.43221 ], [ 85.53396, 28.43145 ], [ 85.53411, 28.43098 ], [ 85.53404, 28.43058 ], [ 85.53395, 28.43054 ], [ 85.5336, 28.43067 ], [ 85.53308, 28.43103 ], [ 85.53264, 28.43122 ], [ 85.53143, 28.43105 ], [ 85.5308, 28.43142 ], [ 85.53059, 28.43171 ], [ 85.53017, 28.43199 ], [ 85.53004, 28.43228 ], [ 85.53019, 28.43286 ], [ 85.53037, 28.43306 ], [ 85.53089, 28.43306 ], [ 85.53136, 28.43267 ], [ 85.53206, 28.43256 ] ] ] } },
{ "type": "Feature", "properties": { "Id": 167, "Latitude": 28.433305570800002, "Longitude": 85.534602977399999, "GL_ID": "GL085534E28433N", "Basin": "Gandaki", "Sub_Basin": "Trishuli", "Area": 0.020736750883300001, "Elevation": 5240, "Type": "M(o)", "Country": "China", "is_pdgl": false, "pdgl_rank": null, "pdgl_rid": null, "pdgl_pid": null }, "geometry": { "type": "Polygon", "coordinates": [ [ [ 85.53562, 28.43331 ], [ 85.53561, 28.43276 ], [ 85.53553, 28.43271 ], [ 85.53516, 28.43271 ], [ 85.53469, 28.43293 ], [ 85.53448, 28.43291 ], [ 85.5342, 28.43272 ], [ 85.53392, 28.43274 ], [ 85.5338, 28.43287 ], [ 85.53371, 28.43325 ], [ 85.5338, 28.43388 ], [ 85.53406, 28.43398 ], [ 85.53446, 28.43398 ], [ 85.53484, 28.43375 ], [ 85.53544, 28.43358 ], [ 85.53562, 28.43331 ] ] ] } },
{ "type": "Feature", "properties": { "Id": 169, "Latitude": 28.435538120299999, "Longitude": 85.535388565900007, "GL_ID": "GL085535E28435N", "Basin": "Gandaki", "Sub_Basin": "Trishuli", "Area": 0.012767488053100001, "Elevation": 5256, "Type": "E(o)", "Country": "China", "is_pdgl": false, "pdgl_rank": null, "pdgl_rid": null, "pdgl_pid": null }, "geometry": { "type": "Polygon", "coordinates": [ [ [ 85.53536, 28.43496 ], [ 85.53507, 28.43501 ], [ 85.535, 28.43524 ], [ 85.53479, 28.43542 ], [ 85.53473, 28.43561 ], [ 85.53474, 28.43582 ], [ 85.53485, 28.43598 ], [ 85.53531, 28.43611 ], [ 85.53573, 28.43601 ], [ 85.53602, 28.43551 ], [ 85.53594, 28.4351 ], [ 85.53536, 28.43496 ] ] ] } },
{ "type": "Feature", "properties": { "Id": 170, "Latitude": 28.4376589, "Longitude": 85.553311874599999, "GL_ID": "GL085553E28437N", "Basin": "Gandaki", "Sub_Basin": "Trishuli", "Area": 0.00296648568211, "Elevation": 5221, "Type": "M(o)", "Country": "China", "is_pdgl": false, "pdgl_rank": null, "pdgl_rid": null, "pdgl_pid": null }, "geometry": { "type": "Polygon", "coordinates": [ [ [ 85.55329, 28.43738 ], [ 85.55306, 28.43745 ], [ 85.55305, 28.43786 ], [ 85.55322, 28.43792 ], [ 85.55358, 28.43785 ], [ 85.55363, 28.43773 ], [ 85.55354, 28.43749 ], [ 85.55329, 28.43738 ] ] ] } },
{ "type": "Feature", "properties": { "Id": 171, "Latitude": 28.437603219100001, "Longitude": 85.394137256099995, "GL_ID": "GL085394E28437N", "Basin": "Gandaki", "Sub_Basin": "Trishuli", "Area": 0.0124259886968, "Elevation": 4728, "Type": "E(o)", "Country": "China", "is_pdgl": false, "pdgl_rank": null, "pdgl_rid": null, "pdgl_pid": null }, "geometry": { "type": "Polygon", "coordinates": [ [ [ 85.39406, 28.43684 ], [ 85.39388, 28.43689 ], [ 85.39383, 28.437 ], [ 85.39372, 28.43768 ], [ 85.39355, 28.43804 ], [ 85.39361, 28.43822 ], [ 85.39375, 28.43828 ], [ 85.39399, 28.43826 ], [ 85.39454, 28.43799 ], [ 85.39475, 28.43779 ], [ 85.39472, 28.43758 ], [ 85.39447, 28.4371 ], [ 85.39425, 28.43689 ], [ 85.39406, 28.43684 ] ] ] } },
{ "type": "Feature", "properties": { "Id": 172, "Latitude": 28.437574552600001, "Longitude": 85.572092400599999, "GL_ID": "GL085572E28437N", "Basin": "Gandaki", "Sub_Basin": "Trishuli", "Area": 0.0474093726046, "Elevation": 4948, "Type": "I(s)", "Country": "China", "is_pdgl": false, "pdgl_rank": null, "pdgl_rid": null, "pdgl_pid": null }, "geometry": { "type": "Polygon", "coordinates": [ [ [ 85.57243, 28.43619 ], [ 85.57174, 28.43619 ], [ 85.57136, 28.4365 ], [ 85.57121, 28.43741 ], [ 85.57136, 28.43833 ], [ 85.57131, 28.43883 ], [ 85.57157, 28.43906 ], [ 85.57229, 28.43899 ], [ 85.57264, 28.43867 ], [ 85.57288, 28.43827 ], [ 85.57301, 28.43673 ], [ 85.57266, 28.4363 ], [ 85.57243, 28.43619 ] ] ] } },
{ "type": "Feature", "properties": { "Id": 173, "Latitude": 28.442709587, "Longitude": 85.377029086600004, "GL_ID": "GL085377E28442N", "Basin": "Gandaki", "Sub_Basin": "Trishuli", "Area": 0.0164372902398, "Elevation": 4038, "Type": "E(o)", "Country": "China", "is_pdgl": false, "pdgl_rank": null, "pdgl_rid": null, "pdgl_pid": null }, "geometry": { "type": "Polygon", "coordinates": [ [ [ 85.3777, 28.44223 ], [ 85.37665, 28.44218 ], [ 85.37642, 28.44229 ], [ 85.37626, 28.44268 ], [ 85.37632, 28.44315 ], [ 85.377, 28.44327 ], [ 85.37753, 28.44317 ], [ 85.37777, 28.44292 ], [ 85.37781, 28.4425 ], [ 85.3777, 28.44223 ] ] ] } },
{ "type": "Feature", "properties": { "Id": 174, "Latitude": 28.4440604059, "Longitude": 85.495308808900006, "GL_ID": "GL085495E28444N", "Basin": "Gandaki", "Sub_Basin": "Trishuli", "Area": 0.017542486263599999, "Elevation": 5125, "Type": "M(o)", "Country": "China", "is_pdgl": false, "pdgl_rank": null, "pdgl_rid": null, "pdgl_pid": null }, "geometry": { "type": "Polygon", "coordinates": [ [ [ 85.49576, 28.44332 ], [ 85.49502, 28.44323 ], [ 85.49484, 28.44332 ], [ 85.49479, 28.44459 ], [ 85.49496, 28.44481 ], [ 85.49566, 28.44486 ], [ 85.49583, 28.44472 ], [ 85.49588, 28.44454 ], [ 85.49576, 28.44332 ] ] ] } },
{ "type": "Feature", "properties": { "Id": 175, "Latitude": 28.4455211967, "Longitude": 85.559646274399995, "GL_ID": "GL085559E28445N", "Basin": "Gandaki", "Sub_Basin": "Trishuli", "Area": 0.018489329857000001, "Elevation": 5200, "Type": "M(e)", "Country": "China", "is_pdgl": false, "pdgl_rank": null, "pdgl_rid": null, "pdgl_pid": null }, "geometry": { "type": "Polygon", "coordinates": [ [ [ 85.56037, 28.44481 ], [ 85.55959, 28.44479 ], [ 85.55911, 28.44499 ], [ 85.55906, 28.44579 ], [ 85.55907, 28.44629 ], [ 85.55913, 28.44635 ], [ 85.55963, 28.44643 ], [ 85.55991, 28.44621 ], [ 85.56003, 28.44573 ], [ 85.56036, 28.44527 ], [ 85.56037, 28.44481 ] ] ] } },
{ "type": "Feature", "properties": { "Id": 176, "Latitude": 28.4459287048, "Longitude": 85.562417089199997, "GL_ID": "GL085562E28445N", "Basin": "Gandaki", "Sub_Basin": "Trishuli", "Area": 0.030447862804300001, "Elevation": 5180, "Type": "M(e)", "Country": "China", "is_pdgl": false, "pdgl_rank": null, "pdgl_rid": null, "pdgl_pid": null }, "geometry": { "type": "Polygon", "coordinates": [ [ [ 85.56242, 28.44513 ], [ 85.56181, 28.44514 ], [ 85.56158, 28.44536 ], [ 85.56127, 28.44611 ], [ 85.56129, 28.44628 ], [ 85.5615, 28.44655 ], [ 85.56173, 28.44665 ], [ 85.56223, 28.44666 ], [ 85.56265, 28.44652 ], [ 85.56334, 28.44646 ], [ 85.56373, 28.44625 ], [ 85.56374, 28.44605 ], [ 85.56365, 28.44592 ], [ 85.56311, 28.44538 ], [ 85.56242, 28.44513 ] ] ] } },
{ "type": "Feature", "properties": { "Id": 177, "Latitude": 28.448119819399999, "Longitude": 85.341706423000005, "GL_ID": "GL085341E28448N", "Basin": "Gandaki", "Sub_Basin": "Trishuli", "Area": 0.0054184615810199998, "Elevation": 4102, "Type": "M(o)", "Country": "China", "is_pdgl": false, "pdgl_rank": null, "pdgl_rid": null, "pdgl_pid": null }, "geometry": { "type": "Polygon", "coordinates": [ [ [ 85.34192, 28.44777 ], [ 85.3414, 28.44786 ], [ 85.34127, 28.44814 ], [ 85.34142, 28.44838 ], [ 85.34182, 28.4485 ], [ 85.34203, 28.44841 ], [ 85.34211, 28.44829 ], [ 85.34203, 28.44788 ], [ 85.34192, 28.44777 ] ] ] } },
{ "type": "Feature", "properties": { "Id": 179, "Latitude": 28.448098812400001, "Longitude": 85.556773148199994, "GL_ID": "GL085556E28448N", "Basin": "Gandaki", "Sub_Basin": "Trishuli", "Area": 0.021176634299600001, "Elevation": 5252, "Type": "M(o)", "Country": "China", "is_pdgl": false, "pdgl_rank": null, "pdgl_rid": null, "pdgl_pid": null }, "geometry": { "type": "Polygon", "coordinates": [ [ [ 85.55715, 28.44745 ], [ 85.55618, 28.44739 ], [ 85.55602, 28.44757 ], [ 85.55601, 28.44822 ], [ 85.55669, 28.44893 ], [ 85.55706, 28.44902 ], [ 85.55718, 28.44894 ], [ 85.55753, 28.44821 ], [ 85.55756, 28.44798 ], [ 85.55748, 28.44767 ], [ 85.55715, 28.44745 ] ] ] } },
{ "type": "Feature", "properties": { "Id": 183, "Latitude": 28.459250203700002, "Longitude": 85.582347684699997, "GL_ID": "GL085582E28459N", "Basin": "Gandaki", "Sub_Basin": "Trishuli", "Area": 0.0529583172484, "Elevation": 5155, "Type": "M(l)", "Country": "China", "is_pdgl": false, "pdgl_rank": null, "pdgl_rid": null, "pdgl_pid": null }, "geometry": { "type": "Polygon", "coordinates": [ [ [ 85.58296, 28.45832 ], [ 85.58226, 28.45826 ], [ 85.58156, 28.45846 ], [ 85.58075, 28.45855 ], [ 85.58081, 28.45924 ], [ 85.58096, 28.45979 ], [ 85.58175, 28.46012 ], [ 85.58218, 28.46017 ], [ 85.58388, 28.45989 ], [ 85.58427, 28.45972 ], [ 85.58427, 28.4595 ], [ 85.58413, 28.45933 ], [ 85.58317, 28.45867 ], [ 85.58296, 28.45832 ] ] ] } },
{ "type": "Feature", "properties": { "Id": 186, "Latitude": 28.4678276428, "Longitude": 85.519378372199995, "GL_ID": "GL085519E28467N", "Basin": "Gandaki", "Sub_Basin": "Trishuli", "Area": 0.453916544601, "Elevation": 4445, "Type": "M(e)", "Country": "China", "is_pdgl": false, "pdgl_rank": null, "pdgl_rid": null, "pdgl_pid": null }, "geometry": { "type": "Polygon", "coordinates": [ [ [ 85.51812, 28.47 ], [ 85.51894, 28.46999 ], [ 85.51996, 28.46975 ], [ 85.52047, 28.46981 ], [ 85.52111, 28.47002 ], [ 85.52162, 28.47003 ], [ 85.5222, 28.46974 ], [ 85.52254, 28.46938 ], [ 85.5231, 28.46922 ], [ 85.52378, 28.46885 ], [ 85.52429, 28.46842 ], [ 85.52438, 28.46817 ], [ 85.52467, 28.46642 ], [ 85.52466, 28.46608 ], [ 85.52447, 28.46566 ], [ 85.52334, 28.46512 ], [ 85.5215, 28.4649 ], [ 85.52119, 28.46495 ], [ 85.52074, 28.46513 ], [ 85.52028, 28.46547 ], [ 85.51708, 28.46645 ], [ 85.51571, 28.467 ], [ 85.51491, 28.46754 ], [ 85.51327, 28.468 ], [ 85.51271, 28.46869 ], [ 85.51249, 28.46921 ], [ 85.51248, 28.46951 ], [ 85.51262, 28.46966 ], [ 85.5132, 28.46981 ], [ 85.51464, 28.46966 ], [ 85.51538, 28.46941 ], [ 85.51584, 28.46946 ], [ 85.51606, 28.46954 ], [ 85.51618, 28.46997 ], [ 85.51636, 28.47022 ], [ 85.51691, 28.47042 ], [ 85.51738, 28.47039 ], [ 85.51812, 28.47 ] ] ] } },
{ "type": "Feature", "properties": { "Id": 187, "Latitude": 28.473625667299999, "Longitude": 85.432969441400004, "GL_ID": "GL085432E28473N", "Basin": "Gandaki", "Sub_Basin": "Trishuli", "Area": 0.023087581506900001, "Elevation": 5042, "Type": "M(e)", "Country": "China", "is_pdgl": false, "pdgl_rank": null, "pdgl_rid": null, "pdgl_pid": null }, "geometry": { "type": "Polygon", "coordinates": [ [ [ 85.43406, 28.47292 ], [ 85.43378, 28.47284 ], [ 85.43353, 28.473 ], [ 85.43287, 28.47313 ], [ 85.43242, 28.47332 ], [ 85.43195, 28.47337 ], [ 85.43183, 28.4735 ], [ 85.43177, 28.47385 ], [ 85.43263, 28.47442 ], [ 85.43292, 28.47427 ], [ 85.4333, 28.4742 ], [ 85.43408, 28.47334 ], [ 85.43406, 28.47292 ] ] ] } },
{ "type": "Feature", "properties": { "Id": 188, "Latitude": 28.477448522, "Longitude": 85.563446874299999, "GL_ID": "GL085563E28477N", "Basin": "Gandaki", "Sub_Basin": "Trishuli", "Area": 0.0047541371373700002, "Elevation": 5293, "Type": "E(o)", "Country": "China", "is_pdgl": false, "pdgl_rank": null, "pdgl_rid": null, "pdgl_pid": null }, "geometry": { "type": "Polygon", "coordinates": [ [ [ 85.56383, 28.47704 ], [ 85.56355, 28.47708 ], [ 85.56337, 28.47726 ], [ 85.56306, 28.4774 ], [ 85.56299, 28.47758 ], [ 85.56303, 28.47778 ], [ 85.56357, 28.47773 ], [ 85.56384, 28.47736 ], [ 85.56388, 28.47715 ], [ 85.56383, 28.47704 ] ] ] } },
{ "type": "Feature", "properties": { "Id": 189, "Latitude": 28.477440284699998, "Longitude": 85.443764569600006, "GL_ID": "GL085443E28477N", "Basin": "Gandaki", "Sub_Basin": "Trishuli", "Area": 0.011204425300200001, "Elevation": 4669, "Type": "E(o)", "Country": "China", "is_pdgl": false, "pdgl_rank": null, "pdgl_rid": null, "pdgl_pid": null }, "geometry": { "type": "Polygon", "coordinates": [ [ [ 85.44396, 28.47674 ], [ 85.44369, 28.47674 ], [ 85.44354, 28.47684 ], [ 85.44346, 28.47708 ], [ 85.44328, 28.47803 ], [ 85.44353, 28.47824 ], [ 85.44376, 28.47821 ], [ 85.4441, 28.4775 ], [ 85.4443, 28.4773 ], [ 85.44425, 28.47691 ], [ 85.44396, 28.47674 ] ] ] } },
{ "type": "Feature", "properties": { "Id": 190, "Latitude": 28.482734162900002, "Longitude": 85.301923140200003, "GL_ID": "GL085301E28482N", "Basin": "Gandaki", "Sub_Basin": "Trishuli", "Area": 0.0911591289483, "Elevation": 4420, "Type": "M(e)", "Country": "China", "is_pdgl": false, "pdgl_rank": null, "pdgl_rid": null, "pdgl_pid": null }, "geometry": { "type": "Polygon", "coordinates": [ [ [ 85.3014, 28.4807 ], [ 85.3011, 28.48072 ], [ 85.30071, 28.48096 ], [ 85.30048, 28.48099 ], [ 85.30027, 28.48129 ], [ 85.30023, 28.48191 ], [ 85.30064, 28.483 ], [ 85.30096, 28.48349 ], [ 85.30206, 28.48445 ], [ 85.3025, 28.48459 ], [ 85.30323, 28.48452 ], [ 85.30358, 28.48423 ], [ 85.30374, 28.484 ], [ 85.30376, 28.48338 ], [ 85.30363, 28.48301 ], [ 85.30354, 28.48286 ], [ 85.30269, 28.48234 ], [ 85.30249, 28.48213 ], [ 85.30218, 28.48164 ], [ 85.30199, 28.48086 ], [ 85.3014, 28.4807 ] ] ] } },
{ "type": "Feature", "properties": { "Id": 191, "Latitude": 28.4828664154, "Longitude": 85.438634233000002, "GL_ID": "GL085438E28482N", "Basin": "Gandaki", "Sub_Basin": "Trishuli", "Area": 0.056479373051099999, "Elevation": 4675, "Type": "M(o)", "Country": "China", "is_pdgl": false, "pdgl_rank": null, "pdgl_rid": null, "pdgl_pid": null }, "geometry": { "type": "Polygon", "coordinates": [ [ [ 85.4389, 28.48259 ], [ 85.43922, 28.48259 ], [ 85.43945, 28.48272 ], [ 85.4397, 28.48312 ], [ 85.44022, 28.48333 ], [ 85.44057, 28.48321 ], [ 85.44067, 28.48291 ], [ 85.44066, 28.48238 ], [ 85.44022, 28.48193 ], [ 85.43809, 28.48184 ], [ 85.43736, 28.48238 ], [ 85.43704, 28.48336 ], [ 85.43705, 28.48362 ], [ 85.43726, 28.48408 ], [ 85.43768, 28.48451 ], [ 85.43807, 28.4846 ], [ 85.43817, 28.48454 ], [ 85.43819, 28.48374 ], [ 85.43838, 28.4834 ], [ 85.43859, 28.48323 ], [ 85.43876, 28.48272 ], [ 85.4389, 28.48259 ] ] ] } },
{ "type": "Feature", "properties": { "Id": 193, "Latitude": 28.4953870282, "Longitude": 85.549631233499994, "GL_ID": "GL085549E28495N", "Basin": "Gandaki", "Sub_Basin": "Trishuli", "Area": 0.022470684135900001, "Elevation": 4861, "Type": "E(c)", "Country": "China", "is_pdgl": false, "pdgl_rank": null, "pdgl_rid": null, "pdgl_pid": null }, "geometry": { "type": "Polygon", "coordinates": [ [ [ 85.5501, 28.49443 ], [ 85.54983, 28.49449 ], [ 85.54933, 28.49492 ], [ 85.54865, 28.49585 ], [ 85.54857, 28.49628 ], [ 85.54903, 28.49633 ], [ 85.54935, 28.49606 ], [ 85.55021, 28.49569 ], [ 85.55044, 28.49552 ], [ 85.55052, 28.4953 ], [ 85.55048, 28.49466 ], [ 85.5501, 28.49443 ] ] ] } },
{ "type": "Feature", "properties": { "Id": 196, "Latitude": 28.499848204300001, "Longitude": 85.430235733000004, "GL_ID": "GL085430E28499N", "Basin": "Gandaki", "Sub_Basin": "Trishuli", "Area": 0.042446808563699999, "Elevation": 4933, "Type": "M(o)", "Country": "China", "is_pdgl": false, "pdgl_rank": null, "pdgl_rid": null, "pdgl_pid": null }, "geometry": { "type": "Polygon", "coordinates": [ [ [ 85.43033, 28.49847 ], [ 85.43007, 28.49849 ], [ 85.42949, 28.49892 ], [ 85.42931, 28.49925 ], [ 85.42925, 28.49965 ], [ 85.4294, 28.50029 ], [ 85.42979, 28.50073 ], [ 85.42994, 28.5011 ], [ 85.43008, 28.50121 ], [ 85.43039, 28.50124 ], [ 85.43067, 28.5012 ], [ 85.43105, 28.50086 ], [ 85.43116, 28.50058 ], [ 85.43117, 28.5002 ], [ 85.43089, 28.49965 ], [ 85.43088, 28.49872 ], [ 85.43078, 28.4986 ], [ 85.43033, 28.49847 ] ] ] } },
{ "type": "Feature", "properties": { "Id": 197, "Latitude": 28.501052629099998, "Longitude": 85.494350729399997, "GL_ID": "GL085494E28501N", "Basin": "Gandaki", "Sub_Basin": "Trishuli", "Area": 0.0289944033762, "Elevation": 4780, "Type": "M(l)", "Country": "China", "is_pdgl": false, "pdgl_rank": null, "pdgl_rid": null, "pdgl_pid": null }, "geometry": { "type": "Polygon", "coordinates": [ [ [ 85.49466, 28.50176 ], [ 85.4951, 28.50165 ], [ 85.4955, 28.50121 ], [ 85.49488, 28.50028 ], [ 85.49465, 28.50016 ], [ 85.49411, 28.50016 ], [ 85.49365, 28.50066 ], [ 85.49329, 28.50121 ], [ 85.49324, 28.50156 ], [ 85.49349, 28.50176 ], [ 85.49466, 28.50176 ] ] ] } },
{ "type": "Feature", "properties": { "Id": 198, "Latitude": 28.501590192599998, "Longitude": 85.519332022200004, "GL_ID": "GL085519E28501N", "Basin": "Gandaki", "Sub_Basin": "Trishuli", "Area": 0.0060659378553200001, "Elevation": 5301, "Type": "E(c)", "Country": "China", "is_pdgl": false, "pdgl_rank": null, "pdgl_rid": null, "pdgl_pid": null }, "geometry": { "type": "Polygon", "coordinates": [ [ [ 85.51949, 28.50118 ], [ 85.51924, 28.5012 ], [ 85.51899, 28.50138 ], [ 85.5189, 28.50182 ], [ 85.51897, 28.50193 ], [ 85.51939, 28.50197 ], [ 85.51965, 28.50186 ], [ 85.51976, 28.5014 ], [ 85.51949, 28.50118 ] ] ] } },
{ "type": "Feature", "properties": { "Id": 200, "Latitude": 28.5038243724, "Longitude": 85.521644814300004, "GL_ID": "GL085521E28503N", "Basin": "Gandaki", "Sub_Basin": "Trishuli", "Area": 0.039142201946200002, "Elevation": 5234, "Type": "E(c)", "Country": "China", "is_pdgl": false, "pdgl_rank": null, "pdgl_rid": null, "pdgl_pid": null }, "geometry": { "type": "Polygon", "coordinates": [ [ [ 85.52183, 28.50306 ], [ 85.52077, 28.50292 ], [ 85.52039, 28.50308 ], [ 85.52036, 28.5034 ], [ 85.52045, 28.50377 ], [ 85.52086, 28.5043 ], [ 85.52133, 28.50474 ], [ 85.52172, 28.50485 ], [ 85.52218, 28.50481 ], [ 85.52232, 28.50455 ], [ 85.52302, 28.50407 ], [ 85.52305, 28.50364 ], [ 85.52183, 28.50306 ] ] ] } },
{ "type": "Feature", "properties": { "Id": 201, "Latitude": 28.506376103299999, "Longitude": 85.545736144700001, "GL_ID": "GL085545E28506N", "Basin": "Gandaki", "Sub_Basin": "Trishuli", "Area": 0.0052196756458400004, "Elevation": 4895, "Type": "M(l)", "Country": "China", "is_pdgl": false, "pdgl_rank": null, "pdgl_rid": null, "pdgl_pid": null }, "geometry": { "type": "Polygon", "coordinates": [ [ [ 85.54593, 28.506 ], [ 85.54544, 28.50597 ], [ 85.54539, 28.50606 ], [ 85.54546, 28.50653 ], [ 85.54568, 28.50682 ], [ 85.54591, 28.50683 ], [ 85.54605, 28.50659 ], [ 85.546, 28.50607 ], [ 85.54593, 28.506 ] ] ] } },
{ "type": "Feature", "properties": { "Id": 203, "Latitude": 28.507472185600001, "Longitude": 85.554734941899994, "GL_ID": "GL085554E28507N", "Basin": "Gandaki", "Sub_Basin": "Trishuli", "Area": 0.0149075734732, "Elevation": 4969, "Type": "E(o)", "Country": "China", "is_pdgl": false, "pdgl_rank": null, "pdgl_rid": null, "pdgl_pid": null }, "geometry": { "type": "Polygon", "coordinates": [ [ [ 85.55507, 28.50699 ], [ 85.55423, 28.50694 ], [ 85.55403, 28.50708 ], [ 85.55402, 28.50754 ], [ 85.55412, 28.5078 ], [ 85.5544, 28.50794 ], [ 85.55495, 28.50802 ], [ 85.55521, 28.50802 ], [ 85.55543, 28.50788 ], [ 85.55547, 28.5074 ], [ 85.55534, 28.50721 ], [ 85.55507, 28.50699 ] ] ] } },
{ "type": "Feature", "properties": { "Id": 204, "Latitude": 28.508163592900001, "Longitude": 85.557265947000005, "GL_ID": "GL085557E28508N", "Basin": "Gandaki", "Sub_Basin": "Trishuli", "Area": 0.0071978219337000002, "Elevation": 5022, "Type": "E(o)", "Country": "China", "is_pdgl": false, "pdgl_rank": null, "pdgl_rid": null, "pdgl_pid": null }, "geometry": { "type": "Polygon", "coordinates": [ [ [ 85.55747, 28.50779 ], [ 85.55689, 28.50776 ], [ 85.55672, 28.50793 ], [ 85.55691, 28.50815 ], [ 85.55701, 28.50854 ], [ 85.55719, 28.50861 ], [ 85.5576, 28.5086 ], [ 85.5577, 28.50845 ], [ 85.55764, 28.50793 ], [ 85.55747, 28.50779 ] ] ] } },
{ "type": "Feature", "properties": { "Id": 205, "Latitude": 28.509649326000002, "Longitude": 85.445899179099996, "GL_ID": "GL085445E28509N", "Basin": "Gandaki", "Sub_Basin": "Trishuli", "Area": 0.114702471981, "Elevation": 4632, "Type": "E(c)", "Country": "China", "is_pdgl": false, "pdgl_rank": null, "pdgl_rid": null, "pdgl_pid": null }, "geometry": { "type": "Polygon", "coordinates": [ [ [ 85.44557, 28.50783 ], [ 85.44464, 28.50792 ], [ 85.44428, 28.50815 ], [ 85.4441, 28.50964 ], [ 85.44414, 28.51031 ], [ 85.44437, 28.51075 ], [ 85.44486, 28.51092 ], [ 85.44532, 28.51122 ], [ 85.44604, 28.51144 ], [ 85.44654, 28.51141 ], [ 85.44811, 28.51023 ], [ 85.44818, 28.51014 ], [ 85.44819, 28.50991 ], [ 85.44804, 28.50966 ], [ 85.44774, 28.50943 ], [ 85.4469, 28.50849 ], [ 85.44602, 28.50792 ], [ 85.44557, 28.50783 ] ] ] } },
{ "type": "Feature", "properties": { "Id": 206, "Latitude": 28.508590678099999, "Longitude": 85.494484102900003, "GL_ID": "GL085494E28508N", "Basin": "Gandaki", "Sub_Basin": "Trishuli", "Area": 0.27693366721000001, "Elevation": 4749, "Type": "M(e)", "Country": "China", "is_pdgl": true, "pdgl_rank": "II", "pdgl_rid": 44, "pdgl_pid": 44 }, "geometry": { "type": "Polygon", "coordinates": [ [ [ 85.49723, 28.50925 ], [ 85.49596, 28.50819 ], [ 85.49547, 28.50845 ], [ 85.49514, 28.50846 ], [ 85.49513, 28.50833 ], [ 85.49553, 28.50803 ], [ 85.4954, 28.50721 ], [ 85.49516, 28.50688 ], [ 85.49435, 28.50654 ], [ 85.49403, 28.50631 ], [ 85.49393, 28.50608 ], [ 85.49383, 28.50491 ], [ 85.49369, 28.50472 ], [ 85.49315, 28.50464 ], [ 85.49287, 28.5047 ], [ 85.49275, 28.50479 ], [ 85.4926, 28.50518 ], [ 85.49247, 28.50524 ], [ 85.49205, 28.5051 ], [ 85.49168, 28.50472 ], [ 85.49113, 28.5047 ], [ 85.491, 28.50489 ], [ 85.49099, 28.50541 ], [ 85.49089, 28.50561 ], [ 85.49031, 28.50548 ], [ 85.49002, 28.50552 ], [ 85.48995, 28.50561 ], [ 85.48994, 28.50574 ], [ 85.49008, 28.50605 ], [ 85.49057, 28.50667 ], [ 85.49088, 28.50681 ], [ 85.49203, 28.50691 ], [ 85.49245, 28.5071 ], [ 85.49326, 28.50765 ], [ 85.49329, 28.50779 ], [ 85.49321, 28.50785 ], [ 85.49293, 28.5078 ], [ 85.49268, 28.50766 ], [ 85.49247, 28.50767 ], [ 85.49232, 28.50787 ], [ 85.49232, 28.50814 ], [ 85.49356, 28.50946 ], [ 85.49367, 28.50979 ], [ 85.49388, 28.51008 ], [ 85.49463, 28.51045 ], [ 85.49469, 28.51153 ], [ 85.49482, 28.51184 ], [ 85.49565, 28.51248 ], [ 85.49618, 28.51261 ], [ 85.49671, 28.51256 ], [ 85.49759, 28.5121 ], [ 85.49785, 28.51175 ], [ 85.49799, 28.51112 ], [ 85.49792, 28.51032 ], [ 85.49775, 28.5099 ], [ 85.49723, 28.50925 ] ] ] } },
{ "type": "Feature", "properties": { "Id": 207, "Latitude": 28.517190194600001, "Longitude": 85.275601175299997, "GL_ID": "GL085275E28517N", "Basin": "Gandaki", "Sub_Basin": "Trishuli", "Area": 0.0080117375240599999, "Elevation": 5291, "Type": "E(o)", "Country": "China", "is_pdgl": false, "pdgl_rank": null, "pdgl_rid": null, "pdgl_pid": null }, "geometry": { "type": "Polygon", "coordinates": [ [ [ 85.27572, 28.5167 ], [ 85.27542, 28.51678 ], [ 85.27512, 28.51716 ], [ 85.27521, 28.51757 ], [ 85.27533, 28.51773 ], [ 85.27559, 28.51769 ], [ 85.27608, 28.51724 ], [ 85.27612, 28.51702 ], [ 85.27605, 28.51687 ], [ 85.27572, 28.5167 ] ] ] } },
{ "type": "Feature", "properties": { "Id": 208, "Latitude": 28.518723247, "Longitude": 85.322159754099999, "GL_ID": "GL085322E28518N", "Basin": "Gandaki", "Sub_Basin": "Trishuli", "Area": 0.021102176160599999, "Elevation": 4893, "Type": "E(o)", "Country": "China", "is_pdgl": false, "pdgl_rank": null, "pdgl_rid": null, "pdgl_pid": null }, "geometry": { "type": "Polygon", "coordinates": [ [ [ 85.32246, 28.5182 ], [ 85.32166, 28.51811 ], [ 85.32129, 28.51838 ], [ 85.32114, 28.51868 ], [ 85.32122, 28.51914 ], [ 85.32315, 28.51921 ], [ 85.32327, 28.51883 ], [ 85.32314, 28.51858 ], [ 85.32246, 28.5182 ] ] ] } },
{ "type": "Feature", "properties": { "Id": 209, "Latitude": 28.518747170400001, "Longitude": 85.540473192799993, "GL_ID": "GL085540E28518N", "Basin": "Gandaki", "Sub_Basin": "Trishuli", "Area": 0.0110204777038, "Elevation": 4962, "Type": "M(l)", "Country": "China", "is_pdgl": false, "pdgl_rank": null, "pdgl_rid": null, "pdgl_pid": null }, "geometry": { "type": "Polygon", "coordinates": [ [ [ 85.54061, 28.51816 ], [ 85.54036, 28.51817 ], [ 85.54002, 28.51833 ], [ 85.54002, 28.51916 ], [ 85.54012, 28.5193 ], [ 85.54059, 28.51932 ], [ 85.5408, 28.51928 ], [ 85.54087, 28.51918 ], [ 85.54098, 28.51875 ], [ 85.54096, 28.51845 ], [ 85.54089, 28.51829 ], [ 85.54061, 28.51816 ] ] ] } },
{ "type": "Feature", "properties": { "Id": 210, "Latitude": 28.518366754799999, "Longitude": 85.439755984300007, "GL_ID": "GL085439E28518N", "Basin": "Gandaki", "Sub_Basin": "Trishuli", "Area": 0.0459876651256, "Elevation": 4984, "Type": "E(o)", "Country": "China", "is_pdgl": false, "pdgl_rank": null, "pdgl_rid": null, "pdgl_pid": null }, "geometry": { "type": "Polygon", "coordinates": [ [ [ 85.44042, 28.51727 ], [ 85.44016, 28.51727 ], [ 85.43968, 28.51742 ], [ 85.43885, 28.51773 ], [ 85.43865, 28.51788 ], [ 85.43855, 28.51815 ], [ 85.43854, 28.51883 ], [ 85.43869, 28.51914 ], [ 85.43923, 28.51948 ], [ 85.43945, 28.51954 ], [ 85.43997, 28.51949 ], [ 85.4402, 28.51935 ], [ 85.44109, 28.51797 ], [ 85.44105, 28.51767 ], [ 85.44093, 28.51746 ], [ 85.44042, 28.51727 ] ] ] } },
{ "type": "Feature", "properties": { "Id": 211, "Latitude": 28.5201646463, "Longitude": 85.435849835300004, "GL_ID": "GL085435E28520N", "Basin": "Gandaki", "Sub_Basin": "Trishuli", "Area": 0.041628317238500002, "Elevation": 5033, "Type": "E(o)", "Country": "China", "is_pdgl": false, "pdgl_rank": null, "pdgl_rid": null, "pdgl_pid": null }, "geometry": { "type": "Polygon", "coordinates": [ [ [ 85.43683, 28.51896 ], [ 85.43642, 28.51898 ], [ 85.43559, 28.51951 ], [ 85.43498, 28.5197 ], [ 85.43454, 28.52063 ], [ 85.43458, 28.52102 ], [ 85.4351, 28.52126 ], [ 85.43568, 28.52124 ], [ 85.43659, 28.52066 ], [ 85.4371, 28.5197 ], [ 85.43707, 28.51919 ], [ 85.43683, 28.51896 ] ] ] } },
{ "type": "Feature", "properties": { "Id": 212, "Latitude": 28.521713441900001, "Longitude": 85.320161693499998, "GL_ID": "GL085320E28521N", "Basin": "Gandaki", "Sub_Basin": "Trishuli", "Area": 0.012834790778599999, "Elevation": 4878, "Type": "M(e)", "Country": "China", "is_pdgl": false, "pdgl_rank": null, "pdgl_rid": null, "pdgl_pid": null }, "geometry": { "type": "Polygon", "coordinates": [ [ [ 85.32093, 28.52134 ], [ 85.31979, 28.52134 ], [ 85.31933, 28.52167 ], [ 85.31932, 28.52206 ], [ 85.31977, 28.52214 ], [ 85.32031, 28.52212 ], [ 85.32082, 28.52186 ], [ 85.3211, 28.52159 ], [ 85.32112, 28.52144 ], [ 85.32093, 28.52134 ] ] ] } },
{ "type": "Feature", "properties": { "Id": 213, "Latitude": 28.523071912300001, "Longitude": 85.435593569399998, "GL_ID": "GL085435E28523N", "Basin": "Gandaki", "Sub_Basin": "Trishuli", "Area": 0.0061133890440699997, "Elevation": 5097, "Type": "E(o)", "Country": "China", "is_pdgl": false, "pdgl_rank": null, "pdgl_rid": null, "pdgl_pid": null }, "geometry": { "type": "Polygon", "coordinates": [ [ [ 85.43576, 28.5227 ], [ 85.43546, 28.52274 ], [ 85.4352, 28.52291 ], [ 85.4351, 28.52309 ], [ 85.43515, 28.5233 ], [ 85.43565, 28.52348 ], [ 85.43596, 28.52322 ], [ 85.43607, 28.52303 ], [ 85.43604, 28.52282 ], [ 85.43576, 28.5227 ] ] ] } },
{ "type": "Feature", "properties": { "Id": 214, "Latitude": 28.535059773099999, "Longitude": 85.327482281800002, "GL_ID": "GL085327E28535N", "Basin": "Gandaki", "Sub_Basin": "Trishuli", "Area": 0.0069861716808700004, "Elevation": 5363, "Type": "I(s)", "Country": "China", "is_pdgl": false, "pdgl_rank": null, "pdgl_rid": null, "pdgl_pid": null }, "geometry": { "type": "Polygon", "coordinates": [ [ [ 85.32766, 28.53464 ], [ 85.32732, 28.53463 ], [ 85.32713, 28.53476 ], [ 85.32703, 28.53513 ], [ 85.32718, 28.53543 ], [ 85.32768, 28.53546 ], [ 85.32791, 28.53533 ], [ 85.32787, 28.5348 ], [ 85.32766, 28.53464 ] ] ] } },
{ "type": "Feature", "properties": { "Id": 215, "Latitude": 28.5379439646, "Longitude": 85.488304604199996, "GL_ID": "GL085488E28537N", "Basin": "Gandaki", "Sub_Basin": "Trishuli", "Area": 0.026893962495199999, "Elevation": 4596, "Type": "M(o)", "Country": "China", "is_pdgl": false, "pdgl_rank": null, "pdgl_rid": null, "pdgl_pid": null }, "geometry": { "type": "Polygon", "coordinates": [ [ [ 85.48874, 28.53847 ], [ 85.48961, 28.53807 ], [ 85.48976, 28.53781 ], [ 85.48974, 28.53746 ], [ 85.48906, 28.53744 ], [ 85.48831, 28.53763 ], [ 85.48806, 28.53753 ], [ 85.48745, 28.53746 ], [ 85.48707, 28.53752 ], [ 85.48697, 28.53761 ], [ 85.48701, 28.53823 ], [ 85.48717, 28.5384 ], [ 85.48738, 28.53847 ], [ 85.48874, 28.53847 ] ] ] } },
{ "type": "Feature", "properties": { "Id": 217, "Latitude": 28.545046324200001, "Longitude": 85.448248615599994, "GL_ID": "GL085448E28545N", "Basin": "Gandaki", "Sub_Basin": "Trishuli", "Area": 0.017519633217000001, "Elevation": 4907, "Type": "E(c)", "Country": "China", "is_pdgl": false, "pdgl_rank": null, "pdgl_rid": null, "pdgl_pid": null }, "geometry": { "type": "Polygon", "coordinates": [ [ [ 85.44867, 28.54453 ], [ 85.44799, 28.54446 ], [ 85.44742, 28.54491 ], [ 85.44733, 28.54517 ], [ 85.44745, 28.54542 ], [ 85.44779, 28.54559 ], [ 85.44838, 28.54559 ], [ 85.44892, 28.54537 ], [ 85.44917, 28.54514 ], [ 85.44923, 28.54495 ], [ 85.44913, 28.54483 ], [ 85.44867, 28.54453 ] ] ] } },
{ "type": "Feature", "properties": { "Id": 218, "Latitude": 28.547044480499999, "Longitude": 85.445278345800006, "GL_ID": "GL085445E28547N", "Basin": "Gandaki", "Sub_Basin": "Trishuli", "Area": 0.056415708297200003, "Elevation": 5012, "Type": "E(c)", "Country": "China", "is_pdgl": false, "pdgl_rank": null, "pdgl_rid": null, "pdgl_pid": null }, "geometry": { "type": "Polygon", "coordinates": [ [ [ 85.44511, 28.5456 ], [ 85.44468, 28.54572 ], [ 85.44399, 28.54621 ], [ 85.44391, 28.5468 ], [ 85.444, 28.54754 ], [ 85.44471, 28.54793 ], [ 85.44533, 28.54806 ], [ 85.44596, 28.54834 ], [ 85.44633, 28.54832 ], [ 85.44643, 28.54784 ], [ 85.44679, 28.54761 ], [ 85.44697, 28.54735 ], [ 85.44699, 28.54699 ], [ 85.44688, 28.54691 ], [ 85.4464, 28.54687 ], [ 85.44585, 28.54662 ], [ 85.44543, 28.54576 ], [ 85.44511, 28.5456 ] ] ] } },
{ "type": "Feature", "properties": { "Id": 219, "Latitude": 28.551450837600001, "Longitude": 85.418978637799995, "GL_ID": "GL085418E28551N", "Basin": "Gandaki", "Sub_Basin": "Trishuli", "Area": 0.0512499771801, "Elevation": 4713, "Type": "M(e)", "Country": "China", "is_pdgl": false, "pdgl_rank": null, "pdgl_rid": null, "pdgl_pid": null }, "geometry": { "type": "Polygon", "coordinates": [ [ [ 85.42058, 28.55116 ], [ 85.42075, 28.55074 ], [ 85.4208, 28.55037 ], [ 85.42071, 28.55017 ], [ 85.42051, 28.55013 ], [ 85.41969, 28.55043 ], [ 85.41866, 28.55101 ], [ 85.41784, 28.55102 ], [ 85.41761, 28.55113 ], [ 85.41749, 28.55137 ], [ 85.41735, 28.55191 ], [ 85.41737, 28.55255 ], [ 85.41765, 28.55278 ], [ 85.41874, 28.55236 ], [ 85.41997, 28.55168 ], [ 85.42058, 28.55116 ] ] ] } },
{ "type": "Feature", "properties": { "Id": 220, "Latitude": 28.5528206352, "Longitude": 85.403358479700003, "GL_ID": "GL085403E28552N", "Basin": "Gandaki", "Sub_Basin": "Trishuli", "Area": 0.0230216055267, "Elevation": 4997, "Type": "E(o)", "Country": "China", "is_pdgl": false, "pdgl_rank": null, "pdgl_rid": null, "pdgl_pid": null }, "geometry": { "type": "Polygon", "coordinates": [ [ [ 85.40397, 28.55192 ], [ 85.4036, 28.55188 ], [ 85.40329, 28.55199 ], [ 85.40248, 28.55285 ], [ 85.40252, 28.55308 ], [ 85.40309, 28.55376 ], [ 85.40358, 28.55383 ], [ 85.40372, 28.55371 ], [ 85.4038, 28.55309 ], [ 85.40408, 28.5527 ], [ 85.40414, 28.55241 ], [ 85.40413, 28.55221 ], [ 85.40397, 28.55192 ] ] ] } },
{ "type": "Feature", "properties": { "Id": 221, "Latitude": 28.553499861, "Longitude": 85.4241678036, "GL_ID": "GL085424E28553N", "Basin": "Gandaki", "Sub_Basin": "Trishuli", "Area": 0.0510856622341, "Elevation": 4695, "Type": "M(o)", "Country": "China", "is_pdgl": false, "pdgl_rank": null, "pdgl_rid": null, "pdgl_pid": null }, "geometry": { "type": "Polygon", "coordinates": [ [ [ 85.42454, 28.55135 ], [ 85.42427, 28.55143 ], [ 85.4238, 28.55198 ], [ 85.42352, 28.55269 ], [ 85.42342, 28.55437 ], [ 85.42374, 28.55532 ], [ 85.42396, 28.55558 ], [ 85.42417, 28.55554 ], [ 85.42434, 28.5554 ], [ 85.42471, 28.55484 ], [ 85.4248, 28.55454 ], [ 85.42484, 28.55273 ], [ 85.4247, 28.55159 ], [ 85.42454, 28.55135 ] ] ] } },
{ "type": "Feature", "properties": { "Id": 222, "Latitude": 28.5554999513, "Longitude": 85.3364052, "GL_ID": "GL085336E28555N", "Basin": "Gandaki", "Sub_Basin": "Trishuli", "Area": 0.0097510570217900008, "Elevation": 5003, "Type": "M(o)", "Country": "China", "is_pdgl": false, "pdgl_rank": null, "pdgl_rid": null, "pdgl_pid": null }, "geometry": { "type": "Polygon", "coordinates": [ [ [ 85.33674, 28.55496 ], [ 85.33641, 28.55497 ], [ 85.33582, 28.55555 ], [ 85.33578, 28.55583 ], [ 85.33584, 28.556 ], [ 85.33617, 28.55602 ], [ 85.33697, 28.55561 ], [ 85.33699, 28.5552 ], [ 85.33674, 28.55496 ] ] ] } },
{ "type": "Feature", "properties": { "Id": 224, "Latitude": 28.5579577297, "Longitude": 85.396684220899999, "GL_ID": "GL085396E28557N", "Basin": "Gandaki", "Sub_Basin": "Trishuli", "Area": 0.011794395849600001, "Elevation": 5161, "Type": "E(o)", "Country": "China", "is_pdgl": false, "pdgl_rank": null, "pdgl_rid": null, "pdgl_pid": null }, "geometry": { "type": "Polygon", "coordinates": [ [ [ 85.39651, 28.55722 ], [ 85.39631, 28.55725 ], [ 85.3962, 28.5584 ], [ 85.39645, 28.55851 ], [ 85.39709, 28.55853 ], [ 85.3972, 28.55839 ], [ 85.39718, 28.55776 ], [ 85.39651, 28.55722 ] ] ] } },
{ "type": "Feature", "properties": { "Id": 226, "Latitude": 28.558657218899999, "Longitude": 85.337194618799998, "GL_ID": "GL085337E28558N", "Basin": "Gandaki", "Sub_Basin": "Trishuli", "Area": 0.016598086077200001, "Elevation": 4981, "Type": "M(o)", "Country": "China", "is_pdgl": false, "pdgl_rank": null, "pdgl_rid": null, "pdgl_pid": null }, "geometry": { "type": "Polygon", "coordinates": [ [ [ 85.3379, 28.55805 ], [ 85.33701, 28.5581 ], [ 85.33683, 28.55823 ], [ 85.33647, 28.55875 ], [ 85.33641, 28.55913 ], [ 85.33647, 28.55939 ], [ 85.33677, 28.55945 ], [ 85.33796, 28.55869 ], [ 85.33809, 28.55846 ], [ 85.33804, 28.55822 ], [ 85.3379, 28.55805 ] ] ] } },
{ "type": "Feature", "properties": { "Id": 227, "Latitude": 28.558845625099998, "Longitude": 85.332457134099997, "GL_ID": "GL085332E28558N", "Basin": "Gandaki", "Sub_Basin": "Trishuli", "Area": 0.213769652202, "Elevation": 4959, "Type": "M(e)", "Country": "China", "is_pdgl": false, "pdgl_rank": null, "pdgl_rid": null, "pdgl_pid": null }, "geometry": { "type": "Polygon", "coordinates": [ [ [ 85.33147, 28.56068 ], [ 85.33207, 28.56075 ], [ 85.33313, 28.5607 ], [ 85.33543, 28.55998 ], [ 85.33576, 28.55981 ], [ 85.33592, 28.55965 ], [ 85.33595, 28.55813 ], [ 85.33562, 28.55796 ], [ 85.33456, 28.55771 ], [ 85.33434, 28.55756 ], [ 85.33406, 28.55716 ], [ 85.33367, 28.55701 ], [ 85.33341, 28.55699 ], [ 85.33099, 28.55732 ], [ 85.33051, 28.55754 ], [ 85.32967, 28.55811 ], [ 85.32859, 28.55765 ], [ 85.32811, 28.5578 ], [ 85.32808, 28.55808 ], [ 85.32816, 28.5582 ], [ 85.32886, 28.55846 ], [ 85.32877, 28.55892 ], [ 85.3289, 28.55915 ], [ 85.33018, 28.55976 ], [ 85.33147, 28.56068 ] ] ] } },
{ "type": "Feature", "properties": { "Id": 229, "Latitude": 28.561339471, "Longitude": 85.3964001489, "GL_ID": "GL085396E28561N", "Basin": "Gandaki", "Sub_Basin": "Trishuli", "Area": 0.044463730604699998, "Elevation": 5052, "Type": "E(o)", "Country": "China", "is_pdgl": false, "pdgl_rank": null, "pdgl_rid": null, "pdgl_pid": null }, "geometry": { "type": "Polygon", "coordinates": [ [ [ 85.39704, 28.56055 ], [ 85.39651, 28.56033 ], [ 85.3955, 28.56045 ], [ 85.39514, 28.5608 ], [ 85.39508, 28.5612 ], [ 85.39552, 28.56197 ], [ 85.39566, 28.56253 ], [ 85.396, 28.56247 ], [ 85.39663, 28.56207 ], [ 85.39748, 28.56197 ], [ 85.398, 28.56164 ], [ 85.39803, 28.56151 ], [ 85.39791, 28.56131 ], [ 85.39729, 28.56086 ], [ 85.39704, 28.56055 ] ] ] } },
{ "type": "Feature", "properties": { "Id": 230, "Latitude": 28.563321503299999, "Longitude": 85.468316626999993, "GL_ID": "GL085468E28563N", "Basin": "Gandaki", "Sub_Basin": "Trishuli", "Area": 0.093411159679400002, "Elevation": 4442, "Type": "M(e)", "Country": "China", "is_pdgl": false, "pdgl_rank": null, "pdgl_rid": null, "pdgl_pid": null }, "geometry": { "type": "Polygon", "coordinates": [ [ [ 85.46795, 28.56235 ], [ 85.46713, 28.56231 ], [ 85.46607, 28.56183 ], [ 85.46566, 28.56194 ], [ 85.46554, 28.5623 ], [ 85.46573, 28.56272 ], [ 85.46593, 28.5629 ], [ 85.46699, 28.56373 ], [ 85.46794, 28.56436 ], [ 85.46901, 28.56465 ], [ 85.46983, 28.56504 ], [ 85.47005, 28.56501 ], [ 85.47015, 28.56481 ], [ 85.47006, 28.56438 ], [ 85.47008, 28.56412 ], [ 85.47067, 28.56334 ], [ 85.47076, 28.5631 ], [ 85.47074, 28.56295 ], [ 85.47042, 28.56269 ], [ 85.46855, 28.56252 ], [ 85.46795, 28.56235 ] ] ] } },
{ "type": "Feature", "properties": { "Id": 231, "Latitude": 28.5676705815, "Longitude": 85.335207315399998, "GL_ID": "GL085335E28567N", "Basin": "Gandaki", "Sub_Basin": "Trishuli", "Area": 0.0115958647264, "Elevation": 5191, "Type": "E(o)", "Country": "China", "is_pdgl": false, "pdgl_rank": null, "pdgl_rid": null, "pdgl_pid": null }, "geometry": { "type": "Polygon", "coordinates": [ [ [ 85.33596, 28.56755 ], [ 85.33601, 28.56721 ], [ 85.33589, 28.56705 ], [ 85.33517, 28.56751 ], [ 85.33482, 28.56751 ], [ 85.33464, 28.56723 ], [ 85.33441, 28.56736 ], [ 85.33438, 28.56749 ], [ 85.3344, 28.56771 ], [ 85.33452, 28.56789 ], [ 85.33487, 28.56813 ], [ 85.33508, 28.56819 ], [ 85.33556, 28.56805 ], [ 85.33596, 28.56755 ] ] ] } },
{ "type": "Feature", "properties": { "Id": 232, "Latitude": 28.5663719414, "Longitude": 85.464376632599993, "GL_ID": "GL085464E28566N", "Basin": "Gandaki", "Sub_Basin": "Trishuli", "Area": 0.17159058327400001, "Elevation": 4428, "Type": "M(e)", "Country": "China", "is_pdgl": false, "pdgl_rank": null, "pdgl_rid": null, "pdgl_pid": null }, "geometry": { "type": "Polygon", "coordinates": [ [ [ 85.46321, 28.56355 ], [ 85.46284, 28.56359 ], [ 85.46261, 28.56378 ], [ 85.46233, 28.56438 ], [ 85.46226, 28.56472 ], [ 85.46239, 28.56646 ], [ 85.46256, 28.56692 ], [ 85.46275, 28.56716 ], [ 85.46386, 28.56832 ], [ 85.46448, 28.56876 ], [ 85.46473, 28.56885 ], [ 85.46544, 28.56874 ], [ 85.46687, 28.56809 ], [ 85.46705, 28.56778 ], [ 85.46692, 28.56719 ], [ 85.46535, 28.56511 ], [ 85.4644, 28.56436 ], [ 85.46388, 28.56376 ], [ 85.46321, 28.56355 ] ] ] } },
{ "type": "Feature", "properties": { "Id": 233, "Latitude": 28.568085937199999, "Longitude": 85.456957721099997, "GL_ID": "GL085456E28568N", "Basin": "Gandaki", "Sub_Basin": "Trishuli", "Area": 0.25530926462499998, "Elevation": 4492, "Type": "M(e)", "Country": "China", "is_pdgl": false, "pdgl_rank": null, "pdgl_rid": null, "pdgl_pid": null }, "geometry": { "type": "Polygon", "coordinates": [ [ [ 85.45954, 28.56789 ], [ 85.45931, 28.5673 ], [ 85.45919, 28.56601 ], [ 85.45926, 28.56538 ], [ 85.45911, 28.56527 ], [ 85.45874, 28.56518 ], [ 85.45768, 28.56521 ], [ 85.45739, 28.5654 ], [ 85.45715, 28.56573 ], [ 85.45752, 28.56635 ], [ 85.4575, 28.56652 ], [ 85.45738, 28.56655 ], [ 85.45705, 28.56635 ], [ 85.4568, 28.56593 ], [ 85.45648, 28.5656 ], [ 85.45596, 28.56559 ], [ 85.45556, 28.56571 ], [ 85.45512, 28.56597 ], [ 85.45442, 28.56661 ], [ 85.45392, 28.56717 ], [ 85.45373, 28.56753 ], [ 85.45378, 28.56773 ], [ 85.4539, 28.5678 ], [ 85.45488, 28.56786 ], [ 85.45505, 28.56809 ], [ 85.45504, 28.56879 ], [ 85.45524, 28.56918 ], [ 85.45527, 28.56967 ], [ 85.45515, 28.56989 ], [ 85.45469, 28.57019 ], [ 85.45467, 28.57061 ], [ 85.45482, 28.57095 ], [ 85.45505, 28.57106 ], [ 85.45636, 28.5712 ], [ 85.45857, 28.56999 ], [ 85.45949, 28.56919 ], [ 85.45964, 28.56877 ], [ 85.45954, 28.56789 ] ] ] } },
{ "type": "Feature", "properties": { "Id": 236, "Latitude": 28.5952109742, "Longitude": 85.431490220599997, "GL_ID": "GL085431E28595N", "Basin": "Gandaki", "Sub_Basin": "Trishuli", "Area": 0.016766372799399999, "Elevation": 4724, "Type": "I(s)", "Country": "China", "is_pdgl": false, "pdgl_rank": null, "pdgl_rid": null, "pdgl_pid": null }, "geometry": { "type": "Polygon", "coordinates": [ [ [ 85.43098, 28.59458 ], [ 85.43097, 28.59594 ], [ 85.43103, 28.59601 ], [ 85.43137, 28.59603 ], [ 85.43158, 28.59597 ], [ 85.43214, 28.59546 ], [ 85.4322, 28.59511 ], [ 85.43215, 28.59498 ], [ 85.4319, 28.59484 ], [ 85.43188, 28.59452 ], [ 85.43169, 28.59444 ], [ 85.43128, 28.59443 ], [ 85.43098, 28.59458 ] ] ] } },
{ "type": "Feature", "properties": { "Id": 238, "Latitude": 28.6034554457, "Longitude": 85.321454952500005, "GL_ID": "GL085321E28603N", "Basin": "Gandaki", "Sub_Basin": "Trishuli", "Area": 0.030114544133699999, "Elevation": 5045, "Type": "M(o)", "Country": "China", "is_pdgl": false, "pdgl_rank": null, "pdgl_rid": null, "pdgl_pid": null }, "geometry": { "type": "Polygon", "coordinates": [ [ [ 85.32283, 28.60234 ], [ 85.32231, 28.60242 ], [ 85.32069, 28.60321 ], [ 85.3204, 28.60355 ], [ 85.32033, 28.60399 ], [ 85.32037, 28.60439 ], [ 85.3208, 28.60444 ], [ 85.32185, 28.60412 ], [ 85.32199, 28.60391 ], [ 85.322, 28.60355 ], [ 85.3221, 28.60334 ], [ 85.32286, 28.60265 ], [ 85.32283, 28.60234 ] ] ] } },
{ "type": "Feature", "properties": { "Id": 240, "Latitude": 28.615088560099998, "Longitude": 85.422744744499994, "GL_ID": "GL085422E28615N", "Basin": "Gandaki", "Sub_Basin": "Trishuli", "Area": 0.011372392995099999, "Elevation": 5044, "Type": "E(o)", "Country": "China", "is_pdgl": false, "pdgl_rank": null, "pdgl_rid": null, "pdgl_pid": null }, "geometry": { "type": "Polygon", "coordinates": [ [ [ 85.42331, 28.6146 ], [ 85.42248, 28.61456 ], [ 85.42234, 28.61477 ], [ 85.42223, 28.61538 ], [ 85.42226, 28.61555 ], [ 85.42241, 28.61572 ], [ 85.42278, 28.61573 ], [ 85.42331, 28.615 ], [ 85.42336, 28.61475 ], [ 85.42331, 28.6146 ] ] ] } },
{ "type": "Feature", "properties": { "Id": 241, "Latitude": 28.6149155441, "Longitude": 85.419619595399993, "GL_ID": "GL085419E28614N", "Basin": "Gandaki", "Sub_Basin": "Trishuli", "Area": 0.029847305083699999, "Elevation": 5035, "Type": "E(o)", "Country": "China", "is_pdgl": false, "pdgl_rank": null, "pdgl_rid": null, "pdgl_pid": null }, "geometry": { "type": "Polygon", "coordinates": [ [ [ 85.41961, 28.614 ], [ 85.4193, 28.61405 ], [ 85.41885, 28.61443 ], [ 85.41874, 28.61463 ], [ 85.41877, 28.61518 ], [ 85.41902, 28.61583 ], [ 85.41922, 28.61595 ], [ 85.41973, 28.61591 ], [ 85.42017, 28.61558 ], [ 85.42052, 28.61474 ], [ 85.42053, 28.61431 ], [ 85.42046, 28.61412 ], [ 85.41961, 28.614 ] ] ] } },
{ "type": "Feature", "properties": { "Id": 243, "Latitude": 28.616295312599998, "Longitude": 85.4132112283, "GL_ID": "GL085413E28616N", "Basin": "Gandaki", "Sub_Basin": "Trishuli", "Area": 0.0093576418797600008, "Elevation": 5184, "Type": "E(o)", "Country": "China", "is_pdgl": false, "pdgl_rank": null, "pdgl_rid": null, "pdgl_pid": null }, "geometry": { "type": "Polygon", "coordinates": [ [ [ 85.41373, 28.61584 ], [ 85.4133, 28.61586 ], [ 85.41268, 28.61616 ], [ 85.41252, 28.61636 ], [ 85.4125, 28.61665 ], [ 85.41307, 28.61669 ], [ 85.41359, 28.61656 ], [ 85.41388, 28.61627 ], [ 85.41384, 28.61598 ], [ 85.41373, 28.61584 ] ] ] } },
{ "type": "Feature", "properties": { "Id": 244, "Latitude": 28.6166447873, "Longitude": 85.4161919015, "GL_ID": "GL085416E28616N", "Basin": "Gandaki", "Sub_Basin": "Trishuli", "Area": 0.026260960577499999, "Elevation": 5156, "Type": "E(o)", "Country": "China", "is_pdgl": false, "pdgl_rank": null, "pdgl_rid": null, "pdgl_pid": null }, "geometry": { "type": "Polygon", "coordinates": [ [ [ 85.41702, 28.61624 ], [ 85.41641, 28.61614 ], [ 85.41578, 28.61622 ], [ 85.41545, 28.61588 ], [ 85.41519, 28.61587 ], [ 85.41505, 28.61592 ], [ 85.41494, 28.6163 ], [ 85.41507, 28.61668 ], [ 85.41555, 28.61703 ], [ 85.41602, 28.61724 ], [ 85.41665, 28.61729 ], [ 85.41747, 28.61711 ], [ 85.41752, 28.61684 ], [ 85.41726, 28.61662 ], [ 85.41717, 28.61637 ], [ 85.41702, 28.61624 ] ] ] } },
{ "type": "Feature", "properties": { "Id": 260, "Latitude": 28.656192936299998, "Longitude": 85.167220286000003, "GL_ID": "GL085167E28656N", "Basin": "Gandaki", "Sub_Basin": "Trishuli", "Area": 0.0081429781907499995, "Elevation": 5108, "Type": "E(o)", "Country": "China", "is_pdgl": false, "pdgl_rank": null, "pdgl_rid": null, "pdgl_pid": null }, "geometry": { "type": "Polygon", "coordinates": [ [ [ 85.16731, 28.65574 ], [ 85.16677, 28.65585 ], [ 85.16674, 28.65634 ], [ 85.167, 28.65661 ], [ 85.16756, 28.65662 ], [ 85.16768, 28.65654 ], [ 85.16762, 28.65586 ], [ 85.16731, 28.65574 ] ] ] } },
{ "type": "Feature", "properties": { "Id": 278, "Latitude": 28.675798655400001, "Longitude": 85.409685053700002, "GL_ID": "GL085409E28675N", "Basin": "Gandaki", "Sub_Basin": "Trishuli", "Area": 0.232753006604, "Elevation": 5447, "Type": "M(o)", "Country": "China", "is_pdgl": false, "pdgl_rank": null, "pdgl_rid": null, "pdgl_pid": null }, "geometry": { "type": "Polygon", "coordinates": [ [ [ 85.40936, 28.67813 ], [ 85.41015, 28.67735 ], [ 85.41083, 28.67722 ], [ 85.41126, 28.677 ], [ 85.41249, 28.67598 ], [ 85.41271, 28.67548 ], [ 85.4128, 28.67463 ], [ 85.41318, 28.67389 ], [ 85.41328, 28.67324 ], [ 85.41319, 28.67302 ], [ 85.41204, 28.67289 ], [ 85.41131, 28.67298 ], [ 85.41074, 28.67357 ], [ 85.41009, 28.67391 ], [ 85.40879, 28.67503 ], [ 85.40722, 28.67569 ], [ 85.40707, 28.67599 ], [ 85.40696, 28.67666 ], [ 85.40679, 28.6767 ], [ 85.4066, 28.6764 ], [ 85.40637, 28.67626 ], [ 85.40599, 28.67626 ], [ 85.40535, 28.67664 ], [ 85.40496, 28.67705 ], [ 85.40483, 28.67735 ], [ 85.40487, 28.6776 ], [ 85.40507, 28.6778 ], [ 85.40604, 28.67774 ], [ 85.40662, 28.67753 ], [ 85.40766, 28.67768 ], [ 85.40888, 28.67841 ], [ 85.40936, 28.67813 ] ] ] } },
{ "type": "Feature", "properties": { "Id": 290, "Latitude": 28.707261325000001, "Longitude": 85.393915576799998, "GL_ID": "GL085393E28707N", "Basin": "Gandaki", "Sub_Basin": "Trishuli", "Area": 0.012616520360099999, "Elevation": 5186, "Type": "M(o)", "Country": "China", "is_pdgl": false, "pdgl_rank": null, "pdgl_rid": null, "pdgl_pid": null }, "geometry": { "type": "Polygon", "coordinates": [ [ [ 85.39392, 28.70663 ], [ 85.39364, 28.70667 ], [ 85.39339, 28.70683 ], [ 85.39331, 28.7073 ], [ 85.39346, 28.70763 ], [ 85.39389, 28.70783 ], [ 85.3942, 28.70785 ], [ 85.39446, 28.70766 ], [ 85.39463, 28.70726 ], [ 85.39431, 28.70704 ], [ 85.39412, 28.70669 ], [ 85.39392, 28.70663 ] ] ] } },
{ "type": "Feature", "properties": { "Id": 300, "Latitude": 28.738025216699999, "Longitude": 85.147062052300001, "GL_ID": "GL085147E28738N", "Basin": "Gandaki", "Sub_Basin": "Trishuli", "Area": 0.0098673635397800007, "Elevation": 5372, "Type": "M(o)", "Country": "China", "is_pdgl": false, "pdgl_rank": null, "pdgl_rid": null, "pdgl_pid": null }, "geometry": { "type": "Polygon", "coordinates": [ [ [ 85.14676, 28.73702 ], [ 85.14658, 28.73706 ], [ 85.14654, 28.73719 ], [ 85.14679, 28.7377 ], [ 85.1469, 28.73859 ], [ 85.1471, 28.73886 ], [ 85.14738, 28.73891 ], [ 85.14751, 28.73877 ], [ 85.14749, 28.73826 ], [ 85.14726, 28.73803 ], [ 85.14706, 28.73725 ], [ 85.14676, 28.73702 ] ] ] } },
{ "type": "Feature", "properties": { "Id": 301, "Latitude": 28.738326772499999, "Longitude": 85.145655986500003, "GL_ID": "GL085145E28738N", "Basin": "Gandaki", "Sub_Basin": "Trishuli", "Area": 0.0070317664601200003, "Elevation": 5387, "Type": "M(o)", "Country": "China", "is_pdgl": false, "pdgl_rank": null, "pdgl_rid": null, "pdgl_pid": null }, "geometry": { "type": "Polygon", "coordinates": [ [ [ 85.14553, 28.73783 ], [ 85.14518, 28.73789 ], [ 85.14509, 28.73813 ], [ 85.14561, 28.73847 ], [ 85.14563, 28.73893 ], [ 85.14591, 28.73897 ], [ 85.14606, 28.73851 ], [ 85.14603, 28.73818 ], [ 85.14553, 28.73783 ] ] ] } },
{ "type": "Feature", "properties": { "Id": 302, "Latitude": 28.741010837400001, "Longitude": 85.134549617199994, "GL_ID": "GL085134E28741N", "Basin": "Gandaki", "Sub_Basin": "Trishuli", "Area": 0.0043538886943899997, "Elevation": 5465, "Type": "M(o)", "Country": "China", "is_pdgl": false, "pdgl_rank": null, "pdgl_rid": null, "pdgl_pid": null }, "geometry": { "type": "Polygon", "coordinates": [ [ [ 85.13455, 28.74065 ], [ 85.13427, 28.74069 ], [ 85.13422, 28.74109 ], [ 85.13444, 28.7413 ], [ 85.13476, 28.74138 ], [ 85.13488, 28.74131 ], [ 85.13491, 28.74117 ], [ 85.13477, 28.74075 ], [ 85.13455, 28.74065 ] ] ] } },
{ "type": "Feature", "properties": { "Id": 307, "Latitude": 28.774507209900001, "Longitude": 85.163880702300006, "GL_ID": "GL085163E28774N", "Basin": "Gandaki", "Sub_Basin": "Trishuli", "Area": 0.0107012186106, "Elevation": 5342, "Type": "M(o)", "Country": "China", "is_pdgl": false, "pdgl_rank": null, "pdgl_rid": null, "pdgl_pid": null }, "geometry": { "type": "Polygon", "coordinates": [ [ [ 85.16355, 28.77408 ], [ 85.1632, 28.77411 ], [ 85.16313, 28.77421 ], [ 85.16313, 28.7745 ], [ 85.16342, 28.77484 ], [ 85.16448, 28.77486 ], [ 85.16473, 28.77468 ], [ 85.16471, 28.77443 ], [ 85.16462, 28.77434 ], [ 85.16355, 28.77408 ] ] ] } },
{ "type": "Feature", "properties": { "Id": 308, "Latitude": 28.775804686899999, "Longitude": 85.080420339400007, "GL_ID": "GL085080E28775N", "Basin": "Gandaki", "Sub_Basin": "Trishuli", "Area": 0.0082445762267700003, "Elevation": 5396, "Type": "E(o)", "Country": "China", "is_pdgl": false, "pdgl_rank": null, "pdgl_rid": null, "pdgl_pid": null }, "geometry": { "type": "Polygon", "coordinates": [ [ [ 85.08031, 28.77504 ], [ 85.08015, 28.77514 ], [ 85.0801, 28.77637 ], [ 85.08064, 28.77642 ], [ 85.08078, 28.77622 ], [ 85.08074, 28.77558 ], [ 85.08049, 28.77516 ], [ 85.08031, 28.77504 ] ] ] } },
{ "type": "Feature", "properties": { "Id": 309, "Latitude": 28.777099461199999, "Longitude": 85.127027324799997, "GL_ID": "GL085127E28777N", "Basin": "Gandaki", "Sub_Basin": "Trishuli", "Area": 0.0074485100984299996, "Elevation": 5496, "Type": "M(l)", "Country": "China", "is_pdgl": false, "pdgl_rank": null, "pdgl_rid": null, "pdgl_pid": null }, "geometry": { "type": "Polygon", "coordinates": [ [ [ 85.1272, 28.77673 ], [ 85.12628, 28.77714 ], [ 85.12625, 28.7773 ], [ 85.12645, 28.77738 ], [ 85.12704, 28.77741 ], [ 85.12748, 28.77729 ], [ 85.12771, 28.77699 ], [ 85.12769, 28.77684 ], [ 85.1272, 28.77673 ] ] ] } },
{ "type": "Feature", "properties": { "Id": 310, "Latitude": 28.776513914399999, "Longitude": 85.122389660400003, "GL_ID": "GL085122E28776N", "Basin": "Gandaki", "Sub_Basin": "Trishuli", "Area": 0.071254478072399999, "Elevation": 5445, "Type": "M(e)", "Country": "China", "is_pdgl": false, "pdgl_rank": null, "pdgl_rid": null, "pdgl_pid": null }, "geometry": { "type": "Polygon", "coordinates": [ [ [ 85.1247, 28.77591 ], [ 85.12464, 28.77565 ], [ 85.12387, 28.77561 ], [ 85.12293, 28.77563 ], [ 85.12146, 28.77587 ], [ 85.12073, 28.77592 ], [ 85.1204, 28.77601 ], [ 85.12019, 28.77618 ], [ 85.12005, 28.77645 ], [ 85.12005, 28.77675 ], [ 85.12025, 28.77702 ], [ 85.12122, 28.77718 ], [ 85.12155, 28.77754 ], [ 85.12178, 28.77765 ], [ 85.12247, 28.77758 ], [ 85.12306, 28.77739 ], [ 85.12405, 28.77688 ], [ 85.12465, 28.77613 ], [ 85.1247, 28.77591 ] ] ] } },
{ "type": "Feature", "properties": { "Id": 311, "Latitude": 28.777768933200001, "Longitude": 85.081090723100004, "GL_ID": "GL085081E28777N", "Basin": "Gandaki", "Sub_Basin": "Trishuli", "Area": 0.0037080533958700002, "Elevation": 5353, "Type": "M(o)", "Country": "China", "is_pdgl": false, "pdgl_rank": null, "pdgl_rid": null, "pdgl_pid": null }, "geometry": { "type": "Polygon", "coordinates": [ [ [ 85.08126, 28.77748 ], [ 85.08097, 28.77752 ], [ 85.08075, 28.7777 ], [ 85.08075, 28.77801 ], [ 85.08111, 28.77803 ], [ 85.08143, 28.77784 ], [ 85.08149, 28.77772 ], [ 85.08145, 28.77757 ], [ 85.08126, 28.77748 ] ] ] } },
{ "type": "Feature", "properties": { "Id": 312, "Latitude": 28.781547273800001, "Longitude": 85.083061828200002, "GL_ID": "GL085083E28781N", "Basin": "Gandaki", "Sub_Basin": "Trishuli", "Area": 0.014087595275, "Elevation": 5247, "Type": "M(o)", "Country": "China", "is_pdgl": false, "pdgl_rank": null, "pdgl_rid": null, "pdgl_pid": null }, "geometry": { "type": "Polygon", "coordinates": [ [ [ 85.08288, 28.78068 ], [ 85.08258, 28.78071 ], [ 85.08248, 28.78086 ], [ 85.08247, 28.78105 ], [ 85.08279, 28.78139 ], [ 85.08277, 28.78164 ], [ 85.08266, 28.78185 ], [ 85.08273, 28.78225 ], [ 85.08284, 28.78238 ], [ 85.08301, 28.7824 ], [ 85.08334, 28.78223 ], [ 85.08365, 28.78178 ], [ 85.08368, 28.78159 ], [ 85.0836, 28.78132 ], [ 85.08327, 28.78112 ], [ 85.08311, 28.78084 ], [ 85.08288, 28.78068 ] ] ] } },
{ "type": "Feature", "properties": { "Id": 313, "Latitude": 28.787291197199998, "Longitude": 85.047339479300007, "GL_ID": "GL085047E28787N", "Basin": "Gandaki", "Sub_Basin": "Trishuli", "Area": 0.028713280716299999, "Elevation": 5260, "Type": "M(o)", "Country": "China", "is_pdgl": false, "pdgl_rank": null, "pdgl_rid": null, "pdgl_pid": null }, "geometry": { "type": "Polygon", "coordinates": [ [ [ 85.04757, 28.78651 ], [ 85.04679, 28.78656 ], [ 85.04627, 28.78695 ], [ 85.04618, 28.78732 ], [ 85.04654, 28.78767 ], [ 85.04741, 28.78807 ], [ 85.04823, 28.78807 ], [ 85.04832, 28.78781 ], [ 85.0482, 28.78701 ], [ 85.04794, 28.78663 ], [ 85.04757, 28.78651 ] ] ] } },
{ "type": "Feature", "properties": { "Id": 314, "Latitude": 28.790119311000002, "Longitude": 85.049901898399995, "GL_ID": "GL085049E28790N", "Basin": "Gandaki", "Sub_Basin": "Trishuli", "Area": 0.055512879289900001, "Elevation": 5221, "Type": "M(e)", "Country": "China", "is_pdgl": false, "pdgl_rank": null, "pdgl_rid": null, "pdgl_pid": null }, "geometry": { "type": "Polygon", "coordinates": [ [ [ 85.04957, 28.7888 ], [ 85.04897, 28.78893 ], [ 85.04857, 28.78922 ], [ 85.04847, 28.78942 ], [ 85.04841, 28.79014 ], [ 85.05017, 28.79135 ], [ 85.05068, 28.79155 ], [ 85.05083, 28.79152 ], [ 85.05107, 28.79112 ], [ 85.05144, 28.79084 ], [ 85.05146, 28.79054 ], [ 85.0502, 28.78909 ], [ 85.04957, 28.7888 ] ] ] } },
{ "type": "Feature", "properties": { "Id": 315, "Latitude": 28.7943401277, "Longitude": 85.039182627100004, "GL_ID": "GL085039E28794N", "Basin": "Gandaki", "Sub_Basin": "Trishuli", "Area": 0.0186222025455, "Elevation": 5371, "Type": "M(o)", "Country": "China", "is_pdgl": false, "pdgl_rank": null, "pdgl_rid": null, "pdgl_pid": null }, "geometry": { "type": "Polygon", "coordinates": [ [ [ 85.03916, 28.79508 ], [ 85.03981, 28.79503 ], [ 85.03986, 28.79428 ], [ 85.03976, 28.79374 ], [ 85.03888, 28.79371 ], [ 85.03858, 28.79381 ], [ 85.03836, 28.79398 ], [ 85.03832, 28.7943 ], [ 85.03839, 28.79445 ], [ 85.03916, 28.79508 ] ] ] } },
{ "type": "Feature", "properties": { "Id": 342, "Latitude": 28.8961445164, "Longitude": 85.073750359499996, "GL_ID": "GL085073E28896N", "Basin": "Gandaki", "Sub_Basin": "Trishuli", "Area": 0.053965176833, "Elevation": 5231, "Type": "E(o)", "Country": "China", "is_pdgl": false, "pdgl_rank": null, "pdgl_rid": null, "pdgl_pid": null }, "geometry": { "type": "Polygon", "coordinates": [ [ [ 85.07363, 28.89481 ], [ 85.07334, 28.8948 ], [ 85.07309, 28.8949 ], [ 85.0727, 28.89532 ], [ 85.07237, 28.8959 ], [ 85.07233, 28.8965 ], [ 85.07244, 28.89666 ], [ 85.07406, 28.8973 ], [ 85.07472, 28.8973 ], [ 85.07513, 28.89698 ], [ 85.07514, 28.89611 ], [ 85.07507, 28.89597 ], [ 85.07445, 28.89554 ], [ 85.07392, 28.89497 ], [ 85.07363, 28.89481 ] ] ] } },
{ "type": "Feature", "properties": { "Id": 343, "Latitude": 28.9212081234, "Longitude": 84.990041566900004, "GL_ID": "GL084990E28921N", "Basin": "Gandaki", "Sub_Basin": "Trishuli", "Area": 0.00387927015142, "Elevation": 5521, "Type": "E(o)", "Country": "China", "is_pdgl": false, "pdgl_rank": null, "pdgl_rid": null, "pdgl_pid": null }, "geometry": { "type": "Polygon", "coordinates": [ [ [ 84.99015, 28.92087 ], [ 84.98988, 28.9208 ], [ 84.98981, 28.92095 ], [ 84.98977, 28.92142 ], [ 84.98996, 28.92154 ], [ 84.9903, 28.9215 ], [ 84.99038, 28.92141 ], [ 84.99036, 28.92123 ], [ 84.99015, 28.92087 ] ] ] } },
{ "type": "Feature", "properties": { "Id": 344, "Latitude": 28.9254824225, "Longitude": 84.989416658099998, "GL_ID": "GL084989E28925N", "Basin": "Gandaki", "Sub_Basin": "Trishuli", "Area": 0.0049835699322399998, "Elevation": 5577, "Type": "E(o)", "Country": "China", "is_pdgl": false, "pdgl_rank": null, "pdgl_rid": null, "pdgl_pid": null }, "geometry": { "type": "Polygon", "coordinates": [ [ [ 84.98927, 28.92506 ], [ 84.98909, 28.9251 ], [ 84.98914, 28.92564 ], [ 84.98957, 28.92599 ], [ 84.98971, 28.92579 ], [ 84.9897, 28.92532 ], [ 84.98953, 28.92512 ], [ 84.98927, 28.92506 ] ] ] } },
{ "type": "Feature", "properties": { "Id": 345, "Latitude": 28.927516908200001, "Longitude": 85.085179392000001, "GL_ID": "GL085085E28927N", "Basin": "Gandaki", "Sub_Basin": "Trishuli", "Area": 0.0160349517275, "Elevation": 5478, "Type": "E(c)", "Country": "China", "is_pdgl": false, "pdgl_rank": null, "pdgl_rid": null, "pdgl_pid": null }, "geometry": { "type": "Polygon", "coordinates": [ [ [ 85.0853, 28.92675 ], [ 85.0849, 28.92678 ], [ 85.08466, 28.92699 ], [ 85.08469, 28.92794 ], [ 85.0848, 28.92817 ], [ 85.08504, 28.92838 ], [ 85.08541, 28.92826 ], [ 85.0858, 28.92753 ], [ 85.08572, 28.92712 ], [ 85.0853, 28.92675 ] ] ] } },
{ "type": "Feature", "properties": { "Id": 347, "Latitude": 28.931704469100001, "Longitude": 85.001067702300006, "GL_ID": "GL085001E28931N", "Basin": "Gandaki", "Sub_Basin": "Trishuli", "Area": 0.028129441861099998, "Elevation": 5473, "Type": "M(o)", "Country": "China", "is_pdgl": false, "pdgl_rank": null, "pdgl_rid": null, "pdgl_pid": null }, "geometry": { "type": "Polygon", "coordinates": [ [ [ 85.00185, 28.93087 ], [ 85.00149, 28.93088 ], [ 85.00057, 28.93118 ], [ 85.00009, 28.93154 ], [ 84.99999, 28.93203 ], [ 85.00014, 28.93248 ], [ 85.00108, 28.93249 ], [ 85.00149, 28.93226 ], [ 85.00219, 28.93142 ], [ 85.00221, 28.93101 ], [ 85.00185, 28.93087 ] ] ] } },
{ "type": "Feature", "properties": { "Id": 348, "Latitude": 28.935440786800001, "Longitude": 85.047992494699997, "GL_ID": "GL085047E28935N", "Basin": "Gandaki", "Sub_Basin": "Trishuli", "Area": 0.0053272762821500001, "Elevation": 5516, "Type": "E(o)", "Country": "China", "is_pdgl": false, "pdgl_rank": null, "pdgl_rid": null, "pdgl_pid": null }, "geometry": { "type": "Polygon", "coordinates": [ [ [ 85.04818, 28.9351 ], [ 85.04795, 28.9351 ], [ 85.04766, 28.93526 ], [ 85.0475, 28.93542 ], [ 85.0475, 28.93559 ], [ 85.04784, 28.93573 ], [ 85.04835, 28.93568 ], [ 85.04849, 28.93549 ], [ 85.04818, 28.9351 ] ] ] } },
{ "type": "Feature", "properties": { "Id": 349, "Latitude": 28.9361140014, "Longitude": 85.042817011300002, "GL_ID": "GL085042E28936N", "Basin": "Gandaki", "Sub_Basin": "Trishuli", "Area": 0.0096893005792300004, "Elevation": 5405, "Type": "E(o)", "Country": "China", "is_pdgl": false, "pdgl_rank": null, "pdgl_rid": null, "pdgl_pid": null }, "geometry": { "type": "Polygon", "coordinates": [ [ [ 85.04296, 28.93562 ], [ 85.04248, 28.93547 ], [ 85.04241, 28.93556 ], [ 85.04241, 28.93642 ], [ 85.04266, 28.93663 ], [ 85.04319, 28.93664 ], [ 85.04334, 28.93646 ], [ 85.0432, 28.93591 ], [ 85.04296, 28.93562 ] ] ] } },
{ "type": "Feature", "properties": { "Id": 350, "Latitude": 28.935290499400001, "Longitude": 85.032758404600003, "GL_ID": "GL085032E28935N", "Basin": "Gandaki", "Sub_Basin": "Trishuli", "Area": 0.052851380152399999, "Elevation": 5311, "Type": "E(o)", "Country": "China", "is_pdgl": false, "pdgl_rank": null, "pdgl_rid": null, "pdgl_pid": null }, "geometry": { "type": "Polygon", "coordinates": [ [ [ 85.03048, 28.93363 ], [ 85.02997, 28.93364 ], [ 85.02989, 28.93374 ], [ 85.02993, 28.93401 ], [ 85.03007, 28.93415 ], [ 85.03046, 28.93428 ], [ 85.0319, 28.93459 ], [ 85.03273, 28.9354 ], [ 85.03287, 28.93565 ], [ 85.03283, 28.93683 ], [ 85.03311, 28.93694 ], [ 85.03358, 28.93694 ], [ 85.03407, 28.93681 ], [ 85.03435, 28.93657 ], [ 85.03464, 28.93581 ], [ 85.03464, 28.93562 ], [ 85.03384, 28.93524 ], [ 85.03319, 28.93469 ], [ 85.03193, 28.93404 ], [ 85.03048, 28.93363 ] ] ] } },
{ "type": "Feature", "properties": { "Id": 352, "Latitude": 28.944968607100002, "Longitude": 85.044700493999997, "GL_ID": "GL085044E28944N", "Basin": "Gandaki", "Sub_Basin": "Trishuli", "Area": 0.0666693066576, "Elevation": 5408, "Type": "E(o)", "Country": "China", "is_pdgl": false, "pdgl_rank": null, "pdgl_rid": null, "pdgl_pid": null }, "geometry": { "type": "Polygon", "coordinates": [ [ [ 85.04578, 28.94412 ], [ 85.04553, 28.94393 ], [ 85.04512, 28.94385 ], [ 85.04467, 28.94385 ], [ 85.04384, 28.94403 ], [ 85.04279, 28.94386 ], [ 85.04268, 28.94389 ], [ 85.0426, 28.94404 ], [ 85.04407, 28.94594 ], [ 85.0445, 28.94617 ], [ 85.04493, 28.94623 ], [ 85.04581, 28.94619 ], [ 85.04614, 28.94602 ], [ 85.04628, 28.94549 ], [ 85.04624, 28.94506 ], [ 85.04578, 28.94412 ] ] ] } },
{ "type": "Feature", "properties": { "Id": 353, "Latitude": 28.954268252399999, "Longitude": 85.082835927199994, "GL_ID": "GL085082E28954N", "Basin": "Gandaki", "Sub_Basin": "Trishuli", "Area": 0.019158650909299999, "Elevation": 5520, "Type": "M(e)", "Country": "China", "is_pdgl": false, "pdgl_rank": null, "pdgl_rid": null, "pdgl_pid": null }, "geometry": { "type": "Polygon", "coordinates": [ [ [ 85.0833, 28.9534 ], [ 85.08311, 28.95335 ], [ 85.08271, 28.95342 ], [ 85.08233, 28.95375 ], [ 85.0823, 28.95498 ], [ 85.0826, 28.95514 ], [ 85.08298, 28.95515 ], [ 85.08329, 28.95497 ], [ 85.08339, 28.95358 ], [ 85.0833, 28.9534 ] ] ] } },
{ "type": "Feature", "properties": { "Id": 354, "Latitude": 28.9588890036, "Longitude": 85.089556216299997, "GL_ID": "GL085089E28958N", "Basin": "Gandaki", "Sub_Basin": "Trishuli", "Area": 0.031334414069199998, "Elevation": 5373, "Type": "M(o)", "Country": "China", "is_pdgl": false, "pdgl_rank": null, "pdgl_rid": null, "pdgl_pid": null }, "geometry": { "type": "Polygon", "coordinates": [ [ [ 85.09086, 28.95845 ], [ 85.08898, 28.95831 ], [ 85.08848, 28.95839 ], [ 85.08822, 28.9586 ], [ 85.08819, 28.95908 ], [ 85.08846, 28.95936 ], [ 85.0887, 28.95945 ], [ 85.0894, 28.9595 ], [ 85.09054, 28.95937 ], [ 85.0909, 28.9591 ], [ 85.09099, 28.95862 ], [ 85.09086, 28.95845 ] ] ] } },
{ "type": "Feature", "properties": { "Id": 355, "Latitude": 28.959377142400001, "Longitude": 85.004168725499994, "GL_ID": "GL085004E28959N", "Basin": "Gandaki", "Sub_Basin": "Trishuli", "Area": 0.014844119763200001, "Elevation": 5588, "Type": "M(l)", "Country": "China", "is_pdgl": false, "pdgl_rank": null, "pdgl_rid": null, "pdgl_pid": null }, "geometry": { "type": "Polygon", "coordinates": [ [ [ 85.005, 28.95868 ], [ 85.00463, 28.95875 ], [ 85.0043, 28.95897 ], [ 85.0037, 28.95916 ], [ 85.00334, 28.95937 ], [ 85.00319, 28.95964 ], [ 85.00324, 28.95987 ], [ 85.00342, 28.95997 ], [ 85.004, 28.95993 ], [ 85.00429, 28.95966 ], [ 85.00486, 28.95951 ], [ 85.00504, 28.95919 ], [ 85.00508, 28.95876 ], [ 85.005, 28.95868 ] ] ] } },
{ "type": "Feature", "properties": { "Id": 356, "Latitude": 28.960001527500001, "Longitude": 85.287267779800004, "GL_ID": "GL085287E28960N", "Basin": "Gandaki", "Sub_Basin": "Trishuli", "Area": 0.041943622208300002, "Elevation": 5187, "Type": "E(o)", "Country": "China", "is_pdgl": false, "pdgl_rank": null, "pdgl_rid": null, "pdgl_pid": null }, "geometry": { "type": "Polygon", "coordinates": [ [ [ 85.28755, 28.96031 ], [ 85.28784, 28.96034 ], [ 85.28841, 28.96067 ], [ 85.28866, 28.96066 ], [ 85.28881, 28.96057 ], [ 85.28882, 28.95972 ], [ 85.28857, 28.95924 ], [ 85.28773, 28.95918 ], [ 85.28684, 28.95928 ], [ 85.2857, 28.96013 ], [ 85.28549, 28.96042 ], [ 85.28545, 28.96071 ], [ 85.28557, 28.96086 ], [ 85.28647, 28.9608 ], [ 85.28704, 28.96044 ], [ 85.28755, 28.96031 ] ] ] } },
{ "type": "Feature", "properties": { "Id": 358, "Latitude": 28.9614411586, "Longitude": 85.0839974939, "GL_ID": "GL085083E28961N", "Basin": "Gandaki", "Sub_Basin": "Trishuli", "Area": 0.160903761437, "Elevation": 5387, "Type": "M(o)", "Country": "China", "is_pdgl": false, "pdgl_rank": null, "pdgl_rid": null, "pdgl_pid": null }, "geometry": { "type": "Polygon", "coordinates": [ [ [ 85.08378, 28.9595 ], [ 85.083, 28.95956 ], [ 85.08269, 28.96011 ], [ 85.08235, 28.96047 ], [ 85.08162, 28.961 ], [ 85.08115, 28.96118 ], [ 85.08105, 28.96166 ], [ 85.08152, 28.96252 ], [ 85.08187, 28.9628 ], [ 85.08323, 28.96297 ], [ 85.08558, 28.96292 ], [ 85.08647, 28.96261 ], [ 85.08663, 28.96234 ], [ 85.08667, 28.96158 ], [ 85.08648, 28.96082 ], [ 85.08628, 28.96057 ], [ 85.08512, 28.95987 ], [ 85.08465, 28.95968 ], [ 85.08378, 28.9595 ] ] ] } },
{ "type": "Feature", "properties": { "Id": 359, "Latitude": 28.960946139299999, "Longitude": 85.040277462899994, "GL_ID": "GL085040E28960N", "Basin": "Gandaki", "Sub_Basin": "Trishuli", "Area": 0.086411197291399997, "Elevation": 5580, "Type": "E(o)", "Country": "China", "is_pdgl": false, "pdgl_rank": null, "pdgl_rid": null, "pdgl_pid": null }, "geometry": { "type": "Polygon", "coordinates": [ [ [ 85.04138, 28.95909 ], [ 85.04083, 28.95906 ], [ 85.04022, 28.95923 ], [ 85.03956, 28.95969 ], [ 85.03898, 28.96041 ], [ 85.03886, 28.96082 ], [ 85.03889, 28.96105 ], [ 85.03923, 28.96159 ], [ 85.03905, 28.9627 ], [ 85.03907, 28.9629 ], [ 85.03925, 28.96311 ], [ 85.0394, 28.96316 ], [ 85.03976, 28.96305 ], [ 85.04075, 28.96235 ], [ 85.04156, 28.96114 ], [ 85.04165, 28.96085 ], [ 85.04167, 28.96008 ], [ 85.0416, 28.95957 ], [ 85.04138, 28.95909 ] ] ] } },
{ "type": "Feature", "properties": { "Id": 361, "Latitude": 28.968286957699998, "Longitude": 85.007196841600006, "GL_ID": "GL085007E28968N", "Basin": "Gandaki", "Sub_Basin": "Trishuli", "Area": 0.0077737063372999996, "Elevation": 5756, "Type": "E(o)", "Country": "China", "is_pdgl": false, "pdgl_rank": null, "pdgl_rid": null, "pdgl_pid": null }, "geometry": { "type": "Polygon", "coordinates": [ [ [ 85.00683, 28.96876 ], [ 85.0073, 28.9687 ], [ 85.00738, 28.96856 ], [ 85.00776, 28.96833 ], [ 85.0078, 28.96809 ], [ 85.00723, 28.96779 ], [ 85.00695, 28.96791 ], [ 85.00675, 28.96826 ], [ 85.00674, 28.96867 ], [ 85.00683, 28.96876 ] ] ] } },
{ "type": "Feature", "properties": { "Id": 362, "Latitude": 28.968487689700002, "Longitude": 85.162613965700004, "GL_ID": "GL085162E28968N", "Basin": "Gandaki", "Sub_Basin": "Trishuli", "Area": 0.0149241934055, "Elevation": 5312, "Type": "E(o)", "Country": "China", "is_pdgl": false, "pdgl_rank": null, "pdgl_rid": null, "pdgl_pid": null }, "geometry": { "type": "Polygon", "coordinates": [ [ [ 85.1628, 28.96799 ], [ 85.16232, 28.96797 ], [ 85.16202, 28.96809 ], [ 85.16177, 28.96839 ], [ 85.16188, 28.96871 ], [ 85.16252, 28.96901 ], [ 85.16284, 28.96902 ], [ 85.16321, 28.9689 ], [ 85.16343, 28.96863 ], [ 85.16344, 28.96844 ], [ 85.1632, 28.96812 ], [ 85.1628, 28.96799 ] ] ] } },
{ "type": "Feature", "properties": { "Id": 364, "Latitude": 28.9696582752, "Longitude": 85.054637205099993, "GL_ID": "GL085054E28969N", "Basin": "Gandaki", "Sub_Basin": "Trishuli", "Area": 0.010057932431800001, "Elevation": 5616, "Type": "E(o)", "Country": "China", "is_pdgl": false, "pdgl_rank": null, "pdgl_rid": null, "pdgl_pid": null }, "geometry": { "type": "Polygon", "coordinates": [ [ [ 85.05476, 28.96914 ], [ 85.05413, 28.96911 ], [ 85.05416, 28.96966 ], [ 85.05458, 28.9702 ], [ 85.05493, 28.97036 ], [ 85.05509, 28.9701 ], [ 85.05504, 28.96945 ], [ 85.05476, 28.96914 ] ] ] } },
{ "type": "Feature", "properties": { "Id": 365, "Latitude": 28.969374059300002, "Longitude": 85.371105454200006, "GL_ID": "GL085371E28969N", "Basin": "Gandaki", "Sub_Basin": "Trishuli", "Area": 0.065724021567499999, "Elevation": 5095, "Type": "M(o)", "Country": "China", "is_pdgl": false, "pdgl_rank": null, "pdgl_rid": null, "pdgl_pid": null }, "geometry": { "type": "Polygon", "coordinates": [ [ [ 85.37156, 28.97064 ], [ 85.37267, 28.96891 ], [ 85.37285, 28.96836 ], [ 85.37279, 28.96819 ], [ 85.37254, 28.96796 ], [ 85.37207, 28.96786 ], [ 85.37127, 28.96817 ], [ 85.37115, 28.9683 ], [ 85.37098, 28.96894 ], [ 85.37083, 28.96911 ], [ 85.37042, 28.96916 ], [ 85.37023, 28.96877 ], [ 85.36982, 28.96875 ], [ 85.3692, 28.9693 ], [ 85.36917, 28.9698 ], [ 85.36924, 28.96996 ], [ 85.36971, 28.97007 ], [ 85.37054, 28.97075 ], [ 85.37122, 28.97078 ], [ 85.37156, 28.97064 ] ] ] } },
{ "type": "Feature", "properties": { "Id": 366, "Latitude": 28.970296557299999, "Longitude": 85.258198101199994, "GL_ID": "GL085258E28970N", "Basin": "Gandaki", "Sub_Basin": "Trishuli", "Area": 0.04379538598, "Elevation": 5180, "Type": "M(e)", "Country": "China", "is_pdgl": false, "pdgl_rank": null, "pdgl_rid": null, "pdgl_pid": null }, "geometry": { "type": "Polygon", "coordinates": [ [ [ 85.26018, 28.96995 ], [ 85.25961, 28.96992 ], [ 85.25928, 28.96973 ], [ 85.2587, 28.96966 ], [ 85.25751, 28.96961 ], [ 85.25679, 28.96967 ], [ 85.25665, 28.96978 ], [ 85.25666, 28.9709 ], [ 85.2568, 28.97101 ], [ 85.25729, 28.97103 ], [ 85.25872, 28.97089 ], [ 85.26003, 28.97043 ], [ 85.26036, 28.97015 ], [ 85.26018, 28.96995 ] ] ] } },
{ "type": "Feature", "properties": { "Id": 370, "Latitude": 28.9733435194, "Longitude": 85.162551237100004, "GL_ID": "GL085162E28973N", "Basin": "Gandaki", "Sub_Basin": "Trishuli", "Area": 0.0070007454361599997, "Elevation": 5360, "Type": "E(o)", "Country": "China", "is_pdgl": false, "pdgl_rank": null, "pdgl_rid": null, "pdgl_pid": null }, "geometry": { "type": "Polygon", "coordinates": [ [ [ 85.1627, 28.97292 ], [ 85.16241, 28.97292 ], [ 85.16217, 28.97304 ], [ 85.1621, 28.97339 ], [ 85.16223, 28.97367 ], [ 85.16264, 28.97377 ], [ 85.163, 28.97359 ], [ 85.16299, 28.97327 ], [ 85.1627, 28.97292 ] ] ] } },
{ "type": "Feature", "properties": { "Id": 373, "Latitude": 28.979252681599998, "Longitude": 85.328742031199994, "GL_ID": "GL085328E28979N", "Basin": "Gandaki", "Sub_Basin": "Trishuli", "Area": 0.016675766066400002, "Elevation": 5331, "Type": "E(o)", "Country": "China", "is_pdgl": false, "pdgl_rank": null, "pdgl_rid": null, "pdgl_pid": null }, "geometry": { "type": "Polygon", "coordinates": [ [ [ 85.32915, 28.97868 ], [ 85.32857, 28.9787 ], [ 85.32793, 28.97901 ], [ 85.32791, 28.97949 ], [ 85.32798, 28.97966 ], [ 85.32834, 28.97975 ], [ 85.32918, 28.97979 ], [ 85.32939, 28.97973 ], [ 85.32948, 28.97951 ], [ 85.32948, 28.97881 ], [ 85.32915, 28.97868 ] ] ] } },
{ "type": "Feature", "properties": { "Id": 374, "Latitude": 28.979466928000001, "Longitude": 85.161547204599998, "GL_ID": "GL085161E28979N", "Basin": "Gandaki", "Sub_Basin": "Trishuli", "Area": 0.035531673155, "Elevation": 5430, "Type": "E(o)", "Country": "China", "is_pdgl": false, "pdgl_rank": null, "pdgl_rid": null, "pdgl_pid": null }, "geometry": { "type": "Polygon", "coordinates": [ [ [ 85.16206, 28.97867 ], [ 85.16106, 28.97858 ], [ 85.16071, 28.97866 ], [ 85.16048, 28.97919 ], [ 85.16043, 28.97964 ], [ 85.16057, 28.97989 ], [ 85.1609, 28.98018 ], [ 85.16154, 28.98035 ], [ 85.16218, 28.98033 ], [ 85.16242, 28.9802 ], [ 85.16266, 28.97989 ], [ 85.16263, 28.97938 ], [ 85.16234, 28.97885 ], [ 85.16206, 28.97867 ] ] ] } },
{ "type": "Feature", "properties": { "Id": 376, "Latitude": 28.985153878199998, "Longitude": 85.169289730299994, "GL_ID": "GL085169E28985N", "Basin": "Gandaki", "Sub_Basin": "Trishuli", "Area": 0.0067153356551899997, "Elevation": 5556, "Type": "E(o)", "Country": "China", "is_pdgl": false, "pdgl_rank": null, "pdgl_rid": null, "pdgl_pid": null }, "geometry": { "type": "Polygon", "coordinates": [ [ [ 85.16916, 28.98475 ], [ 85.16877, 28.98475 ], [ 85.16866, 28.98489 ], [ 85.16921, 28.98549 ], [ 85.16983, 28.98551 ], [ 85.16988, 28.98532 ], [ 85.16981, 28.98512 ], [ 85.16916, 28.98475 ] ] ] } }
]
}
